https://www.oracle.com/java/technologies/javase/9-all-relnotes.html,New Features in OpenJDK 9,"security-libs/javax.net.ssl
??Open source the root certificates in Oracle's Java SE Root CA program?

The OpenJDK 9 binary for Linux x64 contains an empty cacerts keystore. This prevents TLS connections from being established because there are no Trusted Root Certificate Authorities installed. As a workaround for OpenJDK 9 binaries"","" users had to set the javax.net.ssl.trustStore System Property to use a different keystore.
""JEP 319: Root Certificates"" [1] addresses this problem by populating the cacerts keystore with a set of root certificates issued by the CAs of Oracle's Java SE Root CA Program. As a prerequisite"","" each CA must sign the Oracle Contributor Agreement (OCA) http://www.oracle.com/technical-resources/oracle-contributor-agreement.html"","" or an equivalent agreement"","" to grant Oracle the right to open-source their certificates.
[1] JDK-8191486
See JDK-8189131
",,,
https://www.oracle.com/java/technologies/javase/9-all-relnotes.html,New Features,"security-libs/javax.net.ssl
??Added TLS session hash and extended master secret extension support?

Support has been added for the TLS session hash and extended master secret extension (RFC 7627) in JDK JSSE provider.  Note that in general"","" server certificate change is restricted if endpoint identification is not enabled and the previous handshake is a session-resumption abbreviated initial handshake"","" unless the identities represented by both certificates can be regarded as the same.  However"","" if the extension is enabled or negotiated"","" the server certificate changing restriction is not necessary and will be discarded accordingly.  In case of compatibility issues"","" an application may disable negotiation of this extension by setting the System Property jdk.tls.useExtendedMasterSecret to false in the JDK.   By setting the System Property jdk.tls.allowLegacyResumption to false"","" an application can reject abbreviated handshaking when the session hash and extended master secret extension is not negotiated.  By setting the System Property jdk.tls.allowLegacyMasterSecret to false"","" an application can reject connections that do not support the session hash and extended master secret extension.
See JDK-8148421
",,,
https://www.oracle.com/java/technologies/javase/9-all-relnotes.html,New Features,"security-libs/javax.net.ssl
??Negotiated Finite Field Diffie-Hellman Ephemeral Parameters for TLS?

The JDK SunJSSE implementation now supports the TLS FFDHE mechanisms defined in RFC 7919.  If a server cannot process the supported_groups TLS extension or the named groups in the extension"","" applications can either customize the supported group names with jdk.tls.namedGroups"","" or turn off the FFDHE mechanisms by setting the System Property jsse.enableFFDHEExtension to false.
See JDK-8140436
",,,
https://www.oracle.com/java/technologies/javase/9-all-relnotes.html,New Features,"other-libs/corba
??Add additional IDL stub type checks to org.omg.CORBA.ORBstring_to_object method?

Applications that either explicitly or implicitly call org.omg.CORBA.ORB.string_to_object"","" and wish to ensure the integrity of the IDL stub type involved in the ORB::string_to_object call flow"","" should specify additional IDL stub type checking. This is an ""opt in"" feature and is not enabled by default.
To take advantage of the additional type checking"","" the list of valid IDL interface class names of IDL stub classes is configured by one of the following:


Specifying the security property com.sun.CORBA.ORBIorTypeCheckRegistryFilter located in the file conf/security/java.security in Java SE 9 or in jre/lib/security/java.security in Java SE 8 and earlier.


Specifying the system property com.sun.CORBA.ORBIorTypeCheckRegistryFilter with the list of classes. If the system property is set"","" its value overrides the corresponding property defined in the java.security configuration.


If the com.sun.CORBA.ORBIorTypeCheckRegistryFilter property is not set"","" the type checking is only performed against a set of class names of the IDL interface types corresponding to the built-in IDL stub classes.
JDK-8160104 (not public)
",,,
https://www.oracle.com/java/technologies/javase/9-all-relnotes.html,Changes,"security-libs/javax.crypto
??RSA public key validation?

In 9.0.4"","" the RSA implementation in the SunRsaSign provider will reject any RSA public key that has an exponent that is not in the valid range as defined by PKCS#1 version 2.2. This change will affect JSSE connections as well as applications built on JCE.
JDK-8174756 (not public)
",,,
https://www.oracle.com/java/technologies/javase/9-all-relnotes.html,Changes,"security-libs/javax.crypto
??Provider default key size is updated?

This change updates the JDK providers to use 2048 bits as the default key size for DSA instead of 1024 bits when applications have not explicitly initialized the java.security.KeyPairGenerator and java.security.AlgorithmParameterGenerator objects with a key size.
If compatibility issues arise"","" existing applications can set the system property jdk.security.defaultKeySize introduced in JDK-8181048 with the algorithm and its desired default key size.
JDK-8178466 (not public)
",,,
https://www.oracle.com/java/technologies/javase/9-all-relnotes.html,Changes,"security-libs/javax.crypto
??Stricter key generation?

The generateSecret(String) method has been mostly disabled in the javax.crypto.KeyAgreement services of the SunJCE and SunPKCS11 providers. Invoking this method for these providers will result in a NoSuchAlgorithmException for most algorithm string arguments. The previous behavior of this method can be re-enabled by setting the value of the jdk.crypto.KeyAgreement.legacyKDF system property to true (case insensitive). Re-enabling this method by setting this system property is not recommended.
 Prior to this change"","" the following code could be used to produce secret keys for AES using Diffie-Hellman: 
 
KeyAgreement ka = KeyAgreement.getInstance(""DiffieHellman"");
 ka.init(...); 
 ka.doPhase(...); 
SecretKey sk = ka.generateSecret(""AES"");


The issue with this code is that it is unspecified how the provider should derive a secret key from the output of the Diffie-Hellman operation. There are several options for how this key derivation    function can work"","" and each of these options has different security properties. For example"","" the key derivation function may bind the secret key to some information about the context or the parties involved in the key agreement. Without a clear specification of the behavior of  this method"","" there is a risk that the key derivation function will not  have some security property that is expected by the client.  
 To address this risk"","" the generateSecret(String) method of KeyAgreement was mostly disabled in the DiffieHellman services"","" and  code like the example above will now result in a java.security.NoSuchAlgorithmException. Clients still may use the  no-argument generateSecret method to obtain the raw Diffie-Hellman  output"","" which can be used  with  an appropriate key derivation function to  produce a secret key. 
 Existing applications that use the generateSecret(String) method of  this service will need to be modified. Here are a few options: 
  A) Implement the key derivation function from an appropriate standard.    For example"","" NIST SP 800-56Ar2[1] section 5.8 describes how to derive keys from Diffie-Hellman output. 
 B) Implement the following simple key derivation function:

1) Call KeyAgreement.generateSecret() to get the shared secret as a byte array
 2) Hash the byte array produced in step 1 using SHA-256 
 3) Pass the byte array produced in step 2 into the constructor of SecretKeySpec. This constructor also requires the standard name of the  secret-key algorithm (e.g. ""AES"")  
  This is a simple key derivation function that may provide adequate security in a typical application. Developers should note that this method provides no protection against the reuse of key agreement output in different contexts"","" so it is not appropriate for all applications. Also"","" some additional effort may be required to enforce key size restrictions like the ones in Table 2 of NIST SP 800-57pt1r4[2]. 
 C) Set the jdk.crypto.KeyAgreement.legacyKDF system property to  ""true"". This will restore the previous behavior of this KeyAgreement service. This solution should only be used as a last resort if the application code cannot be modified"","" or if the application must    interoperate with a system that cannot be modified. The ""legacy"" key derivation function and its security are unspecified.

 [1] https://nvlpubs.nist.gov/nistpubs/SpecialPublications/NIST.SP.800-56Ar2.pdf 
 [2] https://nvlpubs.nist.gov/nistpubs/SpecialPublications/NIST.SP.800-57pt1r4.pdf

JDK-8185292 (not public)
",,,
https://www.oracle.com/java/technologies/javase/9-all-relnotes.html,Changes,"security-libs/javax.net.ssl
??Disable exportable cipher suites?

To improve the strength of SSL/TLS connections"","" exportable cipher suites have been disabled in SSL/TLS connections in the JDK by the jdk.tls.disabledAlgorithms Security Property.
See JDK-8163237
",,,
https://www.oracle.com/java/technologies/javase/9-all-relnotes.html,Changes,"core-svc/javax.management
??JMX Connections need deserialization filters?

New public attributes"","" RMIConnectorServer.CREDENTIALS_FILTER_PATTERN and RMIConnectorServer.SERIAL_FILTER_PATTERN have been added to RMIConnectorServer.java. With these new attributes"","" users can specify the deserialization filter pattern strings to be used while making a RMIServer.newClient() remote call and while sending deserializing parameters over RMI to server respectively.
The user can also provide a filter pattern string to the default agent via management.properties. As a result"","" a new attribute is added to management.properties.
Existing attribute RMIConnectorServer.CREDENTIAL_TYPES is superseded by RMIConnectorServer.CREDENTIALS_FILTER_PATTERN and has been removed.
JDK-8159377 (not public)
",,,
https://www.oracle.com/java/technologies/javase/9-all-relnotes.html,Changes,"xml/jaxp
??JDK Transform"","" Validation and XPath use the system-default parser?

Java SE 9 changes the JDK's Transform"","" Validation and XPath implementations to use the JDK's system-default parser even when a third party parser is on the classpath.  In order to override the JDK system-default parser"","" applications need to explicitly set the new System property jdk.xml.overrideDefaultParser.
Support through the API
The overrideDefaultParser property is supported by the following APIs:

TransformerFactory::setFeature
SchemaFactory::setFeature
Validator::setFeature
XPathFactory::setFeature

Support as a System property
The overrideDefaultParser property can be set through the System.setProperty.
Support as a JAXP system property
The overrideDefaultParser property can be set in the JAXP configuration file jaxp.properties.
Scope and order
The overrideDefaultParser property follows the same rule as other JDK JAXP properties in that a setting of a narrower scope takes preference over that of a wider scope. A setting through the API overrides the System property which in turn overrides that in the jaxp.properties file.
JDK-8186080 (not public)
",,,
https://www.oracle.com/java/technologies/javase/9-all-relnotes.html,Bug Fixes,"deploy/webstart
??JNLP files won't launch from IE11 on Windows 10 Creators Update?

Web-start applications cannot be launched when clicking JNLP link from IE 11 on Windows 10 Creators Update when 64-bit JRE is installed. Workaround is to uninstall 64-bit JRE and use only 32-bit JRE.
See JDK-8185661
",,,
https://www.oracle.com/java/technologies/javase/9-all-relnotes.html,Notes,"core-libs/java.net
??Default timeouts have changed for FTP URL handler?

Timeouts used by the FTP URL protocol handler have been changed from infinite to 5 minutes. This will result in an IOException from connect and read operations if the FTP server is unresponsive. For example"","" new URL(""ftp://example.com"").openStream().read()"","" will fail with java.net.SocketTimeoutException in case a connection or reading could not be completed within 5 minutes.
To revert this behaviour to that of previous releases"","" the following system properties may be used"","" sun.net.client.defaultReadTimeout=0"","" sun.net.client.defaultConnectTimeout=0
JDK-8181612 (not public)
",,,
https://www.oracle.com/java/technologies/javase/9-all-relnotes.html,Known Issues,"security-libs/java.security
??TLS does not work by default on OpenJDK 9?

The OpenJDK 9 binary for Linux x64 contains an empty cacerts keystore. This prevents TLS connections from being established because there are no Trusted Root Certificate Authorities installed. You may see an exception like the following:
javax.net.ssl.SSLException: java.lang.RuntimeException: Unexpected error: java.security.InvalidAlgorithmParameterException: the trustAnchors parameter must be non-empty
As a workaround"","" users can set the javax.net.ssl.trustStore System Property to use a different keystore. For example"","" the ca-certificates package on Oracle Linux 7 contains the set of Root CA certificates chosen by the Mozilla Foundation for use with the Internet PKI. This package installs a trust store at /etc/pki/java/cacerts"","" which can be used by OpenJDK 9.
Only the OpenJDK 64 bit Linux download is impacted. This issue does not apply to any Oracle JRE/JDK download.
Progress on open-sourcing the Oracle JDK Root CAs can be tracked through the issue JDK-8189131.
See JDK-8189131
",,,
https://www.oracle.com/java/technologies/javase/9-all-relnotes.html,Certificate Changes,"security-libs/java.security
??Remove revoked Swisscom root certificate ""swisscomrootevca2""?

One Swisscom root certificate has been revoked by Swisscom and has been removed:



Swisscom Root EV CA 2
alias: ""swisscomrootevca2 [jdk]""
DN: CN=Swisscom Root EV CA 2"","" OU=Digital Certificate Services"","" O=Swisscom"","" C=ch 

JDK-8186330 (not public)
",,,
https://www.oracle.com/java/technologies/javase/9-all-relnotes.html,Changes,"security-libs/java.security
??Refactor existing providers to refer to the same constants for default values for key length?

Two important changes have been made for this issue:
1. A new system property has been introduced that allows users to configure the default key size used by the JDK provider implementations of KeyPairGenerator and AlgorithmParameterGenerator. This property is named ""jdk.security.defaultKeySize"" and the value of this property is a list of comma-separated entries. Each entry consists of a case-insensitive algorithm name and the corresponding default key size (in decimal) separated by "":"". In addition"","" white space is ignored.
By default"","" this property will not have a value"","" and JDK providers will use their own default values. Entries containing an unrecognized algorithm name will be ignored. If the specified default key size is not a parseable decimal integer"","" that entry will be ignored as well.
2. The DSA KeyPairGenerator implementation of the SUN provider no longer implements java.security.interfaces.DSAKeyPairGenerator. Applications which cast the SUN provider's DSA KeyPairGenerator object to a java.security.interfaces.DSAKeyPairGenerator can set the system property ""jdk.security.legacyDSAKeyPairGenerator"". If the value of this property is ""true"""","" the SUN provider will return a DSA KeyPairGenerator object which implements the java.security.interfaces.DSAKeyPairGenerator interface. This legacy implementation will use the same default value as specified by the javadoc in the interface.
By default"","" this property will not have a value"","" and the SUN provider will return a DSA KeyPairGenerator object which does not implement the forementioned interface and thus can determine its own provider-specific default value as stated in the java.security.KeyPairGenerator class or by the ""jdk.security.defaultKeySize"" system property if set.
JDK-8181048 (not public)?
",,,
https://www.oracle.com/java/technologies/javase/9-all-relnotes.html,Changes,"security-libs/java.security
??Collections use serialization filter to limit array sizes?
Deserialization of certain collection instances will cause arrays to be allocated. The ObjectInputFilter.checkInput() method is now called prior to allocation of these arrays. Deserializing instances of ArrayDeque"","" ArrayList"","" IdentityHashMap"","" PriorityQueue"","" java.util.concurrent.CopyOnWriteArrayList"","" and the immutable collections (as returned by List.of"","" Set.of"","" and Map.of) will call checkInput() with a FilterInfo instance whose serialClass() method returns Object[].class. Deserializing instances of HashMap"","" HashSet"","" Hashtable"","" and Properties will call checkInput() with a FilterInfo instance whose serialClass() method returns Map.Entry[].class. In both cases"","" the FilterInfo.arrayLength() method will return the actual length of the array to be allocated. The exact circumstances under which the serialization filter is called"","" and with what information"","" is subject to change in future releases.
JDK-8174109 (not public)
",,,
https://www.oracle.com/java/technologies/javase/9-all-relnotes.html,Changes,"security-libs/java.security
??Add warnings to keytool when using JKS and JCEKS?
When keytool is operating on a JKS or JCEKS keystore"","" a warning may be shown that the keystore uses a proprietary format and migrating to PKCS12 is recommended. The keytool's -importkeystore command is also updated so that it can convert a keystore from one type to another if the source and destination point to the same file.
JDK-8182879 (not public)
",,,
https://www.oracle.com/java/technologies/javase/9-all-relnotes.html,New Features,"other-libs/corba??Add Additional IDL Stub Type Checks to org.omg.CORBA.ORB::string_to_object Method
Applications that either explicitly or implicitly call org.omg.CORBA.ORB.string_to_object"","" and wish to ensure the integrity of the IDL stub type involved in the ORB::string_to_object call flow"","" should specify additional IDL stub type checking. This is an ""opt in"" feature and is not enabled by default.
To take advantage of the additional type checking"","" the list of valid IDL interface class names of IDL stub classes is configured by one of the following:


Specifying the security property com.sun.CORBA.ORBIorTypeCheckRegistryFilter located in the file conf/security/java.security in Java SE 9 or in jre/lib/security/java.security in Java SE 8 and earlier.


Specifying the system property com.sun.CORBA.ORBIorTypeCheckRegistryFilter with the list of classes. If the system property is set"","" its value overrides the corresponding property defined in the java.security configuration.


If the com.sun.CORBA.ORBIorTypeCheckRegistryFilter property is not set"","" the type checking is only performed against a set of class names of the IDL interface types corresponding to the built-in IDL stub classes.
JDK-8160104 (not public)
",,,
https://www.oracle.com/java/technologies/javase/9-all-relnotes.html#R9_0_1,New Features in OpenJDK 9,"security-libs/javax.net.ssl
??Open source the root certificates in Oracle's Java SE Root CA program?

The OpenJDK 9 binary for Linux x64 contains an empty cacerts keystore. This prevents TLS connections from being established because there are no Trusted Root Certificate Authorities installed. As a workaround for OpenJDK 9 binaries"","" users had to set the javax.net.ssl.trustStore System Property to use a different keystore.
""JEP 319: Root Certificates"" [1] addresses this problem by populating the cacerts keystore with a set of root certificates issued by the CAs of Oracle's Java SE Root CA Program. As a prerequisite"","" each CA must sign the Oracle Contributor Agreement (OCA) http://www.oracle.com/technical-resources/oracle-contributor-agreement.html"","" or an equivalent agreement"","" to grant Oracle the right to open-source their certificates.
[1] JDK-8191486
See JDK-8189131
",,,
https://www.oracle.com/java/technologies/javase/9-all-relnotes.html#R9_0_1,New Features,"security-libs/javax.net.ssl
??Added TLS session hash and extended master secret extension support?

Support has been added for the TLS session hash and extended master secret extension (RFC 7627) in JDK JSSE provider.  Note that in general"","" server certificate change is restricted if endpoint identification is not enabled and the previous handshake is a session-resumption abbreviated initial handshake"","" unless the identities represented by both certificates can be regarded as the same.  However"","" if the extension is enabled or negotiated"","" the server certificate changing restriction is not necessary and will be discarded accordingly.  In case of compatibility issues"","" an application may disable negotiation of this extension by setting the System Property jdk.tls.useExtendedMasterSecret to false in the JDK.   By setting the System Property jdk.tls.allowLegacyResumption to false"","" an application can reject abbreviated handshaking when the session hash and extended master secret extension is not negotiated.  By setting the System Property jdk.tls.allowLegacyMasterSecret to false"","" an application can reject connections that do not support the session hash and extended master secret extension.
See JDK-8148421
",,,
https://www.oracle.com/java/technologies/javase/9-all-relnotes.html#R9_0_1,New Features,"security-libs/javax.net.ssl
??Negotiated Finite Field Diffie-Hellman Ephemeral Parameters for TLS?

The JDK SunJSSE implementation now supports the TLS FFDHE mechanisms defined in RFC 7919.  If a server cannot process the supported_groups TLS extension or the named groups in the extension"","" applications can either customize the supported group names with jdk.tls.namedGroups"","" or turn off the FFDHE mechanisms by setting the System Property jsse.enableFFDHEExtension to false.
See JDK-8140436
",,,
https://www.oracle.com/java/technologies/javase/9-all-relnotes.html#R9_0_1,New Features,"other-libs/corba
??Add additional IDL stub type checks to org.omg.CORBA.ORBstring_to_object method?

Applications that either explicitly or implicitly call org.omg.CORBA.ORB.string_to_object"","" and wish to ensure the integrity of the IDL stub type involved in the ORB::string_to_object call flow"","" should specify additional IDL stub type checking. This is an ""opt in"" feature and is not enabled by default.
To take advantage of the additional type checking"","" the list of valid IDL interface class names of IDL stub classes is configured by one of the following:


Specifying the security property com.sun.CORBA.ORBIorTypeCheckRegistryFilter located in the file conf/security/java.security in Java SE 9 or in jre/lib/security/java.security in Java SE 8 and earlier.


Specifying the system property com.sun.CORBA.ORBIorTypeCheckRegistryFilter with the list of classes. If the system property is set"","" its value overrides the corresponding property defined in the java.security configuration.


If the com.sun.CORBA.ORBIorTypeCheckRegistryFilter property is not set"","" the type checking is only performed against a set of class names of the IDL interface types corresponding to the built-in IDL stub classes.
JDK-8160104 (not public)
",,,
https://www.oracle.com/java/technologies/javase/9-all-relnotes.html#R9_0_1,Changes,"security-libs/javax.crypto
??RSA public key validation?

In 9.0.4"","" the RSA implementation in the SunRsaSign provider will reject any RSA public key that has an exponent that is not in the valid range as defined by PKCS#1 version 2.2. This change will affect JSSE connections as well as applications built on JCE.
JDK-8174756 (not public)
",,,
https://www.oracle.com/java/technologies/javase/9-all-relnotes.html#R9_0_1,Changes,"security-libs/javax.crypto
??Provider default key size is updated?

This change updates the JDK providers to use 2048 bits as the default key size for DSA instead of 1024 bits when applications have not explicitly initialized the java.security.KeyPairGenerator and java.security.AlgorithmParameterGenerator objects with a key size.
If compatibility issues arise"","" existing applications can set the system property jdk.security.defaultKeySize introduced in JDK-8181048 with the algorithm and its desired default key size.
JDK-8178466 (not public)
",,,
https://www.oracle.com/java/technologies/javase/9-all-relnotes.html#R9_0_1,Changes,"security-libs/javax.crypto
??Stricter key generation?

The generateSecret(String) method has been mostly disabled in the javax.crypto.KeyAgreement services of the SunJCE and SunPKCS11 providers. Invoking this method for these providers will result in a NoSuchAlgorithmException for most algorithm string arguments. The previous behavior of this method can be re-enabled by setting the value of the jdk.crypto.KeyAgreement.legacyKDF system property to true (case insensitive). Re-enabling this method by setting this system property is not recommended.
 Prior to this change"","" the following code could be used to produce secret keys for AES using Diffie-Hellman: 
 
KeyAgreement ka = KeyAgreement.getInstance(""DiffieHellman"");
 ka.init(...); 
 ka.doPhase(...); 
SecretKey sk = ka.generateSecret(""AES"");


The issue with this code is that it is unspecified how the provider should derive a secret key from the output of the Diffie-Hellman operation. There are several options for how this key derivation    function can work"","" and each of these options has different security properties. For example"","" the key derivation function may bind the secret key to some information about the context or the parties involved in the key agreement. Without a clear specification of the behavior of  this method"","" there is a risk that the key derivation function will not  have some security property that is expected by the client.  
 To address this risk"","" the generateSecret(String) method of KeyAgreement was mostly disabled in the DiffieHellman services"","" and  code like the example above will now result in a java.security.NoSuchAlgorithmException. Clients still may use the  no-argument generateSecret method to obtain the raw Diffie-Hellman  output"","" which can be used  with  an appropriate key derivation function to  produce a secret key. 
 Existing applications that use the generateSecret(String) method of  this service will need to be modified. Here are a few options: 
  A) Implement the key derivation function from an appropriate standard.    For example"","" NIST SP 800-56Ar2[1] section 5.8 describes how to derive keys from Diffie-Hellman output. 
 B) Implement the following simple key derivation function:

1) Call KeyAgreement.generateSecret() to get the shared secret as a byte array
 2) Hash the byte array produced in step 1 using SHA-256 
 3) Pass the byte array produced in step 2 into the constructor of SecretKeySpec. This constructor also requires the standard name of the  secret-key algorithm (e.g. ""AES"")  
  This is a simple key derivation function that may provide adequate security in a typical application. Developers should note that this method provides no protection against the reuse of key agreement output in different contexts"","" so it is not appropriate for all applications. Also"","" some additional effort may be required to enforce key size restrictions like the ones in Table 2 of NIST SP 800-57pt1r4[2]. 
 C) Set the jdk.crypto.KeyAgreement.legacyKDF system property to  ""true"". This will restore the previous behavior of this KeyAgreement service. This solution should only be used as a last resort if the application code cannot be modified"","" or if the application must    interoperate with a system that cannot be modified. The ""legacy"" key derivation function and its security are unspecified.

 [1] https://nvlpubs.nist.gov/nistpubs/SpecialPublications/NIST.SP.800-56Ar2.pdf 
 [2] https://nvlpubs.nist.gov/nistpubs/SpecialPublications/NIST.SP.800-57pt1r4.pdf

JDK-8185292 (not public)
",,,
https://www.oracle.com/java/technologies/javase/9-all-relnotes.html#R9_0_1,Changes,"security-libs/javax.net.ssl
??Disable exportable cipher suites?

To improve the strength of SSL/TLS connections"","" exportable cipher suites have been disabled in SSL/TLS connections in the JDK by the jdk.tls.disabledAlgorithms Security Property.
See JDK-8163237
",,,
https://www.oracle.com/java/technologies/javase/9-all-relnotes.html#R9_0_1,Changes,"core-svc/javax.management
??JMX Connections need deserialization filters?

New public attributes"","" RMIConnectorServer.CREDENTIALS_FILTER_PATTERN and RMIConnectorServer.SERIAL_FILTER_PATTERN have been added to RMIConnectorServer.java. With these new attributes"","" users can specify the deserialization filter pattern strings to be used while making a RMIServer.newClient() remote call and while sending deserializing parameters over RMI to server respectively.
The user can also provide a filter pattern string to the default agent via management.properties. As a result"","" a new attribute is added to management.properties.
Existing attribute RMIConnectorServer.CREDENTIAL_TYPES is superseded by RMIConnectorServer.CREDENTIALS_FILTER_PATTERN and has been removed.
JDK-8159377 (not public)
",,,
https://www.oracle.com/java/technologies/javase/9-all-relnotes.html#R9_0_1,Changes,"xml/jaxp
??JDK Transform"","" Validation and XPath use the system-default parser?

Java SE 9 changes the JDK's Transform"","" Validation and XPath implementations to use the JDK's system-default parser even when a third party parser is on the classpath.  In order to override the JDK system-default parser"","" applications need to explicitly set the new System property jdk.xml.overrideDefaultParser.
Support through the API
The overrideDefaultParser property is supported by the following APIs:

TransformerFactory::setFeature
SchemaFactory::setFeature
Validator::setFeature
XPathFactory::setFeature

Support as a System property
The overrideDefaultParser property can be set through the System.setProperty.
Support as a JAXP system property
The overrideDefaultParser property can be set in the JAXP configuration file jaxp.properties.
Scope and order
The overrideDefaultParser property follows the same rule as other JDK JAXP properties in that a setting of a narrower scope takes preference over that of a wider scope. A setting through the API overrides the System property which in turn overrides that in the jaxp.properties file.
JDK-8186080 (not public)
",,,
https://www.oracle.com/java/technologies/javase/9-all-relnotes.html#R9_0_1,Bug Fixes,"deploy/webstart
??JNLP files won't launch from IE11 on Windows 10 Creators Update?

Web-start applications cannot be launched when clicking JNLP link from IE 11 on Windows 10 Creators Update when 64-bit JRE is installed. Workaround is to uninstall 64-bit JRE and use only 32-bit JRE.
See JDK-8185661
",,,
https://www.oracle.com/java/technologies/javase/9-all-relnotes.html#R9_0_1,Notes,"core-libs/java.net
??Default timeouts have changed for FTP URL handler?

Timeouts used by the FTP URL protocol handler have been changed from infinite to 5 minutes. This will result in an IOException from connect and read operations if the FTP server is unresponsive. For example"","" new URL(""ftp://example.com"").openStream().read()"","" will fail with java.net.SocketTimeoutException in case a connection or reading could not be completed within 5 minutes.
To revert this behaviour to that of previous releases"","" the following system properties may be used"","" sun.net.client.defaultReadTimeout=0"","" sun.net.client.defaultConnectTimeout=0
JDK-8181612 (not public)
",,,
https://www.oracle.com/java/technologies/javase/9-all-relnotes.html#R9_0_1,Known Issues,"security-libs/java.security
??TLS does not work by default on OpenJDK 9?

The OpenJDK 9 binary for Linux x64 contains an empty cacerts keystore. This prevents TLS connections from being established because there are no Trusted Root Certificate Authorities installed. You may see an exception like the following:
javax.net.ssl.SSLException: java.lang.RuntimeException: Unexpected error: java.security.InvalidAlgorithmParameterException: the trustAnchors parameter must be non-empty
As a workaround"","" users can set the javax.net.ssl.trustStore System Property to use a different keystore. For example"","" the ca-certificates package on Oracle Linux 7 contains the set of Root CA certificates chosen by the Mozilla Foundation for use with the Internet PKI. This package installs a trust store at /etc/pki/java/cacerts"","" which can be used by OpenJDK 9.
Only the OpenJDK 64 bit Linux download is impacted. This issue does not apply to any Oracle JRE/JDK download.
Progress on open-sourcing the Oracle JDK Root CAs can be tracked through the issue JDK-8189131.
See JDK-8189131
",,,
https://www.oracle.com/java/technologies/javase/9-all-relnotes.html#R9_0_1,Certificate Changes,"security-libs/java.security
??Remove revoked Swisscom root certificate ""swisscomrootevca2""?

One Swisscom root certificate has been revoked by Swisscom and has been removed:



Swisscom Root EV CA 2
alias: ""swisscomrootevca2 [jdk]""
DN: CN=Swisscom Root EV CA 2"","" OU=Digital Certificate Services"","" O=Swisscom"","" C=ch 

JDK-8186330 (not public)
",,,
https://www.oracle.com/java/technologies/javase/9-all-relnotes.html#R9_0_1,Changes,"security-libs/java.security
??Refactor existing providers to refer to the same constants for default values for key length?

Two important changes have been made for this issue:
1. A new system property has been introduced that allows users to configure the default key size used by the JDK provider implementations of KeyPairGenerator and AlgorithmParameterGenerator. This property is named ""jdk.security.defaultKeySize"" and the value of this property is a list of comma-separated entries. Each entry consists of a case-insensitive algorithm name and the corresponding default key size (in decimal) separated by "":"". In addition"","" white space is ignored.
By default"","" this property will not have a value"","" and JDK providers will use their own default values. Entries containing an unrecognized algorithm name will be ignored. If the specified default key size is not a parseable decimal integer"","" that entry will be ignored as well.
2. The DSA KeyPairGenerator implementation of the SUN provider no longer implements java.security.interfaces.DSAKeyPairGenerator. Applications which cast the SUN provider's DSA KeyPairGenerator object to a java.security.interfaces.DSAKeyPairGenerator can set the system property ""jdk.security.legacyDSAKeyPairGenerator"". If the value of this property is ""true"""","" the SUN provider will return a DSA KeyPairGenerator object which implements the java.security.interfaces.DSAKeyPairGenerator interface. This legacy implementation will use the same default value as specified by the javadoc in the interface.
By default"","" this property will not have a value"","" and the SUN provider will return a DSA KeyPairGenerator object which does not implement the forementioned interface and thus can determine its own provider-specific default value as stated in the java.security.KeyPairGenerator class or by the ""jdk.security.defaultKeySize"" system property if set.
JDK-8181048 (not public)?
",,,
https://www.oracle.com/java/technologies/javase/9-all-relnotes.html#R9_0_1,Changes,"security-libs/java.security
??Collections use serialization filter to limit array sizes?
Deserialization of certain collection instances will cause arrays to be allocated. The ObjectInputFilter.checkInput() method is now called prior to allocation of these arrays. Deserializing instances of ArrayDeque"","" ArrayList"","" IdentityHashMap"","" PriorityQueue"","" java.util.concurrent.CopyOnWriteArrayList"","" and the immutable collections (as returned by List.of"","" Set.of"","" and Map.of) will call checkInput() with a FilterInfo instance whose serialClass() method returns Object[].class. Deserializing instances of HashMap"","" HashSet"","" Hashtable"","" and Properties will call checkInput() with a FilterInfo instance whose serialClass() method returns Map.Entry[].class. In both cases"","" the FilterInfo.arrayLength() method will return the actual length of the array to be allocated. The exact circumstances under which the serialization filter is called"","" and with what information"","" is subject to change in future releases.
JDK-8174109 (not public)
",,,
https://www.oracle.com/java/technologies/javase/9-all-relnotes.html#R9_0_1,Changes,"security-libs/java.security
??Add warnings to keytool when using JKS and JCEKS?
When keytool is operating on a JKS or JCEKS keystore"","" a warning may be shown that the keystore uses a proprietary format and migrating to PKCS12 is recommended. The keytool's -importkeystore command is also updated so that it can convert a keystore from one type to another if the source and destination point to the same file.
JDK-8182879 (not public)
",,,
https://www.oracle.com/java/technologies/javase/9-all-relnotes.html#R9_0_1,New Features,"other-libs/corba??Add Additional IDL Stub Type Checks to org.omg.CORBA.ORB::string_to_object Method
Applications that either explicitly or implicitly call org.omg.CORBA.ORB.string_to_object"","" and wish to ensure the integrity of the IDL stub type involved in the ORB::string_to_object call flow"","" should specify additional IDL stub type checking. This is an ""opt in"" feature and is not enabled by default.
To take advantage of the additional type checking"","" the list of valid IDL interface class names of IDL stub classes is configured by one of the following:


Specifying the security property com.sun.CORBA.ORBIorTypeCheckRegistryFilter located in the file conf/security/java.security in Java SE 9 or in jre/lib/security/java.security in Java SE 8 and earlier.


Specifying the system property com.sun.CORBA.ORBIorTypeCheckRegistryFilter with the list of classes. If the system property is set"","" its value overrides the corresponding property defined in the java.security configuration.


If the com.sun.CORBA.ORBIorTypeCheckRegistryFilter property is not set"","" the type checking is only performed against a set of class names of the IDL interface types corresponding to the built-in IDL stub classes.
JDK-8160104 (not public)
",,,
https://www.oracle.com/java/technologies/javase/9-all-relnotes.html#R9_0_4,New Features in OpenJDK 9,"security-libs/javax.net.ssl
??Open source the root certificates in Oracle's Java SE Root CA program?

The OpenJDK 9 binary for Linux x64 contains an empty cacerts keystore. This prevents TLS connections from being established because there are no Trusted Root Certificate Authorities installed. As a workaround for OpenJDK 9 binaries"","" users had to set the javax.net.ssl.trustStore System Property to use a different keystore.
""JEP 319: Root Certificates"" [1] addresses this problem by populating the cacerts keystore with a set of root certificates issued by the CAs of Oracle's Java SE Root CA Program. As a prerequisite"","" each CA must sign the Oracle Contributor Agreement (OCA) http://www.oracle.com/technical-resources/oracle-contributor-agreement.html"","" or an equivalent agreement"","" to grant Oracle the right to open-source their certificates.
[1] JDK-8191486
See JDK-8189131
",,,
https://www.oracle.com/java/technologies/javase/9-all-relnotes.html#R9_0_4,New Features,"security-libs/javax.net.ssl
??Added TLS session hash and extended master secret extension support?

Support has been added for the TLS session hash and extended master secret extension (RFC 7627) in JDK JSSE provider.  Note that in general"","" server certificate change is restricted if endpoint identification is not enabled and the previous handshake is a session-resumption abbreviated initial handshake"","" unless the identities represented by both certificates can be regarded as the same.  However"","" if the extension is enabled or negotiated"","" the server certificate changing restriction is not necessary and will be discarded accordingly.  In case of compatibility issues"","" an application may disable negotiation of this extension by setting the System Property jdk.tls.useExtendedMasterSecret to false in the JDK.   By setting the System Property jdk.tls.allowLegacyResumption to false"","" an application can reject abbreviated handshaking when the session hash and extended master secret extension is not negotiated.  By setting the System Property jdk.tls.allowLegacyMasterSecret to false"","" an application can reject connections that do not support the session hash and extended master secret extension.
See JDK-8148421
",,,
https://www.oracle.com/java/technologies/javase/9-all-relnotes.html#R9_0_4,New Features,"security-libs/javax.net.ssl
??Negotiated Finite Field Diffie-Hellman Ephemeral Parameters for TLS?

The JDK SunJSSE implementation now supports the TLS FFDHE mechanisms defined in RFC 7919.  If a server cannot process the supported_groups TLS extension or the named groups in the extension"","" applications can either customize the supported group names with jdk.tls.namedGroups"","" or turn off the FFDHE mechanisms by setting the System Property jsse.enableFFDHEExtension to false.
See JDK-8140436
",,,
https://www.oracle.com/java/technologies/javase/9-all-relnotes.html#R9_0_4,New Features,"other-libs/corba
??Add additional IDL stub type checks to org.omg.CORBA.ORBstring_to_object method?

Applications that either explicitly or implicitly call org.omg.CORBA.ORB.string_to_object"","" and wish to ensure the integrity of the IDL stub type involved in the ORB::string_to_object call flow"","" should specify additional IDL stub type checking. This is an ""opt in"" feature and is not enabled by default.
To take advantage of the additional type checking"","" the list of valid IDL interface class names of IDL stub classes is configured by one of the following:


Specifying the security property com.sun.CORBA.ORBIorTypeCheckRegistryFilter located in the file conf/security/java.security in Java SE 9 or in jre/lib/security/java.security in Java SE 8 and earlier.


Specifying the system property com.sun.CORBA.ORBIorTypeCheckRegistryFilter with the list of classes. If the system property is set"","" its value overrides the corresponding property defined in the java.security configuration.


If the com.sun.CORBA.ORBIorTypeCheckRegistryFilter property is not set"","" the type checking is only performed against a set of class names of the IDL interface types corresponding to the built-in IDL stub classes.
JDK-8160104 (not public)
",,,
https://www.oracle.com/java/technologies/javase/9-all-relnotes.html#R9_0_4,Changes,"security-libs/javax.crypto
??RSA public key validation?

In 9.0.4"","" the RSA implementation in the SunRsaSign provider will reject any RSA public key that has an exponent that is not in the valid range as defined by PKCS#1 version 2.2. This change will affect JSSE connections as well as applications built on JCE.
JDK-8174756 (not public)
",,,
https://www.oracle.com/java/technologies/javase/9-all-relnotes.html#R9_0_4,Changes,"security-libs/javax.crypto
??Provider default key size is updated?

This change updates the JDK providers to use 2048 bits as the default key size for DSA instead of 1024 bits when applications have not explicitly initialized the java.security.KeyPairGenerator and java.security.AlgorithmParameterGenerator objects with a key size.
If compatibility issues arise"","" existing applications can set the system property jdk.security.defaultKeySize introduced in JDK-8181048 with the algorithm and its desired default key size.
JDK-8178466 (not public)
",,,
https://www.oracle.com/java/technologies/javase/9-all-relnotes.html#R9_0_4,Changes,"security-libs/javax.crypto
??Stricter key generation?

The generateSecret(String) method has been mostly disabled in the javax.crypto.KeyAgreement services of the SunJCE and SunPKCS11 providers. Invoking this method for these providers will result in a NoSuchAlgorithmException for most algorithm string arguments. The previous behavior of this method can be re-enabled by setting the value of the jdk.crypto.KeyAgreement.legacyKDF system property to true (case insensitive). Re-enabling this method by setting this system property is not recommended.
 Prior to this change"","" the following code could be used to produce secret keys for AES using Diffie-Hellman: 
 
KeyAgreement ka = KeyAgreement.getInstance(""DiffieHellman"");
 ka.init(...); 
 ka.doPhase(...); 
SecretKey sk = ka.generateSecret(""AES"");


The issue with this code is that it is unspecified how the provider should derive a secret key from the output of the Diffie-Hellman operation. There are several options for how this key derivation    function can work"","" and each of these options has different security properties. For example"","" the key derivation function may bind the secret key to some information about the context or the parties involved in the key agreement. Without a clear specification of the behavior of  this method"","" there is a risk that the key derivation function will not  have some security property that is expected by the client.  
 To address this risk"","" the generateSecret(String) method of KeyAgreement was mostly disabled in the DiffieHellman services"","" and  code like the example above will now result in a java.security.NoSuchAlgorithmException. Clients still may use the  no-argument generateSecret method to obtain the raw Diffie-Hellman  output"","" which can be used  with  an appropriate key derivation function to  produce a secret key. 
 Existing applications that use the generateSecret(String) method of  this service will need to be modified. Here are a few options: 
  A) Implement the key derivation function from an appropriate standard.    For example"","" NIST SP 800-56Ar2[1] section 5.8 describes how to derive keys from Diffie-Hellman output. 
 B) Implement the following simple key derivation function:

1) Call KeyAgreement.generateSecret() to get the shared secret as a byte array
 2) Hash the byte array produced in step 1 using SHA-256 
 3) Pass the byte array produced in step 2 into the constructor of SecretKeySpec. This constructor also requires the standard name of the  secret-key algorithm (e.g. ""AES"")  
  This is a simple key derivation function that may provide adequate security in a typical application. Developers should note that this method provides no protection against the reuse of key agreement output in different contexts"","" so it is not appropriate for all applications. Also"","" some additional effort may be required to enforce key size restrictions like the ones in Table 2 of NIST SP 800-57pt1r4[2]. 
 C) Set the jdk.crypto.KeyAgreement.legacyKDF system property to  ""true"". This will restore the previous behavior of this KeyAgreement service. This solution should only be used as a last resort if the application code cannot be modified"","" or if the application must    interoperate with a system that cannot be modified. The ""legacy"" key derivation function and its security are unspecified.

 [1] https://nvlpubs.nist.gov/nistpubs/SpecialPublications/NIST.SP.800-56Ar2.pdf 
 [2] https://nvlpubs.nist.gov/nistpubs/SpecialPublications/NIST.SP.800-57pt1r4.pdf

JDK-8185292 (not public)
",,,
https://www.oracle.com/java/technologies/javase/9-all-relnotes.html#R9_0_4,Changes,"security-libs/javax.net.ssl
??Disable exportable cipher suites?

To improve the strength of SSL/TLS connections"","" exportable cipher suites have been disabled in SSL/TLS connections in the JDK by the jdk.tls.disabledAlgorithms Security Property.
See JDK-8163237
",,,
https://www.oracle.com/java/technologies/javase/9-all-relnotes.html#R9_0_4,Changes,"core-svc/javax.management
??JMX Connections need deserialization filters?

New public attributes"","" RMIConnectorServer.CREDENTIALS_FILTER_PATTERN and RMIConnectorServer.SERIAL_FILTER_PATTERN have been added to RMIConnectorServer.java. With these new attributes"","" users can specify the deserialization filter pattern strings to be used while making a RMIServer.newClient() remote call and while sending deserializing parameters over RMI to server respectively.
The user can also provide a filter pattern string to the default agent via management.properties. As a result"","" a new attribute is added to management.properties.
Existing attribute RMIConnectorServer.CREDENTIAL_TYPES is superseded by RMIConnectorServer.CREDENTIALS_FILTER_PATTERN and has been removed.
JDK-8159377 (not public)
",,,
https://www.oracle.com/java/technologies/javase/9-all-relnotes.html#R9_0_4,Changes,"xml/jaxp
??JDK Transform"","" Validation and XPath use the system-default parser?

Java SE 9 changes the JDK's Transform"","" Validation and XPath implementations to use the JDK's system-default parser even when a third party parser is on the classpath.  In order to override the JDK system-default parser"","" applications need to explicitly set the new System property jdk.xml.overrideDefaultParser.
Support through the API
The overrideDefaultParser property is supported by the following APIs:

TransformerFactory::setFeature
SchemaFactory::setFeature
Validator::setFeature
XPathFactory::setFeature

Support as a System property
The overrideDefaultParser property can be set through the System.setProperty.
Support as a JAXP system property
The overrideDefaultParser property can be set in the JAXP configuration file jaxp.properties.
Scope and order
The overrideDefaultParser property follows the same rule as other JDK JAXP properties in that a setting of a narrower scope takes preference over that of a wider scope. A setting through the API overrides the System property which in turn overrides that in the jaxp.properties file.
JDK-8186080 (not public)
",,,
https://www.oracle.com/java/technologies/javase/9-all-relnotes.html#R9_0_4,Bug Fixes,"deploy/webstart
??JNLP files won't launch from IE11 on Windows 10 Creators Update?

Web-start applications cannot be launched when clicking JNLP link from IE 11 on Windows 10 Creators Update when 64-bit JRE is installed. Workaround is to uninstall 64-bit JRE and use only 32-bit JRE.
See JDK-8185661
",,,
https://www.oracle.com/java/technologies/javase/9-all-relnotes.html#R9_0_4,Notes,"core-libs/java.net
??Default timeouts have changed for FTP URL handler?

Timeouts used by the FTP URL protocol handler have been changed from infinite to 5 minutes. This will result in an IOException from connect and read operations if the FTP server is unresponsive. For example"","" new URL(""ftp://example.com"").openStream().read()"","" will fail with java.net.SocketTimeoutException in case a connection or reading could not be completed within 5 minutes.
To revert this behaviour to that of previous releases"","" the following system properties may be used"","" sun.net.client.defaultReadTimeout=0"","" sun.net.client.defaultConnectTimeout=0
JDK-8181612 (not public)
",,,
https://www.oracle.com/java/technologies/javase/9-all-relnotes.html#R9_0_4,Known Issues,"security-libs/java.security
??TLS does not work by default on OpenJDK 9?

The OpenJDK 9 binary for Linux x64 contains an empty cacerts keystore. This prevents TLS connections from being established because there are no Trusted Root Certificate Authorities installed. You may see an exception like the following:
javax.net.ssl.SSLException: java.lang.RuntimeException: Unexpected error: java.security.InvalidAlgorithmParameterException: the trustAnchors parameter must be non-empty
As a workaround"","" users can set the javax.net.ssl.trustStore System Property to use a different keystore. For example"","" the ca-certificates package on Oracle Linux 7 contains the set of Root CA certificates chosen by the Mozilla Foundation for use with the Internet PKI. This package installs a trust store at /etc/pki/java/cacerts"","" which can be used by OpenJDK 9.
Only the OpenJDK 64 bit Linux download is impacted. This issue does not apply to any Oracle JRE/JDK download.
Progress on open-sourcing the Oracle JDK Root CAs can be tracked through the issue JDK-8189131.
See JDK-8189131
",,,
https://www.oracle.com/java/technologies/javase/9-all-relnotes.html#R9_0_4,Certificate Changes,"security-libs/java.security
??Remove revoked Swisscom root certificate ""swisscomrootevca2""?

One Swisscom root certificate has been revoked by Swisscom and has been removed:



Swisscom Root EV CA 2
alias: ""swisscomrootevca2 [jdk]""
DN: CN=Swisscom Root EV CA 2"","" OU=Digital Certificate Services"","" O=Swisscom"","" C=ch 

JDK-8186330 (not public)
",,,
https://www.oracle.com/java/technologies/javase/9-all-relnotes.html#R9_0_4,Changes,"security-libs/java.security
??Refactor existing providers to refer to the same constants for default values for key length?

Two important changes have been made for this issue:
1. A new system property has been introduced that allows users to configure the default key size used by the JDK provider implementations of KeyPairGenerator and AlgorithmParameterGenerator. This property is named ""jdk.security.defaultKeySize"" and the value of this property is a list of comma-separated entries. Each entry consists of a case-insensitive algorithm name and the corresponding default key size (in decimal) separated by "":"". In addition"","" white space is ignored.
By default"","" this property will not have a value"","" and JDK providers will use their own default values. Entries containing an unrecognized algorithm name will be ignored. If the specified default key size is not a parseable decimal integer"","" that entry will be ignored as well.
2. The DSA KeyPairGenerator implementation of the SUN provider no longer implements java.security.interfaces.DSAKeyPairGenerator. Applications which cast the SUN provider's DSA KeyPairGenerator object to a java.security.interfaces.DSAKeyPairGenerator can set the system property ""jdk.security.legacyDSAKeyPairGenerator"". If the value of this property is ""true"""","" the SUN provider will return a DSA KeyPairGenerator object which implements the java.security.interfaces.DSAKeyPairGenerator interface. This legacy implementation will use the same default value as specified by the javadoc in the interface.
By default"","" this property will not have a value"","" and the SUN provider will return a DSA KeyPairGenerator object which does not implement the forementioned interface and thus can determine its own provider-specific default value as stated in the java.security.KeyPairGenerator class or by the ""jdk.security.defaultKeySize"" system property if set.
JDK-8181048 (not public)?
",,,
https://www.oracle.com/java/technologies/javase/9-all-relnotes.html#R9_0_4,Changes,"security-libs/java.security
??Collections use serialization filter to limit array sizes?
Deserialization of certain collection instances will cause arrays to be allocated. The ObjectInputFilter.checkInput() method is now called prior to allocation of these arrays. Deserializing instances of ArrayDeque"","" ArrayList"","" IdentityHashMap"","" PriorityQueue"","" java.util.concurrent.CopyOnWriteArrayList"","" and the immutable collections (as returned by List.of"","" Set.of"","" and Map.of) will call checkInput() with a FilterInfo instance whose serialClass() method returns Object[].class. Deserializing instances of HashMap"","" HashSet"","" Hashtable"","" and Properties will call checkInput() with a FilterInfo instance whose serialClass() method returns Map.Entry[].class. In both cases"","" the FilterInfo.arrayLength() method will return the actual length of the array to be allocated. The exact circumstances under which the serialization filter is called"","" and with what information"","" is subject to change in future releases.
JDK-8174109 (not public)
",,,
https://www.oracle.com/java/technologies/javase/9-all-relnotes.html#R9_0_4,Changes,"security-libs/java.security
??Add warnings to keytool when using JKS and JCEKS?
When keytool is operating on a JKS or JCEKS keystore"","" a warning may be shown that the keystore uses a proprietary format and migrating to PKCS12 is recommended. The keytool's -importkeystore command is also updated so that it can convert a keystore from one type to another if the source and destination point to the same file.
JDK-8182879 (not public)
",,,
https://www.oracle.com/java/technologies/javase/9-all-relnotes.html#R9_0_4,New Features,"other-libs/corba??Add Additional IDL Stub Type Checks to org.omg.CORBA.ORB::string_to_object Method
Applications that either explicitly or implicitly call org.omg.CORBA.ORB.string_to_object"","" and wish to ensure the integrity of the IDL stub type involved in the ORB::string_to_object call flow"","" should specify additional IDL stub type checking. This is an ""opt in"" feature and is not enabled by default.
To take advantage of the additional type checking"","" the list of valid IDL interface class names of IDL stub classes is configured by one of the following:


Specifying the security property com.sun.CORBA.ORBIorTypeCheckRegistryFilter located in the file conf/security/java.security in Java SE 9 or in jre/lib/security/java.security in Java SE 8 and earlier.


Specifying the system property com.sun.CORBA.ORBIorTypeCheckRegistryFilter with the list of classes. If the system property is set"","" its value overrides the corresponding property defined in the java.security configuration.


If the com.sun.CORBA.ORBIorTypeCheckRegistryFilter property is not set"","" the type checking is only performed against a set of class names of the IDL interface types corresponding to the built-in IDL stub classes.
JDK-8160104 (not public)
",,,
https://www.oracle.com/java/technologies/javase/10-relnote-issues.html,What's New in JDK 10  - New Features and Enhancements,"
core-libs/java.util:collections
?APIs for Creating Unmodifiable Collections
Several new APIs have been added that facilitate the creation of unmodifiable collections. The List.copyOf"","" Set.copyOf"","" and Map.copyOf methods create new collection instances from existing instances. New methods toUnmodifiableList"","" toUnmodifiableSet"","" and toUnmodifiableMap have been added to the Collectors class in the Stream package. These allow the elements of a Stream to be collected into an unmodifiable collection.
",,,
https://www.oracle.com/java/technologies/javase/10-relnote-issues.html,What's New in JDK 10  - New Features and Enhancements,"
core-svc/java.lang.management
?System Property to Disable JRE Last Usage Tracking
A new system property jdk.disableLastUsageTracking has been introduced to disable JRE last usage tracking for a running VM. This property can be set in the command line by using either -Djdk.disableLastUsageTracking=true or -Djdk.disableLastUsageTracking. With this system property set"","" JRE last usage tracking will be disabled regardless of the com.oracle.usagetracker.track.last.usage property value set in usagetracker.properties.
",,,
https://www.oracle.com/java/technologies/javase/10-relnote-issues.html,What's New in JDK 10  - New Features and Enhancements,"
core-svc/javax.management
?Hashed Passwords for Out-of-the-Box JMX Agent
The clear passwords present in the jmxremote.password file are now being over-written with their SHA3-512 hash by the JMX agent. Each line for the role follows the format:
role_name W hashedPassword
Where:

role_name is any string that does not itself contain spaces or tabs.
W = spaces or tabs

The hashed password follows the format:
hashedPassword = base64_encoded_64_byte_salt W base64_encoded_hash W hash_algorithm
Where:

base64_encoded_64_byte_salt = 64 byte random salt
base64_encoded_hash = Hash_algorithm (password + salt)
W = spaces or tabs
hash_algorithm = Algorithm string specified using a format in https://docs.oracle.com/javase/10/docs/specs/security/standard-names.html#messagedigest-algorithms. This is an optional field. If not specified"","" SHA3-512 is assumed to be the algorithm string.

If passwords are in the clear"","" they are overwritten by their hash if all of the following criteria are met:


 com.sun.management.jmxremote.password.toHashes property is set to true in the management.properties file.
 The password file is writable.
 The system security policy allows writing into the password file if a security manager is configured.


In order to change the password for a role"","" replace the hashed password entry with a new clear-text password or a new hashed password. If the new password is in the clear"","" it will be replaced with its hash when a new login attempt is made.
A given role should have at least one entry in this file. If a role has no entry"","" it has no access. If multiple entries are found for the same role name"","" then the last one is used.
A user generated hashed password file can also be used instead of a clear-text password file. If generated by the user"","" hashed passwords must follow the format specified above.
This file must be made accessible by ONLY the owner"","" otherwise the program will exit with an error.
In order to prevent inadvertent edits to the password file in a production environment"","" it is recommended that a read-only hashed password file be deployed. The hashed entries for clear passwords can be generated in advance by running the JMX agent.
It is recommended that the password file not be edited while the agent is running. Edits could be lost if a client connection triggers the hashing of the password file at the same time that the file is externally modified. The integrity of the file is guaranteed"","" but any external edits made to the file during the short period between the time that the agent reads the file and the time that it writes it back might be lost.
",,,
https://www.oracle.com/java/technologies/javase/10-relnote-issues.html,What's New in JDK 10  - New Features and Enhancements,"other-libs/corba??Add Additional IDL Stub Type Checks to org.omg.CORBA.ORB::string_to_object Method
Applications that either explicitly or implicitly call org.omg.CORBA.ORB.string_to_object"","" and wish to ensure the integrity of the IDL stub type involved in the ORB::string_to_object call flow"","" should specify additional IDL stub type checking. This is an ""opt in"" feature and is not enabled by default.
To take advantage of the additional type checking"","" the list of valid IDL interface class names of IDL stub classes is configured by one of the following:


Specifying the security property com.sun.CORBA.ORBIorTypeCheckRegistryFilter located in the file conf/security/java.security in Java SE 9 or in jre/lib/security/java.security in Java SE 8 and earlier.


Specifying the system property com.sun.CORBA.ORBIorTypeCheckRegistryFilter with the list of classes. If the system property is set"","" its value overrides the corresponding property defined in the java.security configuration.


If the com.sun.CORBA.ORBIorTypeCheckRegistryFilter property is not set"","" the type checking is only performed against a set of class names of the IDL interface types corresponding to the built-in IDL stub classes.
JDK-8160104 (not public)
",,,
https://www.oracle.com/java/technologies/javase/10-relnote-issues.html,What's New in JDK 10  - New Features and Enhancements,"
hotspot/gc
?JEP 307 Parallel Full GC for G1
Improves G1 worst-case latencies by making the full GC parallel. The G1 garbage collector is designed to avoid full collections"","" but when the concurrent collections can't reclaim memory fast enough a fall back full GC will occur. The old implementation of the full GC for G1 used a single threaded mark-sweep-compact algorithm. With JEP 307 the full GC has been parallelized and now use the same amount of parallel worker threads as the young and mixed collections.
",,,
https://www.oracle.com/java/technologies/javase/10-relnote-issues.html,What's New in JDK 10  - New Features and Enhancements,"
security-libs/java.security
?JEP 319 Root Certificates
Provides a default set of root Certification Authority (CA) certificates in the JDK.
The cacerts keystore of the OpenJDK 9 binary for Linux x64 has been populated by JEP 319: Root Certificates [1] with a set of root certificates issued by the CAs of Oracle's Java SE Root CA Program. This addresses the problem of the empty cacerts keystore in the OpenJDK 9 binary for Linux x64. The empty cacerts keystore had prevented TLS connections from being established because Trusted Root Certificate Authorities were not installed. As a workaround for OpenJDK 9 binaries"","" users had to set the javax.net.ssl.trustStore System Property to use a different keystore.
[1] https://bugs.java.com/view_bug.do?bug_id=JDK-8191486
",,,
https://www.oracle.com/java/technologies/javase/10-relnote-issues.html,What's New in JDK 10  - New Features and Enhancements,"
security-libs/javax.net.ssl
?TLS Session Hash and Extended Master Secret Extension Support
Support has been added for the TLS session hash and extended master secret extension (RFC 7627) in JDK JSSE provider.  Note that in general"","" a server certificate change is restricted if endpoint identification is not enabled and the previous handshake is a session-resumption abbreviated initial handshake"","" unless the identities represented by both certificates can be regarded as the same.  However"","" if the extension is enabled or negotiated"","" the server certificate changing restriction is not necessary and will be discarded accordingly.  In case of compatibility issues"","" an application may disable negotiation of this extension by setting the System Property jdk.tls.useExtendedMasterSecret to false in the JDK. By setting the System Property jdk.tls.allowLegacyResumption to false"","" an application can reject abbreviated handshaking when the session hash and extended master secret extension are not negotiated.  By setting the System Property jdk.tls.allowLegacyMasterSecret to false"","" an application can reject connections that do not support the session hash and extended master secret extension.
",,,
https://www.oracle.com/java/technologies/javase/10-relnote-issues.html,What's New in JDK 10  - New Features and Enhancements,"
tools/javac
?Bytecode Generation for Enhanced for Loop
Bytecode generation has been improved for enhanced for loops"","" providing an improvement in the translation approach for them. For example:
List<String> data = new ArrayList<>(); for (String b : data);  
The following is the code generated after the enhancement:
{     /*synthetic*/ Iterator i$ = data.iterator();     for (; i$.hasNext(); ) {         String b = (String)i$.next();     }     b = null;     i$ = null; }  
Declaring the iterator variable outside of the for loop allows a null to be assigned to it as soon as it is no longer used. This makes it accessible to the GC"","" which can then get rid of the unused memory. Something similar is done for the case when the expression in the enhanced for loop is an array.
",,,
https://www.oracle.com/java/technologies/javase/10-relnote-issues.html,What's New in JDK 10  - New Features and Enhancements,"
tools/javadoc(tool)
?javadoc Support for Multiple Stylesheets
A new javadoc command-line option"","" --add-stylesheet"","" has been added to the javadoc tool. The new --add-stylesheet option provides support for the use of multiple stylesheets in the generated documentation. The existing -stylesheetfile option now has an alias"","" --main-stylesheet"","" to help distinguish the main stylesheet from any additional stylesheets. For more details"","" see the javadoc section in the  Tools Reference document.
",,,
https://www.oracle.com/java/technologies/javase/10-relnote-issues.html,What's New in JDK 10  - New Features and Enhancements,"
tools/javadoc(tool)
?Overriding Methods That Do Not Change the Specification
A new option --overridden-methods=value"",""  has been added to the javadoc tool. Many classes override inherited methods without changing the specification. The --overridden-methods=value option can be used to group these methods with other inherited methods"","" instead of documenting them in detail with the other methods declared in the class.  For more details"","" see the javadoc section in the Tools Reference document.
",,,
https://www.oracle.com/java/technologies/javase/10-relnote-issues.html,What's New in JDK 10  - New Features and Enhancements,"
tools/javadoc(tool)
?Comment Tag for Summary of an API Description
A new inline tag"","" {@summary ...}"","" has been added to explicitly specify the text used as the summary of the API description. By default"","" the summary of an API description is inferred from the first sentence. This is determined by using either a simple algorithm or java.text.BreakIterator. However"","" the heuristics for this are not always correct and can lead to an incorrect determination of the end of the first sentence. The new tag enables the API summary text to be explicitly set instead of inferred. Please refer to Documentation Comment Specification for the Standard Doclet.
",,,
https://www.oracle.com/java/technologies/javase/10-relnote-issues.html,Removed Features and Options,"
client-libs
?Removal of Support for Using Old LookAndFeel
It is no longer possible for applications to use old or unsupported LookAndFeels. Some applications (such as"","" Nimbus and Aqua) used old class names to instantiate JDK internal Swing LookAndFeels. For example:

javax.swing.UIManager.setLookAndFeel

(""com.sun.java.swing.plaf.nimbus.NimbusLookAndFeel"");

javax.swing.UIManager.setLookAndFeel(""apple.laf.AquaLookAndFeel"");

These classes were internal to the JDK and applications should have always treated them as such. Applications that use these class names to instantiate JDK internal Swing LookAndFeels must migrate now to the following APIs:

For Nimbus use:

UIManager.setLookAndFeel(""javax.swing.plaf.nimbus.NimbusLookAndFeel"");

For Aqua use:

UIManager.setLookAndFeel(UIManager.getSystemLookAndFeelClassName());
",,,
https://www.oracle.com/java/technologies/javase/10-relnote-issues.html,Removed Features and Options,"
core-libs/java.lang
?Removal of Runtime.getLocalizedInputStream and getLocalizedOutputStream Methods
The methods Runtime.getLocalizedInputStream and Runtime.getLocalizedOutputStream have been removed. They were part of an obsolete internationalization mechanism and have no known uses.
",,,
https://www.oracle.com/java/technologies/javase/10-relnote-issues.html,Removed Features and Options,"
core-libs/java.rmi
?Removal of RMI Server-Side Multiplex Protocol Support
The RMI Multiplex protocol was disabled in JDK 9 and has been removed. For the background and history see JDK-8087189.
",,,
https://www.oracle.com/java/technologies/javase/10-relnote-issues.html,Removed Features and Options,"
deploy/plugin
?Removal of Common DOM APIs
The com.sun.java.browser.plugin2.DOM"","" and sun.plugin.dom.DOMObject APIs have been removed. Applications can use netscape.javascript.JSObject to manipulate the DOM.


JDK-8133601 (not public) 

hotspot/runtime
?Removal of FlatProfiler
The FlatProfiler"","" deprecated in JDK 9"","" has been made obsolete by removing the implementation code. The FlatProfiler was enabled by setting the -Xprof VM argument. The -Xprof flag remains recognized in this release; however"","" setting it will print out a warning message.


See JDK-8173715


hotspot/runtime
?Removal of Obsolete -X Options
The obsolete HotSpot VM options (-Xoss"","" -Xsqnopause"","" -Xoptimize"","" -Xboundthreads"","" and -Xusealtsigs) have been removed.


See JDK-8179018


javafx/application-lifecycle
?Removal of HostServicesgetWebContext Method
The HostServices::getWebContext method"","" which was deprecated for removal in JDK 9"","" has been removed. There is no replacement for this functionality. Applications will no longer be able to communicate with the enclosing web page of a JavaFX Applet. Note that the Java Plug-in"","" on which this functionality depends"","" is deprecated for removal as well.


See JDK-8187149


javafx/graphics
?Removal of T2K Rasterizer and ICU Layout Engine From JavaFX
The T2K rasterizer and ICU layout engine have been removed from JavaFX.


See JDK-8187147


javafx/media
?Removal of Deprecated VP6/FXM/FLV Code From JavaFX
Support for VP6 video encoding format and FXM/FLV container has been removed in JavaFX Media. Users are encouraged to use H.264/AVC1 in the MP4 container or HTTP Live Streaming instead.


See JDK-8187637


security-libs/java.security
?Removal of Deprecated Pre-1.2 SecurityManager Methods and Fields
The following pre-1.2 deprecated java.lang.SecurityManager methods and fields that were marked  forRemoval=true have been removed:

inCheck field
getInCheck method
classDepth method
classLoaderDepth method
currentClassLoader method
currentLoadedClass method
inClass method
inClassLoader method

In addition"","" the deprecated checkMemberAccess method has been changed to throw a SecurityException if the caller has not been granted AllPermission. This method is error-prone and users should instead invoke the checkPermission method directly.


See JDK-8186535


security-libs/java.security
?Removal of policytool
The policytool security tool has been removed from the JDK.


See JDK-8148371


security-libs/javax.security
Removal of Deprecated Classes in com.sun.security.auth.**
The following deprecated classes that were marked for removal in JDK 9 have been removed:

com.sun.security.auth.PolicyFile
com.sun.security.auth.SolarisNumericGroupPrincipal
com.sun.security.auth.SolarisNumericUserPrincipal
com.sun.security.auth.SolarisPrincipal
com.sun.security.auth.X500Principal
com.sun.security.auth.module.SolarisLoginModule
com.sun.security.auth.module.SolarisSystem



See JDK-8159544


tools/javadoc(tool)
?Removal of Old (JDK 6"","" JDK 7"","" and JDK 8 Era) Standard Doclet
The old  (JDK 6"","" JDK 7 and JDK 8 era) standard doclet"","" which outputs HTML content"","" and which has been superseded by a replacement"","" has been removed in this release. The underlying javadoc API (see com.sun.javadoc in the API documentation) has been deprecated"","" but is still available for the time being"","" for use by user-provided doclets.


See JDK-8177511


tools/javah
?JEP 313 Remove the Native-Header Generation Tool (javah)
As previously announced"","" the native-header tool"","" javah"","" has been removed.
Native headers can now be generated by using the Java compiler"","" javac"","" with the -h option.


See JDK-8182758


tools/launcher
?Removal of Java Launcher's Data Model Options -d32 and -d64
The java launcher's data model selection options (-d32"","" -d64"","" -J-d32 and -J-d64) have been removed. They are obsolete and were previously deprecated. To prevent the launcher from failing"","" users must remove usages of these options when invoking the java launcher or tools such as javac and javah.


See JDK-8180286


Deprecated Features and Options
This section describes the deprecated APIs"","" features"","" and options that have been identified as deprecated in this release and are subject to removal from future versions of Java SE and the JDK. They should be used with that possibility in mind.
Other sources of information about the APIs"","" features"","" and options deprecated in Java SE 10 and JDK 10 include:

Deprecated API page (API specification) -  Identifies all deprecated APIs including those deprecated in Java SE 10.
Java SE 10 (18.3) (?JSR 383) specification - Documents changes to the specification made between Java SE 9 and Java SE 10 that include the identification of deprecated APIs and features not described here.

You should be aware of the contents in those documents as well as the items described in this release notes page.
The descriptions of deprecated APIs might include references to the deprecation warnings of forRemoval=true and forRemoval=false. The forRemoval=true text indicates that a deprecated API might be removed from the next major release. The forRemoval=false text indicates that a deprecated API is not expected to be removed from the next major release but might be removed in some later release.
Note: JEP 277: Enhanced Deprecation provides a detailed description of the updated deprecation policy. You should be aware of the policy described in this document.
The descriptions below also identify potential compatibility issues that you might encounter when migrating to JDK 10. See the JDK 10 Migration Guide for descriptions of specific compatibility issues. See the Compatibility & Specification Review (CSR) page on the OpenJDK wiki for  information about compatibility as it relates to JDK 10.


core-svc/javax.management
?SNMP Monitoring Support Deprecated forRemoval
The jdk.snmp module that provides the SNMP monitoring and management support for the Java virtual machine has been deprecated and is planned to be removed in a future release.
A warning message for deprecation is emitted when JVM SNMP monitoring is enabled (via the com.sun.management.snmp.port property configured in the management.properties configuration file).

JDK-8194051 (not public) 
",,,
https://www.oracle.com/java/technologies/javase/10-relnote-issues.html,Removed Features and Options,"
security-libs/java.security
?java.security.{Certificate"",""Identity"",""IdentityScope"",""Signer} APIs Deprecated forRemoval
The deprecated java.security.{Certificate"","" Identity"","" IdentityScope"","" Signer} classes have been marked forRemoval=true and are subject to removal in a future version of Java SE.
",,,
https://www.oracle.com/java/technologies/javase/10-relnote-issues.html,Removed Features and Options,"
security-libs/java.security
?java.security.acl APIs Deprecated forRemoval
The deprecated java.security.acl APIs have been marked forRemoval=true and are subject to removal in a future version of Java SE.
",,,
https://www.oracle.com/java/technologies/javase/10-relnote-issues.html,Removed Features and Options,"
security-libs/javax.security
?javax.security.auth.Policy API Deprecated forRemoval
The deprecated javax.security.auth.Policy class has been marked forRemoval=true and will be removed in a future release. The javax.security.auth.Policy class has been deprecated since JDK 1.4 and superseded or replaced by java.security.Policy.
",,,
https://www.oracle.com/java/technologies/javase/10-relnote-issues.html,Deprecated Features and Options,"
core-svc/javax.management
?SNMP Monitoring Support Deprecated forRemoval
The jdk.snmp module that provides the SNMP monitoring and management support for the Java virtual machine has been deprecated and is planned to be removed in a future release.
A warning message for deprecation is emitted when JVM SNMP monitoring is enabled (via the com.sun.management.snmp.port property configured in the management.properties configuration file).
",,,
https://www.oracle.com/java/technologies/javase/10-relnote-issues.html,Other Notes,"
client-libs/java.awt
?Touch Keyboard for Swing/AWT Text Components
This release adds support for automatically showing the touch keyboard for Swing/AWT text components on Microsoft Windows 8 or later. A user can display the touch keyboard either by using a touch screen to tap the text component area or by using a mouse to click in the area"","" when a keyboard is not attached to a computer.
The system property awt.touchKeyboardAutoShowIsEnabled controls whether this functionality is enabled in the JDK. This functionality is enabled by default. However"","" if the functionality is not needed"","" the user can switch it off from the command line by setting the system property to false:
-Dawt.touchKeyboardAutoShowIsEnabled=false
",,,
https://www.oracle.com/java/technologies/javase/10-relnote-issues.html,Other Notes,"
client-libs/java.awt
?java.awt.TrayIcon.displayMessage() Reimplemented on macOS
On macOS"","" the java.awt.TrayIcon.displayMessage() method has been re-implemented to use the NSUserNotification api to show messages to users. New messages on macOS are now shown by using the standard notification center instead of a custom window.
",,,
https://www.oracle.com/java/technologies/javase/10-relnote-issues.html,Other Notes,"
core-libs/java.io
?Relax FileInputStream/FileOutputStream Requirement for finalize to Call close
The specifications of FileInputStream and FileOutputStream are changed to require calling the close method when ""there are no more references to the stream"" only in the case where it would affect a subclass that has overridden the close method. The stream's finalize method does not call close directly in this case. In other cases"","" the release of resources is implementation specific. Refer to the FileInputStream and FileOutputStream documentation for recommendations.
",,,
https://www.oracle.com/java/technologies/javase/10-relnote-issues.html,Other Notes,"
core-libs/java.lang:class_loading
?Empty Element in -Xbootclasspath/a
The bootstrap class loader has been changed to skip an empty element specified in -Xbootclasspath/a when locating resources.  This change might impact existing code that relies on an empty element in the boot class path to find resources in the current working directory.  Those applications will now need to use the -Xbootclasspath/a option to properly set the directory that the bootstrap class loader searches when locating resources.
",,,
https://www.oracle.com/java/technologies/javase/10-relnote-issues.html,Other Notes,"
core-libs/java.rmi
?RMI Registry Filter Allows Binding Arrays of Any Type
The RMI Registry built-in serial filter has been modified to check only the array size and not the component type. The maximum array size has been increased to 1"",""000"",""000. The override filter can be used to decrease the limit. Array sizes greater than the maxarray limit will be rejected. Sizes less than the maxarray limit will be allowed.
The java.security file contains more information about the sun.rmi.registry.registryFilter property and the conf/security/java.security configuration file has been updated to better describe the default behavior and how to override it.
",,,
https://www.oracle.com/java/technologies/javase/10-relnote-issues.html,Other Notes,"
core-svc/javax.management
?MBeanOperationInfo Accepts Any int Value as ""impact""
A new validation for the impact parameter of javax.management.MBeanOperationInfo.MBeanOperationInfo constructor has been introduced. MBeanOperationInfo now throws a new IllegalArgumentException if the impact provided is not one of INFO"","" ACTION"","" ACTION_INFO"","" or UNKNOWN.
",,,
https://www.oracle.com/java/technologies/javase/10-relnote-issues.html,Other Notes,"
core-svc/javax.management
?JMX Connections need deserialization filters 
New public attributes"","" RMIConnectorServer.CREDENTIALS_FILTER_PATTERN and RMIConnectorServer.SERIAL_FILTER_PATTERN have been added to RMIConnectorServer.java. With these new attributes"","" users can specify the deserialization filter pattern strings to be used while making a RMIServer.newClient() remote call and while sending deserializing parameters over RMI to server respectively.
The user can also provide a filter pattern string to the default agent via management.properties. As a result"","" a new attribute is added to management.properties.
Existing attribute RMIConnectorServer.CREDENTIAL_TYPES is superseded by RMIConnectorServer.CREDENTIALS_FILTER_PATTERN and has been removed.
",,,
https://www.oracle.com/java/technologies/javase/10-relnote-issues.html,Other Notes,"
docs
?Deprecation Warning Dialog for Java Web Start
A deprecation warning dialog has been added that is shown the first time an application is launched via Java Web Start.
",,,
https://www.oracle.com/java/technologies/javase/10-relnote-issues.html,Other Notes,"
hotspot/gc
?print_tracing_info Uses Unified Logging
The two flags"","" TraceYoungGenTime and TraceOldGenTime"","" have been removed. The same information is now available by using Unified Logging and enabling the tag-set gc+heap+exit at the debug level.
",,,
https://www.oracle.com/java/technologies/javase/10-relnote-issues.html,Other Notes,"
hotspot/runtime
?Change to Default Value for BiasedLockingStartupDelay
The default value for BiasedLockingStartupDelay has been changed to 0. The flag BiasedLockingStartupDelay previously had the default value 4000 which delayed the use of biased locking with 4 s (4000 ms). The reason for this delay was performance but recent performance runs show no difference between the 4000 ms delay and no delay. Since having the delay will cause other parts of the VM to do extra work"","" having the default set to 0 makes more sense.
",,,
https://www.oracle.com/java/technologies/javase/10-relnote-issues.html,Other Notes,"
hotspot/runtime
?Java Improvements for Docker Containers
The following changes have been introduced in JDK 10 to improve the execution and configurability of Java running in Docker containers:

JDK-8146115 Improve docker container detection and resource configuration usage

The JVM has been modified to be aware that it is running in a Docker container and will extract container specific configuration information instead of querying the operating system.  The information being extracted is the number of CPUs and total memory that have been allocated to the container.  The total number of CPUs available to the Java process is calculated from any specified cpu sets"","" cpu shares or cpu quotas.  This support is only available on Linux-based platforms.  This new support is enabled by default and can be disabled in the command line with the JVM option:
-XX:-UseContainerSupport
In addition"","" this change adds a JVM option that provides the ability to specify the number of CPUs that the JVM will use:
-XX:ActiveProcessorCount=count
This count overrides any other automatic CPU detection logic in the JVM.

JDK-8186248 Allow more flexibility in selecting Heap % of available RAM

Three new JVM options have been added to allow Docker container users to gain more fine grained control over the amount of system memory that will be used for the Java Heap:
-XX:InitialRAMPercentage
-XX:MaxRAMPercentage
-XX:MinRAMPercentage
These options replace the deprecated Fraction forms (-XX:InitialRAMFraction"","" -XX:MaxRAMFraction"","" and -XX:MinRAMFraction).

JDK-8179498 attach in Linux should be relative to /proc/pid/root and namespace aware

This bug fix corrects the attach mechanism when trying to attach from a host process to a Java process that is running in a Docker container.
",,,
https://www.oracle.com/java/technologies/javase/10-relnote-issues.html,Other Notes,"
security-libs/org.ietf.jgss:krb5
?Accept including .conf files in krb5.conf's includedir
If krb5.conf contains the ""includedir DIRNAME"" directive and a file in this directory has a name ending with .conf"","" its content will be included in krb5.conf. Before this change"","" only those files whose names consisted solely of alphanumeric characters"","" dashes"","" or underscores were included.
",,,
https://www.oracle.com/java/technologies/javase/10-relnote-issues.html,Other Notes,"
tools/javac
?New Class AST Node With enclosing Instance
New Class AST nodes with an enclosing instance that incorrectly return a null have been fixed. In some cases"","" the getEnclosingExpression() method of the NewClassTree AST node was returning null for code like:
<enclosing>.new <Class>(...) { ... }  
This has been fixed"","" and getEnclosingExpression() now returns the enclosing expression.
",,,
https://www.oracle.com/java/technologies/javase/10-relnote-issues.html,Other Notes,"
tools/javac
?Error Message When java.lang.IllegalAccessError Produced
An enhancement has been made to improve the error message produced by javac when a java.lang.IllegalAccessError is thrown because external tools have loaded javac classes with multiple class loaders.
",,,
https://www.oracle.com/java/technologies/javase/10-relnote-issues.html,Other Notes,"
tools/javadoc(tool)
?javadoc Treats Failure to Access a URL as an Error
The javadoc tool has been changed to treat failure to access a URL as an error instead of a warning. If javadoc cannot access the contents of a URL provided with the -link or -linkoffline options"","" the tool will now report an error. Previously"","" the tool continued with a warning and produced incorrect documentation output.
",,,
https://www.oracle.com/java/technologies/javase/10-relnote-issues.html,Other Notes,"
tools/javadoc(tool)
?HTML Files in doc-files Subdirectories Wrapped with Standard javadoc Decorations
The standard doclet has been updated to copy HTML files in the doc-files subdirectories for the packages being documented to the document output directory. The content of these files are wrapped with the standard header"","" footer"","" and navigation bars. In addition"","" any appropriate comment tags within these files are processed.

Note: Some files may not be wrapped. This is a known bug.
",,,
https://www.oracle.com/java/technologies/javase/10-relnote-issues.html,Other Notes,"
tools/jshell
?JShell Startup
The time needed to start JShell has been significantly reduced"","" especially in cases where a start file with many snippets is used.
",,,
https://www.oracle.com/java/technologies/javase/10-relnote-issues.html,Other Notes,"
xml
?XMLInputFactory.newFactory Incorrectly Deprecated
The @Deprecated annotation has been removed from the newFactory() method in javax.xml.stream.XMLInputFactory. In Java SE 9"","" an @Deprecated annotation was incorrectly added to the newFactory() method in javax.xml.stream.XMLInputFactory. The method should not have been deprecated. Applications using the newInstance() method are not affected.
",,,
https://www.oracle.com/java/technologies/javase/10-relnote-issues.html,Other Notes,"

xml/jaxp   JDK Transform"","" Validation and XPath use the system-default parser
Java SE 9 changes the JDK's Transform"","" Validation and XPath implementations to use the JDK's system-default parser even when a third party parser is on the classpath. In order to override the JDK system-default parser"","" applications need to explicitly set the new System property jdk.xml.overrideDefaultParser.

Support through the API
The overrideDefaultParser property is supported by the following APIs:

TransformerFactory::setFeature
SchemaFactory::setFeature
Validator::setFeature
XPathFactory::setFeature

Support as a System property
The overrideDefaultParser property can be set through the System.setProperty.
Support as a JAXP system property
The overrideDefaultParser property can be set in the JAXP configuration file jaxp.properties.
Scope and order
The overrideDefaultParser property follows the same rule as other JDK JAXP properties in that a setting of a narrower scope takes preference over that of a wider scope. A setting through the API overrides the System property which in turn overrides that in the jaxp.properties file.

",,,
https://www.oracle.com/java/technologies/javase/10-relnote-issues.html,Other Notes,"
xml/jaxp
?java.xml APIs With Raw Types and Type Parameters
A number of java.xml APIs containing method declarations with raw types have been updated to add a type parameter.  The updated methods are:

javax.xml.namespace.NamespaceContext

Iterator<String> getPrefixes(String namespaceURI);

javax.xml.xpath.XPathFunction

public Object evaluate(List<?> args)

org.xml.sax.helpers.NamespaceSupport

public Enumeration<String> getPrefixes () public Enumeration<String> getPrefixes (String uri) public Enumeration<String> getDeclaredPrefixes ()
",,,
,,,,,
,,,,,
,,,,,
https://www.oracle.com/java/technologies/javase/11-0-1-relnotes.html,Changes,"security-libs/java.security??Added Additional TeliaSonera Root Certificate
The following root certificate have been added to the OpenJDK cacerts truststore:


TeliaSonera


teliasonerarootcav1
DN: CN=TeliaSonera Root CA v1"","" O=TeliaSonera




See JDK-8210432
",,,
https://www.oracle.com/java/technologies/javase/11-0-1-relnotes.html,Changes,"core-libs/javax.naming??Improve LDAP support
Endpoint identification has been enabled on LDAPS connections.
To improve robustness of LDAPS (secure LDAP over TLS) connections"","" endpoint identification algorithms have been enabled by default.
Note that there may be situations where some applications that were previously able to successfully connect to an LDAPS server may no longer be able to do so. Such applications may"","" if they deem appropriate"","" disable endpoint identification using a new system property:  com.sun.jndi.ldap.object.disableEndpointIdentification.
Define this system property (or set it to true) to disable endpoint identification algorithms.
JDK-8200666 (not public)
",,,
https://www.oracle.com/java/technologies/javase/11-0-1-relnotes.html,Changes,"core-svc??Changed Central File System Location for usagetracker.properties File
The file system location in Windows for the usagetracker.properties file has been moved from %ProgramData%\Oracle\Java\ to %ProgramFiles%\Java\conf
There is no change in the file path for Linux"","" Solaris"","" or macOS.
JDK-8204901 (not public)
",,,
https://www.oracle.com/java/technologies/javase/11-0-1-relnotes.html,Changes,"security-libs/javax.net.ssl??Problem looking up Client Certificates in keystore
Prior to JDK 8u261"","" the JSSE framework passed an array of Strings of all keytypes in one call to the (delegate) javax.net.ssl.X509KeyManager.chooseClientAlias(String[] keyType"","" Principal[] issuers"","" Socket socket) implementation when client authentication is present in an application. Since JDK 8u261"","" the internal JDK libraries may call the delegate javax.net.ssl.X509KeyManager.chooseClientAlias method in multiple iterations while performing client authentication. One key type per call. https://docs.oracle.com/javase/8/docs/api/javax/net/ssl/X509KeyManager.html#chooseClientAlias-java.lang.String:A-java.security.Principal:A-java.net.Socket-
If application code implements javax.net.ssl.X509KeyManager"","" ensure that the code logic in that implementation does not assume that all keytypes are passed in the keyType String array in the first call to chooseClientAlias:  String chooseClientAlias?(String[] keyType"","" Principal[] issuers"","" Socket socket)
See JDK-8261624
",,,
https://www.oracle.com/java/technologies/javase/11-0-1-relnotes.html,Changes,"security-libs/javax.net.ssl??Disabled All DES TLS Cipher Suites
DES-based TLS cipher suites are considered obsolete and should no longer be used.  DES-based cipher suites have been deactivated by default in the SunJSSE implementation by adding the ""DES"" identifier to the jdk.tls.disabledAlgorithms security property.  These cipher suites can be reactivated by removing ""DES"" from the jdk.tls.disabledAlgorithms security property in the java.security file or by dynamically calling the Security.setProperty() method.  In both cases re-enabling DES must be followed by adding DES-based cipher suites to the enabled cipher suite list using the SSLSocket.setEnabledCipherSuites() or SSLEngine.setEnabledCipherSuites() methods.
Note that prior to this change"","" DES40_CBC (but not all DES) suites were disabled via the jdk.tls.disabledAlgorithms security property.
See JDK-8208350
",,,
https://www.oracle.com/java/technologies/javase/11-0-1-relnotes.html,Changes,"security-libs/javax.crypto??Improved Cipher Inputs
The specification of javax.crypto.CipherInputStream has been clarified to indicate that this class may catch BadPaddingException and other exceptions thrown by failed integrity checks during decryption. These exceptions are not re-thrown"","" so the client may not be informed that integrity checks failed. Because of this behavior"","" this class may not be suitable for use with decryption in an authenticated mode of operation (e.g. GCM). Applications that require authenticated encryption can use the Cipher API directly as an alternative to using this class.
JDK-8201756 (not public)
",,,
,,,,,
,,,,,
,,,,,
,,,,,
https://www.oracle.com/java/technologies/javase/11-0-6-relnotes.html,Other notes,"
core-libs/java.rmi
??Improve Registry Support
The java.rmi.Remote marker interface identifies interfaces containing methods that can be invoked remotely by using the following specification:

Methods declared in interfaces that directly or indirectly extend java.rmi.Remote can be invoked remotely
Methods declared in interfaces that do not extend Remote directly or indirectly cannot be invoked remotely

This affects remote objects in the java.rmi.registry.Registry and any other remote object.
",,,
https://www.oracle.com/java/technologies/javase/11-0-6-relnotes.html,Other notes,"
hotspot/gc
??Epsilon GC handled checked array stores incorrectly


Epsilon GC may have violated the specification requirements by accepting the type-incompatible store into the array"","" instead of throwing the ArrayStoreException. This is now handled correctly"","" both in this release"","" and associated backports. Users are advised to upgrade as soon as possible.
See JDK-8215724",,,
,,,,,
https://www.oracle.com/java/technologies/javase/11-0-8-relnotes.html,New Features,"
install/install
??Oracle JDK Installer for Windows Provides Executables (javac"","" etc) in a Path Reachable From Any Command Prompt
The Oracle JDK installer for Windows provides java.exe"","" javaw.exe"","" javac.exe"","" and jshell.exe commands in a system location so that users can run Java applications without needing to provide the path to the Oracle JDK's installation folder.
JDK-8222383 (not public)
",,,
https://www.oracle.com/java/technologies/javase/11-0-8-relnotes.html,Other notes,"core-libs/java.io:serialization??Improved Serialization Handling
When setting a serialization filter by using java.io.ObjectInputStream.setObjectInputFilter the method must be called before reading any objects from the stream. If the methods readObject or readUnshared are called"","" the setObjectInputFilter method throws IllegalStateException.
JDK-8234836 (not public)
",,,
https://www.oracle.com/java/technologies/javase/11-0-9-relnotes.html,New Features,"security-libs/java.security??Weak Named Curves in TLS"","" CertPath"","" and Signed JAR Disabled by DefaultWeak named curves are disabled by default by adding them to the following disabledAlgorithms security properties: jdk.tls.disabledAlgorithms"",""  jdk.certpath.disabledAlgorithms"","" and jdk.jar.disabledAlgorithms.  The named curves are listed below.
With 47 weak named curves to be disabled"","" adding individual named curves to each disabledAlgorithms property would be overwhelming. To relieve this"","" a new security property"","" jdk.disabled.namedCurves"","" is implemented that can list the named curves common to all of the disabledAlgorithms properties. To use the new property in the disabledAlgorithms properties"","" precede the full property name with the keyword include.  Users can still add individual named curves to disabledAlgorithms properties separate from this new property.  No other properties can be included in the disabledAlgorithms properties.
To restore the named curves"","" remove the include jdk.disabled.namedCurves either from specific or from all  disabledAlgorithms security properties.
To restore one or more curves"","" remove the specific named curve(s) from the jdk.disabled.namedCurves property.
Curves that are disabled through jdk.disabled.namedCurves include the following:
secp112r1"","" secp112r2"","" secp128r1"","" secp128r2"","" secp160k1"","" secp160r1"","" secp160r2"","" secp192k1"","" secp192r1"","" secp224k1"",""  secp224r1"","" secp256k1"","" sect113r1"","" sect113r2"","" sect131r1"","" sect131r2"","" sect163k1"","" sect163r1"","" sect163r2"","" sect193r1"","" sect193r2"","" sect233k1"","" sect233r1"","" sect239k1"","" sect283k1"","" sect283r1"","" sect409k1"","" sect409r1"","" sect571k1"","" sect571r1"","" X9.62 c2tnb191v1"","" X9.62 c2tnb191v2"","" X9.62 c2tnb191v3"","" X9.62 c2tnb239v1"","" X9.62 c2tnb239v2"","" X9.62 c2tnb239v3"","" X9.62 c2tnb359v1"","" X9.62 c2tnb431r1"","" X9.62 prime192v2"","" X9.62 prime192v3"",""  X9.62 prime239v1"","" X9.62 prime239v2"","" X9.62 prime239v3"","" brainpoolP256r1"","" brainpoolP320r1"","" brainpoolP384r1"","" brainpoolP512r1
Curves that remain enabled are:  secp256r1"","" secp384r1"","" secp521r1"","" X25519"","" X448
See JDK-8233228
",,,
https://www.oracle.com/java/technologies/javase/11-0-9-relnotes.html,New Features,"security-libs/org.ietf.jgss:krb5??Support for Kerberos Cross-Realm Referrals (RFC 6806)The Kerberos client has been enhanced with the support of principal name canonicalization and cross-realm referrals"","" as defined by the RFC 6806 protocol extension.
As a result of this new feature"","" the Kerberos client can take advantage of more dynamic environment configurations and does not necessarily need to know (in advance) how to reach the realm of a target principal (user or service).
Support is enabled by default and 5 is the maximum number of referral hops allowed. To turn it off"","" set the sun.security.krb5.disableReferrals security or system property to false. To configure a custom maximum number of referral hops"","" set the sun.security.krb5.maxReferrals security or system property to any positive value.
See further information in JDK-8223172.
See JDK-8215032
",,,
https://www.oracle.com/java/technologies/javase/11-0-9-relnotes.html,New Features,"security-libs/javax.net.ssl??Improve Certificate Chain HandlingA new system property"","" jdk.tls.maxHandshakeMessageSize"","" has been added to set the maximum allowed size for the handshake message in TLS/DTLS handshaking. The default value of the system property is 32768  (32 kilobytes).
A new system property"","" jdk.tls.maxCertificateChainLength"","" has been added to set the maximum allowed length of the certificate chain in TLS/DTLS handshaking. The default value of the system property is 10.
JDK-8245417 (not public)
",,,
https://www.oracle.com/java/technologies/javase/11-0-9-relnotes.html,New Features,"security-libs/java.security??Tools Warn If Weak Algorithms Are UsedThe keytool and jarsigner tools have been updated to warn users when weak cryptographic algorithms are used in keys"","" certificates"","" and signed JARs before they are disabled. The weak algorithms are set in the jdk.security.legacyAlgorithms security property in the java.security configuration file. In this release"","" the tools issue warnings for the SHA-1 hash algorithm and 1024-bit RSA/DSA keys.
See JDK-8172404
",,,
https://www.oracle.com/java/technologies/javase/11-0-9-relnotes.html,New Features,"security-libs/org.ietf.jgss:krb5??Support for canonicalize in krb5.confThe 'canonicalize' flag in the krb5.conf file is now supported by the JDK Kerberos implementation. When set to true"","" RFC 6806 name canonicalization is requested by clients in TGT requests to KDC services (AS protocol). Otherwise"","" and by default"","" it is not requested.
The new default behavior is different from JDK 14 and previous releases where name canonicalization was always requested by clients in TGT requests to KDC services (provided that support for RFC 6806 was not explicitly disabled with the sun.security.krb5.disableReferrals system or security properties).
See JDK-8239385
",,,
https://www.oracle.com/java/technologies/javase/11-0-9-relnotes.html,Other notes,"core-libs/javax.naming??Added Property to Control LDAP Authentication Mechanisms Allowed to Authenticate Over Clear ConnectionsA new environment property"",""
jdk.jndi.ldap.mechsAllowedToSendCredentials"","" has been added to
control which LDAP authentication mechanisms are allowed to send
credentials over clear LDAP connections - a connection not secured
with TLS. An encrypted LDAP connection is a connection opened
by using ldaps scheme"","" or a connection opened by using ldap scheme
and then upgraded to TLS with a STARTTLS extended operation.
The value of the property"","" which is by default not set"","" is a comma
separated list of the mechanism names that are permitted to authenticate
over a clear connection. If a value is not specified for the property"","" then all mechanisms
are allowed. If the specified value is an empty list"","" then no mechanisms are
allowed (except  for none and anonymous). The default value for this property is 'null'
( i.e. System.getProperty(""jdk.jndi.ldap.mechsAllowedToSendCredentials"") returns 'null'). To explicitly permit all mechanisms to authenticate over a clear connection"","" the property
value can be set to ""all"". If a connection is downgraded from
encrypted to clear"","" then only the mechanisms that are explicitly permitted are allowed.
The property can be supplied to the LDAP context environment map"","" or
set globally as a system property. When both are supplied"","" the
environment map takes precedence.
Note: none and anonymous authentication mechanisms are exempted
from these rules and are always allowed regardless of the property value.
JDK-8237990 (not public)
",,,
https://www.oracle.com/java/technologies/javase/11-0-9-relnotes.html,Other notes,"security-libs/java.security??Added 3 SSL Corporation Root CA CertificatesThe following root certificates have been added to the cacerts truststore:
+ SSL Corporation

  + sslrootrsaca
    DN: CN=SSL.com Root Certification Authority RSA"","" O=SSL Corporation"","" L=Houston"","" ST=Texas"","" C=US

  + sslrootevrsaca
    DN: CN=SSL.com EV Root Certification Authority RSA R2"","" O=SSL Corporation"","" L=Houston"","" ST=Texas"","" C=US

  + sslrooteccca
    DN: CN=SSL.com Root Certification Authority ECC"","" O=SSL Corporation"","" L=Houston"","" ST=Texas"","" C=US
See JDK-8243320
",,,
https://www.oracle.com/java/technologies/javase/11-0-9-relnotes.html,Other notes,"security-libs/java.security??Added Entrust Root Certification Authority - G4 certificate
The following root certificate has been added to the cacerts truststore:
+ Entrust

  + entrustrootcag4
    DN: CN=Entrust Root Certification Authority - G4"","" OU=""(c) 2015 Entrust"","" Inc. - for authorized use only"""","" 
    OU=See www.entrust.net/legal-terms"","" O=""Entrust"","" Inc."""","" C=US
See JDK-8243321
",,,
https://www.oracle.com/java/technologies/javase/11-0-9-relnotes.html,Other notes,"core-libs/java.util:i18n??Localized Time Zone Name Inconsistency Between English and Other LocalesEnglish time zone names provided by the CLDR locale provider are now correctly synthesized following the CLDR spec"","" rather than substituted from the COMPAT provider. For example"","" SHORT style names are no longer synthesized abbreviations of LONG style names"","" but instead produce GMT offset formats.
See JDK-8236548
",,,
https://www.oracle.com/java/technologies/javase/11-0-9-relnotes.html,Other notes,"core-libs/java.io:serialization??Enhanced Support of Proxy ClassThe deserialization of java.lang.reflect.Proxy objects can be limited by setting the system property jdk.serialProxyInterfaceLimit.
The limit is the maximum number of interfaces allowed per Proxy in the stream.
Setting the limit to zero prevents any Proxies from being deserialized including Annotations"","" a limit of less than 2 might interfere with RMI operations.
JDK-8236862 (not public)
",,,
https://www.oracle.com/java/technologies/javase/11-0-10-relnotes.html,Keeping the JDK up to Date,"
security-libs/java.security
??-groupname Option Added to keytool Key Pair Generation
A new -groupname option has been added to keytool -genkeypair so that a user can specify a named group when generating a key pair. For example"","" keytool -genkeypair -keyalg EC -groupname secp384r1 will generate an EC key pair by using the secp384r1 curve. Because there might be multiple curves with the same size"","" using the -groupname option is preferred over the -keysize option.
See JDK-8213400
",,,
https://www.oracle.com/java/technologies/javase/11-0-10-relnotes.html,Keeping the JDK up to Date,"
security-libs/javax.net.ssl
??Support for certificate_authorities Extension
The ""certificate_authorities"" extension is an optional extension introduced in TLS 1.3. It is used to indicate the certificate authorities (CAs) that an endpoint supports and should be used by the receiving endpoint to guide certificate selection.
With this JDK release"","" the ""certificate_authorities"" extension is supported for TLS 1.3 in both the client and the server sides.  This extension is always present for client certificate selection"","" while it is optional for server certificate selection.
Applications can enable this extension for server certificate selection by setting the jdk.tls.client.enableCAExtension system property to true.  The default value of the property is false.
Note that if the client trusts more CAs than the size limit of the extension (less than 2^16 bytes)"","" the extension is not enabled.  Also"","" some server implementations do not allow handshake messages to exceed 2^14 bytes.  Consequently"","" there may be interoperability issues when jdk.tls.client.enableCAExtension is set to true and the client trusts more CAs than the server implementation limit.
See JDK-8206925
",,,
https://www.oracle.com/java/technologies/javase/11-0-10-relnotes.html,Keeping the JDK up to Date,"
core-libs/java.lang
??POSIX_SPAWN Option on Linux
As an additional way to launch processes on Linux"","" the jdk.lang.Process.launchMechanism property can be set to POSIX_SPAWN. This option has been available for a long time on other *nix platforms. The default launch mechanism (VFORK) on Linux is unchanged"","" so this additional option does not affect existing installations.
POSIX_SPAWN mitigates rare pathological cases when spawning child processes"","" but it has not yet been excessively tested. Prudence is advised when using POSIX_SPAWN in productive installations.
See JDK-8212828
",,,
https://www.oracle.com/java/technologies/javase/11-0-10-relnotes.html,Keeping the JDK up to Date,"
security-libs/javax.net.ssl
??Support for X25519 and X448 in TLS
The named elliptic curve groups x25519 and x448 are now available for JSSE key agreement in TLS versions 1.0 to 1.3"","" with x25519 being the most preferred of the default enabled named groups. The default ordered list is now:
    x25519"","" secp256r1"","" secp384r1"","" secp521r1"","" x448"",""

    ffdhe2048"","" ffdhe3072"","" ffdhe4096"","" ffdhe6144"","" ffdhe8192
The default list can be overridden by using the system property jdk.tls.namedGroups.
See JDK-8252226
",,,
https://www.oracle.com/java/technologies/javase/11-0-10-relnotes.html,Keeping the JDK up to Date,"
security-libs/java.security
??jarsigner Preserves POSIX File Permission and symlink Attributes
When signing a file that contains POSIX file permission or symlink attributes"","" jarsigner now preserves these attributes in the newly signed file but warns that these attributes are unsigned and not protected by the signature. The same warning is printed during the jarsigner -verify operation for such files.
Note that the jar tool does not read/write these attributes. This change is more visible to tools like unzip where these attributes are preserved.
See JDK-8218021
",,,
https://www.oracle.com/java/technologies/javase/11-0-10-relnotes.html,Keeping the JDK up to Date,"
client-libs/2d
??Oracle JDK11u for Solaris Now Requires harfbuzz to be Installed
Oracle JDK-11.0.10 and later for Solaris 11 requires that
the OS provide the package library/desktop/harfbuzz as part of the
system installation. This package is provided for Solaris 11.3 and later.
$ pkg info harfbuzz

       Name: library/desktop/harfbuzz
     Summary: HarfBuzz is an OpenType text shaping engine
   Description: HarfBuzz is a library for text shaping"","" which converts
          unicode text to glyph indices and positions. HarfBuzz is
          used directly by libraries such as Pango"","" and the layout
          engines in firefox.
     Category: Desktop (GNOME)/Libraries
      State: Installed
    Publisher: solaris
This is a desktop library"","" but the font processing it does is part of some common backend server workloads. It should always be considered as required.
If this library is missing"","" then the pkg mechanism will require it during installation of the JDK.
If installing the JDK by using a tar.gz bundle (for example) and the library/desktop/harfbuzz package is missing"","" a runtime link failure will occur when this package is needed.
JDK-8251907 (not public)
",,,
https://www.oracle.com/java/technologies/javase/11-0-10-relnotes.html,Keeping the JDK up to Date,"core-libs/java.time??JDK time-zone data upgraded to tzdata2020d
The JDK update incorporates tzdata2020d. The main change is

Palestine ends DST earlier than predicted"","" on 2020-10-24.

Please refer to https://mm.icann.org/pipermail/tz-announce/2020-October/000062.html for more information.
See JDK-8255226
",,,
https://www.oracle.com/java/technologies/javase/11-0-10-relnotes.html,Keeping the JDK up to Date,"core-libs/java.time??JDK time-zone data upgraded to tzdata2020c
The JDK update incorporates tzdata2020c. The main change is

Fiji starts DST later than usual"","" on 2020-12-20.

Please refer to https://mm.icann.org/pipermail/tz-announce/2020-October/000060.html for more information.
See JDK-8254982
",,,
https://www.oracle.com/java/technologies/javase/11-0-10-relnotes.html,Keeping the JDK up to Date,"core-libs/java.time??US/Pacific-New Zone Name Removed as Part of tzdata2020b
Following the JDK's update to tzdata2020b"","" the long-obsolete files named pacificnew and systemv have been removed. As a result"","" the ""US/Pacific-New"" Zone name declared in the pacificnew data file is no longer available for use.
Information regarding this update can be viewed at https://mm.icann.org/pipermail/tz-announce/2020-October/000059.html
See JDK-8254177
",,,
https://www.oracle.com/java/technologies/javase/11-0-11-relnotes.html,"IANA TZ Data 2020e, 2020f, 2021a","
JDK 11.0.11 contains IANA time zone data 2020e"","" 2020f"","" 2021a.

 Volgograd switches to Moscow time on 2020-12-27 at 02:00.
 South Sudan changes from +03 to +02 on 2021-02-01 at 00:00.

 
For more information"","" refer to Timezone Data Versions in the JRE Software.
",,,
https://www.oracle.com/java/technologies/javase/11-0-11-relnotes.html,Keeping the JDK up to Date,"

Oracle recommends that the JDK is updated with each Critical Patch Update (CPU).
In order to determine if a release is the latest"","" the Security Baseline page can
be used to determine which is the latest version for each release family.


Critical patch updates"","" which contain security vulnerability fixes"","" are announced one year in advance on
Critical Patch Updates"","" Security Alerts and Bulletins.
It is not recommended that this JDK (version 11.0.11) be used after the next critical patch update scheduled
for July 20"","" 2021.

",,,
https://www.oracle.com/java/technologies/javase/11-0-11-relnotes.html,Keeping the JDK up to Date,"tools??jdeps --print-module-deps Reports Transitive Dependences
jdeps --print-module-deps"","" --list-deps"","" and --list-reduce-deps options have been enhanced as follows.


By default"","" they perform transitive module dependence analysis on libraries on the class path and module path"","" both directly and indirectly"","" as required by the given input JAR files or classes. Previously"","" they only reported the modules required by the given input JAR files or classes.  The --no-recursive option can be used to request non-transitive dependence analysis.


By default"","" they flag any missing dependency"","" i.e. not found from class path and module path"","" as an error.   The --ignore-missing-deps option can be used to suppress missing dependence errors. Note that a custom image is created with the list of modules output by jdeps when using the  --ignore-missing-deps option for a non-modular application. Such an application"","" running on the custom image"","" might fail at runtime when missing dependence errors are suppressed.


See JDK-8213909
",,,
https://www.oracle.com/java/technologies/javase/11-0-11-relnotes.html,Other Notes,"core-libs/javax.naming??New System and Security Properties to Control Reconstruction of Remote Objects by JDK's Built-in JNDI RMI and LDAP Implementations
jdk.jndi.object.factoriesFilter: This system and security property allows a serial filter to be specified that controls the set of object factory classes permitted to instantiate objects from object references returned by naming/directory systems. The factory class named by the reference instance is matched against this filter during remote reference reconstruction. The filter property supports pattern-based filter syntax with the format specified by JEP 290. This property applies both to the JNDI/RMI and the JNDI/LDAP built-in provider implementations. The default value allows any object factory class specified in the reference to recreate the referenced object.
com.sun.jndi.ldap.object.trustSerialData: This system property allows control of the deserialization of java objects from the javaSerializedData LDAP attribute. To prevent deserialization of java objects from the attribute"","" the system property can be set to false value. By default"","" deserialization of java objects from the javaSerializedData attribute is allowed.
JDK-8244473 (not public)
",,,
https://www.oracle.com/java/technologies/javase/11-0-11-relnotes.html,Other Notes,"security-libs/java.security??Added 2 HARICA Root CA Certificates
The following root certificates have been added to the cacerts truststore:
+ HARICA

  + haricarootca2015
    DN: CN=Hellenic Academic and Research Institutions RootCA 2015"","" O=Hellenic Academic and Research Institutions Cert. Authority"","" L=Athens"","" C=GR

  + haricaeccrootca2015
    DN: CN=Hellenic Academic and Research Institutions ECC RootCA 2015"","" O=Hellenic Academic and Research Institutions Cert. Authority"","" L=Athens"","" C=GR
See JDK-8256421
",,,
https://www.oracle.com/java/technologies/javase/11-0-11-relnotes.html,Other Notes,"security-libs/javax.net.ssl??Disable TLS 1.0 and 1.1
TLS 1.0 and 1.1 are versions of the TLS protocol that are no longer considered secure and have been superseded by more secure and modern versions (TLS 1.2 and 1.3).
These versions have now been disabled by default. If you encounter issues"","" you can"","" at your own risk"","" re-enable the versions by removing ""TLSv1"" and/or ""TLSv1.1"" from the jdk.tls.disabledAlgorithms security property in the java.security configuration file.
See JDK-8202343
",,,
https://www.oracle.com/java/technologies/javase/11-0-11-relnotes.html,Other Notes,"core-libs/java.nio.charsets??Modified the MS950 charset Encoder's Conversion Table
In this release"","" some of the one-way byte-to-char mappings have been aligned with the preferred mappings provided by the Unicode Consortium.
See JDK-8232161
",,,
https://www.oracle.com/java/technologies/javase/11-0-11-relnotes.html,Other Notes,"core-libs/java.lang??Less Ambiguous Processing of ProcessBuilder Quotes on Windows

In the java.lang.ProcessBuilder implementation on Windows"","" the system property jdk.lang.Process.allowAmbiguousCommands=false ensures"","" for each argument"","" that double-quotes are properly encoded in the command string passed to Windows CreateProcess. An argument with a final trailing double-quote preceded by a backslash is encoded as a literal double-quote; previously"","" the argument including the double-quote would be joined with the next argument. An empty argument is encoded as a pair of double-quotes ("""") resulting in a zero length string passed for the argument to the process; previously"","" it was silently ignored. An argument containing double-quotes"","" other than first and last"","" is encoded to preserve the double-quotes when passed to the process; previously"","" the embedded double-quotes would be dropped and not passed to the process. If a security manager is set"","" such as in WebStart applications"","" double-quotes are encoded as described. When there is no security manager"","" there is no change to existing behavior; the jdk.lang.Process.allowAmbiguousCommands property can be set to true: jdk.lang.Process.allowAmbiguousCommands=true or false. If left unset"","" it is the same as setting it to true.
JDK-8250568 (not public)
",,,
https://www.oracle.com/java/technologies/javase/11-0-12-relnotes.html,New Features,"security-libs/org.ietf.jgss:krb5??Support cross-realm MSSFU
The support for the Kerberos MSSFU extensions [1] is now extended to cross-realm environments.
By leveraging the Kerberos cross-realm referrals enhancement introduced in the context of JDK-8215032"","" the 'S4U2Self' and 'S4U2Proxy' extensions may be used to impersonate user and service principals located on different realms.
[1] - https://docs.microsoft.com/en-us/openspecs/windows_protocols/ms-sfu/3bff5864-8135-400e-bdd9-33b552051d94
See JDK-8005819
",,,
https://www.oracle.com/java/technologies/javase/11-0-12-relnotes.html,New Features,"security-libs/java.security??Customizing PKCS12 keystore Generation
New system and security properties have been added to enable users to customize the generation of PKCS #12 keystores. This includes algorithms and parameters for key protection"","" certificate protection"","" and MacData. The detailed explanation and possible values for these properties can be found in the ""PKCS12 KeyStore properties"" section of the java.security file.
Also"","" support for the following SHA-2 based HmacPBE algorithms has been added to the SunJCE provider: HmacPBESHA224"","" HmacPBESHA256"","" HmacPBESHA384"","" HmacPBESHA512"","" HmacPBESHA512/224"","" HmacPBESHA512/256
See JDK-8076190
",,,
https://www.oracle.com/java/technologies/javase/11-0-12-relnotes.html,New Features,"security-libs/java.security??Removed Root Certificates with 1024-bit Keys
The following root certificates with weak 1024-bit RSA public keys have been removed from the cacerts keystore:
+ alias name ""thawtepremiumserverca?[jdk]""

? Distinguished Name: EMAILADDRESS=premium-server@thawte.com"","" CN=Thawte Premium Server CA"","" OU=Certification Services Division"","" O=Thawte Consulting cc"","" L=Cape Town"","" ST=Western Cape"","" C=ZA

+ alias name ""verisignclass2g2ca?[jdk]""
? Distinguished Name: OU=VeriSign Trust Network"","" OU=""(c) 1998 VeriSign"","" Inc. - For authorized use only"""","" OU=Class 2 Public Primary Certification Authority - G2"","" O=""VeriSign"","" Inc."""","" C=US

+ alias name ""verisignclass3ca?[jdk]""
? Distinguished Name: OU=Class 3 Public Primary Certification Authority"","" O=""VeriSign"","" Inc."""","" C=US

+ alias name ""verisignclass3g2ca?[jdk]""
? Distinguished Name: OU=VeriSign Trust Network"","" OU=""(c) 1998 VeriSign"","" Inc. - For authorized use only"""","" OU=Class 3 Public Primary Certification Authority - G2"","" O=""VeriSign"","" Inc."""","" C=US

+ alias name ""verisigntsaca?[jdk]""
? Distinguished Name: CN=Thawte Timestamping CA"","" OU=Thawte Certification"","" O=Thawte"","" L=Durbanville"","" ST=Western Cape"","" C=ZA

See JDK-8243559
",,,
https://www.oracle.com/java/technologies/javase/11-0-12-relnotes.html,New Features,"security-libs/java.security??Removed Telia Company's Sonera Class2 CA Certificate
The following root certificate has been removed from the cacerts truststore:
+ Telia Company

  + soneraclass2ca
    DN: CN=Sonera Class2 CA"","" O=Sonera"","" C=FI
See JDK-8225081
",,,
https://www.oracle.com/java/technologies/javase/11-0-12-relnotes.html,New Features,"
security-libs/java.security
??JarFile Treats Signed JARs with Multiple Manifests as Unsigned


The JarFile class now treats a signed JAR as unsigned if it detects a second manifest in the JAR file. A warning message"","" ""WARNING: Multiple MANIFEST.MF found. Treat JAR file as unsigned."""","" is logged if the system property -Djava.security.debug=jar is set.
 JDK-8260967 (not public)
",,,
https://www.oracle.com/java/technologies/javase/11-0-12-relnotes.html,New Features,"install/install??Updated List of Capabilities Provided by JDK RPMs
The following capabilities have been removed from the list of what OracleJDK/OracleJRE RPMs provide: xml-commons-api"","" jaxp_parser_impl"","" and java-fonts. This clean-up of the list resolves existing and potential conflicts with modular RPMs.
There are other RPMs providing these capabilities"","" so there should be no impact on packages that depend on them. Package managers can use other rpms to satisfy the dependencies provided by the OracleJDK/OracleJRE RPMs before this change.
JDK-8263575 (not public)
",,,
https://www.oracle.com/java/technologies/javase/11-0-12-relnotes.html,New Features,"install/install??ADDLOCAL=ToolsFeature"",""SourceFeature Argument No Longer Needed For Windows JDK Installer
The ADDLOCAL=ToolsFeature"",""SourceFeature argument is no longer needed for the JDK installer silent mode.  All required files are now installed by default.
JDK-8262043 (not public)
",,,
https://www.oracle.com/java/technologies/javase/11-0-12-relnotes.html,New Features,"security-libs/java.security??Upgraded the Default PKCS12 Encryption and MAC Algorithms
The default encryption and MAC algorithms used in a PKCS #12 keystore have been updated. The new algorithms are based on AES-256 and SHA-256 and are stronger than the old algorithms that were based on RC2"","" DESede"","" and SHA-1. See the security properties starting with keystore.pkcs12 in the java.security file for detailed information.
For compatibility"","" a new system property named keystore.pkcs12.legacy is defined that will revert the algorithms to use the older"","" weaker algorithms. There is no value defined for this property.
See JDK-8153005
",,,
https://www.oracle.com/java/technologies/javase/11-0-12-relnotes.html,New Features,"security-libs/java.security??Disable SHA-1 JARs
JARs signed with SHA-1 algorithms are now restricted by default and treated as if they were unsigned. This applies to the algorithms used to digest"","" sign"","" and optionally timestamp the JAR. It also applies to the signature and digest algorithms of the certificates in the certificate chain of the code signer and the Timestamp Authority"","" and any CRLs or OCSP responses that are used to verify if those certificates have been revoked.
In order to reduce the compatibility risk for applications that have been previously timestamped or use private CAs"","" there are two exceptions to this policy:

Any JAR signed with SHA-1 algorithms and timestamped prior to January 01"","" 2019 will not be restricted.
Any JAR signed with a SHA-1 certificate that does not chain back to a Root CA included by default in the JDK cacerts keystore will not be restricted.

These exceptions may be removed in a future JDK release.
Users can"","" at their own risk"","" remove these restrictions by modifying the java.security configuration file (or overriding it using the java.security.properties system property) and removing ""SHA1 jdkCA & usage SignedJAR & denyAfter 2019-01-01"" from the jdk.certpath.disabledAlgorithms security property and ""SHA1 jdkCA & denyAfter 2019-01-01"" from the jdk.jar.disabledAlgorithms security property.
See JDK-8196415
",,,
https://www.oracle.com/java/technologies/javase/11-0-12-relnotes.html,New Features,"security-libs/javax.net.ssl??Improve Encoding of TLS Application-Layer Protocol Negotiation (ALPN) Values
Certain TLS ALPN values couldn't be properly read or written by the SunJSSE provider. This is due to the choice of Strings as the API interface and the undocumented internal use of the UTF-8 character set which converts characters larger than U+00007F (7-bit ASCII) into multi-byte arrays that may not be expected by a peer.
SunJSSE now encodes/decodes String characters as 8-bit ISO_8859_1/LATIN-1 characters. This means applications that used characters above U+000007F that were previously encoded using UTF-8 may need to either be modified to perform the UTF-8 conversion"","" or set the Java security property jdk.tls.alpnCharset to ""UTF-8"" revert the behavior.
See the updated guide at https://docs.oracle.com/javase/8/docs/technotes/guides/security/jsse/alpn.html for more information.
See JDK-8254631
",,,
https://www.oracle.com/java/technologies/javase/11-0-12-relnotes.html,New Features,"core-libs/java.net??URL FTP Protocol Handler: IPv4 Address Validation in Passive Mode
Client-side FTP support in the Java platform is available through the FTP URL stream protocol handler"","" henceforth referred to as the FTP Client.
The following system property has been added for validation of server addresses in FTP passive mode.

jdk.net.ftp.trustPasvAddress.

In this release"","" the FTP Client has been enhanced to reject an address sent by a server"","" in response to a PASV command from the FTP Client"","" when that address differs from the address which the FTP Client initially connected.
To revert to the prior behavior"","" the jdk.net.ftp.trustPasvAddress system property can be set to true. The affect of setting this property is that the FTP Client accepts and uses the address value returned in reply to a PASV command
JDK-8258432 (not public)
",,,
https://www.oracle.com/java/technologies/javase/11-0-13-relnotes.html,Java? SE Development Kit 11.0.13 (JDK 11.0.13),"
For more information"","" refer to Timezone Data Versions in the JRE Software.
",,,
https://www.oracle.com/java/technologies/javase/11-0-13-relnotes.html,Java? SE Development Kit 11.0.13 (JDK 11.0.13),"core-libs/java.io:serialization??Context-specific Deserialization Filters
Allow applications to configure context-specific and dynamically-selected deserialization filters via a JVM-wide filter factory that is invoked to select a filter for each deserialization stream. The behavior is a strict subset of JEP 415: Context-Specific Deserialization Filters to allow a filter factory to be configured using a property configured on the command line or in the security properties file.
The behavior is opt-in based on the presence of the jdk.serialFilterFactory system property on the command line or the jdk.serialFilterFactory security property. If set"","" the JVM-wide filter factory selects the filter for each stream when the stream is constructed and when a stream-specific filter is set.
The JVM-wide filter factory is a java.util.function.BinaryOperator<java.io.ObjectInputFilter> function invoked when each ObjectInputStream is constructed and when the stream-specific filter is set using ObjectInputStream.setObjectInputFilter(ObjectInputFilter). The parameters are the current filter and a requested filter and the function returns the filter to be used for the stream. When invoked from the ObjectInputStream constructors"","" the first parameter is null and the second parameter is the static JVM-wide filter. When invoked from ObjectInputStream.setObjectInputFilter"","" the first parameter is the filter currently set on the stream (which was set in the constructor)"","" and the second parameter is the filter given to ObjectInputStream.setObjectInputFilter.
A typical filter factory should use or merge the static JVM-wide filter with other application and context specific filters and the stream-specific filter"","" if one is set on the stream. The filter factory implementation can also use any contextual information at its disposal"","" for example"","" extracted from the application thread context"","" or its call stack"","" to compose and combine a new filter. It is not restricted to only use its two parameters.
Refer to Context-Specific Deserialization Filter and Serialization Filtering Guide for details.
JDK-8268624 (not public)
",,,
https://www.oracle.com/java/technologies/javase/11-0-13-relnotes.html,Java? SE Development Kit 11.0.13 (JDK 11.0.13),"security-libs/java.security??Removed IdenTrust Root Certificate
The following root certificate from IdenTrust has been removed from the cacerts keystore:
+ alias name ""identrustdstx3 [jdk]""

  Distinguished Name: CN=DST Root CA X3"","" O=Digital Signature Trust Co.

See JDK-8225082
",,,
https://www.oracle.com/java/technologies/javase/11-0-13-relnotes.html,Java? SE Development Kit 11.0.13 (JDK 11.0.13),"hotspot/compiler??Remove the Experimental AOT and JIT Compiler in OracleJDK 11u

The experimental Java-based JIT compiler"","" Graal JEP317"","" has been removed. Attempting to use it produces a JVMCI error: JVMCI compiler 'graal' not found.
The Java Ahead-of-Time compilation experimental tool jaotc has been removed. Using HotSpot VM AOT options defined by JEP295 produce ""Unrecognized VM option"" error on VM initialization.
Developers who wish to test the Graal compiler for either AOT or JIT compilation should use GraalVM.
JDK-8267704 (not public)
",,,
https://www.oracle.com/java/technologies/javase/11-0-13-relnotes.html,Java? SE Development Kit 11.0.13 (JDK 11.0.13),"
core-libs/java.lang
??Release Doesn't Correctly Recognize Windows 11 
This release doesn't correctly identify Windows 11. The property os.name is set to Windows 10 on Windows 11. In HotSpot error logs"","" the OS is identified as Windows 10; however"","" the HotSpot error log does show the Build number. Windows 11 has Build 22000.194 or above.
See JDK-8274840
",,,
https://www.oracle.com/java/technologies/javase/11-0-13-relnotes.html,Java? SE Development Kit 11.0.13 (JDK 11.0.13),"
install
??Change to Package Names in Linux RPM/DEB Installers 
On the Linux platform"","" the names of JDK packages provided by Java RPM and DEB installers have been changed. Names of JDK packages follow the jdk-<feature_release_version> pattern instead of the jdk-<update_release_version> pattern that was previously used. For example"","" the new names of JDK 11"","" 16"","" and 17 packages are jdk-11"","" jdk-16"","" and jdk-17 respectively.
The change to package names disables side-by-side installation of multiple JDKs of the same release family. Only one JDK per release family can be installed on a system with RPM and DEB installers.
If a user wants to have multiple update releases from the same family"","" the user must download the tar.gz bundles.
JDK-8266653 (not public)
",,,
https://www.oracle.com/java/technologies/javase/11-0-13-relnotes.html,Java? SE Development Kit 11.0.13 (JDK 11.0.13),"
security-libs/javax.net.ssl
??Updated the Default Enabled Cipher Suites Preference 
The default priority order of the cipher suites for TLS 1.0 to TLS 1.3 has been adjusted.
For TLS 1.3"","" TLS_AES_256_GCM_SHA384 is now preferred over TLS_AES_128_GCM_SHA256.
For TLS 1.0 to TLS 1.2"","" some of the intermediate suites have been lowered in priority as follows:


Cipher suites that do not preserve forward secrecy have been moved lower in priority than those that do support forward secrecy.


Cipher suites that use SHA-1 have been moved lower in priority.
See JDK-8163326
",,,
https://www.oracle.com/java/technologies/javase/11-0-13-relnotes.html,Java? SE Development Kit 11.0.13 (JDK 11.0.13),"
core-libs/javax.naming
??System Property to Control Reconstruction of Reference Address Objects by JDK's Built-in JNDI LDAP Implementation 
The scope of the com.sun.jndi.ldap.object.trustSerialData system property has been extended to control the deserialization of java objects from the javaReferenceAddress LDAP attribute.  This system property now controls the deserialization of java objects from the javaSerializedData and javaReferenceAddress LDAP attributes.
To prevent deserialization of java objects from these attributes"","" the system property can be set to false.  By default"","" the deserialization of java objects from javaSerializedData and javaReferenceAddress attributes is allowed.
JDK-8267712 (not public)
",,,
https://www.oracle.com/java/technologies/javase/11-0-13-relnotes.html,Java? SE Development Kit 11.0.13 (JDK 11.0.13),"
hotspot/runtime
??Release Doesn't Correctly Recognize Windows Server 2022 
This release doesn't correctly identify Windows Server 2022. The property os.name is set to Windows Server 2019 on Windows Server 2022. In HotSpot error logs the OS is identified as Windows Server 2019; however"","" the HotSpot error log does show the Build number. Windows Server 2022 has Build 20348"","" or above.
See JDK-8273229
",,,
https://www.oracle.com/java/technologies/javase/11-0-13-relnotes.html,Java? SE Development Kit 11.0.13 (JDK 11.0.13),"security-libs/java.security??Updated keytool to Create AKID From SKID of Issuing Certificate as Specified by RFC 5280
The gencert command of the keytool utility has been updated to create AKID from the SKID of the issuing certificate as specified by RFC 5280.
See JDK-8257497
",,,
https://www.oracle.com/java/technologies/javase/11-0-13-relnotes.html,Java? SE Development Kit 11.0.13 (JDK 11.0.13),"
security-libs/javax.crypto:pkcs11
??SunPKCS11 Initialization With NSS When External FIPS Modules Are in Security Modules Database 
The SunPKCS11 security provider can now be initialized with NSS when FIPS-enabled external modules are configured in the Security Modules Database (NSSDB). Before this change"","" when such a library was configured for NSS in non-FIPS mode"","" the SunPKCS11 provider would throw a RuntimeException with the message ""FIPS flag set for non-internal module"".
This change allows the JDK to work properly with recent NSS releases in GNU/Linux operating systems when the system-wide FIPS policy is turned on.
See JDK-8238555
",,,
https://www.oracle.com/java/technologies/javase/11-0-14-relnotes.html,"IANA TZ Data 2021b, 2021c, 2021d, 2021e","
JDK 11.0.14 contains IANA time zone data 2021b"","" 2021c"","" 2021d"","" 2021e.

Jordan now starts DST on February's last Thursday.
Samoa no longer observes DST.
Merge more location-based Zones whose timestamps agree since 1970.
Move some backward-compatibility links to 'backward'.
Rename Pacific/Enderbury to Pacific/Kanton.
Correct many pre-1993 transitions in Malawi"","" Portugal"","" etc.
zic now creates each output file or link atomically.
zic -L no longer omits the POSIX TZ string in its output.
zic fixes for truncation and leap second table expiration.
zic now follows POSIX for TZ strings using all-year DST.
Fix some localtime crashes and bugs in obscure cases.
zdump -v now outputs more-useful boundary cases.
tzfile.5 better matches a draft successor to RFC 8536.
A new file SECURITY.
Revert most 2021b changes to 'backward'.
Fix 'zic -b fat' bug in pre-1970 32-bit data.
Fix two Link line typos.
Distribute SECURITY file.

This release is intended as a bugfix release"","" to fix compatibility problems and typos reported since 2021b was released.

Fiji suspends DST for the 2021/2022 season.
'zic -r' marks unspecified timestamps with ""-00"".
Palestine will fall back 10-29 (not 10-30) at 01:00.

For more information"","" refer to Timezone Data Versions in the JRE Software.
",,,
https://www.oracle.com/java/technologies/javase/11-0-14-relnotes.html,New Features,"security-libs/javax.crypto:pkcs11??New SunPKCS11 Configuration Properties

SunPKCS11 provider adds new provider configuration attributes to better control native resources usage. The SunPKCS11 provider consumes native resources in order to work with native PKCS11 libraries. To manage and better control the native resources"","" additional configuration attributes are added to control the frequency of clearing native references as well as whether to destroy the underlying PKCS11 Token after logout.
The 3 new attributes for SunPKCS11 provider configuration file are:


destroyTokenAfterLogout (boolean"","" defaults to false) If set to true"","" when java.security.AuthProvider.logout() is called upon the SunPKCS11 provider instance"","" the underlying Token object will be destroyed and resources will be freed. This essentially renders the SunPKCS11 provider instance unusable after logout() calls. Note that a PKCS11 provider with this attribute set to true should not be added to the system provider list since the provider object is not usable after a logout() method call.


cleaner.shortInterval (integer"","" defaults to 2000"","" in milliseconds) This defines the frequency for clearing native references during busy period (such as"","" how often should the cleaner thread processes the no-longer-needed native references in the queue to free up native memory). Note that the cleaner thread will switch to the 'longInterval' frequency after 200 failed tries (such as"","" when no references are found in the queue).


cleaner.longInterval (integer"","" defaults to 60000"","" in milliseconds) This defines the frequency for checking native reference during non-busy period (such as"","" how often should the cleaner thread check the queue for native references). Note that the cleaner thread will switch back to the 'shortInterval' value if native PKCS11 references for cleaning are detected.


See JDK-8240256
",,,
https://www.oracle.com/java/technologies/javase/11-0-14-relnotes.html,New Features,"security-libs/javax.net.ssl??Configurable Extensions With System Properties
Two new system properties have been added. The system property"","" jdk.tls.client.disableExtensions"","" is used to disable TLS extensions used in the client. The system property"","" jdk.tls.server.disableExtensions"","" is used to disable TLS extensions used in the server. If an extension is disabled"","" it will be neither produced nor processed in the handshake messages.
The property string is a list of comma separated standard TLS extension names"","" as registered in the IANA documentation (for example"","" server_name"","" status_request"","" and signature_algorithms_cert). Note that the extension names are case sensitive. Unknown"","" unsupported"","" misspelled and duplicated TLS extension name tokens will be ignored.
Please note that the impact of blocking TLS extensions is complicated. For example"","" a TLS connection may not be able to be established if a mandatory extension is disabled. Please do not disable mandatory extensions"","" and do not use this feature unless you clearly understand the impact.
See JDK-8217633
",,,
https://www.oracle.com/java/technologies/javase/11-0-14-relnotes.html,Removed Features and Options,"security-libs/java.security??Removed Google's GlobalSign Root Certificate
The following root certificate from Google has been removed from the cacerts keystore:
+ alias name ""globalsignr2ca [jdk]""

  Distinguished Name: CN=GlobalSign"","" O=GlobalSign"","" OU=GlobalSign Root CA - R2

See JDK-8225083
",,,
https://www.oracle.com/java/technologies/javase/11-0-14-relnotes.html,Other Notes,"core-libs/java.nio??Zip File System Provider Throws ZipException When Entry Name Element Contains ""."" or "".."" The ZIP file system provider has been changed to reject existing ZIP files that contain entries with ""."" or "".."" in name elements. ZIP files with these entries cannot be used as a file system. Invoking the java.nio.file.FileSystems.newFileSystem(...) methods throw ZipException if the ZIP file contains these entries. See JDK-8251329 ",,,
https://www.oracle.com/java/technologies/javase/11-0-14-relnotes.html,Other Notes,"core-libs/java.time??Update Timezone Data to 2021c
IANA Time Zone Database"","" on which JDK's Date/Time libraries are based"","" has made a tweak to some time zone rules since 2021c. Note that since this update"","" some of the time zone rules prior to the year 1970 have been modified according to the changes which were introduced with 2021b. For more detail"","" refer to the announcement of 2021b
See JDK-8274407
",,,
https://www.oracle.com/java/technologies/javase/11-0-14-relnotes.html,Other Notes,"core-libs/javax.naming??LDAP Channel Binding Support for Java GSS/Kerberos

A new JNDI environment property Ågcom.sun.jndi.ldap.tls.cbtypeÅh has been added to enable TLS Channel Binding data in LDAP authentication over SSL/TLS protocol to the Windows AD server. A possible value is Ågtls-server-end-pointÅh - Channel Binding data is created on the base of the TLS server certificate. See the module description of the java.naming module.
See JDK-8245527
",,,
https://www.oracle.com/java/technologies/javase/11-0-14-relnotes.html,Other Notes,"security-libs/javax.net.ssl??SocketExceptions Are Not Wrapped Into SSLExceptions in SSLSocketImpl
This release reverts the behavior of SSLSocketImpl and SSLTransport introduced by JDK-8196584. SocketException will now be thrown as is instead of being suppressed into an SSLException.
See JDK-8259662
",,,
https://www.oracle.com/java/technologies/javase/11-0-14-relnotes.html,Other Notes,"
hotspot/runtime
??OperatingSystemMXBean.getProcessCpuLoad Is Now Container Aware

For JVMs running in a container"","" OperatingSystemMXBean.getProcessCpuLoad now considers only the CPU resources available to the container when calculating CPU load. Prior to this change"","" the calculation included all CPUs on a host. After this change"","" management agents may report higher CPU usage by JVMs in containers that are constrained to a limited set of CPUs.
See JDK-8269851",,,
https://www.oracle.com/java/technologies/javase/11-0-15-relnotes.html,IANA TZ Data 2021e,"
For more information"","" refer to Timezone Data Versions in the JRE Software.
",,,
https://www.oracle.com/java/technologies/javase/11-0-15-relnotes.html,New Features,"security-libs/javax.crypto:pkcs11??SunPKCS11 Provider Supports ChaCha20-Poly1305 Cipher and ChaCha20 KeyGenerator if Supported by PKCS11 Library
SunPKCS11 provider is enhanced to support the following crypto services and algorithms when the underlying PKCS11 library supports the corresponding PKCS#11 mechanisms:
ChaCha20 KeyGenerator <=> CKM_CHACHA20_KEY_GEN mechanism

CHACHA20-POLY1305 Cipher <=> CKM_CHACHA20_POLY1305 mechanism  
CHACHA20-POLY1305 AlgorithmParameters <=> CKM_CHACHA20_POLY1305 mechanism  
CHACHA20 SecretKeyFactory <=> CKM_CHACHA20_POLY1305 mechanism
See JDK-8255410
",,,
https://www.oracle.com/java/technologies/javase/11-0-15-relnotes.html,New Features,"security-libs/javax.net.ssl??ChaCha20 and Poly1305 TLS Cipher Suites

New TLS cipher suites using the ChaCha20-Poly1305 algorithm have been added to JSSE.  These cipher suites are enabled by default.  The TLS_CHACHA20_POLY1305_SHA256 cipher suite is available for TLS 1.3.  The following cipher suites are available for TLS 1.2:

TLS_ECDHE_ECDSA_WITH_CHACHA20_POLY1305_SHA256
TLS_ECDHE_RSA_WITH_CHACHA20_POLY1305_SHA256
TLS_DHE_RSA_WITH_CHACHA20_POLY1305_SHA256

Refer to the ""Java Secure Socket Extension (JSSE) Reference Guide"" for details on these new TLS cipher suites.
See JDK-8140466
",,,
https://www.oracle.com/java/technologies/javase/11-0-15-relnotes.html,New Features,"xml/jaxp??New XML Processing Limits

Three processing limits have been added to the XML libraries. These are:


jdk.xml.xpathExprGrpLimit

Description: Limits the number of groups an XPath expression can contain.
Type: integer
Value: A positive integer. A value less than or equal to 0 indicates no limit. If the value is not an integer"","" a NumberFormatException is thrown. Default 10.

jdk.xml.xpathExprOpLimit

Description: Limits the number of operators an XPath expression can contain.
Type: integer
Value: A positive integer. A value less than or equal to 0 indicates no limit. If the value is not an integer"","" a NumberFormatException is thrown. Default 100.

jdk.xml.xpathTotalOpLimit

Description: Limits the total number of XPath operators in an XSL Stylesheet.
Type: integer
Value: A positive integer. A value less than or equal to 0 indicates no limit. If the value is not an integer"","" a NumberFormatException is thrown. Default 10000.
Supported processors


jdk.xml.xpathExprGrpLimit and jdk.xml.xpathExprOpLimit are supported by the XPath processor.


All three limits are supported by the XSLT processor.


Setting properties
For the XSLT processor"","" the properties can be changed through the TransformerFactory. For example"",""
        TransformerFactory factory = TransformerFactory.newInstance();

        factory.setAttribute(""jdk.xml.xpathTotalOpLimit"""","" ""1000"");
For both the XPath and XSLT processors"","" the properties can be set through the system property and jaxp.properties configuration file located in the conf directory of the Java installation. For example"",""
        System.setProperty(""jdk.xml.xpathExprGrpLimit"""","" ""20"");

or in the jaxp.properties file"",""
        jdk.xml.xpathExprGrpLimit=20

? 
There are two known issues:

An XPath expression that contains a short form of the parent axis "".."" can return incorrect results. See JDK-8284920 for details.

An invalid XPath expression that ends with a relational operator such as  Åe<Åf Åe>Åf and Åe=Åf will cause the processor to erroneously throw StringIndexOutOfBoundsException instead of XPathExpressionException.  See JDK-8284548 for details.


JDK-8270504 (not public)
",,,
https://www.oracle.com/java/technologies/javase/11-0-15-relnotes.html,Other Notes,"security-libs/java.security??Only Expose Certificates With Proper Trust Settings as Trusted Certificate Entries in macOS KeychainStore
On macOS"","" only certificates with proper trust settings in the user keychain will be exposed as trusted certificate entries in the KeychainStore type of keystore. Also"","" calling the KeyStore::setCertificateEntry method or the keytool -importcert command on a KeychainStore keystore now fails with a KeyStoreException. Instead"","" call the macOS ""security add-trusted-cert"" command to add a trusted certificate into the user keychain.
JDK-8278449 (not public)
",,,
https://www.oracle.com/java/technologies/javase/11-0-15-relnotes.html,Other Notes,"core-libs/javax.naming??Parsing of URL Strings in Built-in JNDI Providers Is More Strict
The parsing of URLs in the LDAP"","" DNS"","" and RMI built-in JNDI providers has been made more strict. The strength of the parsing can be controlled by system properties:
  -Dcom.sun.jndi.ldapURLParsing=""legacy"" | ""compat"" | ""strict""    (to control ""ldap:"" URLs)

  -Dcom.sun.jndi.dnsURLParsing=""legacy"" | ""compat"" | ""strict""     (to control ""dns:"" URLs)
  -Dcom.sun.jndi.rmiURLParsing=""legacy"" | ""compat"" | ""strict""     (to control ""rmi:"" URLs)
? 
The default value is ""compat"" for all of the three providers.

The ""legacy"" mode turns the new validation off.
The ""compat"" mode limits incompatibilities.
The ""strict"" mode is stricter and may cause regression by rejecting URLs that an application might consider as valid.

In ""compat"" and ""strict"" mode"","" more validation is performed. As an example"","" in the URL authority component"","" the new parsing only accepts brackets around IPv6 literal addresses. Developers are encouraged to use java.net.URI constructors or its factory method to build URLs rather than handcrafting URL strings.
If an illegal URL string is found"","" a java.lang.IllegalArgumentException or a javax.naming.NamingException (or a subclass of it) is raised.
JDK-8278972 (not public)
",,,
https://www.oracle.com/java/technologies/javase/11-0-16-relnotes.html#R11_0_16,IANA TZ Data 2022a," For more information"","" refer to Timezone Data Versions in the JRE Software.
",,,
https://www.oracle.com/java/technologies/javase/11-0-16-relnotes.html#R11_0_16,Keeping the JDK up to Date,"
 Oracle recommends that the JDK is updated with each Critical Patch Update. In order to determine if a release is the latest"","" the Security Baseline page can be used to determine which is the latest version for each release family. 
 Critical patch updates"","" which contain security vulnerability fixes"","" are announced one year in advance on Critical Patch Updates"","" Security Alerts and Bulletins. It is not recommended that this JDK (version 11.0.16.1) be used after the next critical patch update scheduled for October 18"","" 2022. 
Oracle recommends that all JDK 11 users"","" even those that have already updated to 11.0.16"","" uptake the 11.0.16.1 patch release.
",,,
https://www.oracle.com/java/technologies/javase/11-0-16-relnotes.html#R11_0_16,Changes,"
hotspot/compiler
??C2 Compilation Errors Unpredictably Crashes JVM

Fixes a regression in the C2 JIT compiler which caused the Java Runtime to crash unpredictably.
See JDK-8292260
",,,
https://www.oracle.com/java/technologies/javase/11-0-16-relnotes.html#R11_0_16,IANA TZ Data 2022a," For more information"","" refer to Timezone Data Versions in the JRE Software. ",,,
https://www.oracle.com/java/technologies/javase/11-0-16-relnotes.html#R11_0_16,Keeping the JDK up to Date,"

Oracle recommends that the JDK is updated with each Critical Patch Update.
In order to determine if a release is the latest"","" the Security Baseline page can
be used to determine which is the latest version for each release family.


Critical patch updates"","" which contain security vulnerability fixes"","" are announced one year in advance on Critical Patch Updates"","" Security Alerts and Bulletins. It is not recommended that this JDK (version 11.0.16) be used after the next critical patch update scheduled for October 18"","" 2022.

",,,
https://www.oracle.com/java/technologies/javase/11-0-16-relnotes.html#R11_0_16,Keeping the JDK up to Date,"
core-libs/java.net
??HTTPS Channel Binding Support for Java GSS/Kerberos


Support has been added for TLS channel binding tokens for Negotiate/Kerberos authentication over HTTPS through javax.net.HttpsURLConnection.
Channel binding tokens are increasingly required as an enhanced form of security which can mitigate certain kinds of socially engineered"","" man in the middle (MITM) attacks. They work by communicating from a client to a server the client's understanding of the binding between connection security (as represented by a TLS server cert) and higher level authentication credentials (such as a username and password). The server can then detect if the client has been fooled by a MITM and shutdown the session/connection.
The feature is controlled through a new system property jdk.https.negotiate.cbt which is described fully on the Networking Properties page.
See JDK-8279842",,,
https://www.oracle.com/java/technologies/javase/11-0-16-relnotes.html#R11_0_16,Keeping the JDK up to Date,"
core-libs/java.net
??Update java.net.InetAddress to Detect Ambiguous IPv4 Address Literals


The java.net.InetAddress class has been updated to strictly accept IPv4 address literals in decimal quad notation. The InetAddress class methods are updated to throw an java.net.UnknownHostException for invalid IPv4 address literals. To disable this check"","" the new ""jdk.net.allowAmbiguousIPAddressLiterals"" system property can be set to ""true"".
See JDK-8277608 (not public)",,,
https://www.oracle.com/java/technologies/javase/11-0-16-relnotes.html#R11_0_16,Keeping the JDK up to Date,"
??JDK Bundle Extensions Truncated When Downloading Using Firefox 102

On oracle.com and java.com"","" certain JDK bundle extensions are getting truncated on download when using Firefox version 102. The downloaded bundles have no file extension like "".exe"""","" "".rpm"""","" "".deb"". If you are not able to upgrade to Firefox ESR 102.0.1 or Firefox 103 when it is released"","" then as a workaround you can:

manually add a file extension to the file name after download.
use a different browser


See JDK-8277093",,,
https://www.oracle.com/java/technologies/javase/11-0-16-relnotes.html#R11_0_16,Keeping the JDK up to Date,"
core-libs/java.io:serialization
??Vector Should Throw ClassNotFoundException for a Missing Class of an Element

java.util.Vector is updated to correctly report ClassNotFoundException that occurs during deserialization using java.io.ObjectInputStream.GetField.get(name"","" object)when the class of an element of the Vector is not found. Without this fix"","" a StreamCorruptedException is thrown that does not provide information about the missing class.
See JDK-8277093",,,
https://www.oracle.com/java/technologies/javase/11-0-16-relnotes.html#R11_0_16,Keeping the JDK up to Date,"
core-libs/java.util.jar
??Default JDK Compressor Will Be Closed when IOException Is Encountered


DeflaterOutputStream.close() and GZIPOutputStream.finish() methods have been modified to close out the associated default JDK compressor before propagating a Throwable up the stack. ZIPOutputStream.closeEntry() method has been modified to close out the associated default JDK compressor before propagating an IOException"","" not of type ZipException"","" up the stack.
See JDK-8193682",,,
https://www.oracle.com/java/technologies/javase/11-0-16-relnotes.html,IANA TZ Data 2022a," For more information"","" refer to Timezone Data Versions in the JRE Software.
",,,
https://www.oracle.com/java/technologies/javase/11-0-16-relnotes.html,Keeping the JDK up to Date,"
 Oracle recommends that the JDK is updated with each Critical Patch Update. In order to determine if a release is the latest"","" the Security Baseline page can be used to determine which is the latest version for each release family. 
 Critical patch updates"","" which contain security vulnerability fixes"","" are announced one year in advance on Critical Patch Updates"","" Security Alerts and Bulletins. It is not recommended that this JDK (version 11.0.16.1) be used after the next critical patch update scheduled for October 18"","" 2022. 
Oracle recommends that all JDK 11 users"","" even those that have already updated to 11.0.16"","" uptake the 11.0.16.1 patch release.
",,,
https://www.oracle.com/java/technologies/javase/11-0-16-relnotes.html,Changes,"
hotspot/compiler
??C2 Compilation Errors Unpredictably Crashes JVM

Fixes a regression in the C2 JIT compiler which caused the Java Runtime to crash unpredictably.
See JDK-8292260
",,,
https://www.oracle.com/java/technologies/javase/11-0-16-relnotes.html,IANA TZ Data 2022a," For more information"","" refer to Timezone Data Versions in the JRE Software. ",,,
https://www.oracle.com/java/technologies/javase/11-0-16-relnotes.html,Keeping the JDK up to Date,"

Oracle recommends that the JDK is updated with each Critical Patch Update.
In order to determine if a release is the latest"","" the Security Baseline page can
be used to determine which is the latest version for each release family.


Critical patch updates"","" which contain security vulnerability fixes"","" are announced one year in advance on Critical Patch Updates"","" Security Alerts and Bulletins. It is not recommended that this JDK (version 11.0.16) be used after the next critical patch update scheduled for October 18"","" 2022.

",,,
https://www.oracle.com/java/technologies/javase/11-0-16-relnotes.html,Keeping the JDK up to Date,"
core-libs/java.net
??HTTPS Channel Binding Support for Java GSS/Kerberos


Support has been added for TLS channel binding tokens for Negotiate/Kerberos authentication over HTTPS through javax.net.HttpsURLConnection.
Channel binding tokens are increasingly required as an enhanced form of security which can mitigate certain kinds of socially engineered"","" man in the middle (MITM) attacks. They work by communicating from a client to a server the client's understanding of the binding between connection security (as represented by a TLS server cert) and higher level authentication credentials (such as a username and password). The server can then detect if the client has been fooled by a MITM and shutdown the session/connection.
The feature is controlled through a new system property jdk.https.negotiate.cbt which is described fully on the Networking Properties page.
See JDK-8279842",,,
https://www.oracle.com/java/technologies/javase/11-0-16-relnotes.html,Keeping the JDK up to Date,"
core-libs/java.net
??Update java.net.InetAddress to Detect Ambiguous IPv4 Address Literals


The java.net.InetAddress class has been updated to strictly accept IPv4 address literals in decimal quad notation. The InetAddress class methods are updated to throw an java.net.UnknownHostException for invalid IPv4 address literals. To disable this check"","" the new ""jdk.net.allowAmbiguousIPAddressLiterals"" system property can be set to ""true"".
See JDK-8277608 (not public)",,,
https://www.oracle.com/java/technologies/javase/11-0-16-relnotes.html,Keeping the JDK up to Date,"
??JDK Bundle Extensions Truncated When Downloading Using Firefox 102

On oracle.com and java.com"","" certain JDK bundle extensions are getting truncated on download when using Firefox version 102. The downloaded bundles have no file extension like "".exe"""","" "".rpm"""","" "".deb"". If you are not able to upgrade to Firefox ESR 102.0.1 or Firefox 103 when it is released"","" then as a workaround you can:

manually add a file extension to the file name after download.
use a different browser


See JDK-8277093",,,
https://www.oracle.com/java/technologies/javase/11-0-16-relnotes.html,Keeping the JDK up to Date,"
core-libs/java.io:serialization
??Vector Should Throw ClassNotFoundException for a Missing Class of an Element

java.util.Vector is updated to correctly report ClassNotFoundException that occurs during deserialization using java.io.ObjectInputStream.GetField.get(name"","" object)when the class of an element of the Vector is not found. Without this fix"","" a StreamCorruptedException is thrown that does not provide information about the missing class.
See JDK-8277093",,,
https://www.oracle.com/java/technologies/javase/11-0-16-relnotes.html,Keeping the JDK up to Date,"
core-libs/java.util.jar
??Default JDK Compressor Will Be Closed when IOException Is Encountered


DeflaterOutputStream.close() and GZIPOutputStream.finish() methods have been modified to close out the associated default JDK compressor before propagating a Throwable up the stack. ZIPOutputStream.closeEntry() method has been modified to close out the associated default JDK compressor before propagating an IOException"","" not of type ZipException"","" up the stack.
See JDK-8193682",,,
https://www.oracle.com/java/technologies/javase/11-0-17-relnotes.html,Keeping the JDK up to Date,"
security-libs/java.security
??Upgrade the Default PKCS12 MAC Algorithm
 (JDK-8267880)

The default MAC algorithm used in a PKCS #12 keystore has been updated. The new algorithm is based on SHA-256 and is stronger than the old one based on SHA-1. See the security properties starting with keystore.pkcs12 in the java.security file for detailed information.
The new SHA-256 based MAC algorithms were introduced in the 11.0.12"","" 8u301"","" and 7u311 JDK versions. Keystores created using this newer"","" stronger"","" MAC algorithm cannot be opened in JDK versions earlier than 11.0.12"","" 8u301"","" and 7u311. A 'java.security.NoSuchAlgorithmException' exception will be thrown in such circumstances.
For compatibility"","" use the keystore.pkcs12.legacy system property"","" which will revert the algorithms to use the older"","" weaker algorithms. There is no value defined for this property.
",,,
https://www.oracle.com/java/technologies/javase/11-0-17-relnotes.html,Keeping the JDK up to Date,"
core-libs/java.io:serialization
??JDK Flight Recorder Event for Deserialization
 (JDK-8261160)

It is now possible to monitor deserialization of objects using JDK Flight Recorder (JFR). When JFR is enabled and the JFR configuration includes deserialization events"","" JFR will emit an event whenever the running program attempts to deserialize an object. The deserialization event is named jdk.Deserialization"","" and it is disabled by default. The deserialization event contains information that is used by the serialization filter mechanism; see the ObjectInputFilter specification. Additionally"","" if a filter is enabled"","" the JFR event indicates whether the filter accepted or rejected deserialization of the object. For further information about how to use the JFR deserialization event"","" see the article Monitoring Deserialization to Improve Application Security. For reference information about using and configuring JFR"","" see the JFR Runtime Guide and JFR Command Reference sections of the JDK Mission Control documentation.
",,,
https://www.oracle.com/java/technologies/javase/11-0-17-relnotes.html,Keeping the JDK up to Date,"
security-libs/java.security
??Disabled SHA-1 Signed JARs
 (JDK-8269039)

JARs signed with SHA-1 algorithms are now restricted by default and treated as if they were unsigned. This applies to the algorithms used to digest"","" sign"","" and optionally timestamp the JAR. It also applies to the signature and digest algorithms of the certificates in the certificate chain of the code signer and the Timestamp Authority"","" and any CRLs or OCSP responses that are used to verify if those certificates have been revoked. These restrictions also apply to signed JCE providers.
To reduce the compatibility risk for JARs that have been previously timestamped"","" there is one exception to this policy:

Any JAR signed with SHA-1 algorithms and timestamped prior to January 01"","" 2019 will not be restricted.

This exception may be removed in a future JDK release. To determine if your signed JARs are affected by this change"","" run jarsigner -verify -verbose -certs on the signed JAR"","" and look for instances of ""SHA1"" or ""SHA-1"" and ""disabled"" and a warning that the JAR will be treated as unsigned in the output.
For example:
-  Signed by ""CN=""Signer""""

     Digest algorithm: SHA-1 (disabled)
     Signature algorithm: SHA1withRSA (disabled)"","" 2048-bit key

WARNING: The jar will be treated as unsigned"","" because it is signed with a weak algorithm that is now disabled by the security property:

  jdk.jar.disabledAlgorithms=MD2"","" MD5"","" RSA keySize < 1024"","" DSA keySize < 1024"","" SHA1 denyAfter 2019-01-01

JARs affected by these new restrictions should be replaced or re-signed with stronger algorithms.
Users can"","" at their own risk"","" remove these restrictions by modifying the java.security configuration file (or override it by using the java.security.properties system property) and removing ""SHA1 usage SignedJAR & denyAfter 2019-01-01"" from the jdk.certpath.disabledAlgorithms security property and ""SHA1 denyAfter 2019-01-01"" from the jdk.jar.disabledAlgorithms security property.
",,,
https://www.oracle.com/java/technologies/javase/11-0-17-relnotes.html,Keeping the JDK up to Date,"
security-libs/org.ietf.jgss:krb5
??Deprecate 3DES and RC4 in Kerberos
 (JDK-8139348)

The des3-hmac-sha1 and rc4-hmac Kerberos encryption types (etypes) are now deprecated and disabled by default. Users can set allow_weak_crypto = true in the krb5.conf configuration file to re-enable them (along with other weak etypes including des-cbc-crc and des-cbc-md5) at their own risk. To disable a subset of the weak etypes"","" users can list preferred etypes explicitly in any of the default_tkt_enctypes"","" default_tgs_enctypes"","" or permitted_enctypes settings.
",,,
https://www.oracle.com/java/technologies/javase/11-0-17-relnotes.html,Keeping the JDK up to Date,"
core-libs/java.net
??Make HttpURLConnection Default Keep Alive Timeout Configurable
 (JDK-8278067)

Two system properties have been added which control the keep alive behavior of HttpURLConnection in the case where the server does not specify a keep alive time. Two properties are defined for controlling connections to servers and proxies separately. They are http.keepAlive.time.server and http.keepAlive.time.proxy respectively. More information about them can be found in Networking Properties.
",,,
https://www.oracle.com/java/technologies/javase/11-0-17-relnotes.html,Keeping the JDK up to Date,"
hotspot/runtime
??CPU Shares Ignored When Computing Active Processor Count
 (JDK-8281181)

Previous JDK releases used an incorrect interpretation of the Linux cgroups parameter ""cpu.shares"". This might cause the JVM to use fewer CPUs than available"","" leading to an under utilization of CPU resources when the JVM is used inside a container.
Starting from this JDK release"","" by default"","" the JVM no longer considers ""cpu.shares"" when deciding the number of threads to be used by the various thread pools. The -XX:+UseContainerCpuShares command-line option can be used to revert to the previous behavior. This option is deprecated and may be removed in a future JDK release.
",,,
https://www.oracle.com/java/technologies/javase/11-0-17-relnotes.html,Keeping the JDK up to Date,"
core-libs/java.time
??Update Timezone Data to 2022c
 (JDK-8294042)

This version includes changes from 2022b that merged multiple regions that have the same timestamp data post-1970 into a single time zone data. All time zone IDs remain the same but the merged time zones will point to a shared zone data.
As a result"","" pre-1970 data may not be compatible with earlier JDK versions. The affected zones are Antarctica/Vostok"","" Asia/Brunei"","" Asia/Kuala_Lumpur"","" Atlantic/Reykjavik"","" Europe/Amsterdam"","" Europe/Copenhagen"","" Europe/Luxembourg"","" Europe/Monaco"","" Europe/Oslo"","" Europe/Stockholm"","" Indian/Christmas"","" Indian/Cocos"","" Indian/Kerguelen"","" Indian/Mahe"","" Indian/Reunion"","" Pacific/Chuuk"","" Pacific/Funafuti"","" Pacific/Majuro"","" Pacific/Pohnpei"","" Pacific/Wake"","" Pacific/Wallis"","" Arctic/Longyearbyen"","" Atlantic/Jan_Mayen"","" Iceland"","" Pacific/Ponape"","" Pacific/Truk"","" and Pacific/Yap.
For more details"","" refer to the announcement of 2022b.
",,,
https://www.oracle.com/java/technologies/javase/11-0-17-relnotes.html,Keeping the JDK up to Date,"
core-libs/java.net
??New System Property to Limit the Number of Open Connections to com.sun.net.httpserver.HttpServer (JDK-8286918 (not public))

A new system property named jdk.httpserver.maxConnections has been introduced to allow users to configure the com.sun.net.httpserver.HttpServer to limit the maximum number of open connections to the server at any given time. This system property takes an integer value and can be configured to be a positive integer. If the property is absent"","" set to 0"","" or a negative value"","" the server will not limit the number of open connections. By default"","" this system property is not set. 
",,,
https://www.oracle.com/java/technologies/javase/11-0-18-relnotes.html,"IANA TZ Data 2022d, 2022e, 2022f","
JDK 11.0.18 contains IANA time zone data 2022d"","" 2022e"","" 2022f.

Palestine transitions are now Saturdays at 02:00.
Simplify three Ukraine zones into one.
Jordan and Syria switch from +02/+03 with DST to year-round +03.
Mexico will no longer observe DST except near the US border.
Chihuahua moves to year-round -06 on 2022-10-30.
Fiji no longer observes DST.
Move links to 'backward'.
In vanguard form"","" GMT is now a Zone and Etc/GMT a link.
zic now supports links to links"","" and vanguard form uses this.
Simplify four Ontario zones.
Fix a Y2438 bug when reading TZif data.
Enable 64-bit time_t on 32-bit glibc platforms.
Omit large-file support when no longer needed.
In C code"","" use some C23 features if available.
Remove no-longer-needed workaround for Qt bug 53071.

For more information"","" refer to Timezone Data Versions in the JRE Software.
",,,
https://www.oracle.com/java/technologies/javase/11-0-18-relnotes.html,Keeping the JDK up to Date,"
security-libs/javax.net.ssl
??DTLS Resumption Uses HelloVerifyRequest Messages
 (JDK-8287411 (not public))

With this fix the SunJSSE DTLS implementation will by default exchange cookies for all handshakes (new and resumed) unless the System property jdk.tls.enableDtlsResumeCookie is false. The property only affects the cookie exchange for resumption.
",,,
https://www.oracle.com/java/technologies/javase/11-0-18-relnotes.html,Keeping the JDK up to Date,"
security-libs/java.security
??Support for RSASSA-PSS in OCSP Response
 (JDK-8274471)

An OCSP response signed with the RSASSA-PSS algorithm is now supported.
",,,
https://www.oracle.com/java/technologies/javase/11-0-18-relnotes.html,Known Issues,"
install/install
??Installation of Oracle Linux Specific x64 JDK RPMs Pulls in i686 Dependencies
 (JDK-8297475 (Not Public))

This issue prevents yum from automatically installing the correct packages required by Oracle Linux specific x86_64 headless and headful JDK packages. Instead of x86_64 packages"","" it will install i686 packages. To workaround the issue"","" you may manually install packages with the same names as indicated by yum but with the x86_64 architecture. 
After you have the x86_64 headless and/or headful jdk packages installed"","" you can get the list of required x86_64 packages by running the following script:

rpm -qa | grep -E -e '^jdk-.*-headful-.*\.x86_64$' -e '^jdk-.*-headless-.*\.x86_64$' | xargs -r rpm -q --requires | sort -u | cut -d ' ' -f 1 | grep -v '^rpmlib' | xargs -r rpm -q --whatprovides | sort -u | grep -e '.i[3456]86$' | xargs -r rpm -q --queryformat '%{name}.x86_64\n' | xargs -r echo

It will output a space-separated list of names of required x86_64 packages to stdout. You can pass this list to a sudo yum install command to ensure the installation of the required packages. 
",,,
https://www.oracle.com/java/technologies/javase/11-0-18-relnotes.html,Known Issues,"
javafx/fxml
??FXML JavaScript Engine Disabled by Default
 (JDK-8294779 (not public))

The ÅgJavaScript script engineÅh for FXML is now disabled by default. Any .fxml file that has a ""javascript"" Processing Instruction (PI) will no longer load by default"","" and an exception will be thrown.
It can be enabled by setting the system property: -Djavafx.allowjs=true
",,,
https://www.oracle.com/java/technologies/javase/11-0-18-relnotes.html,Known Issues,"
globalization
??Translated resource bundles for German
 (JDK-8263773)

With 11.0.14"","" we are shipping the original JDK 11 translated resource bundles for German.
",,,
https://www.oracle.com/java/technologies/javase/11-0-18-relnotes.html,Known Issues,"
install/install
??RPM JDK Installer Changes
 (JDK-8292836)

Installation directory name of Oracle JDK in RPM package has changed from /usr/java/jdk-${VERSION} to /usr/lib/jvm/jdk-${FEATURE}-oracle-${ARCH}. Thus the 11.0.18"","" and 11.0.19 releases for x64 will both be installed in /usr/lib/jvm/jdk-11-oracle-x64 directory. RPM package will create /usr/java/jdk-${FEATURE} link pointing to the installation directory for backward compatibility.
Communication with the alternatives framework of JDK RPM package has changed. JDK RPM packages of prior versions registered a single java group of commands with the alternatives framework. The JDK 11 RPM package registers java and javac groups with the alternatives framework. java group is for commands used to run applications: java"","" jjs"","" keytool"","" pack200"","" rmid"","" rmiregistry"","" unpack200. javac group is used for all other commands. The set of commands registered by the package has not changed.
Two new Oracle Linux (OL)-specific JDK RPM packages have been added: jdk-11-headless and jdk-11-headful. These packages are available in OL7"","" OL8"","" and OL9 repositories. They are not available for OTN downloads. jdk-11-headless is a Headless Java Runtime for running non-GUI applications. jdk-11-headful is a Headful Java Runtime & Development Tools for developing and running applications of all types.
The combination of the OL-specific jdk-11-headless and jdk-11-headful packages provides the same JDK image and the same capabilities as jdk-11 OTN package. OL-specific JDK RPM packages specify required capabilities"","" and the ""Release"" property of these packages has a %{dist} suffix.
",,,
https://www.oracle.com/java/technologies/javase/11-0-18-relnotes.html,Known Issues,"
install/install
??Disable Side-by-Side Installations of Multiple JDK Updates in Windows JDK Installers
 (JDK-8292822)

Windows JDK installers must install the Oracle JDK in %Program Files%\Java\jdk-%FEATURE% instead of %Program Files%\Java\jdk-%VNUM%. I.e. all updates of the same release must share one installation directory.
Thus the 11.0.18 and 11.0.19 releases will both install into %Program Files%\Java\jdk-11 by default"","" and they both cannot be installed at the same time.
If the JDK11.0.19 installer is launched when JDK11.0.18 is already installed"","" it will auto-upgrade them to JDK11.0.19. There may be a Files In Use dialog shown if the older version was running and locking JDK files.
If the JDK11.0.18 installer is launched when JDK11.0.19 is already installed"","" it will show an error that a newer version of this JDK family is already installed.
",,,
https://www.oracle.com/java/technologies/javase/11-0-18-relnotes.html,Known Issues,"
install/install
??All JDK Update Releases Are Installed Into the Same Directory on macOS
 (JDK-8292830)

The Oracle JDK installation directory name will be changed from /Library/Java/JavaVirtualMachines/jdk-${VERSION}.jdk to /Library/Java/JavaVirtualMachines/jdk-${FEATURE}.jdk. Thus the 11.0.18 and 11.0.19 releases will both install into the /Library/Java/JavaVirtualMachines/jdk-11.jdk installation directory. Installing an older JDK update release will log an error"","" and not install the JDK"","" if a newer version of the same feature release already exists. An error dialog will be shown except in the case of a silent installation. JDK 11.0.N update releases shipped prior JEP C208 will not be uninstalled during installation of JDK 11 update release with JEP C208. However"","" JDK 11 GA release will be removed and its location /Library/Java/JavaVirtualMachines/jdk-11.jdk will be reused.
",,,
https://www.oracle.com/java/technologies/javase/11-0-18-relnotes.html,Known Issues,"
core-libs/java.lang
??Incorrect Handling of Quoted Arguments in ProcessBuilder
 (JDK-8282008)

ProcessBuilder on Windows is restored to address a regression caused by JDK-8250568. Previously"","" an argument to ProcessBuilder that started with a double-quote and ended with a backslash followed by a double-quote was passed to a command incorrectly and may cause the command to fail. For example the argument ""C:\\Program Files\"""","" would be seen by the command with extra double-quotes. This update restores the long standing behavior that does not treat the backslash before the final double-quote specially.
",,,
https://www.oracle.com/java/technologies/javase/11-0-18-relnotes.html,Known Issues,"
security-libs/javax.security
??New Implementation Note for LoginModule on Removing Null from a Principals or Credentials set
 (JDK-8282730)

The Set implementation that holds principals and credentials in a JAAS Subject prohibits null elements and any attempt to add"","" query"","" or remove a null element will result in a NullPointerException. This is especially important when trying to remove principals or credentials from the subject at the logout phase but they are null because of a previous failed login. Various JDK LoginModule implementations have been fixed to avoid the exception. An Implementation Note has also been added to the logout() method of the LoginModule interface. Developers should verify and if necessary update any custom LoginModule implementations to be compliant with this implementation advice.
",,,
https://www.oracle.com/java/technologies/javase/11-0-18-relnotes.html,Known Issues,"
infrastructure
??Toolchain Upgrade to Visual Studio 2022
 (JDK-8283723)

As part of ongoing maintenance"","" the JDK for Windows is built using the Microsoft Visual Studio 2022 toolchain starting with this release.
If you have issues with a Java application and if you have native or JNI libraries that are compiled with a different release of the compiler"","" then you must consider compatibility issues between the runtimes. Specifically"","" your environment is supported only if you follow the Microsoft guidelines when dealing with multiple runtimes. 
",,,
https://www.oracle.com/java/technologies/javase/11-0-19-relnotes.html,Keeping the JDK up to Date,"
security-libs/org.ietf.jgss
??Added a Default Native GSS-API Library on Windows
 (JDK-6722928)

A native GSS-API library named sspi_bridge.dll has been added to the JDK on the Windows platform. The library is client-side only and uses the default credentials. It will be loaded when the sun.security.jgss.native system property is set to ""true"". A user can still load a third-party native GSS-API library by setting the sun.security.jgss.lib system property to its path.
Native GSS automatically uses cached credentials from operating systems"","" thus the javax.security.auth.useSubjectCredsOnly system property should be set to false.
com.sun.security.auth.module.Krb5LoginModule does not call native JGSS. Avoid using com.sun.security.auth.module.Krb5LoginModule from JAAS config.
",,,
https://www.oracle.com/java/technologies/javase/11-0-19-relnotes.html,Keeping the JDK up to Date,"
client-libs/javax.swing
??System Property to Handle HTML ObjectView Creation
 (JDK-8296832 (Not Public))

Some Swing components"","" such as JLabels and JButtons"","" which display application text"","" will try to interpret that text as HTML"","" principally to enable styled text. The HTML processing of the text for these components will no longer recognize the <object> tag which allows for subclasses of java.awt.Component to be rendered on the component. To re-enable this"","" applications must specify -Dswing.html.object=true. 
",,,
https://www.oracle.com/java/technologies/javase/11-0-19-relnotes.html,Keeping the JDK up to Date,"
security-libs/java.security
??Added Certigna(Dhimyotis) CA Certificate
 (JDK-8245654)

The following root certificate has been added to the cacerts truststore:


+ Certigna (Dhimyotis)
   + certignaca
      DN: CN=Certigna"","" O=Dhimyotis"","" C=FR

",,,
https://www.oracle.com/java/technologies/javase/11-0-19-relnotes.html,Keeping the JDK up to Date,"
security-libs/javax.net.ssl
??Removed SSLv2Hello and SSLv3 From Default Enabled TLS Protocols
 (JDK-8190492)

SSLv2Hello and SSLv3 have been removed from the default enabled TLS protocols.
After this update"","" if SSLv3 is removed from the jdk.tls.disabledAlgorithms security property"","" the SSLSocket.getEnabledProtocols()"","" SSLServerSocket.getEnabledProtocols()"","" SSLEngine.getEnabledProtocols() and SSLParameters.getProtocols() APIs will return ""TLSv1.3"","" TLSv1.2"","" TLSv1.1"","" TLSv1"". ""SSLv3"" will not be returned in this list.
If a client or server still needs to use the SSLv3 protocol they can do so by enabling it through the jdk.tls.client.protocols or jdk.tls.server.protocols system properties or with the SSLSocket.setEnabledProtocols()"","" SSLServerSocket.setEnabledProtocols() and SSLEngine.setEnabledProtocols() APIs.
",,,
https://www.oracle.com/java/technologies/javase/11-0-19-relnotes.html,Keeping the JDK up to Date,"
core-libs/java.io
??File::listRoots Changed to Return All Available Drives on Windows
 (JDK-8208077)

The behavior of the method java.io.File.listRoots() on Microsoft Windows has changed in this release so that the returned array includes a File object for all available disk drives. This differs from the behavior in JDK 10 to JDK 20"","" where this method filtered out disk drives that were not accessible or did not have media present. This change avoids performance issues observed in the previous releases and also ensures that the method is consistent with the root directories in the iteration returned by FileSystem.getDefault().getRootDirectories().
",,,
https://www.oracle.com/java/technologies/javase/11-0-19-relnotes.html,Keeping the JDK up to Date,"
security-libs/java.security
??Crypto-J Exception for Diffie-Hellman and DSA AlgorithmParameters Requests
 (JDK-8278027)

Applications using the Dell BSAFE Crypto-J 3rd party security provider may encounter an IOException if decoding DH or DSA algorithm parameters with the following exception:
Exception in thread ""main"" java.io.IOException: Could not decode parameters. at com.rsa.cryptoj.o.ms.engineInit(Unknown Source) at java.security.AlgorithmParameters.init(AlgorithmParameters.java:293)
Dell BSAFE Crypto-J version 6.2.6.2 has been released to address this issue. Applications using this provider should upgrade to that version or later. For applications on older versions of this provider"","" an interoperability fix has been added to this release of the JDK.
",,,
https://www.oracle.com/java/technologies/javase/11-0-20-relnotes.html,Keeping the JDK up to Date,"
core-libs/java.lang
??Allow Additional Characters for GB18030-2022 Support
 (JDK-8301401)

The China National Standard body (CESI) has recently published GB18030-2022"","" which is an updated version of the GB18030 standard and brings GB18030 in sync with Unicode version 11.0. The purpose of this enhancement is to incorporate 5 code points (U+9FEB - U+9FEF) from Unicode 11.0 into Java SE 11 to allow implementations to comply with their Implementation Level 1 requirements.
",,,
https://www.oracle.com/java/technologies/javase/11-0-20-relnotes.html,Keeping the JDK up to Date,"
core-libs/java.nio.charsets
??Support for GB18030-2022
 (JDK-8307229)

The China National Standard body (CESI) has recently published GB18030-2022"","" which is an updated version of the GB18030 standard and brings GB18030 in sync with Unicode version 11.0. The Charset implementation for this new standard has now replaced the prior 2000 standard. However"","" this new standard has some incompatible changes from the prior implementation. For those who need to use the old mappings"","" a new system property"","" jdk.charset.GB18030"","" is introduced. By setting its value to 2000"","" the previous JDK releases' mappings for the GB18030 Charset are used"","" which are based on the 2000 standard.
",,,
https://www.oracle.com/java/technologies/javase/11-0-20-relnotes.html,Keeping the JDK up to Date,"
core-libs/java.lang
??Update the Javadoc in the Character Class to State Support for GB 18030-2022 Implementation Level 2
 (JDK-8305682)

The China National Standard body (CESI) has recently published GB18030-2022. This is an updated version of the GB18030 standard and brings GB18030 in sync with Unicode version 11.0. The purpose of this enhancement is to state that Java SE 11 supports the Implementation Level 2 of the GB18030-2022 standard.
",,,
https://www.oracle.com/java/technologies/javase/11-0-20-relnotes.html,Keeping the JDK up to Date,"
security-libs/java.security
??Windows KeyStore Updated to Include Access to the Local Machine Location
 (JDK-6782021)

The Windows KeyStore support in the SunMSCAPI provider has been expanded to include access to the local machine location. The new keystore types are:

""Windows-MY-LOCALMACHINE""
""Windows-ROOT-LOCALMACHINE""

The following keystore types were also added"","" allowing developers to make it clear they map to the current user:

""Windows-MY-CURRENTUSER"" (same as ""Windows-MY"")
""Windows-ROOT-CURRENTUSER"" (same as ""Windows-ROOT"")

",,,
https://www.oracle.com/java/technologies/javase/11-0-20-relnotes.html,Keeping the JDK up to Date,"
security-libs/java.security
??New JFR Event: jdk.InitialSecurityProperty
 (JDK-8292177)

A new Java Flight Recorder (JFR) event has been added to record details of initial security properties when loaded via the java.security.Security class.
The new event name is jdk.InitialSecurityProperty and contains the following fields:






Field name
Field Description




key
Security Property Key


value
Corresponding Security Property Value




This new JFR event is enabled by default. The java.security.debug=properties system property will also now print initial security properties to the standard error stream. With this new event and the already available jdk.SecurityPropertyModification event (when enabled since it is not enabled by default)"","" a JFR recording can now monitor the initial settings of all security properties and any subsequent changes.
",,,
https://www.oracle.com/java/technologies/javase/11-0-20-relnotes.html,Keeping the JDK up to Date,"
security-libs/java.security
??New JFR Event: jdk.SecurityProviderService
 (JDK-8254711)

A new Java Flight Recorder (JFR) event has been added to record details of java.security.Provider.getService(String type"","" String algorithm) calls.
The new event name is jdk.SecurityProviderService and contains the following fields:






Field name
Field Description




type
Type of Service


algorithm
Algorithm Name


provider
Security Provider




This event is disabled by default and can be enabled via the JFR configuration files or via standard JFR options.
",,,
https://www.oracle.com/java/technologies/javase/11-0-20-relnotes.html,Keeping the JDK up to Date,"
security-libs/javax.crypto
??JDK Now Accepts RSA Keys in PKCS#1 Format
 (JDK-8023980)

RSA private and public keys in PKCS#1 format can now be accepted by JDK providers"","" such as the RSA KeyFactory.impl from the SunRsaSign provider. The RSA private or public key object should have the PKCS#1 format and an encoding matching the ASN.1 syntax for a PKCS#1 RSA private key and public key.
",,,
https://www.oracle.com/java/technologies/javase/11-0-20-relnotes.html,Known Issues,"
install
??Problem Upgrading JDK on Windows if System User Is Using Shared Files
 (JDK-8310932 (not public))

Installing into the same"","" shared jdk-(family) directory is the default behavior for the JDK starting with the July 2023 CPU. It could lead to FilesInUse issues if JDK files are locked by the ""System User"". We recommend shutting down any apps using the JDK as the ""System User"" before upgrading. 
",,,
https://www.oracle.com/java/technologies/javase/11-0-20-relnotes.html,Known Issues,"
core-libs/java.nio
??System Property to Turn off JDK-8251329 Restrictions
 (JDK-8302992)

A new system property"","" jdk.nio.zipfs.allowDotZipEntry"","" has been introduced. This system property can be used to remove the newly added restrictions in the Zip FS provider"","" which currently rejects ZIP files that contain entries with ""."" or "".."" in name elements by default. Refer to the CSR for more detail.
",,,
https://www.oracle.com/java/technologies/javase/11-0-20-relnotes.html,Known Issues,"
install/install
??Missing /usr/java/default Symlink on Linux Restored
 (JDK-8306690)

A regression where the /usr/java/default symlink is not created by RPM installers on Linux platforms has been fixed. Installers will create the /usr/java/default symlink if it doesn't exist"","" targeting the /usr/java/latest symlink.
",,,
https://www.oracle.com/java/technologies/javase/11-0-20-relnotes.html,Known Issues,"
install/install
??Installation of JDK RPM Corrupts Alternatives
 (JDK-8308244)

The JDK RPM installer will remove incorrectly constructed entries of ""java"" and ""javac"" groups registered by older Oracle JDK RPM installers from the alternatives before registering new ""java"" and ""javac"" entries.
An incorrectly constructed entry of the ""java"" group contains commands that are supposed to belong to the ""javac"" group.
An incorrectly constructed entry of the ""javac"" group contains commands that are supposed to belong to the ""java"" group.
All incorrectly constructed entries belonging to Oracle JDK RPM packages will be removed from the alternatives to avoid corruption of the alternatives internal data.
The removal has a potential side effect for users who have installed multiple JDK versions that are not updated to the latest release. Commands from a removed ""java"" or ""javac"" group are now unavailable for system Java switch"","" which potentially changes the current system Java without a warning. For example"","" if there is an out-of-date JDK RPM from an 11+ release"","" say 11.0.17"","" with an incorrectly constructed single ""java"" group installed and 8u381 RPM with this patch is installed"","" it will remove an entry from the ""java"" group belonging to the 11.0.17 RPM and thus will switch the current system Java from 11.0.17 to 8u381. The side effect will only happen when you install a lower JDK family with the fix"","" such as 8u381"","" and there is an out-of-date JDK from a higher family"","" such as 11.0.17"","" installed on the system. In that case"","" 8u381 will replace the older 11.0.17 as the latest. The remedy for the user is to install the latest JDK 11.
",,,
https://www.oracle.com/java/technologies/javase/11-0-20-relnotes.html,Known Issues,"
security-libs/java.security
??Added TWCA Root CA Certificate
 (JDK-8305975)

The following root certificate has been added to the cacerts truststore:
+ TWCA

  + twcaglobalrootca
    DN: CN=TWCA Global Root CA"","" OU=Root CA"","" O=TAIWAN-CA"","" C=TW
",,,
https://www.oracle.com/java/technologies/javase/11-0-20-relnotes.html,Known Issues,"
security-libs/java.security
??Added 4 GTS Root CA Certificates
 (JDK-8307134)

The following root certificates have been added to the cacerts truststore:
+ Google Trust Services LLC

 + gtsrootcar1
  DN: CN=GTS Root R1"","" O=Google Trust Services LLC"","" C=US

+ Google Trust Services LLC
 + gtsrootcar2
  DN: CN=GTS Root R2"","" O=Google Trust Services LLC"","" C=US

+ Google Trust Services LLC
 + gtsrootecccar3
  DN: CN=GTS Root R3"","" O=Google Trust Services LLC"","" C=US

+ Google Trust Services LLC
 + gtsrootecccar4
  DN: CN=GTS Root R4"","" O=Google Trust Services LLC"","" C=US
",,,
https://www.oracle.com/java/technologies/javase/11-0-20-relnotes.html,Known Issues,"
security-libs/java.security
??Added Microsoft Corporation's 2 TLS Root CA Certificates
 (JDK-8304760)

The following root certificates have been added to the cacerts truststore:
+ Microsoft Corporation

  + microsoftecc2017
    DN: CN=Microsoft ECC Root Certificate Authority 2017"","" O=Microsoft Corporation"","" C=US

+ Microsoft Corporation
  + microsoftrsa2017
    DN: CN=Microsoft RSA Root Certificate Authority 2017"","" O=Microsoft Corporation"","" C=US
",,,
https://www.oracle.com/java/technologies/javase/11-0-20-relnotes.html,Known Issues,"
core-libs/java.lang
??System Property for Java SE Specification Maintenance Version
 (JDK-8302365)

This JDK implements Maintenance Release 2 of the Java SE 11 specification (JSR 384). This is indicated by the new system property java.specification.maintenance.version having the value of ""2"".
",,,
https://www.oracle.com/java/technologies/javase/11-0-20-relnotes.html,Known Issues,"
hotspot/compiler
??GregorianCalender.computeTime() JVM Crash
 (JDK-8308884)

A virtual machine crash was observed in JDK 11.0.19 and 17.0.7 when executing the GregorianCalender.computeTime() method (JDK-8307683). It was found that although the root cause of the crash is an old issue"","" a recent fix for a rare issue in the C2 compiler (JDK-8297951) made the crash much more likely. To mitigate this"","" the fix has been reverted in JDK 11.0.20 and 17.0.8 and will be reapplied once JDK-8307683 is resolved.
",,,
https://www.oracle.com/java/technologies/javase/11-0-20-relnotes.html,Known Issues,"
hotspot/runtime
??ASLR Support for CDS Archive
 (JDK-8294323 (not public))

Starting with the July 2023 CPU"","" on operating systems where ASLR (Address Space Layout Randomization)  is enabled"","" the CDS archive will be placed at a random address picked by the operating system.
This change may have a minor performance impact: (a) Start-up time may increase because the JVM needs to patch pointers inside the CDS archive. (b) Memory usage may increase because the memory used by the CDS archive is no longer shareable across processes. We expect the impact to be small because such increases should be only a small fraction of the overall application usage.
In the unlikely event that you must disable ASLR for CDS"","" you can use the JVM flags -XX:+UnlockDiagnosticVMOptions -XX:ArchiveRelocationMode=0. The usage of such flags is not recommended.
",,,
https://www.oracle.com/java/technologies/javase/11-0-20-relnotes.html,Known Issues,"
security-libs/java.security
??Throw Error If Default java.security File Fails to Load
 (JDK-8155246)

A behavioral change has been made when the default conf/security/java.security security configuration file fails to load. In such a scenario"","" the JDK will now throw an InternalError.
Such a scenario should never occur. The default security file should always be present. Prior to this change"","" a static security configuration was loaded.
",,,
https://www.oracle.com/java/technologies/javase/11-0-20-relnotes.html,Known Issues,"
security-libs/java.security
??New System Property to Control the Maximum Size of Signature Files
 (JDK-8300596 (not public))

A new system property"","" jdk.jar.maxSignatureFileSize"","" has been added to allow applications to control the maximum size of signature files in a signed JAR. The value of the system property is the desired size in bytes. The default value is 8000000 bytes.
",,,
https://www.oracle.com/java/technologies/javase/11-0-20-relnotes.html,Known Issues,"
core-libs/java.util.jar
??Improved ZIP64 Extra Field Validation
 (JDK-8302483 (not public))

java.util.zip.ZipFile has been updated to provide additional validation of ZIP64 extra fields when opening a ZIP file. This validation may be disabled by setting the system property jdk.util.zip.disableZip64ExtraFieldValidation to true.
",,,
https://www.oracle.com/java/technologies/javase/11-0-21-relnotes.html,Changes in Java SE 11.0.21.0.2,"
security-libs/java.security
??Increase Default Value of the System Property jdk.jar.maxSignatureFileSize
 (JDK-8312489)

The system property"","" jdk.jar.maxSignatureFileSize"","" allows applications to control the maximum size of signature files in a signed JAR. Its default value has been increased from 8000000 bytes (8 MB) to 16000000 bytes (16 MB).
",,,
https://www.oracle.com/java/technologies/javase/11-0-21-relnotes.html,Keeping the JDK up to Date,"
tools/launcher
??-XshowSettings:locale Output Now Includes Tzdata Version
 (JDK-8305950)

The -XshowSettings launcher option has been enhanced to print the tzdata version configured with the JDK. The tzdata version is displayed as part of the locale showSettings option.
Example output using -X:showSettings:locale:
.....

Locale settings:
    default locale = English
    default display locale = English
    default format locale = English
    tzdata version = 2023c
    .....
",,,
https://www.oracle.com/java/technologies/javase/11-0-21-relnotes.html,Removed Features and Options,"
security-libs/java.security
??Removed SECOM Trust System's RootCA1 Root Certificate
 (JDK-8295894)

The following root certificate from SECOM Trust System has been removed from the cacerts keystore:
+ alias name ""secomscrootca1 [jdk]""

  Distinguished Name: OU=Security Communication RootCA1"","" O=SECOM Trust.net"","" C=JP
",,,
https://www.oracle.com/java/technologies/javase/11-0-21-relnotes.html,Removed Features and Options,"
security-libs/java.security
??Added Certigna Root CA Certificate
 (JDK-8314960)

The following root certificate has been added to the cacerts truststore:
+ Certigna (Dhimyotis)

  + certignarootca
    DN: CN=Certigna Root CA"","" OU=0002 48146308100036"","" O=Dhimyotis"","" C=FR
",,,
https://www.oracle.com/java/technologies/javase/11-0-21-relnotes.html,Removed Features and Options,"
install/install
??Debian JDK Installer Changes
 (JDK-8284854 (not public))

The installation directory of Oracle JDK Debian packages has changed. It was originally `/usr/lib/jvm/jdk-${FEATURE}`. With this release"","" it has been changed to `/usr/lib/jvm/jdk-${FEATURE}-oracle-${ARCH}`.
The Oracle JDK Debian package registers jexec as an interpreter for launching .jar files from the command line.
The Oracle JDK Debian package configures storage for Java Preferences API in the /etc/.java/.systemPrefs directory.
The Oracle JDK Debian package registers JDK commands with the update-alternatives command and supplies the /usr/lib/jvm/.jdk-${FEATURE}-oracle-${ARCH}.jinfo file for the update-java-alternatives command.
",,,
https://www.oracle.com/java/technologies/javase/11-0-21-relnotes.html,Removed Features and Options,"
security-libs/java.security
??Ignore Allow and Disallow Options for java.security.manager System Property
 (JDK-8301118)

In JDK 12"","" two new token options for the java.security.manager system property"","" ""allow"" and ""disallow"""","" were introduced.
Many applications and frameworks are designed to run on multiple JDKs. For those that enable the SecurityManager at runtime via System.setSecurityManager"","" they have to specify the ""allow"" option as of JDK 18 (see JDK-8203316). However"","" these applications would also prefer to use the same command line across multiple versions of the JDK"","" especially if it is not known what JDK version a user will use.
Currently"","" if these options are specified in JDK 12 or earlier"","" the runtime attempts to load a SecurityManager implementation with the classname ""allow"" or ""disallow"""","" which results in a Could not create SecurityManager Error and the application will not start up.
From this release onward"","" the ""allow"" and ""disallow"" options for the java.security.manager system property will be ignored.
",,,
https://www.oracle.com/java/technologies/javase/11-0-21-relnotes.html,Removed Features and Options,"
security-libs/javax.net.ssl
??The Default TLS Diffie-Hellman Group Size Has Been Increased from 1024-bit to 2048-bit
 (JDK-8301700)

The JDK implementation of TLS 1.2 now uses a default Diffie Hellman keysize of 2048 bits when a TLS_DHE cipher suite is negotiated and either the client or server does not support FFDHE"","" which can negotiate a stronger keysize. The JDK TLS implementation supports FFDHE and it is enabled by default.
As a workaround"","" users can revert to the previous size by setting the jdk.tls.ephemeralDHKeySize system property to 1024 (at their own risk).
This change does not affect TLS 1.3 as the minimum DH group size is already 2048 bits.
",,,
https://www.oracle.com/java/technologies/javase/11-0-21-relnotes.html,Removed Features and Options,"
security-libs/javax.net.ssl
??Use Server Cipher Suites Preference by Default
 (JDK-8168261)

For TLS connections"","" the cipher suite selection"","" by default"","" is updated  to use the server cipher suites preference. Applications can configure the behavior by using the SSLParameters.setUseCipherSuitesOrder?() method.
",,,
https://www.oracle.com/java/technologies/javase/11-0-22-relnotes.html,Keeping the JDK up to Date,"
security-libs/javax.xml.crypto
??New System Property to Toggle XML Signature Secure Validation Mode
 (JDK-8301260)

A new system property named org.jcp.xml.dsig.secureValidation has been added. It can be used to enable or disable the XML Signature secure validation mode. The system property should be set to ""true"" to enable"","" or ""false"" to disable. Any other value for the system property is treated as ""false"". If the system property is set"","" it supersedes the XMLCryptoContext property value.
Secure validation mode is enabled by default if you are running the code with a SecurityManager"","" otherwise it is disabled by default.
",,,
https://www.oracle.com/java/technologies/javase/11-0-22-relnotes.html,Known Issues,"
hotspot/compiler
??Potential Performance Regression Due to Limited Range Check Elimination
 (JDK-8314468 (not public))

When the C1 compiler is the only compiler available to the VM"","" it applies loop predication to remove array access range checks from loop bodies. Due to a defect"","" this optimization was disabled"","" potentially leading to a performance regression.
This only affects the client VM or VM's running with the non-default command line flags -XX:+NeverActAsServerClassMachine or -XX:TieredStopAtLevel=[1"",""2"",""3].
",,,
https://www.oracle.com/java/technologies/javase/11-0-22-relnotes.html,Known Issues,"
hotspot/runtime
??Add Process-Memory Information to hs-err and VM.info
 (JDK-8251255)

On Linux"","" process memory information has been added to both JVM crash reports (hs_err files) and the VM.info diagnostic jcmd. This information contains the process' virtual size"","" its resident set size"","" and how much memory was swapped out. If the JVM uses glibc"","" the size of glibc outstanding allocations and retained memory are printed"","" as well as the glibc tunables.
",,,
https://www.oracle.com/java/technologies/javase/11-0-22-relnotes.html,Known Issues,"
security-libs/java.security
??Increase Default Value of the System Property jdk.jar.maxSignatureFileSize
 (JDK-8312489)

The system property"","" jdk.jar.maxSignatureFileSize"","" allows applications to control the maximum size of signature files in a signed JAR. Its default value has been increased from 8000000 bytes (8 MB) to 16000000 bytes (16 MB).
",,,
https://www.oracle.com/java/technologies/javase/11-0-22-relnotes.html,Known Issues,"
security-libs/java.security
??Added Four Root Certificates from DigiCert"","" Inc.
 (JDK-8318759)

The following root certificates have been added to the cacerts truststore:
+ DigiCert"","" Inc.

  + digicertcseccrootg5
    DN: CN=CN=DigiCert CS ECC P384 Root G5"","" O=""DigiCert"","" Inc."""","" C=US

+ DigiCert"","" Inc.
  + digicertcsrsarootg5
    DN: CN=DigiCert CS RSA4096 Root G5"","" O=""DigiCert"","" Inc."""","" C=US

+ DigiCert"","" Inc.
  + digicerttlseccrootg5
    DN: DigiCert TLS ECC P384 Root G5"","" O=""DigiCert"","" Inc."""","" C=US

+ DigiCert"","" Inc.
  + digicerttlsrsarootg5
    DN: DigiCert TLS RSA4096 Root G5"","" O=""DigiCert"","" Inc."""","" C=US
",,,
https://www.oracle.com/java/technologies/javase/11-0-22-relnotes.html,Known Issues,"
security-libs/java.security
??Added Three Root Certificates from eMudhra Technologies Limited
 (JDK-8319187)

The following root certificates have been added to the cacerts truststore:
+ eMudhra Technologies Limited

  + emsignrootcag1
    DN: CN=emSign Root CA - G1"","" O=eMudhra Technologies Limited"","" OU=emSign PKI"","" C=IN

+ eMudhra Technologies Limited
  + emsigneccrootcag3
    DN: CN=emSign ECC Root CA - G3"","" O=eMudhra Technologies Limited"","" OU=emSign PKI"","" C=IN

+ eMudhra Technologies Limited
  + emsignrootcag2
    DN: CN=emSign Root CA - G2"","" O=eMudhra Technologies Limited"","" OU=emSign PKI"","" C=IN
",,,
https://www.oracle.com/java/technologies/javase/11-0-22-relnotes.html,Known Issues,"
security-libs/java.security
??Added Telia Root CA v2 Certificate
 (JDK-8317373)

The following root certificate has been added to the cacerts truststore:
+ Telia Root CA v2

  + teliarootcav2
    DN: CN=Telia Root CA v2"","" O=Telia Finland Oyj"","" C=FI
",,,
https://www.oracle.com/java/technologies/javase/11-0-22-relnotes.html,Known Issues,"
security-libs/java.security
??Added ISRG Root X2 CA Certificate from Let's Encrypt
 (JDK-8317374)

The following root certificate has been added to the cacerts truststore:
+ Let's Encrypt

  + letsencryptisrgx2
    DN: CN=ISRG Root X2"","" O=Internet Security Research Group"","" C=US
",,,
https://www.oracle.com/java/technologies/javase/11-0-22-relnotes.html,Known Issues,"
security-libs/javax.net.ssl
??Call X509KeyManager.chooseClientAlias Once for All Key Types
 (JDK-8262186)

The (D)TLS implementation in JDK now calls X509KeyManager.chooseClientAlias() only once during handshaking for client authentication"","" even if there are multiple algorithms requested .
",,,
https://www.oracle.com/java/technologies/javase/11-0-23-relnotes.html,Keeping the JDK up to Date,"
security-libs/javax.crypto
??Update XML Security for Java to 3.0.3
 (JDK-8319124)

The XML Signature implementation has been updated to Santuario 3.0.3. Support for four new SHA-3 based RSA-MGF1 signature methods have been added: SHA3_224_RSA_MGF1"","" SHA3_256_RSA_MGF1"","" SHA3_384_RSA_MGF1"","" and SHA3_512_RSA_MGF1. While these new algorithm URIs are not defined in javax.xml.crypto.dsig.SignatureMethod in the JDK update releases"","" they may be represented as string literals in order to be functionally equivalent. SHA-3 hash algorithm support was delivered to JDK 9 via JEP 287. Releases earlier than that may use third party security providers.
Additionally"","" support for the following EdDSA signatures has been added: ED25519 and ED448. While these new algorithm URIs are not defined in javax.xml.crypto.dsig.SignatureMethod in the JDK Update releases"","" they may be represented as string literals in order to be functionally equivalent. The JDK supports EdDSA since JDK 15. Releases earlier than that may use 3rd party security providers. One other difference is that the JDK still supports the here() function by default. However"","" we recommend avoiding the use of the here() function in new signatures and replacing existing signatures that use the here() function. Future versions of the JDK will likely disable"","" and eventually remove"","" support for this function"","" as it cannot be supported using the standard Java XPath API. Users can now disable the here() function by setting the security property jdk.xml.dsig.hereFunctionSupported to ""false"".
",,,
https://www.oracle.com/java/technologies/javase/11-0-23-relnotes.html,Keeping the JDK up to Date,"
client-libs/java.awt
??AWT SystemTray API Is Not Supported on Most Linux Desktops
 (JDK-8322750)

The java.awt.SystemTray API is used for notifications in a desktop taskbar and may include an icon representing an application. On Linux"","" the Gnome desktop's own icon support in the taskbar has not worked properly for several years due to a platform bug. This"","" in turn"","" has affected the JDK's API"","" which relies upon that.
Therefore"","" in accordance with the existing Java SE specification"","" java.awt.SystemTray.isSupported() will return false where ever the JDK determines the platform bug is likely to be present.
The impact of this is likely to be limited since applications always must check for that support anyway. Additionally"","" some distros have not supported the SystemTray for several years unless the end-user chooses to install non-bundled desktop extensions.
",,,
https://www.oracle.com/java/technologies/javase/11-0-23-relnotes.html,Keeping the JDK up to Date,"
security-libs/java.security
??Added Certainly R1 and E1 Root Certificates
 (JDK-8321408)

The following root certificates have been added to the cacerts truststore:
+ Certainly

  + certainlyrootr1
    DN: CN=Certainly Root R1"","" O=Certainly"","" C=US
+ Certainly
  + certainlyroote1
    DN: CN=Certainly Root E1"","" O=Certainly"","" C=US
",,,
https://www.oracle.com/java/technologies/javase/11-0-23-relnotes.html,Keeping the JDK up to Date,"
security-libs/javax.xml.crypto
??Enable XML Signature Secure Validation Mode by Default
 (JDK-8259801)

The XML Signature secure validation mode has been enabled by default (previously it was not enabled by default unless running with a security manager). When enabled"","" validation of XML signatures are subject to stricter checking of algorithms and other constraints as specified by the jdk.xml.dsig.secureValidationPolicy security property.
If necessary"","" and at their own risk"","" applications can disable the mode by setting the org.jcp.xml.dsig.secureValidation property to Boolean.FALSE with the DOMValidateContext.setProperty() API.
",,,
https://www.oracle.com/java/technologies/javase/11-0-24-relnotes.html,Keeping the JDK up to Date,"
security-libs/java.security
??New Security Category for -XshowSettings Launcher Option
 (JDK-8281658)

The -XshowSettings launcher has a new security category. Settings from security properties"","" security providers and TLS related settings are displayed with this option. A security sub-category can be passed as an argument to the security category option. See the output from java -X:
   -XshowSettings:security

       show all security settings and continue
   -XshowSettings:security:*sub-category*
       show settings for the specified security sub-category and continue. Possible *sub-category* arguments for this option include:
       all: show all security settings and continue
       properties: show security properties and continue
       providers: show static security provider settings and continue
       tls: show TLS related security settings and continue
Third party security provider details will be reported if they are included in the application class path or module path and such providers are configured in the java.security file.
",,,
https://www.oracle.com/java/technologies/javase/11-0-24-relnotes.html,Keeping the JDK up to Date,"
install/install
??Remove Obsolete Desktop Integration from Linux Installers
 (JDK-8322234 (not public))

Delete nonfunctional desktop integration functionality from Linux installers. The installers will stop depositing files in /usr/share/icons"","" /usr/share/mime"","" and /usr/share/applications subtrees.
",,,
https://www.oracle.com/java/technologies/javase/11-0-24-relnotes.html,Keeping the JDK up to Date,"
security-libs/java.security
??Added GlobalSign R46 and E46 Root CA Certificates
 (JDK-8316138)

The following root certificates have been added to the cacerts truststore:
+ GlobalSign

  + globalsignr46
    DN: CN=GlobalSign Root R46"","" O=GlobalSign nv-sa"","" C=BE

+ GlobalSign
  + globalsigne46
    DN: CN=GlobalSign Root E46"","" O=GlobalSign nv-sa"","" C=BE
",,,
https://www.oracle.com/java/technologies/javase/11-0-24-relnotes.html,Keeping the JDK up to Date,"
security-libs/javax.net.ssl
??Disabled DTLS 1.0
 (JDK-8256660)

DTLS 1.0 has been disabled by default"","" by adding ""DTLSv1.0"" to the jdk.tls.disabledAlgorithms security property in the java.security configuration file. DTLS 1.0 has weakened over time and lacks support for stronger cipher suites. Any attempts to use DTLSv1.0 will fail with an SSLHandshakeException. Users can"","" at their own risk"","" re-enable the version by removing ""DTLSv1.0"" from the jdk.tls.disabledAlgorithms security property.
",,,
https://www.oracle.com/java/technologies/javase/11-0-24-relnotes.html,Keeping the JDK up to Date,"
infrastructure/build
??Native Executables and Libraries on Linux Use RPATH Instead of RUNPATH
 (JDK-8326891)

Native executables and libraries on Linux have switched to using RPATH instead of RUNPATH in this release.
JDK native executables and libraries use embedded runtime search paths to locate other internal JDK native libraries. On Linux these can be defined as either RPATH or RUNPATH. The main difference is that the dynamic linker considers RPATH before the LD_LIBRARY_PATH environment variable"","" while RUNPATH is only considered after LD_LIBRARY_PATH.
By making the change to using RPATH"","" it is no longer possible to replace JDK internal native libraries using LD_LIBRARY_PATH.
",,,
https://www.oracle.com/java/technologies/javase/11-0-24-relnotes.html,Keeping the JDK up to Date,"
install/install
??Install DEB and RPM Java Packages in Version Directory
 (JDK-8325265 (not public))

The installation directory name of the Oracle JDK in RPM and DEB packages has changed from /usr/lib/jvm/jdk-${FEATURE}-oracle-${ARCH} to /usr/lib/jvm/jdk-${VERSION}-oracle-${ARCH}.
Every update release will be installed in a separate directory on Linux platform.
Installers will create a /usr/java/jdk-${FEATURE}-oracle-${ARCH} link pointing to the installation directory to allow programs to find the latest JDK version in the ${FEATURE} release train.
",,,
https://www.oracle.com/java/technologies/javase/11-0-25-relnotes.html,Bug Fixes ,"
security-libs/java.security
??Added SSL.com TLS Root CA Certificates Issued in 2022
 (JDK-8341057)

The following root certificates have been added to the cacerts truststore:
+ SSL.com


  + ssltlsrootecc2022
    DN: CN=SSL.com TLS ECC Root CA 2022"","" O=SSL Corporation"","" C=US

+ SSL.com
  + ssltlsrootrsa2022
    DN: CN=SSL.com TLS RSA Root CA 2022"","" O=SSL Corporation"","" C=US
",,,
https://www.oracle.com/java/technologies/javase/11-0-25-relnotes.html,Keeping the JDK up to Date,"
install/install
??JDK RPM Upgrade Leaves Orphan Alternatives Entry
 (JDK-8336107 (not public))

Fixed the issue with entries in the ""java"" and ""javac"" groups not being properly managed during an RPM upgrade.
Upgrading from an older Java RPM installed into a shared directory (/usr/lib/jvm/jdk-${FEATURE}-oracle-${ARCH}) to a Java RPM installing into a version-specific directory (/usr/lib/jvm/jdk-${VERSION}-oracle-${ARCH})"","" results in the older Java entries in the ""java"" and ""javac"" groups not being deleted.
The issue does not manifest until the new Java is uninstalled. When it is uninstalled and Java from the lower release is installed"","" running Java commands like java or keytool without the full path specified will result in the ""command not found"" error. For example"","" install 21.0.3; upgrade it to 21.0.4; uninstall 21.0.4; install any Java update of 17 or 11 or 8 release; run ""java"" from the command line. The command will fail with the ""command not found"" error.
Manually delete orphan Java entries in the ""java"" and ""javac"" groups to workaround the issue.
",,,
https://www.oracle.com/java/technologies/javase/11-0-25-relnotes.html,Keeping the JDK up to Date,"
core-libs/java.net
??New Default Limits in the JDK HTTP Implementations
 (JDK-8328286 (not public))

New Default limits have been added to HTTP in the JDK.
The JDK built-in implementation of the legacy URL protocol handler for HTTP"","" HttpURLConnection"","" and the new HttpClient"","" in the module java.net.http"","" now have a default limit on the maximum response headers size they will accept from a remote party. The limit is set by default at 384kB (393216 bytes) and is computed as the cumulative size of all header names and header values plus an overhead of 32 bytes per header name value pair.
The default value of the limit can be changed by specifying a positive value with the jdk.http.maxHeaderSize system property on the command line"","" or in the appropriate conf.properties or net.properties file. A negative or zero value is interpreted as no limit.  If the limit is exceeded"","" the request will fail with a protocol exception.
The JDK built-in implementation of the com.sun.net.httpserver.HttpServer (jdk.httpserver) implements a similar limit for the maximum request header size the server is prepared to accept. The HttpServer limit can be changed by specifying a positive value with the sun.net.httpserver.maxReqHeaderSize system property on the command line. A negative or zero value is interpreted as no limit.  The limit is set by default at 384kB (393216 bytes) and the size is computed in the same way as explained above. If the limit is exceeded"","" the connection is closed.
In addition"","" the JDK built-in implementation of the new java.net.http.HttpClient enforces two additional limits:
The system property jdk.httpclient.maxNonFinalResponses can be specified with a positive value on the java command line"","" or in the conf.properties or net.properties file"","" to control how many interim responses the client will accept before receiving a final response. An interim response is considered informational and is a response whose status is in the range [100"","" 199]. These responses are typically either handled internally or simply discarded by the implementation. The default limit is now set at a maximum of 8 interim responses before receiving the final response. A negative or zero value is interpreted as no limit. If the limit is exceeded"","" the request will fail with a protocol exception.
The system property jdk.httpclient.maxLiteralWithIndexing can be specified with a positive value on the java command line"","" or in the conf.properties or net.properties file"","" to control how many additions a server may request a client to make to the HPack dynamic table when decoding a set of headers. The default maximum value is now set to 512. A negative or zero value is interpreted as no limit.  If the limit is exceeded"","" the request will fail with a protocol exception.
",,,
https://www.oracle.com/java/technologies/javase/11-0-25-relnotes.html,Keeping the JDK up to Date,"
security-libs/java.security
??Added SSL.com TLS Root CA Certificates Issued in 2022
 (JDK-8341057)

The following root certificates have been added to the cacerts truststore:
+ SSL.com

  + ssltlsrootecc2022
    DN: CN=SSL.com TLS ECC Root CA 2022"","" O=SSL Corporation"","" C=US

+ SSL.com
  + ssltlsrootrsa2022
    DN: CN=SSL.com TLS RSA Root CA 2022"","" O=SSL Corporation"","" C=US
",,,
https://www.oracle.com/java/technologies/javase/11-0-25-relnotes.html,Keeping the JDK up to Date,"
security-libs/javax.net.ssl
??Disabled TLS_ECDH Cipher Suites
 (JDK-8279164)

The TLS_ECDH cipher suites have been disabled by default"","" by adding ""ECDH"" to the jdk.tls.disabledAlgorithms security property in the java.security configuration file. The TLS_ECDH cipher suites do not preserve forward-secrecy and are rarely used in practice. Note that some TLS_ECDH cipher suites were already disabled because they use algorithms that are disabled"","" such as 3DES and RC4. This action disables the rest.  Any attempts to use cipher suites starting with ""TLS_ECDH_"" will fail with an SSLHandshakeException. Users can"","" at their own risk"","" re-enable these cipher suites by removing ""ECDH"" from the jdk.tls.disabledAlgorithms security property.
Please note that this change has no effect on the TLS_ECDHE cipher suites"","" which are still enabled by default.
",,,
https://www.oracle.com/java/technologies/javase/11-0-25-relnotes.html,Keeping the JDK up to Date,"
security-libs/javax.net.ssl
??Distrust TLS Server Certificates Anchored by Entrust Root Certificates and Issued After Nov 11"","" 2024
 (JDK-8337664)

The JDK will stop trusting TLS server certificates issued after November 11"","" 2024 and anchored by Entrust root certificates"","" in line with similar plans recently announced by Google and Mozilla. The list of affected certificates includes certificates branded as AffirmTrust"","" which are managed by Entrust.
TLS server certificates issued on or before November 11"","" 2024 will continue to be trusted until they expire. Certificates issued after that date"","" and anchored by any of the Certificate Authorities in the table below"","" will be rejected.
The restrictions will be enforced in the JDK implementation (the SunJSSE Provider) of the Java Secure Socket Extension (JSSE) API. A TLS session will not be negotiated if the server's certificate chain is anchored by any of the Certificate Authorities in the table below and the certificate has been issued after November 11"","" 2024.
An application will receive an Exception with a message indicating the trust anchor is not trusted"","" for example:
TLS server certificate issued after 2024-11-11 and anchored by a distrusted legacy Entrust root CA: CN=Entrust.net Certification Authority (2048)"",""

OU=(c) 1999 Entrust.net Limited"","" OU=www.entrust.net/CPS_2048 incorp. by ref. (limits liab.)"","" O=Entrust.net
If necessary"","" and at your own risk"","" you can work around the restrictions by removing ""ENTRUST_TLS"" from the jdk.security.caDistrustPolicies security property in the java.security configuration file.
The restrictions are imposed on the following Entrust Root certificates included in the JDK:

Root Certificates distrusted after 2024-11-11


Distinguished Name
SHA-256 Fingerprint




CN=Entrust Root Certification Authority"","" OU=(c) 2006 Entrust"","" Inc."","" OU=www.entrust.net/CPS is incorporated by reference"","" O=Entrust"","" Inc."","" C=US

73:C1:76:43:4F:1B:C6:D5:AD:F4:5B:0E:76:E7:27:28:7C:8D:E5:76:16:C1:E6:E6:14:1A:2B:2C:BC:7D:8E:4C



CN=Entrust Root Certification Authority - EC1"","" OU=(c) 2012 Entrust"","" Inc. - for authorized use only"","" OU=See www.entrust.net/legal-terms"","" O=Entrust"","" Inc."","" C=US

02:ED:0E:B2:8C:14:DA:45:16:5C:56:67:91:70:0D:64:51:D7:FB:56:F0:B2:AB:1D:3B:8E:B0:70:E5:6E:DF:F5



CN=Entrust Root Certification Authority - G2"","" OU=(c) 2009 Entrust"","" Inc. - for authorized use only"","" OU=See www.entrust.net/legal-terms"","" O=Entrust"","" Inc."","" C=US

43:DF:57:74:B0:3E:7F:EF:5F:E4:0D:93:1A:7B:ED:F1:BB:2E:6B:42:73:8C:4E:6D:38:41:10:3D:3A:A7:F3:39



CN=Entrust Root Certification Authority - G4"","" OU=(c) 2015 Entrust"","" Inc. - for authorized use only"","" OU=See www.entrust.net/legal-terms"","" O=Entrust"","" Inc."","" C=US

DB:35:17:D1:F6:73:2A:2D:5A:B9:7C:53:3E:C7:07:79:EE:32:70:A6:2F:B4:AC:42:38:37:24:60:E6:F0:1E:88



CN=Entrust.net Certification Authority (2048)"","" OU=(c) 1999 Entrust.net Limited"","" OU=www.entrust.net/CPS_2048 incorp. by ref. (limits liab.)"","" O=Entrust.net

6D:C4:71:72:E0:1C:BC:B0:BF:62:58:0D:89:5F:E2:B8:AC:9A:D4:F8:73:80:1E:0C:10:B9:C8:37:D2:1E:B1:77



CN=AffirmTrust Commercial"","" O=AffirmTrust"","" C=US

03:76:AB:1D:54:C5:F9:80:3C:E4:B2:E2:01:A0:EE:7E:EF:7B:57:B6:36:E8:A9:3C:9B:8D:48:60:C9:6F:5F:A7



CN=AffirmTrust Networking"","" O=AffirmTrust"","" C=US

0A:81:EC:5A:92:97:77:F1:45:90:4A:F3:8D:5D:50:9F:66:B5:E2:C5:8F:CD:B5:31:05:8B:0E:17:F3:F0B4:1B



CN=AffirmTrust Premium"","" O=AffirmTrust"","" C=US

70:A7:3F:7F:37:6B:60:07:42:48:90:45:34:B1:14:82:D5:BF:0E:69:8E:CC:49:8D:F5:25:77:EB:F2:E9:3B:9A



CN=AffirmTrust Premium ECC"","" O=AffirmTrust"","" C=US

BD:71:FD:F6:DA:97:E4:CF:62:D1:64:7A:DD:25:81:B0:7D:79:AD:F8:39:7E:B4:EC:BA:9C:5E:84:88:82:14:23




You can also use the keytool utility from the JDK to print out details of the certificate chain"","" as follows:
keytool -v -list -alias <your_server_alias> -keystore <your_keystore_filename>

If any of the certificates in the chain are issued by one of the root CAs in the table above are listed in the output you will need to update the certificate or contact the organization that manages the server.
",,,
https://www.oracle.com/java/technologies/javase/11-0-25-relnotes.html,Keeping the JDK up to Date,"
client-libs
??Relax the java.awt.Robot Specification
 (JDK-8307779)

This JDK release relaxes the specification of java.awt.Robot to account for possible platform and desktop environment access restrictions or limitations.
",,,
https://www.oracle.com/java/technologies/javase/11-0-25-relnotes.html,Keeping the JDK up to Date,"
core-libs/java.lang
??System Property for Java SE Specification Maintenance Version
 (JDK-8335223)

This JDK implements Maintenance Release 3 of the Java SE 11 specification JSR 384. This is indicated by the system property java.specification.maintenance.version having the value of ""3"".
",,,
https://www.oracle.com/java/technologies/javase/11-0-25-relnotes.html,Keeping the JDK up to Date,"
core-libs/java.text
??MessageFormat ArgumentIndex Now Has a Limit
 (JDK-8331446 (not public))

In the JDK"","" java.text.MessageFormat now has an implementation limit for the ArgumentIndex pattern element. The hard limit for the value is 10"",""000.
If an ArgumentIndex value is equal to or exceeds the upper limit"","" an IllegalArgumentException will now be thrown by

MessageFormats constructors
applyPattern(String pattern) instance method
format(String pattern"","" Object... arguments) static method

De-serializing a MessageFormat object with an ArgumentIndex value at or over the limit will throw an InvalidObjectException.
",,,
https://www.oracle.com/java/technologies/javase/11-0-25-relnotes.html,Keeping the JDK up to Date,"
core-svc/java.lang.management
??The ClassLoadingMXBean and MemoryMXBean isVerbose Methods Are Now Consistent with Their setVerbose Methods
 (JDK-8338139)

The ClassLoadingMXBean::setVerbose(boolean enabled) method will set class+load* logging on log output stdout to level info if enabled is true"","" and to level off otherwise. In contrast"","" the isVerbose method would check if exactly class+load logging was enabled at the info level on any log output. This could result in counter-intuitive behavior when logging class+load=info to a file via the command-line"","" as it caused isVerbose to return true"","" even after a call to setVerbose(false) had been made. A similar problem existed for the MemoryMXBean::isVerbose method. Starting with this release"","" the behavior is as follows:

ClassLoadingMXBean::isVerbose will return true only if class+load* logging (note the wildcard use) has been enabled at the info level (or above) on the stdout log output.
MemoryMXBean::isVerbose will return true only if gc logging has been enabled at the info level (or above) on the stdout log output.

",,,
https://www.oracle.com/java/technologies/javase/11-0-25-relnotes.html,Keeping the JDK up to Date,"
tools/launcher
??Available Locales Information Now Listed with -XshowSettings:locale Option
 (JDK-8310201)

The showSettings launcher option no longer prints available locales information by default"","" when -XshowSettings is used. The -XshowSettings:locale option will continue to print all settings related to available locales.
",,,
https://www.oracle.com/java/technologies/javase/11-0-26-relnotes.html,Keeping the JDK up to Date,"
security-libs/java.security
??Thread and Timestamp Options for java.security.debug System Property
 (JDK-8051959)

The java.security.debug system property now accepts arguments which add thread ID"","" thread name"","" caller information"","" and timestamp information to debug statements for all components or a specific component.
+timestamp can be appended to debug options to print a timestamp for that debug option. +thread can be appended to debug options to print thread and caller information for that debug option.
Examples: -Djava.security.debug=all+timestamp+thread adds timestamp and thread information to every debug statement generated.
-Djava.security.debug=properties+timestamp adds timestamp information to every debug statement generated for the properties component.
You can also specify -Djava.security.debug=help which will display a complete list of supported components and arguments.
See Printing Thread and Timestamp Information for more information.
",,,
https://www.oracle.com/java/technologies/javase/11-0-26-relnotes.html,Keeping the JDK up to Date,"
core-libs/java.lang
??ProcessBuilder on Windows Quotes Argument Strings Containing Any Space Character
 (JDK-8335428 (not public))

On Windows"","" the ProcessBuilder has expanded the quoting of argument strings when starting a process to ensure they are recognized by the application as a single command argument. The set of space characters has been expanded from space (0x20) to include all space characters as defined by java.lang.Character.isSpaceChar"","" which includes all Unicode space separator characters"","" such as EN-SPACE (0x2002)"","" and line separator and paragraph separator characters.
",,,
https://www.oracle.com/java/technologies/javase/11-0-26-relnotes.html,Keeping the JDK up to Date,"
core-libs/java.time
??Support for Time Zone Database 2024b
 (JDK-8339637)

IANA Time Zone Database has been upgraded to 2024b. This version mainly includes changes to improve historical data for Mexico"","" Mongolia"","" and Portugal. It also changes one timestamp abbreviation"","" for the time zone 'MET'. Also Asia/Choibalsan is now an alias for Asia/Ulaanbaatar.
The new tzdata changes also impact some legacy time zone IDs. As per 2024b changes ""EST""  links to ""America/Panama"""","" ""HST"" links to ""Pacific/Honolulu"" and ""MST"" links to ""America/Phoenix"". To maintain compatibility with the Java SE specification"","" the java.time.ZoneId.SHORT_IDS Map has not changed. Further details are available at JDK-8342331
",,,
https://www.oracle.com/java/technologies/javase/11-0-26-relnotes.html,Keeping the JDK up to Date,"
tools/javadoc(tool)
??Standard Doclet Index Files Compression
 (JDK-8237909)

The Standard Doclet no longer generates pre-compressed index files. Decisions about compression are now left to the underlying means of delivery (for example"","" application layer protocols such as HTTP).
",,,
https://www.oracle.com/java/technologies/javase/12-relnote-issues.html,What's New in JDK 12 - New Features and Enhancements,"

 ?
security-libs/java.security
??Customizing PKCS12 keystore Generation

New system and security properties have been added to enable users to customize the generation of PKCS #12 keystores. This includes algorithms and parameters for key protection"","" certificate protection"","" and MacData. The detailed explanation and possible values for these properties can be found in the ""PKCS12 KeyStore properties"" section of the java.security file.
Also"","" support for the following SHA-2 based HmacPBE algorithms have been added to the SunJCE provider: HmacPBESHA224"","" HmacPBESHA256"","" HmacPBESHA384"","" HmacPBESHA512"","" HmacPBESHA512/224"","" HmacPBESHA512/256
See JDK-8076190

 ?
security-libs/javax.net.ssl
?ChaCha20 and Poly1305 TLS Cipher Suites
New TLS cipher suites using the ChaCha20-Poly1305 algorithm have been added to JSSE.  These cipher suites are enabled by default.  The TLS_CHACHA20_POLY1305_SHA256 cipher suite is available for TLS 1.3.  The following cipher suites are available for TLS 1.2:

TLS_ECDHE_ECDSA_WITH_CHACHA20_POLY1305_SHA256
TLS_ECDHE_RSA_WITH_CHACHA20_POLY1305_SHA256
TLS_DHE_RSA_WITH_CHACHA20_POLY1305_SHA256

Refer to the ""Java Secure Socket Extension (JSSE) Reference Guide"" for details on these new TLS cipher suites.
See JDK-8140466

 ?
security-libs/org.ietf.jgss:krb5
?Support for dns_canonicalize_hostname in krb5.conf
The dns_canonicalize_hostname flag in the krb5.conf configuration file is now supported by the JDK Kerberos implementation. When set to ""true"""","" a short hostname in a service principal name will be canonicalized to a fully qualified domain name if available. Otherwise"","" no canonicalization is performed. The default value is ""true"". This is also the behavior before JDK 12.
See JDK-8210821

 ?
tools
?jdeps --print-module-deps Reports Transitive Dependences
jdeps --print-module-deps"","" --list-deps"","" and --list-reduce-deps options have been enhanced as follows.

By default"","" they perform transitive module dependence analysis on libraries on the class path and module path"","" both directly and indirectly"","" as required by the given input JAR files or classes. Previously"","" they only reported the modules required by the given input JAR files or classes.  The --no-recursive option can be used to request non-transitive dependence analysis.
By default"","" they flag any missing dependency"","" i.e. not found from class path and module path"","" as an error.   The --ignore-missing-deps option can be used to suppress missing dependence errors. Note that a custom image is created with the list of modules output by jdeps when using the  --ignore-missing-deps option for a non-modular application. Such an application"","" running on the custom image"","" might fail at runtime when missing dependence errors are suppressed.

See JDK-8213909

 ?
tools/javac
?JEP 325 Switch Expressions (Preview)
The Java language enhances the switch statement so that it can be used as either a statement or an expression. Using switch as an expression often results in code that is more concise and readable. Both the statement and expression form can use either traditional case ... : labels (with fall through) or simplified case ... -> labels (no fall through). Also"","" both forms can switch on multiple constants in one case. These enhancements to switch are a preview language feature.
See JDK-8192963


Removed Features and Options
This section describes the APIs"","" features"","" and options that were removed in Java SE 12 and JDK 12. The APIs described here are those that are provided with the Oracle JDK. It includes a complete implementation of the Java SE 12 Platform and additional Java APIs to support developing"","" debugging"","" and monitoring Java applications. Another source of information about important enhancements and new features in Java SE 12 and JDK 12 is the Java SE 12 (?JSR 386) Platform Specification"","" which documents changes to the specification made between Java SE 11 and Java SE 12. This document includes the identification of removed APIs and features not described here. The descriptions below might also identify potential compatibility issues that you could encounter when migrating to JDK 12. See CSRs Approved for JDK 12 for the list of CSRs closed in JDK 12.

 ?
client-libs/java.awt
?Removal of com.sun.awt.SecurityWarning Class
The com.sun.awt.SecurityWarning class was deprecated as forRemoval=true in JDK 11 (JDK-8205588). This class was unused in the JDK and has been removed in this release.
See JDK-8210692

 ?
core-libs/java.io
?Removal of finalize Methods from FileInputStream and FileOutputStream
The finalize methods of FileInputStream and FileOutputStream were deprecated for removal in JDK 9. They have been removed in this release. Thejava.lang.ref.Cleaner has been implemented since JDK 9 as the primary mechanism to close file descriptors that are no longer reachable from FileInputStream and FileOutputStream. The recommended approach to close files is to explicitly call close or to use try-with-resources.
See JDK-8192939

 ?
core-libs/java.util.jar
?Removal of finalize Method in java.util.ZipFile/Inflator/Deflator
The finalize method in java.util.ZipFile"","" java.util.Inflator"","" and java.util.Deflator was deprecated for removal in JDK 9 and its implementation was updated to be a no-op. The finalize method in java.util.ZipFile"","" java.util.Inflator"","" and java.util.Deflator has been removed in this release. Subclasses that override finalize in order to perform cleanup should be modified to use alternative cleanup mechanisms and to remove the overriding finalize method.
The removal of the finalize methods will expose Object.finalize to subclasses of ZipFile"","" Deflater"","" and Inflater. Compilation errors might occur on the override of finalize due to the change in declared exceptions. Object.finalize is now declared to throw java.lang.Throwable. Previously"","" only java.io.IOException was declared.
See JDK-8212129

 ?
infrastructure/build
?Dropped the YY.M Vendor Version String from Oracle-Produced Builds
The vendor version string was introduced in JDK 9 by JEP 322 (Time-Based Release Versioning)"","" as the value of the system property java.vendor.version.  As of that release it was set"","" in JDK builds from Oracle"","" to YY.M"","" where YY and M are the year and month"","" respectively"","" of the GA date of the release.  This string is most apparent to end users in the output of the java --version command"","" and related commands.  For example"","" with JDK 11:


java 11 2018-09-25
Java(TM) SE Runtime Environment 18.9 (build 11+28)
Java HotSpot(TM) 64-Bit Server VM 18.9 (build 11+28"","" mixed mode)
As of JDK 12"","" JDK builds from Oracle will no longer include a vendor version string.  As a consequence the system property java.vendor.version now has the value null"","" and the output of java --version and related commands will no longer include a vendor version string.  For example"","" the output of the JDK 12 java --version command will be of the form:



      java 12 2019-03-19
Java(TM) SE Runtime Environment (build 12+17)
Java HotSpot(TM) 64-Bit Server VM (build 12+17"","" mixed mode)
The relevant difference with respect to JDK 11 is the absence of 19.3 from the last two lines.  Existing programs or scripts that expect the java.vendor.version property to have a non-null value"","" or that parse the output of java --version or related commands"","" may require adjustment in order to work properly with JDK 12.
JDK-8211726 (not public)

 ?
security-libs/java.security
?Removal of GTE CyberTrust Global Root
The GTE CyberTrust Global Root certificate is expired and has been removed from the cacerts keystore:


alias name ""gtecybertrustglobalca [jdk]""
Distinguished Name: CN=GTE CyberTrust Global Root"","" OU=""GTE CyberTrust Solutions"","" Inc."""","" O=GTE Corporation"","" C=US


See JDK-8195793

 ?
tools/javac
?Removal of javac Support for 6/1.6 source"","" target"","" and release Values
Consistent with the policy outlined in JEP 182: Policy for Retiring javac -source and -target Options"","" support for the 6/1.6 argument value for javac's -source"","" -target"","" and --release flags has been removed.
See JDK-8028563


Deprecated Features and Options
Additional sources of information about the APIs"","" features"","" and options deprecated in Java SE 12 and JDK 12 include:

The deprecated API page (API specification) identifies all deprecated APIs including those deprecated in Java SE 12.
The Java SE 12 (?JSR 386) specification documents changes to the specification made between Java SE 11 and Java SE 12 that include the identification of deprecated APIs and features not described here.
JEP 277: Enhanced Deprecation provides a detailed description of the deprecation policy. You should be aware of the updated policy described in this document.

You should be aware of the contents in those documents as well as the items described in this release notes page.
The descriptions of deprecated APIs might include references to the deprecation warnings of forRemoval=true and forRemoval=false. The forRemoval=true text indicates that a deprecated API might be removed from the next major release. The forRemoval=false text indicates that a deprecated API is not expected to be removed from the next major release but might be removed in some later release.
The descriptions below also identify potential compatibility issues that you might encounter when migrating to JDK 12. See CSRs Approved for JDK 12 for the list of CSRs closed in JDK 12.
 ?

 ?
hotspot/runtime
?Obsoleted -XX+/-MonitorInUseLists
The VM Option -XX:-MonitorInUseLists is obsolete in JDK 12 and ignored. Use of this flag will result in a warning being issued. This option may be removed completely in a future release.
See JDK-8211384

 ?
security-libs/java.security
?Deprecated Default Keytool -keyalg Value
The default -keyalg value for the -genkeypair and -genseckey commands of keytool have been deprecated. If a user has not explicitly specified a value for the -keyalg option a warning will be shown. An additional informational text will also be printed showing the algorithm(s) used by the newly generated entry. In a subsequent JDK release"","" the default key algorithm values will no longer be supported and the -keyalg option will be required.
See JDK-8212003


Other Notes
The following notes describe additional changes and information about this release. In some cases"","" the following descriptions provide links to additional detailed information about an issue or a change.

 ?
client-libs
?Disable the File Canonicalization Cache by Default
The file canonicalization cache has long-standing correctness issues; see JDK-7066948. For this reason"","" the cache is now disabled by default. It can be re-enabled by setting the sun.io.useCanonCaches system property. The cache was removed in JDK 21; see JDK-8309215.
See JDK-8207005

 ?
client-libs/javax.swing
?GTK+ 3.20 and Later Unsupported by Swing
Due to incompatible changes in the GTK+ 3 library versions 3.20 and later"","" the Swing GTK Look and Feel does not render some UI components when using this library. Therefore Linux installations with versions of GTK+ 3.20 and above are not supported for use by the Swing GTK Look And Feel  in this release. Affected applications on such configurations should specify the system property -Djdk.gtk.version=2.2 to request GTK2+ based rendering instead.
See JDK-8218469

 ?
core-libs/java.lang
?Initial Value of user.timezone System Property Changed
The initial value of the user.timezone system property is undefined unless set using a command line argument"","" for example"","" -Duser.timezone=""America/New_York"".  The first time the default timezone is needed"","" if user.timezone is undefined or empty the timezone provided by the operating system is used. Previously"","" the initial value was the empty string.   In JDK 12"","" System.getProperty(""user.timezone"") may return null.
See JDK-8185496

 ?
core-libs/java.net
?Better HTTP Redirection Support
In this release"","" the behavior of methods that application code uses to set request properties in java.net.HttpURLConnection has changed. When a redirect occurs automatically from the original destination server to a resource on a different server"","" then all such properties are cleared for the redirect and any subsequent redirects. If these properties are required to be set on the redirected requests"","" then the redirect responses should be handled by the application by calling HttpURLConnection.setInstanceFollowRedirects(false) for the original request.
JDK-8196902 (not public)

 ?
core-libs/java.net
?Changed URLPermission Behavior with Query or Fragments in URL String
The behavior of java.net.URLPermission has changed slightly. It was previously specified to ignore query and fragment components in the supplied URL string. However"","" this behavior was not implemented and any query or fragment were included in the internal permission URL string. The change here is to implement the behavior as specified. Internal usages of URLPermission in the JDK do not include queries or fragments. So"","" this will not change. In the unlikely event that user code was creating URLPermission objects explicitly"","" then the behavior change may be seen and that permission checks which failed erroneously previously"","" will now pass as expected.
See JDK-8213616

 ?
core-libs/java.time
?Support New Japanese Era in java.time.chrono.JapaneseEra
The JapaneseEra class and its of(int)"","" valueOf(String)"","" and values() methods are clarified to accommodate future Japanese era additions"","" such as how the singleton instances are defined"","" what the associated integer era values are"","" etc.
See JDK-8212941

 ?
core-libs/java.util
?Changed Properties.loadFromXML to Comply with Specification
The implementation of the java.util.Properties.loadFromXML method has been changed to comply with its specification. Specifically"","" the underlying XML parser implementation now rejects non-compliant XML documents by throwing an InvalidPropertiesFormatException as specified by the loadFromXML method.
The effect of the change is as follows:

Documents created by Properties.storeToXML: No change. Properties.loadFromXML will have no problem reading such files.
Documents not created by Properties.storeToXML: Any documents containing DTDs not in the format as specified in Properties.loadFromXML will be rejected. This means the DTD shall be exactly as follows (as generated by the Properties.storeToXML method):



    <!DOCTYPE properties SYSTEM ""http://java.sun.com/dtd/properties.dtd""> 
See JDK-8213325

 ?
core-libs/javax.naming
?LDAPS Communication Failure
Application code using LDAPS with a socket connect timeout that is <= 0 ( the default value )"","" may encounter an exception when establishing the connection.
The top most frames from Exception stack traces of applications encountering such issues might resemble the following:



javax.naming.ServiceUnavailableException: <server:port>; socket closed
at   com.sun.jndi.ldap.Connection.readReply(Unknown Source)
at   com.sun.jndi.ldap.LdapClient.ldapBind(Unknown Source)
...
See JDK-8211107

core-svc
??Changed Central File System Location for usagetracker.properties File

The file system location in Windows for the usagetracker.properties file has been moved from %ProgramData%\Oracle\Java\ to %ProgramFiles%\Java\conf
There is no change in the file path for Linux"","" Solaris"","" or macOS.
JDK-8204901 (not public)
 ?

hotspot/gc
??Epsilon GC handled checked array stores incorrectly

Epsilon GC may have violated the specification requirements by accepting the type-incompatible store into the array"","" instead of throwing the ArrayStoreException. This is now handled correctly"","" both in this release"","" and associated backports. Users are advised to upgrade as soon as possible.
See JDK-8215724
 ?

 ?
hotspot/gc
?G1 May Uncommit Memory During Marking Cycle
By default"","" G1 may now give back Java heap memory to the operating system during any concurrent mark cycle. G1 will respect default Java heap sizing policies at that time.
This change improves memory usage of the Java process if the application does not need all memory.
This behavior may be disabled in accordance with default heap sizing policies by setting minimum Java heap size to maximum Java heap size via the -Xms option.
See JDK-6490394

 ?
hotspot/jvmti
?can_pop_frame and can_force_early_return Capabilities are Disabled if JVMCI Compiler is Used
The JVMTI can_pop_frame and can_force_early_return capabilities are disabled if a JVMCI compiler (like Graal) is used. As a result the corresponding functionality (PopFrame and ForceEarlyReturnXXX functions) is not available to JVMTI agents. This issue is being tracked by JDK-8218885.
See JDK-8218025

 ?
infrastructure/build
?Linux Native Code Checks
Additional safeguards to protect against buffer overruns in native code have been enabled on Linux. If a buffer overrun is encountered"","" the system will write the message ""stack smashing detected"" and the program will exit.  Issues of this type should be reported to your vendor.
JDK-8199552 (not public)

 ?
security-libs/java.security
?Added Additional TeliaSonera Root Certificate
The following root certificate have been added to the OpenJDK cacerts truststore:


TeliaSonera


teliasonerarootcav1
DN: CN=TeliaSonera Root CA v1"","" O=TeliaSonera




See JDK-8210432

 ?
security-libs/java.security
?Removal of AOL and Swisscom Root Certificates
The following root certificates have been removed from the cacerts truststore:


AOL


aolrootca1
DN: CN=America Online Root Certification Authority 1"","" O=America Online Inc."","" C=US


aolrootca2
DN: CN=America Online Root Certification Authority 2"","" O=America Online Inc."","" C=US




Swisscom


swisscomrootca2
DN: CN=Swisscom Root CA 2"","" OU=Digital Certificate Services"","" O=Swisscom"","" C=ch




See JDK-8203230

 ?
security-libs/javax.crypto
?Change to X25519 and X448 Encoded Private Key Format
The encoded format of X25519 and X448 private keys has been corrected to use the standard format described in RFC 8410. This change affects any private key produced from the ""X25519"""","" ""X448"""","" or ""XDH"" services in the SunEC provider. The correct format is not compatible with the format used in previous JDK versions. It is recommended that existing incompatible keys in storage be replaced with newly-generated private keys.
See JDK-8213363

 ?
security-libs/javax.net.ssl
?Removed TLS v1 and v1.1 from SSLContext Required Algorithms
The requirement that all SE implementations must support TLSv1 and TLSv1.1 has been removed from the javax.net.ssl.SSLContext API and the Java Security Standard Algorithm Names specification.
See JDK-8214140

 ?
security-libs/javax.net.ssl
?Disabled TLS anon and NULL Cipher Suites
The TLS anon (anonymous) and NULL cipher suites have been added to the jdk.tls.disabledAlgorithms security property and are now disabled by default.
See JDK-8211883

 ?
security-libs/javax.net.ssl
?Disabled All DES TLS Cipher Suites
DES-based TLS cipher suites are considered obsolete and should no longer be used.  DES-based cipher suites have been deactivated by default in the SunJSSE implementation by adding the ""DES"" identifier to the jdk.tls.disabledAlgorithms security property.  These cipher suites can be reactivated by removing ""DES"" from the jdk.tls.disabledAlgorithms security property in the java.security file or by dynamically calling the Security.setProperty() method.  In both cases re-enabling DES must be followed by adding DES-based cipher suites to the enabled cipher suite list using the SSLSocket.setEnabledCipherSuites() or SSLEngine.setEnabledCipherSuites() methods.
Note that prior to this change"","" DES40_CBC (but not all DES) suites were disabled via the jdk.tls.disabledAlgorithms security property.
See JDK-8208350

 ?
security-libs/javax.net.ssl
?Distrust TLS Server Certificates Anchored by Symantec Root CAs
The JDK will stop trusting TLS Server certificates issued by Symantec"","" in line with similar plans recently announced by Google"","" Mozilla"","" Apple"","" and Microsoft. The list of affected certificates includes certificates branded as GeoTrust"","" Thawte"","" and VeriSign"","" which were managed by Symantec.
TLS Server certificates issued on or before April 16"","" 2019 will continue to be trusted until they expire. Certificates issued after that date will be rejected. See the DigiCert support page for information on how to replace your Symantec certificates with a DigiCert certificate (DigiCert took over validation and issuance for all Symantec Website Security SSL/TLS certificates on December 1"","" 2017).
An exception to this policy is that TLS Server certificates issued through two subordinate Certificate Authorities managed by Apple"","" and identified below"","" will continue to be trusted as long as they are issued on or before December 31"","" 2019.
The restrictions are enforced in the JDK implementation (the SunJSSE Provider) of the Java Secure Socket Extension (JSSE) API. A TLS session will not be negotiated if the server's certificate chain is anchored by any of the Certificate Authorities in the table below.
An application will receive an Exception with a message indicating the trust anchor is not trusted"","" ex:
""TLS Server certificate issued after 2019-04-16 and anchored by a
distrusted legacy Symantec root CA: CN=GeoTrust Global CA"","" O=GeoTrust Inc."","" C=US"" 

If necessary"","" and at your own risk"","" you can work around the restrictions by removing ""SYMANTEC_TLS"" from the jdk.security.caDistrustPolicies security property in the java.security configuration file.
The restrictions are imposed on the following Symantec Root certificates included in the JDK:
Root Certificates distrusted after 2019-04-16





Distinguished Name
SHA-256 Fingerprint




CN=GeoTrust Global CA"","" O=GeoTrust Inc."","" C=US

FF:85:6A:2D:25:1D:CD:88:D3:66:56:F4:50:12:67:98:CF:AB:AA:DE:40:             79:9C:72:2D:E4:D2:B5:DB:36:A7:3A



CN=GeoTrust Primary Certification Authority"","" O=GeoTrust Inc."","" C=US

37:D5:10:06:C5:12:EA:AB:62:64:21:F1:EC:8C:92:01:3F:C5:F8:2A:E9:             8E:E5:33:EB:46:19:B8:DE:B4:D0:6C



CN=GeoTrust Primary Certification Authority - G2"","" OU=(c) 2007 GeoTrust Inc. - For authorized use only"","" O=GeoTrust Inc."","" C=US

5E:DB:7A:C4:3B:82:A0:6A:87:61:E8:D7:BE:49:79:EB:F2:61:1F:7D:D7:             9B:F9:1C:1C:6B:56:6A:21:9E:D7:66



CN=GeoTrust Primary Certification Authority - G3"","" OU=(c) 2008 GeoTrust Inc. - For authorized use only"","" O=GeoTrust Inc."","" C=US

B4:78:B8:12:25:0D:F8:78:63:5C:2A:A7:EC:7D:15:5E:AA:62:5E:E8:29:             16:E2:CD:29:43:61:88:6C:D1:FB:D4



CN=GeoTrust Universal CA"","" O=GeoTrust Inc."","" C=US

A0:45:9B:9F:63:B2:25:59:F5:FA:5D:4C:6D:B3:F9:F7:2F:F1:93:42:03:             35:78:F0:73:BF:1D:1B:46:CB:B9:12



CN=thawte Primary Root CA"","" OU=""(c) 2006 thawte"","" Inc. - For authorized use only"""","" OU=Certification Services Division"","" O=""thawte"","" Inc."""","" C=US

8D:72:2F:81:A9:C1:13:C0:79:1D:F1:36:A2:96:6D:B2:6C:95:0A:97:1D:             B4:6B:41:99:F4:EA:54:B7:8B:FB:9F



CN=thawte Primary Root CA - G2"","" OU=""(c) 2007 thawte"","" Inc. - For authorized use only"""","" O=""thawte"","" Inc."""","" C=US

A4:31:0D:50:AF:18:A6:44:71:90:37:2A:86:AF:AF:8B:95:1F:FB:43:1D:             83:7F:1E:56:88:B4:59:71:ED:15:57



CN=thawte Primary Root CA - G3"","" OU=""(c) 2008 thawte"","" Inc. - For authorized use only"""","" OU=Certification Services Division"","" O=""thawte"","" Inc."""","" C=US

4B:03:F4:58:07:AD:70:F2:1B:FC:2C:AE:71:C9:FD:E4:60:4C:06:4C:F5:             FF:B6:86:BA:E5:DB:AA:D7:FD:D3:4C



EMAILADDRESS=premium-server@thawte.com"","" CN=Thawte Premium Server CA"","" OU=Certification Services Division"","" O=Thawte Consulting cc"","" L=Cape Town"","" ST=Western Cape"","" C=ZA

3F:9F:27:D5:83:20:4B:9E:09:C8:A3:D2:06:6C:4B:57:D3:A2:47:9C:36:             93:65:08:80:50:56:98:10:5D:BC:E9



OU=VeriSign Trust Network"","" OU=""(c) 1998 VeriSign"","" Inc. - For authorized use only"""","" OU=Class 2 Public Primary Certification Authority - G2"","" O=""VeriSign"","" Inc."""","" C=US

3A:43:E2:20:FE:7F:3E:A9:65:3D:1E:21:74:2E:AC:2B:75:C2:0F:D8:98:             03:05:BC:50:2C:AF:8C:2D:9B:41:A1



OU=Class 3 Public Primary Certification Authority"","" O=""VeriSign"","" Inc."""","" C=US

A4:B6:B3:99:6F:C2:F3:06:B3:FD:86:81:BD:63:41:3D:8C:50:09:CC:4F:             A3:29:C2:CC:F0:E2:FA:1B:14:03:05



OU=VeriSign Trust Network"","" OU=""(c) 1998 VeriSign"","" Inc. - For authorized use only"""","" OU=Class 3 Public Primary Certification Authority - G2"","" O=""VeriSign"","" Inc."""","" C=US

83:CE:3C:12:29:68:8A:59:3D:48:5F:81:97:3C:0F:91:95:43:1E:DA:37:             CC:5E:36:43:0E:79:C7:A8:88:63:8B



CN=VeriSign Class 3 Public Primary Certification Authority - G3"","" OU=""(c) 1999 VeriSign"","" Inc. - For authorized use only"""","" OU=VeriSign Trust Network"","" O=""VeriSign"","" Inc."""","" C=US

EB:04:CF:5E:B1:F3:9A:FA:76:2F:2B:B1:20:F2:96:CB:A5:20:C1:B9:7D:             B1:58:95:65:B8:1C:B9:A1:7B:72:44



CN=VeriSign Class 3 Public Primary Certification Authority - G4"","" OU=""(c) 2007 VeriSign"","" Inc. - For authorized use only"""","" OU=VeriSign Trust Network"","" O=""VeriSign"","" Inc."""","" C=US

69:DD:D7:EA:90:BB:57:C9:3E:13:5D:C8:5E:A6:FC:D5:48:0B:60:32:             39:BD:C4:54:FC:75:8B:2A:26:CF:7F:79



CN=VeriSign Class 3 Public Primary Certification Authority - G5"","" OU=""(c) 2006 VeriSign"","" Inc. - For authorized use only"""","" OU=VeriSign Trust Network"","" O=""VeriSign"","" Inc."""","" C=US

9A:CF:AB:7E:43:C8:D8:80:D0:6B:26:2A:94:DE:EE:E4:B4:65:99:89:C3:             D0:CA:F1:9B:AF:64:05:E4:1A:B7:DF



CN=VeriSign Universal Root Certification Authority"","" OU=""(c) 2008 VeriSign"","" Inc. - For authorized use only"""","" OU=VeriSign Trust Network"","" O=""VeriSign"","" Inc."""","" C=US

23:99:56:11:27:A5:71:25:DE:8C:EF:EA:61:0D:DF:2F:A0:78:B5:C8:06:             7F:4E:82:82:90:BF:B8:60:E8:4B:3C






Subordinate Certificates to be distrusted after 2019-12-31





Distinguished Name
SHA-256 Fingerprint




CN=Apple IST CA 2 - G1"","" OU=Certification Authority"","" O=Apple Inc."","" C=US

AC:2B:92:2E:CF:D5:E0:17:11:77:2F:EA:8E:D3:72:DE:9D:1E:22:45:FC:E3:F5:7A:9C:DB:             EC:77:29:6A:42:4B



CN=Apple IST CA 8 - G1"","" OU=Certification Authority"","" O=Apple Inc."","" C=US

A4:FE:7C:7F:15:15:5F:3F:0A:EF:7A:AA:83:CF:6E:06:DE:B9:7C:A3:F9:09:DF:92:0A:C1:             49:08:82:D4:88:ED






If you have a TLS Server certificate issued by one of the CAs above"","" you should have received a message from DigiCert with information about replacing that certificate"","" free of charge.
You can also use the keytool utility from the JDK to print out details of the certificate chain"","" as follows:


keytool -v -list -alias <your_server_alias> -keystore 
      <your_keystore_filename>
If any of the certificates in the chain are issued by one of the root CAs in the table above are listed in the output you will need to update the certificate or contact the organization that manages the server if not yours.
See JDK-8207258

 ?
client-libs/javax.swing
?Deprecated NSWindowStyleMaskTexturedBackground
After an upgrade of the macOS SDK used to build the JDK"","" the behavior of the apple.awt.brushMetalLook and textured Swing properties has changed. When these properties are set"","" the title of the frame is still visible. It is recommended that the apple.awt.transparentTitleBar property be set to true to make the title of the frame invisible again. The apple.awt.fullWindowContent property can also be used.
Please note that Textured window support was implemented by using the NSTexturedBackgroundWindowMask value of NSWindowStyleMask. However"","" this was deprecated in macOS 10.12 along with NSWindowStyleMaskTexturedBackground"","" which was deprecated in macOS 10.14.
For additional information"","" refer to the following documentation:

apple.awt.brushMetalLook 
apple.awt.transparentTitleBar
apple.awt.fullWindowContent

See JDK-8240995

 
Differences Between Oracle JDK and Oracle's OpenJDK
Although we have stated the goal to have OpenJDK and Oracle JDK binaries be as close to each other as possible there remains"","" at least for JDK 12"","" several differences between the two options.
The current differences are:

Oracle JDK offers ""installers"" (msi"","" rpm"","" deb"","" etc.) which not only place the JDK binaries in your system but also contain update rules and in some cases handle some common configurations like set common environmental variables (such as"","" JAVA_HOME in Windows) and establish file associations (such as"","" use java to launch .jar files). OpenJDK is offered only as compressed archive (tar.gz or .zip).
javac ?release for release values 9 and 10 behave differently. Oracle JDK binaries include APIs that were not added to OpenJDK binaries such as javafx"","" resource management"","" and (pre JDK 11 changes) JFR APIs.
Usage Logging is only available in Oracle JDK.
OpenJDK continues to throw an error and halt if the -XX:+UnlockCommercialFeatures flag is used. Oracle JDK no longer requires the flag and prints a warning but continues execution if used.
Oracle JDK requires that third-party cryptographic providers be signed with a Java Cryptography Extension (JCE) Code Signing Certificate. OpenJDK continues allowing the use of unsigned third-party crypto providers.
The output of java -version is different. Oracle JDK returns java and includes the Oracle-specific identifier. OpenJDK returns OpenJDK and does not include the Oracle-specific identifier.
Oracle JDK is released under the OTN License. OpenJDK is released under GPLv2wCP. License files included with each will therefore be different.
Oracle JDK distributes FreeType under the FreeType license and OpenJDK does so under GPLv2. The contents of \legal\java.desktop\freetype.md is therefore different.
Oracle JDK has Java cup and steam icons and OpenJDK has Duke icons.
Oracle JDK source code includes ""ORACLE PROPRIETARY/CONFIDENTIAL. Use is subject to license terms."" Source code distributed with OpenJDK refers to the GPL license terms instead.


",,,
https://www.oracle.com/java/technologies/javase/12-relnote-issues.html,Other Notes,"
core-svc
??Changed Central File System Location for usagetracker.properties File

The file system location in Windows for the usagetracker.properties file has been moved from %ProgramData%\Oracle\Java\ to %ProgramFiles%\Java\conf
There is no change in the file path for Linux"","" Solaris"","" or macOS.
JDK-8204901 (not public)",,,
https://www.oracle.com/java/technologies/javase/12-relnote-issues.html,Other Notes,"
hotspot/gc
??Epsilon GC handled checked array stores incorrectly

Epsilon GC may have violated the specification requirements by accepting the type-incompatible store into the array"","" instead of throwing the ArrayStoreException. This is now handled correctly"","" both in this release"","" and associated backports. Users are advised to upgrade as soon as possible.
See JDK-8215724",,,
,,,,,
,,,,,
,,,,,
,,,,,
,,,,,
,,,,,
,,,,,
https://www.oracle.com/java/technologies/javase/14-0-2-relnotes.html,Removed Features and Options,"security-libs/java.security??Removal of Comodo Root CA CertificateThe following expired Comodo root CA certificate has been removed from the cacerts keystore:
+ alias name ""addtrustclass1ca [jdk]""


  Distinguished Name: CN=AddTrust Class 1 CA Root"","" OU=AddTrust TTP Network"","" O=AddTrust AB"","" C=SE
See JDK-8225069
",,,
https://www.oracle.com/java/technologies/javase/14-0-2-relnotes.html,Removed Features and Options,"security-libs/java.security??Removal of DocuSign Root CA CertificateThe following expired DocuSign root CA certificate has been removed from the cacerts keystore:
+ alias name ""keynectisrootca [jdk]""


  Distinguished Name: CN=KEYNECTIS ROOT CA"","" OU=ROOT"","" O=KEYNECTIS"","" C=FR
See JDK-8225068
",,,
https://www.oracle.com/java/technologies/javase/14-0-2-relnotes.html,Other notes,"core-libs/java.util:collections??Better Listing of ArraysThe preferred way to copy a collection is to use a ""copy constructor."" For example"","" to copy a collection into a new ArrayList"","" one would write new ArrayList<>(collection). In certain circumstances"","" an additional"","" temporary copy of the collection's contents might be made in order to improve robustness. If the collection being copied is exceptionally large"","" then the application should be (aware of/monitor) the significant resources required involved in making the copy.
JDK-8231800 (not public)
",,,
https://www.oracle.com/java/technologies/javase/14-0-2-relnotes.html,Other notes,"security-libs/javax.net.ssl??Default SSLEngine Should Create in Server RoleIn JDK 11 and later"","" javax.net.ssl.SSLEngine by default used client mode when handshaking. As a result"","" the set of default enabled protocols may differ to what is expected. SSLEngine would usually be used in server mode. From this JDK release onwards"","" SSLEngine will default to server mode. The javax.net.ssl.SSLEngine.setUseClientMode?(boolean mode) method may be used to configure the mode.
See JDK-8237474
",,,
https://www.oracle.com/java/technologies/javase/14-0-2-relnotes.html,Other notes,"core-libs/java.io:serialization??Improved Serialization HandlingWhen setting a serialization filter by using java.io.ObjectInputStream.setObjectInputFilter the method must be called before reading any objects from the stream. If the methods readObject or readUnshared are called"","" the setObjectInputFilter method throws IllegalStateException.
JDK-8234836 (not public)
",,,
https://www.oracle.com/java/technologies/javase/15-relnote-issues.html,What's New in JDK 15 - New Features and Enhancements,"
core-libs/java.lang
??Added isEmpty Default Method to CharSequence
java.lang.CharSequence has been updated in this release to define a default isEmpty method that tests if a character sequence is empty.  Testing for"","" and filtering out"","" empty Strings and other CharSequences is a common occurrence in code and CharSequence::isEmpty can be used as a method reference.  Classes that implement java.lang.CharSequence and another interface that defines isEmpty method should be aware of this addition as they may need to be modified to override the isEmpty method.
See JDK-8215401
",,,
https://www.oracle.com/java/technologies/javase/15-relnote-issues.html,What's New in JDK 15 - New Features and Enhancements,"
core-libs/java.lang
??Support for Unicode 13.0
This release upgrades Unicode support to 13.0"","" which includes the following:

The java.lang.Character class supports Unicode Character Database of 13.0 level"","" which 13.0 adds 5"",""930 characters"","" for a total of 143"",""859 characters. These additions include 4 new scripts"","" for a total of 154 scripts"","" as well as 55 new emoji characters.
The java.text.Bidi and java.text.Normalizer classes support 13.0 level of Unicode Standard Annexes"","" #9 and #15"","" respectively.
The java.util.regex package supports Extended Grapheme Clusters based on 13.0 level of Unicode Standard Annex #29
For more detail about Unicode 13.0"","" refer to the Unicode Consortium's release note.

See JDK-8239383
",,,
https://www.oracle.com/java/technologies/javase/15-relnote-issues.html,What's New in JDK 15 - New Features and Enhancements,"
core-libs/java.lang.invoke
??JEP 371 Hidden Classes
JEP 371 introduces hidden classes in Java 15.  Hidden classes have the following implications to existing code:


Class::getName traditionally returns a binary name"","" but for a hidden class it returns a string that contains an ASCII forward slash (/) and is therefore not a binary name. Programs that assume the returned string is a binary name might need to be updated to handle hidden classes. That said"","" the longstanding practice of Unsafe::defineAnonymousClass was to define classes whose names were not binary names"","" so some programs may already handle such names successfully.


Class::descriptorString and MethodType::descriptorString returns a string that contains a ASCII dot (.)  for a hidden class and therefore is not a type descriptor conforming to JVMS 4.3.   Programs that assume the returned string is a type descriptor that conforms to JVMS 4.3 might need to be updated to handle hidden classes.


Class::getNestMembers is changed to not throw an exception when it fails to validate a nest membership of any member listed in NestMembers attribute. Instead"","" Class::getNestMembers returns the nest host and the members listed in the host's NestMembers attribute that are successfully resolved and determined to have the same nest host as this class. (This means it may return fewer members that listed in NestMembers attribute.) Existing code that expects LinkageError when there is a bad nest membership might be impacted.


The nestmate test in the JVM is changed to throw only IllegalAccessError when the nest membership is invalid. Some historical understanding is necessary:



In Java 8"","" every access control failure was signaled with IllegalAccessError (IAE). Moreover"","" if a given access check failed with IAE once"","" then the same check would fail with IAE every time.
In Java 11"","" the introduction of nest mates (JEP 181) meant that an access control failure could be signaled either with IllegalAccessError or"","" if nest membership was invalid"","" LinkageError. Still"","" if a given access check failed with a specific exception"","" then the same check would always fail with the same exception.
In Java 15"","" the introduction of Lookup::defineHiddenClass implies that the nest host of the lookup class must be determined eagerly"","" when the hidden class is defined as a nestmate of the lookup class. Both Lookup::defineHiddenClass and Class::getNestHost both determine the nest host of a class in a more resilient manner than the JVM did in Java 11; namely"","" the API simply treats a class as self-hosted if its purported nest membership is invalid. For consistency with the API"","" the JVM no longer throws LinkageError when a class's nest membership is invalid"","" and instead treats the class as self-hosted. This means that the JVM only throws IAE from access control (because a self-hosted class will not permit any other class to access its private members). This is the behavior expected by the vast majority of user code.


JVM TI GetClassSignature returns a string that contains a ASCII dot (.)  for a hidden class.  JVM TI agents might need updating for hidden classes if they assume the returned string from GetClassSignature is a type descriptor conforming to JVMS 4.3.

See JDK-8238358
",,,
https://www.oracle.com/java/technologies/javase/15-relnote-issues.html,What's New in JDK 15 - New Features and Enhancements,"
core-libs/java.net
??Added Support for SO_INCOMING_NAPI_ID Support
A new JDK-specific socket option SO_INCOMING_NAPI_ID has been added to jdk.net.ExtendedSocketOptions in this release. The socket option is Linux specific and allows applications to query the NAPI (New API) ID of the underlying device queue associated with its socket connection and take advantage of the Application Device Queue (ADQ) feature of high performance Network Interface Card (NIC) devices.
See JDK-8243099
",,,
https://www.oracle.com/java/technologies/javase/15-relnote-issues.html,What's New in JDK 15 - New Features and Enhancements,"
core-libs/java.util:collections
??Specialized Implementations of TreeMap Methods
The TreeMap class now provides overriding implementations of the putIfAbsent"","" computeIfAbsent"","" computeIfPresent"","" compute"","" and merge methods. The new implementations provide a performance improvement. However"","" if the function provided to the compute- or merge methods modifies the map"","" ConcurrentModificationException may be thrown"","" because the function that is provided to these methods is prohibited from modifying the map. If a ConcurrentModificationException occurs"","" the function must either be changed to avoid modifying the map"","" or the surrounding code should be rewritten to replace uses of the compute- and merge methods with conventional Map methods such as get and put.
See JDK-8227666 for further information.
See JDK-8176894
",,,
https://www.oracle.com/java/technologies/javase/15-relnote-issues.html,What's New in JDK 15 - New Features and Enhancements,"
core-svc/javax.management
??Added Ability to Configure Third Port for Remote JMX
JMX supports (explicit) remote network access through the configuration of two network ports (either from the command line or in a property file)"","" by setting the following properties:
com.sun.management.jmxremote.port=<port#>
com.sun.management.jmxremote.rmi.port=<port#>
Note: If it is not specified"","" the second port will default to the first.
A third local port is also opened to accept (local) JMX connections. This port previously had its number selected at random"","" which could cause port collisions.
However"","" it is now possible to configure the third JMX port (local only) by using:
com.sun.management.jmxremote.local.port=<port#>
See JDK-8234484
",,,
https://www.oracle.com/java/technologies/javase/15-relnote-issues.html,What's New in JDK 15 - New Features and Enhancements,"
core-svc/tools
??New Option Added to jstatd for Specifying RMI Connector Port Number
A new -r <port> option has been added to the jstatd command to specify the RMI connector port number. If a port number is not specified"","" a random available port is used.
See JDK-8196729
",,,
https://www.oracle.com/java/technologies/javase/15-relnote-issues.html,What's New in JDK 15 - New Features and Enhancements,"
core-svc/tools
??New Option Added to jcmd for Writing a gzipped Heap Dump
A new integer option gz has been added to the GC.heap_dump diagnostic command. If it is specified"","" it will enable the gzip compression of the written heap dump. The supplied value is the compression level. It can range from 1 (fastest) to 9 (slowest"","" but best compression). The recommended level is 1.
See JDK-8237354
",,,
https://www.oracle.com/java/technologies/javase/15-relnote-issues.html,What's New in JDK 15 - New Features and Enhancements,"
tools/javac
??JEP 378 Text Blocks
Text blocks have been added to the Java language. A text block is a multi-line string literal that avoids the need for most escape sequences"","" automatically formats the string in a predictable way"","" and gives the developer control over the format when desired.
See JDK-8236934
",,,
https://www.oracle.com/java/technologies/javase/15-relnote-issues.html,What's New in JDK 15 - New Features and Enhancements,"
hotspot/svc-agent
??New Options Added to jhsdb for debugd Mode
Three new options have been added to the jhsdb command for the debugd mode:

--rmiport <port> is used to specify a RMI connector port number. If a port number is not specified"","" a random available port is used.
--registryport <port> is used to specify a RMI registry port number. This option overrides the system property sun.jvm.hotspot.rmi.port. If a port number is not specified"","" the system property is used. If the system property is not set"","" the default port 1099 is used.
 --hostname <hostname> is used to specify a RMI connector host name. The value could be a hostname or an IPv4/IPv6 address. This option overrides the system property java.rmi.server.hostname. If a host name not specified"","" the system property is used. If the system property is not set"","" a system host name is used.

See JDK-8196751
",,,
https://www.oracle.com/java/technologies/javase/15-relnote-issues.html,What's New in JDK 15 - New Features and Enhancements,"
install/install
??Oracle JDK Installer for Windows Provides Executables (javac"","" etc) in a Path Reachable From Any Command Prompt
The Oracle JDK installer for Windows provides java.exe"","" javaw.exe"","" javac.exe"","" and jshell.exe commands in a system location so that users can run Java applications without needing to provide the path to the Oracle JDK's installation folder.
JDK-8222383 (not public)
",,,
https://www.oracle.com/java/technologies/javase/15-relnote-issues.html,What's New in JDK 15 - New Features and Enhancements,"
security-libs/java.security
??Added Revocation Checking to jarsigner
A new -revCheck option has been added to the jarsigner command to enable revocation checking of certificates.
See JDK-8242060
",,,
https://www.oracle.com/java/technologies/javase/15-relnote-issues.html,What's New in JDK 15 - New Features and Enhancements,"
security-libs/java.security
??Tools Warn If Weak Algorithms Are Used
The keytool and jarsigner tools have been updated to warn users when weak cryptographic algorithms are used in keys"","" certificates"","" and signed JARs before they are disabled. The weak algorithms are set in the jdk.security.legacyAlgorithms security property in the java.security configuration file. In this release"","" the tools issue warnings for the SHA-1 hash algorithm and 1024-bit RSA/DSA keys.
See JDK-8172404


 

security-libs/javax.crypto
??SunJCE Provider Supports SHA-3 Based Hmac Algorithms
The SunJCE provider has been enhanced to support HmacSHA3-224"","" HmacSHA3-256"","" HmacSHA3-384"","" and HmacSHA3-512. Implementations for these algorithms are available under the Mac and KeyGenerator services. The Mac service generates the keyed-hash and the KeyGenerator service generates the key for the Mac.
See JDK-8172680


 

security-libs/javax.net.ssl
??New System Properties to Configure the TLS Signature Schemes
Two new system properties have been added to customize the TLS signature schemes in JDK. jdk.tls.client.SignatureSchemes has been added for the TLS client side"","" and jdk.tls.server.SignatureSchemes has been added for the server side.
Each system property contains a comma-separated list of supported signature scheme names specifying the signature schemes that could be used for the TLS connections.
The names are described in the Java Security Standard Algorithm Names Specification section of the Java Platform"","" Standard Edition Security DeveloperÅfs Guide.
See JDK-8242141


 

security-libs/javax.net.ssl
??Support for certificate_authorities Extension
The ""certificate_authorities"" extension is an optional extension introduced in TLS 1.3. It is used to indicate the certificate authorities (CAs) that an endpoint supports and should be used by the receiving endpoint to guide certificate selection.
With this JDK release"","" the ""certificate_authorities"" extension is supported for TLS 1.3 in both the client and the server sides.  This extension is always present for client certificate selection"","" while it is optional for server certificate selection.
Applications can enable this extension for server certificate selection by setting the jdk.tls.client.enableCAExtension system property to true.  The default value of the property is false.
Note that if the client trusts more CAs than the size limit of the extension (less than 2^16 bytes)"","" the extension is not enabled.  Also"","" some server implementations do not allow handshake messages to exceed 2^14 bytes.  Consequently"","" there may be interoperability issues when jdk.tls.client.enableCAExtension is set to true and the client trusts more CAs than the server implementation limit.
See JDK-8206925


 

security-libs/org.ietf.jgss:krb5
??Support for canonicalize in krb5.conf
The 'canonicalize' flag in the krb5.conf file is now supported by the JDK Kerberos implementation. When set to true"","" RFC 6806 name canonicalization is requested by clients in TGT requests to KDC services (AS protocol). Otherwise"","" and by default"","" it is not requested.
The new default behavior is different from JDK 14 and previous releases where name canonicalization was always requested by clients in TGT requests to KDC services (provided that support for RFC 6806 was not explicitly disabled with the sun.security.krb5.disableReferrals system or security properties).
See JDK-8239385


 
security-libs/org.ietf.jgss:krb5
??Support cross-realm MSSFU
The support for the Kerberos MSSFU extensions [1] is now extended to cross-realm environments.
By leveraging on the Kerberos cross-realm referrals enhancement"","" introduced in the context of JDK-8215032"","" the 'S4U2Self' and 'S4U2Proxy' extensions may be used to impersonate user and service principals located on different realms.
[1] - https://docs.microsoft.com/en-us/openspecs/windows_protocols/ms-sfu/3bff5864-8135-400e-bdd9-33b552051d94
See JDK-8005819



TOP

 
Removed Features and Options
This section describes the APIs"","" features"","" and options that were removed in Java SE 15 and JDK 15. The APIs described here are those that are provided with the Oracle JDK. It includes a complete implementation of the Java SE 15 Platform and additional Java APIs to support developing"","" debugging"","" and monitoring Java applications. Another source of information about important enhancements and new features in Java SE 15 and JDK 15 is the Java SE 15 (?JSR 390) Platform Specification"","" which documents changes to the specification made between Java SE 14 and Java SE 15. This document includes the identification of removed APIs and features not described here. The descriptions below might also identify potential compatibility issues that you could encounter when migrating to JDK 15. See CSRs Approved for JDK 15 for the list of CSRs closed in JDK 15.
 

core-libs/java.net
??Removal of Terminally Deprecated Solaris-specific SO_FLOW_SLA Socket Option
In this release"","" in conjunction with the removal of the Solaris port in JEP381 (JDK-8241787 )"","" the JDK-specific socket option jdk.net.ExtendedSocketOptions.SO_FLOW_SLA"","" which is only relevant to sockets on Solaris"","" and its supporting classes SocketFlow and SocketFlow.Status"","" have been removed.
See JDK-8244582


 

core-libs/java.rmi
??Removal of RMI Static Stub Compiler (rmic)
The RMI static stub compiler rmic has been removed.
The rmic tool is obsolete and has been deprecated for removal since JDK 13.
See JDK-8225319


 

core-svc/javax.management
??Removal of Deprecated Constant RMIConnectorServer.CREDENTIAL_TYPES
The terminally deprecated constant javax.management.remote.rmi.RMIConnectorServer.CREDENTIAL_TYPE has been removed. A filter pattern can be specified instead by using RMIConnectorServer.CREDENTIALS_FILTER_PATTERN.
See JDK-8213222


 

core-libs/jdk.nashorn
??Removal of Nashorn JavaScript Engine
The Nashorn JavaScript script engine"","" its APIs"","" and the jjs tool have been removed. The engine"","" the APIs"","" and the tool were deprecated for removal in Java 11 with the express intent to remove them in a future release.
See JDK-8236933


 

hotspot/gc
??Obsolete -XXUseAdaptiveGCBoundary
The VM option UseAdaptiveGCBoundary is obsolete.  Use of this option will produce an obsolete option warning but will otherwise be ignored.
This option was previously disabled by default"","" and enabling it only had an effect when also using -XX:+UseParallelGC.  Enabling it was intended to provide a performance benefit for some applications. However"","" it has been disabled by default for a long time because of crashes and performance regressions.
See JDK-8228991


 

security-libs/java.security
??Removal of Comodo Root CA Certificate
The following expired Comodo root CA certificate has been removed from the cacerts keystore:
+ alias name ""addtrustclass1ca [jdk]""


  Distinguished Name: CN=AddTrust Class 1 CA Root"","" OU=AddTrust TTP Network"","" O=AddTrust AB"","" C=SE
See JDK-8225069


 

security-libs/java.security
??Removal of DocuSign Root CA Certificate
The following expired DocuSign root CA certificate has been removed from the cacerts keystore:
+ alias name ""keynectisrootca [jdk]""


  Distinguished Name: CN=KEYNECTIS ROOT CA"","" OU=ROOT"","" O=KEYNECTIS"","" C=FR
See JDK-8225068


 

security-libs/javax.net.ssl
??Retired the Deprecated SSLSession.getPeerCertificateChain() Method Implementation
The implementation of the deprecated SSLSession.getPeerCertificateChain() method has been removed from the JDK in the SunJSSE provider and the HTTP client implementation.  The default implementation of this method has been changed to throw UnsupportedOperationException.
SSLSession.getPeerCertificateChain() is a deprecated method and will be removed in a future release.  To mitigate the removal compatibility impact"","" applications should use the SSLSession.getPeerCertificates() method instead.  For service providers"",""  please remove this method from the existing implementation"","" and do not support this method in any new implementation.
See JDK-8241039


 

security-libs/javax.net.ssl
??Removal of com.sun.net.ssl.internal.ssl.Provider Name
The legacy SunJSSE provider name"","" ""com.sun.net.ssl.internal.ssl.Provider"" has been removed and should no longer be used.  The ""SunJSSE"" name should be used instead. For example"","" SSLContext.getInstance(""TLS"""","" ""SunJSSE"").
See JDK-8219989



TOP

 
Deprecated Features and Options
Additional sources of information about the APIs"","" features"","" and options deprecated in Java SE 15 and JDK 15 include:

The Deprecated API page identifies all deprecated APIs including those deprecated in Java SE 15.
The Java SE 15 (?JSR 390) specification documents changes to the specification made between Java SE 14 and Java SE 15 that include the identification of deprecated APIs and features not described here.
JEP 277: Enhanced Deprecation provides a detailed description of the deprecation policy. You should be aware of the updated policy described in this document.

You should be aware of the contents in those documents as well as the items described in this release notes page.
The descriptions of deprecated APIs might include references to the deprecation warnings of forRemoval=true and forRemoval=false. The forRemoval=true text indicates that a deprecated API might be removed from the next major release. The forRemoval=false text indicates that a deprecated API is not expected to be removed from the next major release but might be removed in some later release.
The descriptions below also identify potential compatibility issues that you might encounter when migrating to JDK 15. See CSRs Approved for JDK 15 for the list of CSRs closed in JDK 15.
 

core-libs/java.rmi
??Deprecated RMI Activation for Removal
The RMI Activation mechanism has been deprecated and may be removed in a future version of the platform. RMI Activation is an obsolete part of RMI that has been optional since Java 8. It allows RMI server JVMs to be started (""activated"") upon receipt of a request from a client"","" instead of requiring RMI server JVMs to be running continuously. Other parts of RMI are not deprecated. See JEP 385 for further information.
See JDK-8245068


 

docs
??Deprecated NSWindowStyleMaskTexturedBackground
After an upgrade of the macOS SDK used to build the JDK"","" the behavior of the apple.awt.brushMetalLook and textured Swing properties has changed. When these properties are set"","" the title of the frame is still visible.
It is recommended that the apple.awt.transparentTitleBar property be set to true to make the title of the frame invisible again. The apple.awt.fullWindowContent property can also be used.
Please note that Textured window support was implemented by using the NSTexturedBackgroundWindowMask value of NSWindowStyleMask. However"","" this was deprecated in macOS 10.12 along with NSWindowStyleMaskTexturedBackground"","" which was deprecated in macOS 10.14.
For additional information"","" refer to the following documentation:

apple.awt.brushMetalLook:  https://developer.apple.com/documentation/appkit/nstexturedbackgroundwindowmask?language=objc
apple.awt.transparentTitleBar: https://developer.apple.com/documentation/appkit/nswindow/1419167-titlebarappearstransparent?language=objc
apple.awt.fullWindowContent: https://developer.apple.com/documentation/appkit/nsfullsizecontentviewwindowmask

See JDK-8240995


 

hotspot/gc
??Deprecated -XXForceNUMA Option
The VM option ForceNUMA is deprecated. Use of this option will produce a deprecation warning. This option will be removed in a future release.
This option has always been disabled by default. It exists to support testing of NUMA-related code paths when running on a single node / UMA platform.
See JDK-8243628


 

hotspot/runtime
??Disabled Biased-locking and Deprecated Biased-locking Flags
Biased locking has been disabled by default in this release. In addition"","" the VM option UseBiasedLocking along with the VM options BiasedLockingStartupDelay"","" BiasedLockingBulkRebiasThreshold"","" BiasedLockingBulkRevokeThreshold"","" BiasedLockingDecayTime and UseOptoBiasInlining have been deprecated. The options will continue to work as intended but will generate a deprecation warning when they are used.
Biased locking might affect performance on applications that exhibit significant amounts of uncontended synchronization"","" such as applications that rely on older Java Collections APIs that synchronize on every access. Hashtable and Vector are examples of these APIs. Use -XX:+BiasedLocking on the command line to re-enable biased locking. Report any significant performance regressions to Oracle with biased locking disabled.
See JDK-8231264


 

security-libs/javax.crypto
??Disabled Native SunEC Implementation by Default
The SunEC crypto provider no longer advertises curves that are not implemented by using modern formulas and techniques.  Arbitrary and named curves"","" listed at the bottom of this note"","" are disabled.  Commonly used named curves"","" secp256r1"","" secp384r1"","" secp521r1"","" x25519"","" and x448"","" remain supported and enabled by SunEC because they use modern techniques.  Applications that still require the disabled curves from the SunEC provider can re-enable them by setting the System property jdk.sunec.disableNative to false. For example: java -Djdk.sunec.disableNative=false ....
If this property is set to any other value"","" the curves will remain disabled.   Exceptions thrown when the curves are disabled will contain the message Legacy SunEC curve disabled"","" followed by the name of the curve. Methods affected by the change are KeyPair.generateKeyPair()"","" KeyAgreement.generateSecret()"","" Signature.verify()"","" and Signature.sign(). These methods throw the same exception class they had before when the curve was not supported.
The following curves are disabled:  secp112r1"","" secp112r2"","" secp128r1"","" secp128r2"","" secp160k1"","" secp160r1"","" secp160r2"","" secp192k1"","" secp192r1"","" secp224k1"","" secp224r1"","" secp256k1"","" sect113r1"","" sect113r2"","" sect131r1"","" sect131r2"","" sect163k1"","" sect163r1"","" sect163r2"","" sect193r1"","" sect193r2"","" sect233k1"","" sect233r1"","" sect239k1"","" sect283k1"","" sect283r1"","" sect409k1"","" sect409r1"","" sect571k1"","" sect571r1"","" X9.62 c2tnb191v1"","" X9.62 c2tnb191v2"","" X9.62 c2tnb191v3"","" X9.62 c2tnb239v1"","" X9.62 c2tnb239v2"","" X9.62 c2tnb239v3"","" X9.62 c2tnb359v1"","" X9.62 c2tnb431r1"","" X9.62 prime192v2"","" X9.62 prime192v3"","" X9.62 prime239v1"","" X9.62 prime239v2"","" X9.62 prime239v3"","" brainpoolP256r1 brainpoolP320r1"","" brainpoolP384r1"","" brainpoolP512r1
See JDK-8237219


 

security-libs/jdk.security
??Added forRemoval=true to Previously Deprecated ContentSigner APIs
The ContentSigner and ContentSignerParameters classes in the com.sun.jarsigner package support alternative signers and have been deprecated with forRemoval=true.  When the -altsigner or -altsignerpath options are specified"","" the jarsigner tool produces a warning that these options are deprecated and will be removed.
See JDK-8242260


 
TOP

 
Other notes

client-libs
??Workaround for Windows GDI API's memory restrictions
It has been found that some Windows GDI functions don't support all types of Java heap memory allocation schemes. This problem can cause repaint issues and printing bugs. It has been worked around by allocating temporary buffers off heap.
See: https://support.microsoft.com/en-us/help/4567569/gdi-apis-may-fail-when-large-pages-or-vad-spanning-is-used
See JDK-8240654


 

client-libs/java.awt
??java.awt.Robot.delay() Method Completes With Interrupt Status Set When Interrupted
When it is interrupted"","" the implementation of the java.awt.Robot.delay() method has been changed to complete with the interrupt status set.
If a thread is interrupted while waiting in the java.awt.Robot.delay() method"","" then this method returns immediately with the interrupt status set. If the interrupted status is already set"","" this method returns immediately with the interrupt status set.
See JDK-8210231


 

core-libs/java.io:serialization
??Improved Serialization Handling
When setting a serialization filter by using java.io.ObjectInputStream.setObjectInputFilter the method must be called before reading any objects from the stream. If the methods readObject or readUnshared are called"","" the setObjectInputFilter method throws IllegalStateException.
JDK-8234836 (not public)


 

core-libs/java.lang
??Optimized Empty Substring Handling
The implementation of String.substring and related methods stripLeading and stripTrailing have changed in this release to avoid redundantly creating a new empty String. This may impact code that depends on unspecified behaviour and the identity of empty sub-strings.
See JDK-8240094


 

core-libs/java.lang.invoke
??LookupdefineClass Links the Class
Lookup::defineClass is specified to throw LinkageError if a linkage error occurs"","" but the implementation was not actually linking the class.  In this release"","" the implementation has been changed to link the class before returning"","" so conforming to the specification.   If Lookup::defineClass is called to define a class that fails linking"","" LinkageError will be thrown.
See JDK-8238195


 

core-libs/java.net
??DatagramSocketdisconnect Allows an Implementation to Throw UncheckedIOException
Previously"","" DatagramChannel::disconnect threw an IOException while DatagramSocket::disconnect did not. As a result"","" the DatagramChannel::socket adapter"","" which calls DatagramChannel::disconnect"","" catches the thrown IOException and rethrows it as an Error. However"","" this was undocumented behavior and not user-friendly.
The DatagramChannel::socket adapter has been changed to throw an UncheckedIOException"","" and the specification of DatagramSocket::disconnect has been updated to document that an implementation may now throw an UncheckedIOException. This ensures consistency in behavior between DatagramSocket"","" DatagramChannel"","" and DatagramChannel::socket adapter.
See JDK-8235783


 

core-libs/java.net
??java.net.HttpClient Does Not Override Protocols Specified in SSLContext Default Parameters
During the setup of new connections"","" java.net.http.HttpClient now uses the default set of protocols provided by the SSLContext when negotiating the TLS handshake. In the absence of  any SSLParameters explicitly supplied to the HttpClient.builder"","" the HttpClient has been updated to no longer override any default-selected protocols in the SSLContext. As a result"","" the actual TLS version that is negotiated might differ from that of previous releases"","" or it might even succeed or fail to negotiate when it previously might not have.
See JDK-8239594


 

core-libs/java.net
??Filtering and Ordering of Addresses Returned by Alternative Hosts File Name Service Provider
In this release"","" the behavior of InetAddress.getAllByName has been modified when the alternative hosts file name service is selected .
The JDK allows specifying an alternative host's file name service by using the jdk.net.hosts.file system property. The implementation of the alternative name service has been changed to take into account the values of the java.net.preferIPv4Stack and java.net.preferIPv6Addresses system properties. This affects the results returned by InetAddress.getAllByName when the host's file name service is selected.
For details about java.net.preferIPv4Stack and java.net.preferIPv6Addresses"","" see Networking Properties in the API documentation.
See JDK-8244958


 

core-libs/java.net
??DatagramPacket.getPort() Returns 0 When the Port Is Not Set
In this release"","" the default port number for a datagram packet has been changed to 0. Previously"","" this value was -1"","" which was undocumented. The port can be retrieved by using DatagramPacket::getPort.
See JDK-8237890


 

core-libs/java.nio.charsets
??Modified the MS950 charset Encoder's Conversion Table
In this release"","" some of the one-way byte-to-char mappings have been aligned with the preferred mappings provided by the Unicode Consortium.
See JDK-8232161


 

core-libs/java.text
??Support Monetary Grouping Separator in DecimalFormat/DecimalFormatSymbols
DecimalFormat/DecimalFormatSymbols classes are now capable of dealing with grouping separators for currency values. For example"","" the monetary grouping separator for the German language used in Austria (the de-AT locale) is '.'"","" whereas the monetary grouping separator in other German locales is ' '.
See JDK-8227313


 

core-libs/java.time
??localizedBy() Overrides Localized Values With Default Values
java.time.format.DateTimeFormatter.localizedBy(Locale) method now honors the default locale values"","" such as Chronologyand/or DecimalStyle of the specified locale argument.
For example"","" in previous JDK releases:
jshell> DateTimeFormatter.ofLocalizedDate(FormatStyle.FULL)

    .localizedBy(Locale.forLanguageTag(""fa""))
    .format(LocalDate.now())
$3 ==> ""???? 1 ??? 2020""
the numbers are in Arabic (Western) numerals.
In JDK 15:
jshell> DateTimeFormatter.ofLocalizedDate(FormatStyle.FULL)

    .localizedBy(Locale.forLanguageTag(""fa""))
    .format(LocalDate.now())
$3 ==> ""???? ? ??? ????""
the numbers are in Extended Arabic-Indic numerals because it is the default numbering system for the Farsi locale.
See JDK-8244245


 

core-libs/java.time
??ValueRange.of(long"","" long"","" long) Does Not Throw IAE on Invalid Inputs
java.time.temporal.ValueRange.of() methods are now correctly throwing an InvalidArgumentException on given invalid arguments. For example"","" of(5"","" 2"","" 10) which is invalid because the minimum is greater than the smallest maximum"","" now throws the exception.
See JDK-8239520


 

core-libs/java.util.jar
??Performance Improvement for InflaterOutputStream.write
InflaterOutputStream(OutputStream out"","" Inflater infl"","" int bufLen) allows for specifying the  decompressor and buffer size to be used.
InflaterOutputStream.write(byte[] b"","" int off"","" int len) was writing data using a max buffer size of 512 bytes.
Starting with JDK 15 the buffer size specified via InflaterOutputStream(OutputStream out"","" Inflater infl"","" int bufLen) will be used in  calls to InflaterOutputStream.write(byte[] b"","" int off"","" int len).  If the buffer size is not specified when invoking the InflaterOutputStream constructor"","" it will default to 512 bytes.
See JDK-8242848



core-libs/java.util.regex??Incorrect behavior matching Unicode linebreaks
The change JDK-8235812 in Java 15 introduced incorrect behavior for matching of the \R Unicode linebreak sequence when using the java.util.regex.Pattern API. The \R sequence should match CR (U+000D) or LF (U+000A) individually"","" but it should not match an individual CR if it occurs in a CRLF sequence. An example of the erroneous behavior is that the pattern \R{2} matches a CRLF sequence"","" but it should not. A possible workaround is to match linebreaks using individual characters instead of \R"","" using negative lookahead to prevent matching of an individual CR within a CRLF sequence. To do this"","" replace the \R sequence with the following:
    (?:(\u000D\u000A)|((?!\u000D\u000A)[\000A\u000B\u000C\u000D\u0085\u2028\u2029]))

A simpler sequence can be used if matching all of the Unicode-specified linebreak characters is not required"","" or if special treatment for the CRLF sequence is not required.
See JDK-8258259

 

core-libs/java.util.regex
??Case Insensitive Matching Doesn't Work Correctly for Some Character Classes
The Java regular expression engine supports the case insensitive mode.  When this mode is turned on"","" the engine is supposed to match the input text without regard to the case of the characters it consists of.
However"","" the current implementation of matching against some named character classes (those that are encoded with \p{name} or \P{name} constructs) fails to respect the case insensitive mode.
This fix makes these character classes behave consistently with respect to case sensitivity.  When the regular expression engine operates in the case insensitive mode"","" the named character classes will match the input characters without regard to their case: lower case"","" upper case"","" or title case.
See JDK-8214245


 

core-libs/java.util:collections
??Better Listing of Arrays
The preferred way to copy a collection is to use a ""copy constructor."" For example"","" to copy a collection into a new ArrayList"","" one would write new ArrayList<>(collection). In certain circumstances"","" an additional"","" temporary copy of the collection's contents might be made in order to improve robustness. If the collection being copied is exceptionally large"","" then the application should be (aware of/monitor) the significant resources required involved in making the copy.
JDK-8231800 (not public)



core-libs/java.util:collections??TreeMap.computeIfAbsent Mishandles Existing Entries Whose Values Are null
Enhancement JDK-8176894 inadvertently introduced erroneous behavior in the TreeMap.computeIfAbsent method. The other TreeMap methods that were modified by this enhancement are unaffected. The erroneous behavior is that"","" if the map contains an existing mapping whose value is null"","" the computeIfAbsent method immediately returns null. To conform with the specification"","" computeIfAbsent should instead call the mapping function and update the map with the function's result.
See JDK-8259622

 

core-libs/java.util:i18n
??Support for CLDR version 37
Locale data based on Unicode Consortium's CLDR has been upgraded to their version 37. For the detailed locale data changes"","" please refer to the Unicode Consortium's CLDR release notes:

http://cldr.unicode.org/index/downloads/cldr-37

See JDK-8239480


 

core-libs/java.util:i18n
??Localized Time Zone Name Inconsistency Between English and Other Locales
English time zone names provided by the CLDR locale provider are now correctly synthesized following the CLDR spec"","" rather than substituted from the COMPAT provider. For example"","" SHORT style names are no longer synthesized abbreviations of LONG style names"","" but instead produce GMT offset formats.
See JDK-8236548


 

tools/jpackage
??[macos] Support for Notarizing jpackage app-image and dmg
jpackage cannot create packages on macOS that are suitable for notarization.
See JDK-8237490


 

hotspot/compiler
??Flags Controlling C1 Inlining Have New Names
A number of flags controlling inlining in the C1 and C2 compilers have been split up into separate flags. The C2 compiler keeps the flags with the old names"","" and the C1 compiler gets the new flags.
Old flags now only controlling C2

MaxInlineLevel
MaxRecursiveInlineLevel
MaxInlineSize
MaxTrivialSize
InlineSmallCode
FreqInlineSize

New flags for C1 that replace the old ones

C1MaxInlineLevel
C1MaxRecursiveInlineLevel
C1MaxInlineSize
C1MaxTrivialSize

Deprecation
If the old flags are used in a JDK build without the C2 compiler"","" a deprecation warning will be printed.
See JDK-8235673


 

hotspot/gc
??Improved Ergonomics for G1 Heap Region Size
The default heap region size calculation has been changed to return larger regions by default. The calculation still aims to have 2048 regions"","" but two aspects have changed:

Only the maximum heap size is considered. The old calculation also took the initial heap size into consideration"","" but this can give unexpected behavior when no heap size is set.
The region size is rounded up to the nearest power of 2 instead of down. This will return larger region sizes in cases where the maximum heap size is not a power of 2.

These changes improve startup and runtime performance.
See JDK-8241670


 

hotspot/gc
??JEP 377 ZGC A Scalable Low-Latency Garbage Collector (Production)
The Z Garbage Collector (ZGC) is now ready for use in production and no longer marked as an experimental feature. ZGC is enabled by using the -XX:+UseZGC command-line option (using -XX:+UnlockExperimentalVMOptions is no longer needed).
See JEP 377 for more details.
See JDK-8209683


 

hotspot/gc
??Disabling large pages on Windows
-XX:+UseLargePages has no effect on Windows in this release. It was found that GDI APIs used by java2d don't support large pages. The JVM detects this problem and both warns about this and reverts to using small pages. See: https://support.microsoft.com/en-us/help/4567569/gdi-apis-may-fail-when-large-pages-or-vad-spanning-is-used
See JDK-8245000


 

hotspot/gc
??Disabling NUMA Interleaving on Windows
-XX:+UseNUMAInterleaving has no effect on Windows in this release. It was found that GDI APIs used by java2d don't support the memory reservation scheme used for NUMA interleaving. The JVM detects this problem and both warns about this and turns off NUMA interleaving. See: https://support.microsoft.com/en-us/help/4567569/gdi-apis-may-fail-when-large-pages-or-vad-spanning-is-used
See JDK-8245002


 

hotspot/runtime
??Field Layout Computation Changed
The way that field layout is computed has been changed"","" with more aggressive optimizations to avoid unused gaps in instances. These new optimizations can be disabled by using a new VM option -XX:-UseEmptySlotsInSupers.
For a limited time"","" it is possible to continue to use the old code to compute field layout with a new VM option -XX:-UseNewFieldLayout. However"","" this option has been deprecated in JDK 15 and the old code will be removed in a future release.
See JDK-8237767


 

hotspot/runtime
??Enable ShowCodeDetailsInExceptionMessages by default
The default of the flag ShowCodeDetailsInExceptionMessages was changed to 'true'.  The helpful NullPointerException messages of JEP 358 are now printed by default.  The messages contain snippets of the code where the NullPointerException was raised.
App deployers should  double check the output of their web applications and similar usage scenarios.
The NullPointerException message could be included in application error messages or be displayed by other means in the app. This could give remote attackers valuable hints about a potential vulnerable state of the software components being used.
An example message is 'Cannot read field ""c"" because ""a.b"" is null'. The attacker knows that field b of a contains null which might be unintended and offer an opportunity for an attack. For more details of what the message can contain see the above mentioned JEP 358.
See JDK-8233014


 

security-libs/java.security
??Signature and SignatureSpi Get Parameter Methods May Return null When Unsupported
Signature.getParameters() and SignatureSpi.engineGetParameters() may return null if the underlying provider does not support returning the parameters as AlgorithmParameters. For further details"","" see the Signature and SignatureSpi method descriptions.
See JDK-8243424


 

security-libs/javax.crypto:pkcs11
??SunPKCS11 Initialization With NSS When External FIPS Modules Are in Security Modules Database
The SunPKCS11 security provider can now be initialized with NSS when FIPS-enabled external modules are configured in the Security Modules Database (NSSDB). Before this change"","" when such a library was configured for NSS in non-FIPS mode"","" the SunPKCS11 provider would throw a RuntimeException with the message ""FIPS flag set for non-internal module"".
This change allows the JDK to work properly with recent NSS releases in GNU/Linux operating systems when the system-wide FIPS policy is turned on.
See JDK-8238555


 

security-libs/javax.net.ssl
??Default SSLEngine Should Create in Server Role
In JDK 11 and later"","" javax.net.ssl.SSLEngine by default used client mode when handshaking. As a result"","" the set of default enabled protocols may differ to what is expected. SSLEngine would usually be used in server mode. From this JDK release onwards"","" SSLEngine will default to server mode. The javax.net.ssl.SSLEngine.setUseClientMode?(boolean mode) method may be used to configure the mode.
See JDK-8237474


 

tools/javac
??JEP 375 Pattern Matching for instanceof (Second Preview)
Pattern matching for the instanceof operator is a preview feature of the Java language in JDK 15. Pattern matching allows common logic in a Java program to be expressed more concisely and safely"","" namely the conditional extraction of components from objects. Preview features must not be used in production"","" but feedback from Java developers on the usability of preview features is welcome.
See JDK-8235186


 

tools/javadoc(tool)
??Standard Doclet Index Files Compression
The Standard Doclet no longer generates pre-compressed index files. Decisions about compression are now left to the underlying means of delivery (for example"","" application layer protocols such as HTTP).
See JDK-8237909


 
TOP 

 
Differences Between Oracle JDK and Oracle's OpenJDK
Although we have stated the goal to have OpenJDK and Oracle JDK binaries be as close to each other as possible there remain ",,,
everal differences between the two options.,,,,,
The current differences are:,,,,,
,,,,,
"Oracle JDK offers """"installers"""" (msi"""""," rpm"""""," deb"""""," etc.) which not only place the JDK binaries in your system but also contain update rules and in some cases handle some common configurations like set common environmental variables (such as"""""," JAVA_HOME in Windows) and establish file associations (such as""""", use java to launch .jar files). OpenJDK is offered only as compressed archive (tar.gz or .zip).
Usage Logging is only available in Oracle JDK.,,,,,
Oracle JDK requires that third-party cryptographic providers be signed with a Java Cryptography Extension (JCE) Code Signing Certificate. OpenJDK continues allowing the use of unsigned third-party crypto providers.,,,,,
The output of java -version is different. Oracle JDK returns java and includes the Oracle-specific identifier. OpenJDK returns OpenJDK and does not include the Oracle-specific identifier.,,,,,
Oracle JDK is released under the OTN License. OpenJDK is released under GPLv2wCP. License files included with each will therefore be different.,,,,,
Oracle JDK distributes FreeType under the FreeType license and OpenJDK does so under GPLv2. The contents of \legal\java.desktop\freetype.md is therefore different.,,,,,
Oracle JDK has Java cup and steam icons and OpenJDK has Duke icons.,,,,,
"Oracle JDK source code includes """"ORACLE PROPRIETARY/CONFIDENTIAL. Use is subject to license terms."""" Source code distributed with OpenJDK refers to the GPL license terms instead.",,,,,
,,,,,
"
https://www.oracle.com/java/technologies/javase/15-relnote-issues.html""",Removed Features and Options,"
core-libs/java.net
??Removal of Terminally Deprecated Solaris-specific SO_FLOW_SLA Socket Option
In this release"","" in conjunction with the removal of the Solaris port in JEP381 (JDK-8241787 )"","" the JDK-specific socket option jdk.net.ExtendedSocketOptions.SO_FLOW_SLA"","" which is only relevant to sockets on Solaris"","" and its supporting classes SocketFlow and SocketFlow.Status"","" have been removed.
See JDK-8244582
",,,
https://www.oracle.com/java/technologies/javase/15-relnote-issues.html,Removed Features and Options,"
core-libs/java.rmi
??Removal of RMI Static Stub Compiler (rmic)
The RMI static stub compiler rmic has been removed.
The rmic tool is obsolete and has been deprecated for removal since JDK 13.
See JDK-8225319
",,,
https://www.oracle.com/java/technologies/javase/15-relnote-issues.html,Removed Features and Options,"
core-svc/javax.management
??Removal of Deprecated Constant RMIConnectorServer.CREDENTIAL_TYPES
The terminally deprecated constant javax.management.remote.rmi.RMIConnectorServer.CREDENTIAL_TYPE has been removed. A filter pattern can be specified instead by using RMIConnectorServer.CREDENTIALS_FILTER_PATTERN.
See JDK-8213222
",,,
https://www.oracle.com/java/technologies/javase/15-relnote-issues.html,Removed Features and Options,"
core-libs/jdk.nashorn
??Removal of Nashorn JavaScript Engine
The Nashorn JavaScript script engine"","" its APIs"","" and the jjs tool have been removed. The engine"","" the APIs"","" and the tool were deprecated for removal in Java 11 with the express intent to remove them in a future release.
See JDK-8236933
",,,
https://www.oracle.com/java/technologies/javase/15-relnote-issues.html,Removed Features and Options,"
hotspot/gc
??Obsolete -XXUseAdaptiveGCBoundary
The VM option UseAdaptiveGCBoundary is obsolete.  Use of this option will produce an obsolete option warning but will otherwise be ignored.
This option was previously disabled by default"","" and enabling it only had an effect when also using -XX:+UseParallelGC.  Enabling it was intended to provide a performance benefit for some applications. However"","" it has been disabled by default for a long time because of crashes and performance regressions.
See JDK-8228991
",,,
https://www.oracle.com/java/technologies/javase/15-relnote-issues.html,Removed Features and Options,"
security-libs/java.security
??Removal of Comodo Root CA Certificate
The following expired Comodo root CA certificate has been removed from the cacerts keystore:
+ alias name ""addtrustclass1ca [jdk]""


  Distinguished Name: CN=AddTrust Class 1 CA Root"","" OU=AddTrust TTP Network"","" O=AddTrust AB"","" C=SE
See JDK-8225069
",,,
https://www.oracle.com/java/technologies/javase/15-relnote-issues.html,Removed Features and Options,"
security-libs/java.security
??Removal of DocuSign Root CA Certificate
The following expired DocuSign root CA certificate has been removed from the cacerts keystore:
+ alias name ""keynectisrootca [jdk]""


  Distinguished Name: CN=KEYNECTIS ROOT CA"","" OU=ROOT"","" O=KEYNECTIS"","" C=FR
See JDK-8225068
",,,
https://www.oracle.com/java/technologies/javase/15-relnote-issues.html,Removed Features and Options,"
security-libs/javax.net.ssl
??Retired the Deprecated SSLSession.getPeerCertificateChain() Method Implementation
The implementation of the deprecated SSLSession.getPeerCertificateChain() method has been removed from the JDK in the SunJSSE provider and the HTTP client implementation.  The default implementation of this method has been changed to throw UnsupportedOperationException.
SSLSession.getPeerCertificateChain() is a deprecated method and will be removed in a future release.  To mitigate the removal compatibility impact"","" applications should use the SSLSession.getPeerCertificates() method instead.  For service providers"",""  please remove this method from the existing implementation"","" and do not support this method in any new implementation.
See JDK-8241039
",,,
https://www.oracle.com/java/technologies/javase/15-relnote-issues.html,Removed Features and Options,"
security-libs/javax.net.ssl
??Removal of com.sun.net.ssl.internal.ssl.Provider Name
The legacy SunJSSE provider name"","" ""com.sun.net.ssl.internal.ssl.Provider"" has been removed and should no longer be used.  The ""SunJSSE"" name should be used instead. For example"","" SSLContext.getInstance(""TLS"""","" ""SunJSSE"").
See JDK-8219989
",,,
https://www.oracle.com/java/technologies/javase/15-relnote-issues.html,Deprecated Features and Options,"
core-libs/java.rmi
??Deprecated RMI Activation for Removal
The RMI Activation mechanism has been deprecated and may be removed in a future version of the platform. RMI Activation is an obsolete part of RMI that has been optional since Java 8. It allows RMI server JVMs to be started (""activated"") upon receipt of a request from a client"","" instead of requiring RMI server JVMs to be running continuously. Other parts of RMI are not deprecated. See JEP 385 for further information.
See JDK-8245068
",,,
https://www.oracle.com/java/technologies/javase/15-relnote-issues.html,Deprecated Features and Options,"
docs
??Deprecated NSWindowStyleMaskTexturedBackground
After an upgrade of the macOS SDK used to build the JDK"","" the behavior of the apple.awt.brushMetalLook and textured Swing properties has changed. When these properties are set"","" the title of the frame is still visible.
It is recommended that the apple.awt.transparentTitleBar property be set to true to make the title of the frame invisible again. The apple.awt.fullWindowContent property can also be used.
Please note that Textured window support was implemented by using the NSTexturedBackgroundWindowMask value of NSWindowStyleMask. However"","" this was deprecated in macOS 10.12 along with NSWindowStyleMaskTexturedBackground"","" which was deprecated in macOS 10.14.
For additional information"","" refer to the following documentation:

apple.awt.brushMetalLook:  https://developer.apple.com/documentation/appkit/nstexturedbackgroundwindowmask?language=objc
apple.awt.transparentTitleBar: https://developer.apple.com/documentation/appkit/nswindow/1419167-titlebarappearstransparent?language=objc
apple.awt.fullWindowContent: https://developer.apple.com/documentation/appkit/nsfullsizecontentviewwindowmask

See JDK-8240995
",,,
https://www.oracle.com/java/technologies/javase/15-relnote-issues.html,Deprecated Features and Options,"
hotspot/gc
??Deprecated -XXForceNUMA Option
The VM option ForceNUMA is deprecated. Use of this option will produce a deprecation warning. This option will be removed in a future release.
This option has always been disabled by default. It exists to support testing of NUMA-related code paths when running on a single node / UMA platform.
See JDK-8243628
",,,
https://www.oracle.com/java/technologies/javase/15-relnote-issues.html,Deprecated Features and Options,"
hotspot/runtime
??Disabled Biased-locking and Deprecated Biased-locking Flags
Biased locking has been disabled by default in this release. In addition"","" the VM option UseBiasedLocking along with the VM options BiasedLockingStartupDelay"","" BiasedLockingBulkRebiasThreshold"","" BiasedLockingBulkRevokeThreshold"","" BiasedLockingDecayTime and UseOptoBiasInlining have been deprecated. The options will continue to work as intended but will generate a deprecation warning when they are used.
Biased locking might affect performance on applications that exhibit significant amounts of uncontended synchronization"","" such as applications that rely on older Java Collections APIs that synchronize on every access. Hashtable and Vector are examples of these APIs. Use -XX:+BiasedLocking on the command line to re-enable biased locking. Report any significant performance regressions to Oracle with biased locking disabled.
See JDK-8231264
",,,
https://www.oracle.com/java/technologies/javase/15-relnote-issues.html,Deprecated Features and Options,"
security-libs/javax.crypto
??Disabled Native SunEC Implementation by Default
The SunEC crypto provider no longer advertises curves that are not implemented by using modern formulas and techniques.  Arbitrary and named curves"","" listed at the bottom of this note"","" are disabled.  Commonly used named curves"","" secp256r1"","" secp384r1"","" secp521r1"","" x25519"","" and x448"","" remain supported and enabled by SunEC because they use modern techniques.  Applications that still require the disabled curves from the SunEC provider can re-enable them by setting the System property jdk.sunec.disableNative to false. For example: java -Djdk.sunec.disableNative=false ....
If this property is set to any other value"","" the curves will remain disabled.   Exceptions thrown when the curves are disabled will contain the message Legacy SunEC curve disabled"","" followed by the name of the curve. Methods affected by the change are KeyPair.generateKeyPair()"","" KeyAgreement.generateSecret()"","" Signature.verify()"","" and Signature.sign(). These methods throw the same exception class they had before when the curve was not supported.
The following curves are disabled:  secp112r1"","" secp112r2"","" secp128r1"","" secp128r2"","" secp160k1"","" secp160r1"","" secp160r2"","" secp192k1"","" secp192r1"","" secp224k1"","" secp224r1"","" secp256k1"","" sect113r1"","" sect113r2"","" sect131r1"","" sect131r2"","" sect163k1"","" sect163r1"","" sect163r2"","" sect193r1"","" sect193r2"","" sect233k1"","" sect233r1"","" sect239k1"","" sect283k1"","" sect283r1"","" sect409k1"","" sect409r1"","" sect571k1"","" sect571r1"","" X9.62 c2tnb191v1"","" X9.62 c2tnb191v2"","" X9.62 c2tnb191v3"","" X9.62 c2tnb239v1"","" X9.62 c2tnb239v2"","" X9.62 c2tnb239v3"","" X9.62 c2tnb359v1"","" X9.62 c2tnb431r1"","" X9.62 prime192v2"","" X9.62 prime192v3"","" X9.62 prime239v1"","" X9.62 prime239v2"","" X9.62 prime239v3"","" brainpoolP256r1 brainpoolP320r1"","" brainpoolP384r1"","" brainpoolP512r1
See JDK-8237219
",,,
https://www.oracle.com/java/technologies/javase/15-relnote-issues.html,Deprecated Features and Options,"
security-libs/jdk.security
??Added forRemoval=true to Previously Deprecated ContentSigner APIs
The ContentSigner and ContentSignerParameters classes in the com.sun.jarsigner package support alternative signers and have been deprecated with forRemoval=true.  When the -altsigner or -altsignerpath options are specified"","" the jarsigner tool produces a warning that these options are deprecated and will be removed.
See JDK-8242260
",,,
https://www.oracle.com/java/technologies/javase/15-relnote-issues.html,Other notes,"
client-libs
??Workaround for Windows GDI API's memory restrictions
It has been found that some Windows GDI functions don't support all types of Java heap memory allocation schemes. This problem can cause repaint issues and printing bugs. It has been worked around by allocating temporary buffers off heap.
See: https://support.microsoft.com/en-us/help/4567569/gdi-apis-may-fail-when-large-pages-or-vad-spanning-is-used
See JDK-8240654
",,,
https://www.oracle.com/java/technologies/javase/15-relnote-issues.html,Other notes,"
client-libs/java.awt
??java.awt.Robot.delay() Method Completes With Interrupt Status Set When Interrupted
When it is interrupted"","" the implementation of the java.awt.Robot.delay() method has been changed to complete with the interrupt status set.
If a thread is interrupted while waiting in the java.awt.Robot.delay() method"","" then this method returns immediately with the interrupt status set. If the interrupted status is already set"","" this method returns immediately with the interrupt status set.
See JDK-8210231
",,,
https://www.oracle.com/java/technologies/javase/15-relnote-issues.html,Other notes,"
core-libs/java.io:serialization
??Improved Serialization Handling
When setting a serialization filter by using java.io.ObjectInputStream.setObjectInputFilter the method must be called before reading any objects from the stream. If the methods readObject or readUnshared are called"","" the setObjectInputFilter method throws IllegalStateException.
JDK-8234836 (not public)
",,,
https://www.oracle.com/java/technologies/javase/15-relnote-issues.html,Other notes,"
core-libs/java.lang
??Optimized Empty Substring Handling
The implementation of String.substring and related methods stripLeading and stripTrailing have changed in this release to avoid redundantly creating a new empty String. This may impact code that depends on unspecified behaviour and the identity of empty sub-strings.
See JDK-8240094
",,,
https://www.oracle.com/java/technologies/javase/15-relnote-issues.html,Other notes,"
core-libs/java.lang.invoke
??LookupdefineClass Links the Class
Lookup::defineClass is specified to throw LinkageError if a linkage error occurs"","" but the implementation was not actually linking the class.  In this release"","" the implementation has been changed to link the class before returning"","" so conforming to the specification.   If Lookup::defineClass is called to define a class that fails linking"","" LinkageError will be thrown.
See JDK-8238195
",,,
https://www.oracle.com/java/technologies/javase/15-relnote-issues.html,Other notes,"
core-libs/java.net
??DatagramSocketdisconnect Allows an Implementation to Throw UncheckedIOException
Previously"","" DatagramChannel::disconnect threw an IOException while DatagramSocket::disconnect did not. As a result"","" the DatagramChannel::socket adapter"","" which calls DatagramChannel::disconnect"","" catches the thrown IOException and rethrows it as an Error. However"","" this was undocumented behavior and not user-friendly.
The DatagramChannel::socket adapter has been changed to throw an UncheckedIOException"","" and the specification of DatagramSocket::disconnect has been updated to document that an implementation may now throw an UncheckedIOException. This ensures consistency in behavior between DatagramSocket"","" DatagramChannel"","" and DatagramChannel::socket adapter.
See JDK-8235783
",,,
https://www.oracle.com/java/technologies/javase/15-relnote-issues.html,Other notes,"
core-libs/java.net
??java.net.HttpClient Does Not Override Protocols Specified in SSLContext Default Parameters
During the setup of new connections"","" java.net.http.HttpClient now uses the default set of protocols provided by the SSLContext when negotiating the TLS handshake. In the absence of  any SSLParameters explicitly supplied to the HttpClient.builder"","" the HttpClient has been updated to no longer override any default-selected protocols in the SSLContext. As a result"","" the actual TLS version that is negotiated might differ from that of previous releases"","" or it might even succeed or fail to negotiate when it previously might not have.
See JDK-8239594
",,,
https://www.oracle.com/java/technologies/javase/15-relnote-issues.html,Other notes,"
core-libs/java.net
??Filtering and Ordering of Addresses Returned by Alternative Hosts File Name Service Provider
In this release"","" the behavior of InetAddress.getAllByName has been modified when the alternative hosts file name service is selected .
The JDK allows specifying an alternative host's file name service by using the jdk.net.hosts.file system property. The implementation of the alternative name service has been changed to take into account the values of the java.net.preferIPv4Stack and java.net.preferIPv6Addresses system properties. This affects the results returned by InetAddress.getAllByName when the host's file name service is selected.
For details about java.net.preferIPv4Stack and java.net.preferIPv6Addresses"","" see Networking Properties in the API documentation.
See JDK-8244958
",,,
https://www.oracle.com/java/technologies/javase/15-relnote-issues.html,Other notes,"
core-libs/java.net
??DatagramPacket.getPort() Returns 0 When the Port Is Not Set
In this release"","" the default port number for a datagram packet has been changed to 0. Previously"","" this value was -1"","" which was undocumented. The port can be retrieved by using DatagramPacket::getPort.
See JDK-8237890
",,,
https://www.oracle.com/java/technologies/javase/15-relnote-issues.html,Other notes,"
core-libs/java.nio.charsets
??Modified the MS950 charset Encoder's Conversion Table
In this release"","" some of the one-way byte-to-char mappings have been aligned with the preferred mappings provided by the Unicode Consortium.
See JDK-8232161
",,,
https://www.oracle.com/java/technologies/javase/15-relnote-issues.html,Other notes,"
core-libs/java.text
??Support Monetary Grouping Separator in DecimalFormat/DecimalFormatSymbols
DecimalFormat/DecimalFormatSymbols classes are now capable of dealing with grouping separators for currency values. For example"","" the monetary grouping separator for the German language used in Austria (the de-AT locale) is '.'"","" whereas the monetary grouping separator in other German locales is ' '.
See JDK-8227313
",,,
https://www.oracle.com/java/technologies/javase/15-relnote-issues.html,Other notes,"
core-libs/java.time
??localizedBy() Overrides Localized Values With Default Values
java.time.format.DateTimeFormatter.localizedBy(Locale) method now honors the default locale values"","" such as Chronologyand/or DecimalStyle of the specified locale argument.
For example"","" in previous JDK releases:
jshell> DateTimeFormatter.ofLocalizedDate(FormatStyle.FULL)

    .localizedBy(Locale.forLanguageTag(""fa""))
    .format(LocalDate.now())
$3 ==> ""???? 1 ??? 2020""
the numbers are in Arabic (Western) numerals.
In JDK 15:
jshell> DateTimeFormatter.ofLocalizedDate(FormatStyle.FULL)

    .localizedBy(Locale.forLanguageTag(""fa""))
    .format(LocalDate.now())
$3 ==> ""???? ? ??? ????""
the numbers are in Extended Arabic-Indic numerals because it is the default numbering system for the Farsi locale.
See JDK-8244245
",,,
https://www.oracle.com/java/technologies/javase/15-relnote-issues.html,Other notes,"
core-libs/java.time
??ValueRange.of(long"","" long"","" long) Does Not Throw IAE on Invalid Inputs
java.time.temporal.ValueRange.of() methods are now correctly throwing an InvalidArgumentException on given invalid arguments. For example"","" of(5"","" 2"","" 10) which is invalid because the minimum is greater than the smallest maximum"","" now throws the exception.
See JDK-8239520
",,,
https://www.oracle.com/java/technologies/javase/15-relnote-issues.html,Other notes,"
core-libs/java.util.jar
??Performance Improvement for InflaterOutputStream.write
InflaterOutputStream(OutputStream out"","" Inflater infl"","" int bufLen) allows for specifying the  decompressor and buffer size to be used.
InflaterOutputStream.write(byte[] b"","" int off"","" int len) was writing data using a max buffer size of 512 bytes.
Starting with JDK 15 the buffer size specified via InflaterOutputStream(OutputStream out"","" Inflater infl"","" int bufLen) will be used in  calls to InflaterOutputStream.write(byte[] b"","" int off"","" int len).  If the buffer size is not specified when invoking the InflaterOutputStream constructor"","" it will default to 512 bytes.
See JDK-8242848
",,,
https://www.oracle.com/java/technologies/javase/15-relnote-issues.html,Other notes,"core-libs/java.util.regex??Incorrect behavior matching Unicode linebreaks
The change JDK-8235812 in Java 15 introduced incorrect behavior for matching of the \R Unicode linebreak sequence when using the java.util.regex.Pattern API. The \R sequence should match CR (U+000D) or LF (U+000A) individually"","" but it should not match an individual CR if it occurs in a CRLF sequence. An example of the erroneous behavior is that the pattern \R{2} matches a CRLF sequence"","" but it should not. A possible workaround is to match linebreaks using individual characters instead of \R"","" using negative lookahead to prevent matching of an individual CR within a CRLF sequence. To do this"","" replace the \R sequence with the following:
    (?:(\u000D\u000A)|((?!\u000D\u000A)[\000A\u000B\u000C\u000D\u0085\u2028\u2029]))

A simpler sequence can be used if matching all of the Unicode-specified linebreak characters is not required"","" or if special treatment for the CRLF sequence is not required.
See JDK-8258259
",,,
https://www.oracle.com/java/technologies/javase/15-relnote-issues.html,Other notes,"
core-libs/java.util.regex
??Case Insensitive Matching Doesn't Work Correctly for Some Character Classes
The Java regular expression engine supports the case insensitive mode.  When this mode is turned on"","" the engine is supposed to match the input text without regard to the case of the characters it consists of.
However"","" the current implementation of matching against some named character classes (those that are encoded with \p{name} or \P{name} constructs) fails to respect the case insensitive mode.
This fix makes these character classes behave consistently with respect to case sensitivity.  When the regular expression engine operates in the case insensitive mode"","" the named character classes will match the input characters without regard to their case: lower case"","" upper case"","" or title case.
See JDK-8214245
",,,
https://www.oracle.com/java/technologies/javase/15-relnote-issues.html,Other notes,"
core-libs/java.util:collections
??Better Listing of Arrays
The preferred way to copy a collection is to use a ""copy constructor."" For example"","" to copy a collection into a new ArrayList"","" one would write new ArrayList<>(collection). In certain circumstances"","" an additional"","" temporary copy of the collection's contents might be made in order to improve robustness. If the collection being copied is exceptionally large"","" then the application should be (aware of/monitor) the significant resources required involved in making the copy.
JDK-8231800 (not public)
",,,
https://www.oracle.com/java/technologies/javase/15-relnote-issues.html,Other notes,"core-libs/java.util:collections??TreeMap.computeIfAbsent Mishandles Existing Entries Whose Values Are null
Enhancement JDK-8176894 inadvertently introduced erroneous behavior in the TreeMap.computeIfAbsent method. The other TreeMap methods that were modified by this enhancement are unaffected. The erroneous behavior is that"","" if the map contains an existing mapping whose value is null"","" the computeIfAbsent method immediately returns null. To conform with the specification"","" computeIfAbsent should instead call the mapping function and update the map with the function's result.
See JDK-8259622
",,,
https://www.oracle.com/java/technologies/javase/15-relnote-issues.html,Other notes,"
core-libs/java.util:i18n
??Support for CLDR version 37
Locale data based on Unicode Consortium's CLDR has been upgraded to their version 37. For the detailed locale data changes"","" please refer to the Unicode Consortium's CLDR release notes:

http://cldr.unicode.org/index/downloads/cldr-37

See JDK-8239480
",,,
https://www.oracle.com/java/technologies/javase/15-relnote-issues.html,Other notes,"
core-libs/java.util:i18n
??Localized Time Zone Name Inconsistency Between English and Other Locales
English time zone names provided by the CLDR locale provider are now correctly synthesized following the CLDR spec"","" rather than substituted from the COMPAT provider. For example"","" SHORT style names are no longer synthesized abbreviations of LONG style names"","" but instead produce GMT offset formats.
See JDK-8236548
",,,
https://www.oracle.com/java/technologies/javase/15-relnote-issues.html,Other notes,"
tools/jpackage
??[macos] Support for Notarizing jpackage app-image and dmg
jpackage cannot create packages on macOS that are suitable for notarization.
See JDK-8237490
",,,
https://www.oracle.com/java/technologies/javase/15-relnote-issues.html,Other notes,"
hotspot/compiler
??Flags Controlling C1 Inlining Have New Names
A number of flags controlling inlining in the C1 and C2 compilers have been split up into separate flags. The C2 compiler keeps the flags with the old names"","" and the C1 compiler gets the new flags.
Old flags now only controlling C2

MaxInlineLevel
MaxRecursiveInlineLevel
MaxInlineSize
MaxTrivialSize
InlineSmallCode
FreqInlineSize

New flags for C1 that replace the old ones

C1MaxInlineLevel
C1MaxRecursiveInlineLevel
C1MaxInlineSize
C1MaxTrivialSize

Deprecation
If the old flags are used in a JDK build without the C2 compiler"","" a deprecation warning will be printed.
See JDK-8235673
",,,
https://www.oracle.com/java/technologies/javase/15-relnote-issues.html,Other notes,"
hotspot/gc
??Improved Ergonomics for G1 Heap Region Size
The default heap region size calculation has been changed to return larger regions by default. The calculation still aims to have 2048 regions"","" but two aspects have changed:

Only the maximum heap size is considered. The old calculation also took the initial heap size into consideration"","" but this can give unexpected behavior when no heap size is set.
The region size is rounded up to the nearest power of 2 instead of down. This will return larger region sizes in cases where the maximum heap size is not a power of 2.

These changes improve startup and runtime performance.
See JDK-8241670
",,,
https://www.oracle.com/java/technologies/javase/15-relnote-issues.html,Other notes,"
hotspot/gc
??JEP 377 ZGC A Scalable Low-Latency Garbage Collector (Production)
The Z Garbage Collector (ZGC) is now ready for use in production and no longer marked as an experimental feature. ZGC is enabled by using the -XX:+UseZGC command-line option (using -XX:+UnlockExperimentalVMOptions is no longer needed).
See JEP 377 for more details.
See JDK-8209683
",,,
https://www.oracle.com/java/technologies/javase/15-relnote-issues.html,Other notes,"
hotspot/gc
??Disabling large pages on Windows
-XX:+UseLargePages has no effect on Windows in this release. It was found that GDI APIs used by java2d don't support large pages. The JVM detects this problem and both warns about this and reverts to using small pages. See: https://support.microsoft.com/en-us/help/4567569/gdi-apis-may-fail-when-large-pages-or-vad-spanning-is-used
See JDK-8245000
",,,
https://www.oracle.com/java/technologies/javase/15-relnote-issues.html,Other notes,"
hotspot/gc
??Disabling NUMA Interleaving on Windows
-XX:+UseNUMAInterleaving has no effect on Windows in this release. It was found that GDI APIs used by java2d don't support the memory reservation scheme used for NUMA interleaving. The JVM detects this problem and both warns about this and turns off NUMA interleaving. See: https://support.microsoft.com/en-us/help/4567569/gdi-apis-may-fail-when-large-pages-or-vad-spanning-is-used
See JDK-8245002
",,,
https://www.oracle.com/java/technologies/javase/15-relnote-issues.html,Other notes,"
hotspot/runtime
??Field Layout Computation Changed
The way that field layout is computed has been changed"","" with more aggressive optimizations to avoid unused gaps in instances. These new optimizations can be disabled by using a new VM option -XX:-UseEmptySlotsInSupers.
For a limited time"","" it is possible to continue to use the old code to compute field layout with a new VM option -XX:-UseNewFieldLayout. However"","" this option has been deprecated in JDK 15 and the old code will be removed in a future release.
See JDK-8237767
",,,
https://www.oracle.com/java/technologies/javase/15-relnote-issues.html,Other notes,"
hotspot/runtime
??Enable ShowCodeDetailsInExceptionMessages by default
The default of the flag ShowCodeDetailsInExceptionMessages was changed to 'true'.  The helpful NullPointerException messages of JEP 358 are now printed by default.  The messages contain snippets of the code where the NullPointerException was raised.
App deployers should  double check the output of their web applications and similar usage scenarios.
The NullPointerException message could be included in application error messages or be displayed by other means in the app. This could give remote attackers valuable hints about a potential vulnerable state of the software components being used.
An example message is 'Cannot read field ""c"" because ""a.b"" is null'. The attacker knows that field b of a contains null which might be unintended and offer an opportunity for an attack. For more details of what the message can contain see the above mentioned JEP 358.
See JDK-8233014
",,,
https://www.oracle.com/java/technologies/javase/15-relnote-issues.html,Other notes,"
security-libs/java.security
??Signature and SignatureSpi Get Parameter Methods May Return null When Unsupported
Signature.getParameters() and SignatureSpi.engineGetParameters() may return null if the underlying provider does not support returning the parameters as AlgorithmParameters. For further details"","" see the Signature and SignatureSpi method descriptions.
See JDK-8243424
",,,
https://www.oracle.com/java/technologies/javase/15-relnote-issues.html,Other notes,"
security-libs/javax.crypto:pkcs11
??SunPKCS11 Initialization With NSS When External FIPS Modules Are in Security Modules Database
The SunPKCS11 security provider can now be initialized with NSS when FIPS-enabled external modules are configured in the Security Modules Database (NSSDB). Before this change"","" when such a library was configured for NSS in non-FIPS mode"","" the SunPKCS11 provider would throw a RuntimeException with the message ""FIPS flag set for non-internal module"".
This change allows the JDK to work properly with recent NSS releases in GNU/Linux operating systems when the system-wide FIPS policy is turned on.
See JDK-8238555
",,,
https://www.oracle.com/java/technologies/javase/15-relnote-issues.html,Other notes,"
security-libs/javax.net.ssl
??Default SSLEngine Should Create in Server Role
In JDK 11 and later"","" javax.net.ssl.SSLEngine by default used client mode when handshaking. As a result"","" the set of default enabled protocols may differ to what is expected. SSLEngine would usually be used in server mode. From this JDK release onwards"","" SSLEngine will default to server mode. The javax.net.ssl.SSLEngine.setUseClientMode?(boolean mode) method may be used to configure the mode.
See JDK-8237474
",,,
https://www.oracle.com/java/technologies/javase/15-relnote-issues.html,Other notes,"
tools/javac
??JEP 375 Pattern Matching for instanceof (Second Preview)
Pattern matching for the instanceof operator is a preview feature of the Java language in JDK 15. Pattern matching allows common logic in a Java program to be expressed more concisely and safely"","" namely the conditional extraction of components from objects. Preview features must not be used in production"","" but feedback from Java developers on the usability of preview features is welcome.
See JDK-8235186
",,,
https://www.oracle.com/java/technologies/javase/15-relnote-issues.html,Other notes,"
tools/javadoc(tool)
??Standard Doclet Index Files Compression
The Standard Doclet no longer generates pre-compressed index files. Decisions about compression are now left to the underlying means of delivery (for example"","" application layer protocols such as HTTP).
See JDK-8237909
",,,
https://www.oracle.com/java/technologies/javase/15-0-1-relnotes.html,New Features,"security-libs/javax.net.ssl??Improve Certificate Chain HandlingA new system property"","" jdk.tls.maxHandshakeMessageSize"","" has been added to set the maximum allowed size for the handshake message in TLS/DTLS handshaking. The default value of the system property is 32768  (32 kilobytes).
A new system property"","" jdk.tls.maxCertificateChainLength"","" has been added to set the maximum allowed length of the certificate chain in TLS/DTLS handshaking. The default value of the system property is 10.
JDK-8245417 (not public)
",,,
https://www.oracle.com/java/technologies/javase/15-0-1-relnotes.html,Other notes,"core-libs/javax.naming??Added Property to Control LDAP Authentication Mechanisms Allowed to Authenticate Over Clear ConnectionsA new environment property"",""
jdk.jndi.ldap.mechsAllowedToSendCredentials"","" has been added to
control which LDAP authentication mechanisms are allowed to send
credentials over clear LDAP connections - a connection not secured
with TLS. An encrypted LDAP connection is a connection opened
by using ldaps scheme"","" or a connection opened by using ldap scheme
and then upgraded to TLS with a STARTTLS extended operation.
The value of the property"","" which is by default not set"","" is a comma
separated list of the mechanism names that are permitted to authenticate
over a clear connection. If a value is not specified for the property"","" then all mechanisms
are allowed. If the specified value is an empty list"","" then no mechanisms are
allowed (except  for none and anonymous). The default value for this property is 'null'
( i.e. System.getProperty(""jdk.jndi.ldap.mechsAllowedToSendCredentials"") returns 'null'). To explicitly permit all mechanisms to authenticate over a clear connection"","" the property
value can be set to ""all"". If a connection is downgraded from
encrypted to clear"","" then only the mechanisms that are explicitly permitted are allowed.
The property can be supplied to the LDAP context environment map"","" or
set globally as a system property. When both are supplied"","" the
environment map takes precedence.
Note: none and anonymous authentication mechanisms are exempted
from these rules and are always allowed regardless of the property value.
JDK-8237990 (not public)
",,,
https://www.oracle.com/java/technologies/javase/15-0-1-relnotes.html,Other notes,"security-libs/java.security??Added 3 SSL Corporation Root CA CertificatesThe following root certificates have been added to the cacerts truststore:
+ SSL Corporation

  + sslrootrsaca
    DN: CN=SSL.com Root Certification Authority RSA"","" O=SSL Corporation"","" L=Houston"","" ST=Texas"","" C=US

  + sslrootevrsaca
    DN: CN=SSL.com EV Root Certification Authority RSA R2"","" O=SSL Corporation"","" L=Houston"","" ST=Texas"","" C=US

  + sslrooteccca
    DN: CN=SSL.com Root Certification Authority ECC"","" O=SSL Corporation"","" L=Houston"","" ST=Texas"","" C=US
See JDK-8243320
",,,
https://www.oracle.com/java/technologies/javase/15-0-1-relnotes.html,Other notes,"security-libs/java.security??Added Entrust Root Certification Authority - G4 certificateThe following root certificate has been added to the cacerts truststore:
+ Entrust

  + entrustrootcag4
    DN: CN=Entrust Root Certification Authority - G4"","" OU=""(c) 2015 Entrust"","" Inc. - for authorized use only"""","" 
    OU=See www.entrust.net/legal-terms"","" O=""Entrust"","" Inc."""","" C=US
See JDK-8243321
",,,
https://www.oracle.com/java/technologies/javase/15-0-1-relnotes.html,Other notes,"core-libs/java.io:serialization??Enhanced Support of Proxy ClassThe deserialization of java.lang.reflect.Proxy objects can be limited by setting the system property jdk.serialProxyInterfaceLimit.
The limit is the maximum number of interfaces allowed per Proxy in the stream.
Setting the limit to zero prevents any Proxies from being deserialized including Annotations"","" a limit of less than 2 might interfere with RMI operations.
JDK-8236862 (not public)
 
Bug Fixes
This release also contains fixes for security vulnerabilities described in the Oracle Critical Patch Update. For a more complete list of the bug fixes included in this release"","" see the JDK 15.0.1 Bug Fixes page.

",,,
https://www.oracle.com/java/technologies/javase/15-0-2-relnotes.html,Other notes,"core-libs/java.time??JDK time-zone data upgraded to tzdata2020d
The JDK update incorporates tzdata2020d. The main change is

Palestine ends DST earlier than predicted"","" on 2020-10-24.

Please refer to https://mm.icann.org/pipermail/tz-announce/2020-October/000062.html for more information.
See JDK-8255226
",,,
https://www.oracle.com/java/technologies/javase/15-0-2-relnotes.html,Other notes,"core-libs/java.time??JDK time-zone data upgraded to tzdata2020c
The JDK update incorporates tzdata2020c. The main change is

Fiji starts DST later than usual"","" on 2020-12-20.

Please refer to https://mm.icann.org/pipermail/tz-announce/2020-October/000060.html for more information.
See JDK-8254982
",,,
https://www.oracle.com/java/technologies/javase/15-0-2-relnotes.html,Other notes,"core-libs/java.time??US/Pacific-New Zone Name Removed as Part of tzdata2020b
Following the JDK's update to tzdata2020b"","" the long-obsolete files named pacificnew and systemv have been removed. As a result"","" the ""US/Pacific-New"" Zone name declared in the pacificnew data file is no longer available for use.
Information regarding this update can be viewed at https://mm.icann.org/pipermail/tz-announce/2020-October/000059.html
See JDK-8254177
",,,
https://www.oracle.com/java/technologies/javase/16-relnote-issues.html,What's New in JDK 16 - New Features and Enhancements,"core-libs??JEP 389: Foreign Linker API (Incubator)
Introduce an API that offers statically-typed"","" pure-Java access to native code. This API"","" together with the Foreign-Memory API (JEP 393)"","" will considerably simplify the otherwise error-prone process of binding to a native library.
For further details"","" see JEP 389.
See JDK-8249755
",,,
https://www.oracle.com/java/technologies/javase/16-relnote-issues.html,What's New in JDK 16 - New Features and Enhancements,"core-libs??JEP 396: Strongly Encapsulate JDK Internals by Default
Strongly encapsulate all internal elements of the JDK by default"","" except for critical internal APIs such as sun.misc.Unsafe.  Allow end users to choose the relaxed strong encapsulation that has been the default since JDK?9.
With this change"","" the default value of the launcher option --illegal-access is now deny rather than permit.  As a consequence"","" existing code that uses most internal classes"","" methods"","" or fields of the JDK will fail to run.  Such code can be made to run on JDK?16 by specifying --illegal-access=permit.  That option will"","" however"","" be removed in a future release.
For further details"","" please see JEP 396.
See JDK-8256299
",,,
https://www.oracle.com/java/technologies/javase/16-relnote-issues.html,What's New in JDK 16 - New Features and Enhancements,"core-libs??JEP 393: Foreign-Memory Access API (Third Incubator)
Introduce an API to allow Java programs to safely and efficiently access foreign memory outside of the Java heap.
For further details"","" see JEP 393.
See JDK-8253415
",,,
https://www.oracle.com/java/technologies/javase/16-relnote-issues.html,What's New in JDK 16 - New Features and Enhancements,"core-libs??JEP 390: Warnings for Value-based Classes
Users of the value-based classes provided by the standard libraries?notably including users of the primitive wrapper classes?should avoid relying on the identity of class instances. Programmers are strongly discouraged from calling the wrapper class constructors"","" which are now deprecated for removal. New javac warnings discourage synchronization on value-based class instances. Runtime warnings about synchronization can also be activated"","" using command-line option -XX:DiagnoseSyncOnValueBasedClasses.
For further details"","" see JEP 390.
See JDK-8249100
",,,
https://www.oracle.com/java/technologies/javase/16-relnote-issues.html,What's New in JDK 16 - New Features and Enhancements,"core-libs/java.lang:reflect??Add InvocationHandler::invokeDefault Method for Proxy's Default Method Support
A new method"","" invokeDefault"","" has been added to the java.lang.reflect.InvocationHandler interface to allow a default method defined in a proxy interface to be invoked.
See JDK-8159746
",,,
https://www.oracle.com/java/technologies/javase/16-relnote-issues.html,What's New in JDK 16 - New Features and Enhancements,"core-libs/java.nio??JEP 380: Unix domain sockets
Provides support for Unix domain sockets (AF_UNIX) in the java.nio.channels"","" SocketChannel"","" and ServerSocketChannel classes.
See JEP-380 for more information.
See also the following release note for information about the limitations in the support on Windows in JDK16.
See JDK-8238588
",,,
https://www.oracle.com/java/technologies/javase/16-relnote-issues.html,What's New in JDK 16 - New Features and Enhancements,"core-libs/java.time??Day Period Support Added to java.time Formats
A new formatter pattern"","" letter 'B'"","" and its supporting method have been added to java.time.format.DateTimeFormatter/DateTimeFormatterBuilder classes. The pattern and method translate day periods defined in Unicode Consortium's CLDR (https://unicode.org/reports/tr35/tr35-dates.html#dayPeriods). Applications can now express periods in a day"","" such as ""in the morning"" or ""at night"""","" not just am/pm. The following example demonstrates translating the day periods:
DateTimeFormatter.ofPattern(""B"").format(LocalTime.now())

This example produces day period text depending on the time of the day and locale.
See JDK-8247781
",,,
https://www.oracle.com/java/technologies/javase/16-relnote-issues.html,What's New in JDK 16 - New Features and Enhancements,"core-libs/java.util.stream??Add Stream.toList() Method
A new method toList has been added to the java.util.Stream interface. This introduces a potential source incompatibility with classes that implement or interfaces that extend the Stream interface and that also statically import a toList method from elsewhere"","" for example"","" Collectors.toList. References to such methods must be changed to use a qualified name instead of a static import.
See JDK-8180352
",,,
https://www.oracle.com/java/technologies/javase/16-relnote-issues.html,What's New in JDK 16 - New Features and Enhancements,"hotspot/compiler??JEP 338: Vector API (Incubator)

Provides an initial iteration of an incubator module"","" jdk.incubator.vector"","" to express vector computations that reliably compile at runtime to optimal vector hardware instructions on supported CPU architectures and thus achieve superior performance to equivalent scalar computations.
For further details"","" see JEP 338.
See JDK-8201271
",,,
https://www.oracle.com/java/technologies/javase/16-relnote-issues.html,What's New in JDK 16 - New Features and Enhancements,"hotspot/compiler??Improved CompileCommand Flag
The CompileCommand flag has an option type that has been used for a collection of sub commands. These commands weren't verified for validity so spelling mistakes lead to the command being ignored. They had the form:
-XX:CompileCommand=option"",""<method pattern>"",""<option name>"",""<value type>"",""<value>

All option commands now exist as ordinary commands with this form:
-XX:CompileCommand=<option name>"",""<method pattern>"",""<value>

The option name is verified and the type is inferred. Helpful error messages are given if the command name doesn't exist"","" or if the value doesn't match the type of the command. All command names are case insensitive.
The old syntax for option commands can still be used. Verification that the option name"","" value type"","" and value is consistent has been added.
All available options can be listed with:
-XX:CompileCommand=help

See JDK-8256508
",,,
https://www.oracle.com/java/technologies/javase/16-relnote-issues.html,What's New in JDK 16 - New Features and Enhancements,"hotspot/gc??JEP 376: ZGC Concurrent Stack Processing
The Z Garbage Collector now processes thread stacks concurrently. This allows all roots in the JVM to be processed by ZGC in a concurrent phase instead of stop-the-world pauses. The amount of work done in ZGC pauses has now become constant and typically not exceeding a few hundred microseconds.
For further details"","" see JEP 376.
See JDK-8239600
",,,
https://www.oracle.com/java/technologies/javase/16-relnote-issues.html,What's New in JDK 16 - New Features and Enhancements,"hotspot/gc??Concurrently Uncommit Memory in G1

This new feature is always enabled and changes the time when G1 returns Java heap memory to the operating system. G1 still makes sizing decisions during the GC pause"","" but offloads the expensive work to a thread running concurrently with the Java application.
See JDK-8236926
",,,
https://www.oracle.com/java/technologies/javase/16-relnote-issues.html,What's New in JDK 16 - New Features and Enhancements,"hotspot/jfr??New jdk.ObjectAllocationSample Event Enabled by Default
A new JFR event"","" jdk.ObjectAllocationSample"","" is introduced to allow always-on"","" low-overhead allocation profiling. The event is enabled in both the default and profile configurations"","" with a maximum rate of 150 and 300 events/s"","" respectively. Events jdk.ObjectAllocationInNewTLAB and jdk.ObjectAllocationOutsideTLAB also detail memory allocations"","" but have comparatively higher overhead. They were previously disabled in the default configuration but are now also disabled in the profile configuration to reduce the overhead further.
The impact of this change can be seen in JDK Mission Control (JMC) 8.0"","" or earlier releases"","" where the 'TLAB Allocations' page will be missing data. The recommendation is to upgrade to a later version of JMC when the jdk.ObjectAllocationSample support is available. Meanwhile"","" it is possible to enable the jdk.ObjectAllocationInNewTLAB and jdk.ObjectAllocationOutsideTLAB events in the JMC recording wizard"","" or edit the .jfc file manually.
See JDK-8257602
",,,
https://www.oracle.com/java/technologies/javase/16-relnote-issues.html,What's New in JDK 16 - New Features and Enhancements,"hotspot/runtime??JEP 387: Elastic Metaspace
JEP 387 ""Elastic Metaspace"" overhauls the VM-internal metaspace- and class-space-implementation. Less memory is used for class metadata. The savings effect is mostly noticeable in scenarios involving lots of small grained class loaders. Upon class unloading"","" memory is timely returned to the operating system.
A switch is added to fine-tune metaspace reclamation: -XX:MetaspaceReclaimPolicy=(balanced|aggressive|none). balanced"","" the default"","" causes the VM to reclaim memory while keeping computational overhead minimal; aggressive moderately increases the reclaim rate at the cost of somewhat more expensive bookkeeping; none switches reclamation off altogether.
The switches InitialBootClassLoaderMetaspaceSize and UseLargePagesInMetaspace have been deprecated.
See JDK-8251158
",,,
https://www.oracle.com/java/technologies/javase/16-relnote-issues.html,What's New in JDK 16 - New Features and Enhancements,"security-libs/java.security??Signed JAR Support for RSASSA-PSS and EdDSA
This enhancement includes two main changes:


The JarSigner API and the jarsigner tool now support signing a JAR file with an RSASSA-PSS or EdDSA key.


Instead of signing the .SF file directly"","" jarsigner creates a SignerInfo signedAttributes field which contains ContentType"","" MessageDigest"","" SigningTime"","" and CMSAlgorithmProtection. The field will not be generated if an alternative signing mechanism is specified by the jarsigner -altsigner option. Please note that although this field was not generated by jarsigner before this code change"","" it has always been supported when parsing the signature. This means newly signed JAR files with the field can be verified by earlier JDK releases.


See JDK-8242068
",,,
https://www.oracle.com/java/technologies/javase/16-relnote-issues.html,What's New in JDK 16 - New Features and Enhancements,"security-libs/java.security??SUN"","" SunRsaSign"","" and SunEC Providers Supports SHA-3 Based Signature Algorithms
SUN"","" SunRsaSign"","" and SunEC provider have been enhanced to support SHA-3 based signature algorithms. DSA signatures"","" RSA"","" and ECDSA signature implementations with SHA-3 family of digests are now supported through these providers. In addition"","" RSASSA-PSS signature implementation from SunRsaSign provider can recognize SHA-3 family of digests when specified in signature parameters.
See JDK-8172366
",,,
https://www.oracle.com/java/technologies/javase/16-relnote-issues.html,What's New in JDK 16 - New Features and Enhancements,"security-libs/java.security??jarsigner Preserves POSIX File Permission and symlink Attributes
When signing a file that contains POSIX file permission or symlink attributes"","" jarsigner now preserves these attributes in the newly signed file but warns that these attributes are unsigned and not protected by the signature. The same warning is printed during the jarsigner -verify operation for such files.
Note that the jar tool does not read/write these attributes. This change is more visible to tools like unzip where these attributes are preserved.
See JDK-8218021
",,,
https://www.oracle.com/java/technologies/javase/16-relnote-issues.html,What's New in JDK 16 - New Features and Enhancements,"security-libs/java.security??Added -trustcacerts and -keystore Options to keytool -printcert and -printcrl Commands
The -trustcacerts and -keystore options have been added to the -printcert and -printcrl commands of the keytool utility. The -printcert command does not check for the weakness of a certificate's signature algorithm if it is a trusted certificate in the user's keystore or in the cacerts keystore. The -printcrl command verifies the CRL using a certificate from the user's keystore or the cacerts keystore"","" and will print out a warning if it cannot be verified.
See JDK-8244148
",,,
https://www.oracle.com/java/technologies/javase/16-relnote-issues.html,What's New in JDK 16 - New Features and Enhancements,"security-libs/javax.crypto??SunPKCS11 Provider Supports SHA-3 Related Algorithms
The SunPKCS11 provider has been updated with SHA-3 algorithm support. Additional KeyGenerator support for Hmac using message digests other than SHA-3 has also been added. When the corresponding PKCS11 mechanisms are supported by the underlying PKCS11 library"","" the SunPKCS11 provider now supports the following additional algorithms:

MessageDigest: SHA3-224"","" SHA3-256"","" SHA3-384"","" SHA3-512
Mac: HmacSHA3-224"","" HmacSHA3-256"","" HmacSHA3-384"","" HmacSHA3-512
Signature: SHA3-224withDSA"","" SHA3-256withDSA"","" SHA3-384withDSA"","" SHA3-512withDSA"","" SHA3-224withDSAinP1363Format"","" SHA3-256withDSAinP1363Format"","" SHA3-384withDSAinP1363Format"","" SHA3-512withDSAinP1363Format"","" SHA3-224withECDSA"","" SHA3-256withECDSA"","" SHA3-384withECDSA"","" SHA3-512withECDSA"","" SHA3-224withECDSAinP1363Format"","" SHA3-256withECDSAinP1363Format"","" SHA3-384withECDSAinP1363Format"","" SHA3-512withECDSAinP1363Format"","" SHA3-224withRSA"","" SHA3-256withRSA"","" SHA3-384withRSA"","" SHA3-512withRSA"","" SHA3-224withRSASSA-PSS"","" SHA3-256withRSASSA-PSS"","" SHA3-384withRSASSA-PSS"","" SHA3-512withRSASSA-PSS.
KeyGenerator: HmacMD5"","" HmacSHA1"","" HmacSHA224"","" HmacSHA256"","" HmacSHA384"","" HmacSHA512"","" HmacSHA512/224"","" HmacSHA512/256"","" HmacSHA3-224"","" HmacSHA3-256"","" HmacSHA3-384"","" HmacSHA3-512.

See JDK-8242332
",,,
https://www.oracle.com/java/technologies/javase/16-relnote-issues.html,What's New in JDK 16 - New Features and Enhancements,"security-libs/javax.net.ssl??Improve Certificate Chain Handling
A new system property"","" jdk.tls.maxHandshakeMessageSize"","" has been added to set the maximum allowed size for the handshake message in TLS/DTLS handshaking. The default value of the system property is 32768  (32 kilobytes).
A new system property"","" jdk.tls.maxCertificateChainLength"","" has been added to set the maximum allowed length of the certificate chain in TLS/DTLS handshaking. The default value of the system property is 10.
JDK-8245417 (not public)
",,,
https://www.oracle.com/java/technologies/javase/16-relnote-issues.html,What's New in JDK 16 - New Features and Enhancements,"security-libs/javax.net.ssl??Improve Encoding of TLS Application-Layer Protocol Negotiation (ALPN) Values
Certain TLS ALPN values couldn't be properly read or written by the SunJSSE provider. This is due to the choice of Strings as the API interface and the undocumented internal use of the UTF-8 Character Set which converts characters larger than U+00007F (7-bit ASCII) into multi-byte arrays that may not be expected by a peer.
ALPN values are now represented using the network byte representation expected by the peer"","" which should require no modification for standard 7-bit ASCII-based character Strings.  However"","" SunJSSE now encodes/decodes String characters as 8-bit ISO_8859_1/LATIN-1 characters.  This means applications that used characters above U+000007F that were previously encoded using UTF-8 may need to either be modified to perform the UTF-8 conversion"","" or set the Java security property jdk.tls.alpnCharset to ""UTF-8"" revert the behavior.
See JDK-8254631
",,,
https://www.oracle.com/java/technologies/javase/16-relnote-issues.html,What's New in JDK 16 - New Features and Enhancements,"security-libs/javax.net.ssl??TLS Support for the EdDSA Signature Algorithm
The SunJSSE provider now supports the use of the EdDSA signature algorithm.  Specifically SunJSSE may use certificates containing EdDSA keys for server side and client side authentication and may use certificates signed with the EdDSA algorithm.  Additionally"","" EdDSA signatures are supported for TLS handshake messages that require digital signatures.
See JDK-8166596
",,,
https://www.oracle.com/java/technologies/javase/16-relnote-issues.html,What's New in JDK 16 - New Features and Enhancements,"tools/javac??JEP 397: Sealed Classes (Second Preview)
Sealed classes and interfaces have been previewed again in JDK 16"","" initially added to the Java language in JDK 15. Sealed classes and interfaces restrict which other classes or interfaces may extend or implement them.
For further details"","" see JEP 397.
See JDK-8246775
",,,
https://www.oracle.com/java/technologies/javase/16-relnote-issues.html,What's New in JDK 16 - New Features and Enhancements,"tools/javac??JEP 395: Records

Records have been added to the Java language. Records are a new kind of class in the Java language. They act as transparent carriers for immutable data with less ceremony than normal classes.
Since nested classes were first introduced to Java"","" with the exception of static final fields initialized by constant expressions"","" nested class declarations that are inner have been prohibited from declaring static members. This restriction applies to non-static member classes"","" local classes"","" and anonymous classes.
JEP 384: Records (Second Preview) added support for local interfaces"","" enum classes"","" and record classes"","" all of which are static definitions. This was a well-received enhancement"","" permitting coding styles that reduce the scope of certain declarations to local contexts.
While JEP 384 allowed for static local classes and interfaces"","" it did not relax the restriction on static member classes and interfaces of inner classes. An inner class could declare a static interface inside one of its method bodies"","" but not as a class member.
As a natural next step"","" JEP 395 further relaxes nesting restrictions"","" and permits static classes"","" methods"","" fields"","" etc."","" to be declared within inner classes.
For further details"","" see JEP 395.
See JDK-8246771
",,,
https://www.oracle.com/java/technologies/javase/16-relnote-issues.html,What's New in JDK 16 - New Features and Enhancements,"tools/javac??JEP 394: Pattern Matching for instanceof
Pattern matching for the instanceof operator has been made a final and permanent feature of the Java language in JDK 16. Pattern matching allows common logic in a Java program to be expressed more concisely and safely"","" namely the conditional extraction of components from objects.
For further details"","" see JEP 394.
See JDK-8250623
",,,
https://www.oracle.com/java/technologies/javase/16-relnote-issues.html,What's New in JDK 16 - New Features and Enhancements,"tools/jpackage??JEP 392: Packaging Tool
Provides the jpackage tool"","" for packaging self-contained Java applications. The jpackage tool was introduced as an incubating tool in JDK 14 by JEP 343. It remained an incubating tool in JDK 15"","" to allow time for additional feedback. It has been promoted in JDK 16 from incubation to a production-ready feature. As a consequence of this transition"","" the name of the jpackage module has changed from jdk.incubator.jpackage to jdk.jpackage.
For further details"","" see JEP 392.
See JDK-8247768
",,,
https://www.oracle.com/java/technologies/javase/16-relnote-issues.html,Removed Features and Options,"client-libs/java.awt??Removal of java.awt.PeerFixer
The non-public class java.awt.PeerFixer has been removed in this release. This class was used to provide deserialization support of ScrollPane objects created prior JDK 1.1.1.
See JDK-8253965
",,,
https://www.oracle.com/java/technologies/javase/16-relnote-issues.html,Removed Features and Options,"hotspot/compiler??Removal of Experimental Features AOT and Graal JIT
The Java Ahead-of-Time compilation experimental tool jaotc has been removed. Using HotSpot VM options defined by JEP295 produce a not supported option warning but will otherwise be ignored.
The experimental Java-based JIT compiler"","" Graal JEP317"","" has been removed.  Attempting to use it produces a JVMCI error: JVMCI compiler 'graal' not found.
See JDK-8255616
",,,
https://www.oracle.com/java/technologies/javase/16-relnote-issues.html,Removed Features and Options,"hotspot/runtime??Deprecated Tracing Flags Are Obsolete and Must Be Replaced With Unified Logging Equivalents
When Unified Logging was added in Java 9"","" a number of tracing flags were deprecated and mapped to their unified logging equivalent. These flags are now obsolete and will no longer be converted automatically to enable unified logging. To continue getting the same logging output"","" you must explicitly replace the use of these flags with their unified logging equivalent.



Obsoleted Option
Unified Logging Replacement




-XX:+TraceClassLoading
-Xlog:class+load=info


-XX:+TraceClassUnloading
-Xlog:class+unload=info


-XX:+TraceExceptions
-Xlog:exceptions=info



See JDK-8256718
",,,
https://www.oracle.com/java/technologies/javase/16-relnote-issues.html,Removed Features and Options,"security-libs/java.security??Removed Root Certificates with 1024-bit Keys
The following root certificates with weak 1024-bit RSA public keys have been removed from the cacerts keystore:
+ alias name ""thawtepremiumserverca?[jdk]""

? Distinguished Name: EMAILADDRESS=premium-server@thawte.com"","" 
CN=Thawte Premium Server CA"","" OU=Certification Services Division"","" 
O=Thawte Consulting cc"","" L=Cape Town"","" ST=Western Cape"","" C=ZA

+ alias name ""verisignclass2g2ca?[jdk]""
? Distinguished Name: OU=VeriSign Trust Network"","" OU=""(c) 1998 VeriSign"","" Inc. - For authorized use only"""","" 
OU=Class 2 Public Primary Certification Authority - G2"","" 
O=""VeriSign"","" Inc."""","" C=US

+ alias name ""verisignclass3ca?[jdk]""
? Distinguished Name: OU=Class 3 Public Primary Certification Authority"","" O=""VeriSign"","" Inc."""","" C=US

+ alias name ""verisignclass3g2ca?[jdk]""
? Distinguished Name: OU=VeriSign Trust Network"","" OU=""(c) 1998 VeriSign"","" Inc. - For authorized use only"""","" 
OU=Class 3 Public Primary Certification Authority - G2"","" O=""VeriSign"","" Inc."""","" C=US

+ alias name ""verisigntsaca?[jdk]""
? Distinguished Name: CN=Thawte Timestamping CA"","" OU=Thawte Certification"","" O=Thawte"","" L=Durbanville"","" ST=Western Cape"","" C=ZA

See JDK-8243559
",,,
https://www.oracle.com/java/technologies/javase/16-relnote-issues.html,Removed Features and Options,"security-libs/javax.crypto??Removal of Legacy Elliptic Curves
The SunEC provider no longer supports the following elliptic curves that are either obsolete or not implemented using modern formulas and techniques:
secp112r1"","" secp112r2"","" secp128r1"","" secp128r2"","" secp160k1"","" secp160r1"","" secp160r2"",""

secp192k1"","" secp192r1"","" secp224k1"","" secp224r1"","" secp256k1"","" sect113r1"","" sect113r2"","" sect131r1"","" 
sect131r2"","" sect163k1"","" sect163r1"","" sect163r2"","" sect193r1"","" sect193r2"","" sect233k1"","" sect233r1"","" sect239k1"",""
sect283k1"","" sect283r1"","" sect409k1"","" sect409r1"","" sect571k1"","" sect571r1"","" X9.62 c2tnb191v1"",""
X9.62 c2tnb191v2"","" X9.62 c2tnb191v3"","" X9.62 c2tnb239v1"","" X9.62 c2tnb239v2"","" X9.62 c2tnb239v3"","" 
X9.62 c2tnb359v1"","" X9.62 c2tnb431r1"","" X9.62 prime192v2"","" X9.62 prime192v3"","" X9.62 prime239v1"","" 
X9.62 prime239v2"","" X9.62 prime239v3"","" brainpoolP256r1 brainpoolP320r1"","" brainpoolP384r1"",""
brainpoolP512r1
To continue using any of these curves"","" users must find third-party alternatives.
See JDK-8235710
",,,
https://www.oracle.com/java/technologies/javase/16-relnote-issues.html,Deprecated Features and Options,"core-libs/java.lang??Terminally Deprecated ThreadGroup stop"","" destroy"","" isDestroyed"","" setDaemon and isDaemon
The stop"","" destroy"","" isDestroyed"","" setDaemon and isDaemon methods defined by java.lang.ThreadGroup have been terminally deprecated in this release.
ThreadGroup::stop is inherently unsafe and has been deprecated since Java 1.2. The method is now terminally deprecated and will be removed in a future release.
The API and mechanism for destroying a ThreadGroup is inherently flawed. The methods that support explicitly or automatically destroying a thread group have been terminally deprecated and will be removed in a future release.
See JDK-8256643
",,,
https://www.oracle.com/java/technologies/javase/16-relnote-issues.html,Deprecated Features and Options,"hotspot/runtime??Parts of the Signal-Chaining API Are Deprecated
The signal-chaining facility was introduced in JDK 1.4 and supported three different Linux signal-handling API's: sigset"","" signal and sigaction. Only sigaction is a cross-platform"","" supported"","" API for multi-threaded processes. Both signal and sigset are considered obsolete on those platforms that still define them. Consequently"","" the use of signal and sigset with the signal-chaining facility are now deprecated"","" and support for their use will be removed in a future release.
See JDK-8257572
",,,
https://www.oracle.com/java/technologies/javase/16-relnote-issues.html,Deprecated Features and Options,"security-libs/java.security??Deprecated the java.security.cert APIs That Represent DNs as Principal or String Objects
The following APIs have been deprecated:
java.security.cert.X509Certificate.getIssuerDN()

java.security.cert.X509Certificate.getSubjectDN()
java.security.cert.X509CRL.getIssuerDN()
java.security.cert.X509CertSelector.setIssuer(String)
java.security.cert.X509CertSelector.setSubject(String)
java.security.cert.X509CertSelector.getIssuerAsString()
java.security.cert.X509CertSelector.getSubjectAsString()
java.security.cert.X509CRLSelector.addIssuerName(String)
These APIs either take or return Distinguished Names as Principal or String objects and can cause issues due to loss of encoding information or differences when comparing names across different Principal implementations. All of them have alternative APIs that use X500Principal objects instead.
See JDK-8241003
",,,
https://www.oracle.com/java/technologies/javase/16-relnote-issues.html,Other Notes,"core-libs/java.io??Line Terminator Definition Changed in java.io.LineNumberReader
The definition of line terminator has been extended to include end of stream"","" or one of the previously defined line terminators '\n'"","" '\r'"","" or '\r\n' followed immediately by end of stream. This changes behavior in certain cases. For example"","" a file containing the lines
line 1\n

line 2\n
line 3would"","" before this change"","" have been considered to contain two lines"","" each terminated by '\n'. After this change"","" it is considered to contain three lines"","" the third being terminated by end of stream.
See JDK-8235792
",,,
https://www.oracle.com/java/technologies/javase/16-relnote-issues.html,Other Notes,"core-libs/java.io:serialization??Enhanced Support of Proxy Class
The deserialization of java.lang.reflect.Proxy objects can be limited by setting the system property jdk.serialProxyInterfaceLimit. The limit is the maximum number of interfaces allowed per Proxy in the stream. Setting the limit to zero prevents any Proxies from being deserialized including Annotations"","" a limit of less than 2 might interfere with RMI operations.
JDK-8236862 (not public)
",,,
https://www.oracle.com/java/technologies/javase/16-relnote-issues.html,Other Notes,"core-libs/java.lang??Support Supplementary Characters in String Case Insensitive Operations
Case insensitive operations in java.lang.String class now correctly do case insensitive comparisons for supplementary characters (characters which have code point values over U+FFFF). For details"","" see the updates to the methods:
   - compareToIgnoreCase(String other)

   - equalsIgnoreCase(String other)
   - regionMatches(boolean ignoreCase"","" ...)
For example"",""
""\ud801\udc00"".equalsIgnoreCase(""\ud801\udc28"")

returns true"","" because '?' (""\ud801\udc00"") and '?' (""\ud801\udc28"") are equal to each other character in case insensitive comparison.
See JDK-8248655
",,,
https://www.oracle.com/java/technologies/javase/16-relnote-issues.html,Other Notes,"core-libs/java.lang??Module::getPackages Returns the Set of Package Names in This Module
Module::getPackages returns the set of package names for the packages in this module.
For unnamed modules"","" the specification and implementation have been corrected to return the names of the packages defined in the unnamed module.  Prior to Java SE 16"","" Module::getPackages returned the set of package names for the packages defined in the module's class loader if the module was an unnamed module and the result included packages of other named modules defined in the module's class loader"","" if any.
See JDK-8256063
",,,
https://www.oracle.com/java/technologies/javase/16-relnote-issues.html,Other Notes,"core-libs/java.lang:reflect??Proxy Classes Are Not Open for Reflective Access
All proxy classes are not open for reflective access in Java SE 16.
Prior to Java SE 16"","" if java.lang.reflect.Proxy was used to implement only public exported proxy interfaces"","" the proxy class was generated in an unnamed module which was open for reflective access. In Java SE 16"","" the proxy class is generated in an exported package in a named module.  Programs that assume the private members of a proxy class can be made accessible via setAccessible(true) will fail with InaccessibleObjectException. Proxy classes are already defined in dynamic modules in other cases since Java SE 9.   Such programs would already fail when it calls setAccessible(true) to those proxy classes prior to this change.
See JDK-8159746
",,,
https://www.oracle.com/java/technologies/javase/16-relnote-issues.html,Other Notes,"core-libs/java.net??The Default HttpClient Implementation Returns Cancelable Futures
In this release"","" the default HttpClient returns cancelable futures.
The default HttpClient is created by a call to HttpClient.newHttpClient()"","" or by invoking the build method on builders returned by HttpClient.newBuilder(). The implementation of the sendAsync methods in the default HttpClient now return CompletableFuture objects that are cancelable. Invoking cancel(true) on a cancelable future that is not completed"","" attempts to cancel the HTTP exchange in an effort to release underlying resources as soon as possible. More information can be obtained by reading the API documentation of the HttpClient::sendAsync methods.
See JDK-8245462
",,,
https://www.oracle.com/java/technologies/javase/16-relnote-issues.html,Other Notes,"core-libs/java.net??HttpClient.newHttpClient and HttpClient.Builder.build Might Throw UncheckedIOException
Creation of an instance of java.net.http.HttpClient may fail with UncheckedIOException if the underlying resources required by the implementation cannot be allocated.
Typically"","" this may happen if the underlying resources required to opening a java.nio.channels.Selector are not available. In this case Selector.open() will throw an IOException which the default implementation of java.net.http.HttpClient will wrap in an UncheckedIOException. The API documentation of HttpClient.newHttpClient() and HttpClient.newBuilder().build() have been updated to specify that UncheckedIOException may be thrown if the underlying resources required by the implementation cannot be allocated. Prior to this change"",""  an undocumented InternalError would have been thrown.
See JDK-8248006
",,,
https://www.oracle.com/java/technologies/javase/16-relnote-issues.html,Other Notes,"core-libs/java.net??HttpPrincipal::getName Returned Incorrect Name
The behavior of the HttpPrincipal::getName method has been updated to return the name in the correct format as outlined in its specification"","" i.e. ""realm:username"". Previously"","" the method incorrectly returned ""username"" only.
See JDK-8255584
",,,
https://www.oracle.com/java/technologies/javase/16-relnote-issues.html,Other Notes,"core-libs/java.nio??Incomplete Support for Unix Domain Sockets in Windows 2019 Server
JEP 380: Unix-Domain Socket Channels has been integrated into JDK 16"","" but due to a problem with the underlying implementation in Windows 2019 Server"","" it has been disabled on that platform in this release. The functionality is supported on Linux"","" macOS and on Windows operating systems whose build number is 18362 or greater. This includes Windows 10 (Version 1903) and newer. There are no known issues with Windows 10 (Version 1903). However"","" some newer versions of Windows 10 may also show the problem"","" which affects the ability of some native tools (such as cygwin) to access and delete socket files. Other Java APIs are also affected by the problem"","" but most native Windows tools are not affected by it. More information can be seen in bugs JDK-8259014 and JDK-8252971. This issue will be resolved in JDK 17 and in a future update to JDK 16.
See JDK-8259014
",,,
https://www.oracle.com/java/technologies/javase/16-relnote-issues.html,Other Notes,"core-libs/java.nio??(fs) NullPointerException Not Thrown When First Argument to Path.of or Paths.get Is null
The var args form of Path.of() and Paths.get() method are changed in this release to throw NullPointerException consistently when the first parameter is null. Historically these methods missed a null check on the first parameter when invoked with more than one parameter.
See JDK-8254876
",,,
https://www.oracle.com/java/technologies/javase/16-relnote-issues.html,Other Notes,"core-libs/java.nio??DataInputStream:readFully now correctly throws specified exceptions
DataInputStream.readFully(byte[] b"","" int off"","" int len) now correctly throws specified NullPointerException and IndexOutOfBoundsException.
DataInputStream.readFully(byte[] b"","" int off"","" int len) is specified to throw a NullPointerException if b is null"","" and an IndexOutOfBoundsException if off is negative"","" len is negative"","" or len is greater than b.length - off. For example if b was null and len was zero"","" then the method would fail silently without throwing a NullPointerException. Also if b was non-null"","" off was negative and len was zero"","" then the method would fail silently without throwing an IndexOutOfBoundsException. The implementation has been corrected to throw the respective exceptions as specified.
See JDK-8245036
",,,
https://www.oracle.com/java/technologies/javase/16-relnote-issues.html,Other Notes,"core-libs/java.time??US/Pacific-New Zone Name Removed as Part of tzdata2020b
Following the JDK's update to tzdata2020b"","" the long-obsolete files named pacificnew and systemv have been removed. As a result"","" the ""US/Pacific-New"" Zone name declared in the pacificnew data file is no longer available for use.
Information regarding this update can be viewed at https://mm.icann.org/pipermail/tz-announce/2020-October/000059.html
See JDK-8254177
",,,
https://www.oracle.com/java/technologies/javase/16-relnote-issues.html,Other Notes,"core-libs/java.util??Argument Index of Zero or Unrepresentable by int Throws IllegalFormatException.
Format string specifiers now throw exceptions when given values outside of valid ranges of values.
The Formatter class in java.util?defines format specifiers such as?argument indexes"","" argument widths"","" and argument precisions.  Numeric values that are invalid (zero for argument index) or too large (beyond the size of an int) could create unexpected results with undefined behavior. This update gives explicit value ranges for these format specifiers. Widths and indexes will be valid from [1"","" Integer.MAX_VALUE] and precision fields will be valid from [0"","" Integer.MAX_VALUE]. Values outside of these ranges will result in?IllegalFormatException or one of its subclasses being thrown. Note that argument indexes of zero prior to this change did not throw an exception and produced behavior that was undefined"","" but had the appearance of correctness despite causing side effects that were not obvious.
See JDK-8253459
",,,
https://www.oracle.com/java/technologies/javase/16-relnote-issues.html,Other Notes,"core-libs/java.util.jar??Refine ZipOutputStream.putNextEntry() to Recalculate ZipEntry's Compressed Size
Prior to JDK 16"","" ZipOutputStream.putnextEntry() would not recalculate the compressed size for a compressed (DEFLATED) entry. This could result in the ZipException"","" ""invalid entry compressed size"""","" being thrown if the current ZLIB implementation being used when ZipOutputStream.putNextEntry() was called  differed from the implementation  at the time when the entry was added to the original ZIP file.
Starting with JDK 16"","" if the compressed size has not been explicitly set with the ZipEntry.setCompressedSize(long) method when writing a compressed (DEFLATED) entry"","" then the compressed size is set to the actual compressed size after deflation.
See JDK-8253952
",,,
https://www.oracle.com/java/technologies/javase/16-relnote-issues.html,Other Notes,"core-libs/java.util.jar??GZIPOutputStream Sets the GZIP OS Header Field to the Correct Default Value
Prior to JDK 16"",""  GZIPOutputStream set the OS field in the GZIP header to 0 (meaning FAT filesystem)"","" which does not match the default value specified in section 2.3.1.2 of the GZIP file format specification version 4.3 (RFC 1952).
As of JDK 16"","" the GZIP OS Header Field is set to 255"","" which is the default value as defined in RFC 1952.
See JDK-8244706
",,,
https://www.oracle.com/java/technologies/javase/16-relnote-issues.html,Other Notes,"core-libs/java.util.logging??java.util.logging.LogRecord Updated to Support Long Thread IDs
In this release"","" java.util.logging.LogRecord has been updated to support long thread ids.
LogRecord::getThreadID and LogRecord::setThreadID are deprecated. New accessors"","" LogRecord::getLongThreadID and LogRecord::setLongThreadID"","" are provided and should be used instead.
The serial field threadID has been deprecated and a new serial field longThreadID that can support long values has been introduced. The deprecated threadID field is kept in the serial form for backward compatibility. Long thread ids that are less than Integer.MAX_VALUE are directly mapped to threadID and longThreadID has the same value. For longThreadID greater than Integer.MAX_VALUE"","" a new negative value for the int threadID is synthesized by using a deterministic algorithm based on the longThreadID hash. The resulting value is guaranteed to be a negative value.
See JDK-8245302
",,,
https://www.oracle.com/java/technologies/javase/16-relnote-issues.html,Other Notes,"core-libs/java.util:collections??TreeMap.computeIfAbsent Mishandles Existing Entries Whose Values Are null
Enhancement JDK-8176894 inadvertently introduced erroneous behavior in the TreeMap.computeIfAbsent method. The other TreeMap methods that were modified by this enhancement are unaffected. The erroneous behavior is that"","" if the map contains an existing mapping whose value is null"","" the computeIfAbsent method immediately returns null. To conform with the specification"","" computeIfAbsent should instead call the mapping function and update the map with the function's result.
See JDK-8259622
",,,
https://www.oracle.com/java/technologies/javase/16-relnote-issues.html,Other Notes,"core-libs/java.util:i18n??Support for CLDR Version 38
Locale data based on Unicode Consortium's CLDR has been upgraded to their version 38. For the detailed locale data changes"","" please refer to the Unicode Consortium's CLDR release notes:

http://cldr.unicode.org/index/downloads/cldr-38

See JDK-8251317
",,,
https://www.oracle.com/java/technologies/javase/16-relnote-issues.html,Other Notes,"core-libs/javax.naming??Added Property to Control LDAP Authentication Mechanisms Allowed to Authenticate Over Clear Connections
A new environment property"","" jdk.jndi.ldap.mechsAllowedToSendCredentials"","" has been added to control which LDAP authentication mechanisms are allowed to send credentials over clear LDAP connections - a connection not secured with TLS. An encrypted LDAP connection is a connection opened by using ldaps scheme"","" or a connection opened by using ldap scheme and then upgraded to TLS with a STARTTLS extended operation.
The value of the property"","" which is by default not set"","" is a comma separated list of the mechanism names that are permitted to authenticate over a clear connection. If a value is not specified for the property"","" then all mechanisms are allowed. If the specified value is an empty list"","" then no mechanisms are allowed (except  for none and anonymous). The default value for this property is 'null' ( i.e. System.getProperty(""jdk.jndi.ldap.mechsAllowedToSendCredentials"") returns 'null'). To explicitly permit all mechanisms to authenticate over a clear connection"","" the property value can be set to ""all"". If a connection is downgraded from encrypted to clear"","" then only the mechanisms that are explicitly permitted are allowed.
The property can be supplied to the LDAP context environment map"","" or set globally as a system property. When both are supplied"","" the environment map takes precedence.
Note: none and anonymous authentication mechanisms are exempted from these rules and are always allowed regardless of the property value.
JDK-8237990 (not public)
",,,
https://www.oracle.com/java/technologies/javase/16-relnote-issues.html,Other Notes,"core-libs/javax.naming??LDAP Channel Binding Support for Java GSS/Kerberos
A new JNDI environment property Ågcom.sun.jndi.ldap.tls.cbtypeÅh has been added to enable TLS Channel Binding data in LDAP authentication over SSL/TLS protocol to the Windows AD server. Possible value is Ågtls-server-end-pointÅh - Channel Binding data is created on the base of the TLS server certificate. See the module description of the java.naming module.
See JDK-8245527
",,,
https://www.oracle.com/java/technologies/javase/16-relnote-issues.html,Other Notes,"hotspot/gc??Shenandoah: Concurrent weak reference processing
The Shenandoah GC now processes all soft"","" weak and phantom references as well as finalizers concurrently with the running Java application"","" instead of at a GC pause. This reduces GC induced latency"","" especially with workloads that churn many such references or finalizers.
See JDK-8254315
",,,
https://www.oracle.com/java/technologies/javase/16-relnote-issues.html,Other Notes,"hotspot/jvmti??Make JVMTI Table Concurrent
For improved performance"","" JVM/TI ObjectFree events are no longer posted within GC pauses. The events are still posted as requested"","" and will be posted before ObjectFree events are enabled or disabled with SetNotificationMode. SetNotificationMode can be used to explicitly flush ObjectFree events"","" if needed.
See JDK-8212879
",,,
https://www.oracle.com/java/technologies/javase/16-relnote-issues.html,Other Notes,"hotspot/runtime??IncompatibleClassChangeError Exceptions Are Thrown For Failing 'final' Checks When Defining a Class
As a result of changes to section 5.3.5 of the Java Virtual Machine Specification"","" a java.lang.IncompatibleClassChangeError exception is thrown instead of a java.lang.VerifyError exception when defining a class whose super class is final and when defining a class that tries to override a final method.
See JDK-8243583
",,,
https://www.oracle.com/java/technologies/javase/16-relnote-issues.html,Other Notes,"hotspot/runtime??Object Monitors No Longer Keep Strong References to Their Associated Object
When synchronization is performed on an object"","" an association is established between the object and the object monitor that implements the synchronization. In the past"","" the reference from a monitor to its associated object was a strong reference. These strong references would be observable through JVM TI functions that walk the heap (reported as JVMTI_HEAP_ROOT_MONITOR or JVMTI_HEAP_REFERENCE_MONITOR) and in heap dumps (reported as HPROF_GC_ROOT_MONITOR_USED). As of this release"","" a weak reference is used. These are not observable to JVM TI or heap dumps. Consequently"","" JVMTI_HEAP_ROOT_MONITOR"","" JVMTI_HEAP_REFERENCE_MONITOR and HPROF_GC_ROOT_MONITOR_USED are longer reported.
See JDK-8247281
",,,
https://www.oracle.com/java/technologies/javase/16-relnote-issues.html,Other Notes,"security-libs/java.security??Added Entrust Root Certification Authority - G4 certificate
The following root certificate has been added to the cacerts truststore:
+ Entrust

  + entrustrootcag4
    DN: CN=Entrust Root Certification Authority - G4"","" OU=""(c) 2015 Entrust"","" Inc. - for authorized use only"""","" 
           OU=See www.entrust.net/legal-terms"","" O=""Entrust"","" Inc."""","" C=US
See JDK-8243321
",,,
https://www.oracle.com/java/technologies/javase/16-relnote-issues.html,Other Notes,"security-libs/java.security??Added 3 SSL Corporation Root CA Certificates
The following root certificates have been added to the cacerts truststore:
+ SSL Corporation

  + sslrootrsaca
    DN: CN=SSL.com Root Certification Authority RSA"","" O=SSL Corporation"","" L=Houston"","" ST=Texas"","" C=US

  + sslrootevrsaca
    DN: CN=SSL.com EV Root Certification Authority RSA R2"","" O=SSL Corporation"","" L=Houston"","" ST=Texas"","" C=US

  + sslrooteccca
    DN: CN=SSL.com Root Certification Authority ECC"","" O=SSL Corporation"","" L=Houston"","" ST=Texas"","" C=US
See JDK-8243320
",,,
https://www.oracle.com/java/technologies/javase/16-relnote-issues.html,Other Notes,"security-libs/java.security??Upgraded the Default PKCS12 Encryption and MAC Algorithms
The default encryption and MAC algorithms used in a PKCS #12 keystore have been updated. The new algorithms are based on AES-256 and SHA-256 and are stronger than the old algorithms that were based on RC2"","" DESede"","" and SHA-1. See the security properties starting with keystore.pkcs12 in the java.security file for detailed information.
For compatibility"","" a new system property named keystore.pkcs12.legacy is defined that will revert the algorithms to use the older"","" weaker algorithms. There is no value defined for this property.
See JDK-8153005
",,,
https://www.oracle.com/java/technologies/javase/16-relnote-issues.html,Other Notes,"security-libs/javax.net.ssl??Disable TLS 1.0 and 1.1
TLS 1.0 and 1.1 are versions of the TLS protocol that are no longer considered secure and have been superseded by more secure and modern versions (TLS 1.2 and 1.3).
These versions have now been disabled by default. If you encounter issues"","" you can"","" at your own risk"","" re-enable the versions by removing ""TLSv1"" and/or ""TLSv1.1"" from the jdk.tls.disabledAlgorithms security property in the java.security configuration file.
See JDK-8202343
",,,
https://www.oracle.com/java/technologies/javase/16-relnote-issues.html,Other Notes,"tools/javac??Annotation Interfaces May Not Be Declared As Local Interfaces
Prior to JDK 16"","" the javac compiler accepted annotations declared as local interfaces. Now the JLS 16 at section 14.3 forbids it. For example"","" the javac compiler had accepted code such as:
    class C {

        void m() {
            @interface A {}
        }
    }
This code is no longer acceptable according to Section [14.3] of the JLS 16: ""A local interface may be a normal interface (Åò9.1)"","" but not an annotation interface (Åò9.6).""
To fix this issue"","" the javac compiler implementation has been synchronized with the JLS 16"","" so that annotation interfaces cannot be declared as local interfaces.
See JDK-8250741
",,,
https://www.oracle.com/java/technologies/javase/16-relnote-issues.html,Other Notes,"tools/javac??C-Style Array Declarations Are Not Allowed in Record Components
Prior to JDK 16"","" the javac compiler accepted C-style array declarations in record components. The JLS 16 now forbids it. In particular"","" the compiler had accepted code such as:
    record R(int i[]) {}

This code is no longer acceptable according to the specification for JDK 16. Section 8.10.1 of the JLS 16 defines the syntax of a record component as:
RecordComponent:

    {RecordComponentModifier} UnannType Identifier 
    VariableArityRecordComponent 
VariableArityRecordComponent:
    {RecordComponentModifier} UnannType { Annotation } ... Identifier
RecordComponentModifier:
    Annotation
which clearly forbids C-style array declarations in record components. To fix this issue"","" the compiler has been synchronized with the JLS 16"","" so that C-style array declarations are no longer allowed in record components.
See JDK-8250629
",,,
https://www.oracle.com/java/technologies/javase/16-relnote-issues.html,Other Notes,"tools/javac??DocLint Support Moved to jdk.javadoc Module
The code that provides the DocLint feature in javac has been moved from the jdk.compiler module to the jdk.javadoc module. For most users"","" there will be no impact. However"","" any user wanting to build a minimal image for running javac with DocLint enabled will need to ensure that the jdk.javadoc module is available when linking the image.
See JDK-8252712
",,,
https://www.oracle.com/java/technologies/javase/16-relnote-issues.html,Other Notes,"tools/javadoc(tool)??Improvements for JavaDoc Search
The interactive search feature in API documentation generated by the JavaDoc Standard Doclet has been improved to find additional matches that differ only in case. This is useful when the exact spelling or capitalization of a name is not known.
For full details on JavaDoc Search"","" see the link to the JavaDoc Search Specification that is found on at the bottom of the HELP page in any API documentation.
See JDK-8244535
",,,
https://www.oracle.com/java/technologies/javase/16-relnote-issues.html,Other Notes,"tools/javadoc(tool)??API Documentation Links to Platform Documentation
API documentation generated by the JavaDoc Standard Doclet will now automatically link to the appropriate set of platform classes"","" based on the value of the --source or --release option.
The behavior can be disabled by using the new --no-platform-links option.
The URLs for the different versions of the platform documentation can be configured by the new --link-platform-properties option.
See JDK-8216497
",,,
https://www.oracle.com/java/technologies/javase/16-0-1-relnotes.html,"IANA TZ Data 2020e, 2020f, 2021a","
JDK 16.0.1 contains IANA time zone data 2020e"","" 2020f"","" 2021a.

 Volgograd switches to Moscow time on 2020-12-27 at 02:00.
 South Sudan changes from +03 to +02 on 2021-02-01 at 00:00.

 
For more information"","" refer to Timezone Data Versions in the JRE Software.
",,,
https://www.oracle.com/java/technologies/javase/16-0-1-relnotes.html,Security Baselines,"

The security baselines for the Java Runtime Environment (JRE) at the time of the release of JDK 16.0.1 are specified in the following table:








JRE Family Version
JRE Security Baseline (Full Version String)




16
16.0.1+9


11
11.0.11+9


8
8u291-b10


7
7u301-b09



? 

Keeping the JDK up to Date


Oracle recommends that the JDK is updated with each Critical Patch Update (CPU).
In order to determine if a release is the latest"","" the Security Baseline page can
be used to determine which is the latest version for each release family.


Critical patch updates"","" which contain security vulnerability fixes"","" are announced one year in advance on
Critical Patch Updates"","" Security Alerts and Bulletins.
It is not recommended that this JDK (version 16.0.1) be used after the next critical patch update scheduled
for July 20"","" 2021.


Other Notes

?
core-libs/javax.naming
??New System and Security Properties to Control Reconstruction of Remote Objects by JDK's Built-in JNDI RMI and LDAP Implementations
jdk.jndi.object.factoriesFilter: This system and security property allows a serial filter to be specified that controls the set of object factory classes permitted to instantiate objects from object references returned by naming/directory systems. The factory class named by the reference instance is matched against this filter during remote reference reconstruction. The filter property supports pattern-based filter syntax with the format specified by JEP 290. This property applies both to the JNDI/RMI and the JNDI/LDAP built-in provider implementations. The default value allows any object factory class specified in the reference to recreate the referenced object.
com.sun.jndi.ldap.object.trustSerialData: This system property allows control of the deserialization of java objects from the javaSerializedData LDAP attribute. To prevent deserialization of java objects from the attribute"","" the system property can be set to false value. By default"","" deserialization of java objects from the javaSerializedData attribute is allowed.
JDK-8244473 (not public)

?
security-libs/java.security
??Added 2 HARICA Root CA CertificatesThe following root certificates have been added to the cacerts truststore:
+ HARICA

  + haricarootca2015
    DN: CN=Hellenic Academic and Research Institutions RootCA 2015"","" O=Hellenic Academic and Research Institutions Cert. Authority"","" L=Athens"","" C=GR

  + haricaeccrootca2015
    DN: CN=Hellenic Academic and Research Institutions ECC RootCA 2015"","" O=Hellenic Academic and Research Institutions Cert. Authority"","" L=Athens"","" C=GR
See JDK-8256421

?
core-libs/java.lang
??Less Ambiguous Processing of ProcessBuilder Quotes on Windows
In the java.lang.ProcessBuilder implementation on Windows"","" the system property jdk.lang.Process.allowAmbiguousCommands=false ensures"","" for each argument"","" that double-quotes are properly encoded in the command string passed to Windows CreateProcess. An argument with a final trailing double-quote preceded by a backslash is encoded as a literal double-quote; previously"","" the argument including the double-quote would be joined with the next argument. An empty argument is encoded as a pair of double-quotes ("""") resulting in a zero length string passed for the argument to the process; previously"","" it was silently ignored. An argument containing double-quotes"","" other than first and last"","" is encoded to preserve the double-quotes when passed to the process; previously"","" the embedded double-quotes would be dropped and not passed to the process. If a security manager is set"","" such as in WebStart applications"","" double-quotes are encoded as described. When there is no security manager"","" there is no change to existing behavior; the jdk.lang.Process.allowAmbiguousCommands property can be set to true: jdk.lang.Process.allowAmbiguousCommands=true or false. If left unset"","" it is the same as setting it to true.
JDK-8250568 (not public)
  
Bug Fixes This release also contains fixes for security vulnerabilities described in the Oracle Critical Patch Update. For a more complete list of the bug fixes included in this release"","" see the JDK 16.0.1 Bug Fixes page.   ",,,
https://www.oracle.com/java/technologies/javase/16-0-1-relnotes.html,Keeping the JDK up to Date,"

Oracle recommends that the JDK is updated with each Critical Patch Update (CPU).
In order to determine if a release is the latest"","" the Security Baseline page can
be used to determine which is the latest version for each release family.


Critical patch updates"","" which contain security vulnerability fixes"","" are announced one year in advance on
Critical Patch Updates"","" Security Alerts and Bulletins.
It is not recommended that this JDK (version 16.0.1) be used after the next critical patch update scheduled
for July 20"","" 2021.

",,,
https://www.oracle.com/java/technologies/javase/16-0-2-relnotes.html,IANA TZ Data 2021a,"
JDK 16.0.2 contains IANA time zone data 2021a.

For more information"","" refer to Timezone Data Versions in the JRE Software.
",,,
https://www.oracle.com/java/technologies/javase/16-0-2-relnotes.html,Security Baselines,"

The security baselines for the Java Runtime Environment (JRE) at the time of the release of JDK 16.0.2 are specified in the following table:








JRE Family Version
JRE Security Baseline (Full Version String)




16
16.0.2+7


11
11.0.12+8


8
8u301-b09


7
7u311-b07



 

Keeping the JDK up to Date


Oracle recommends that the JDK is updated with each Critical Patch Update (CPU).
In order to determine if a release is the latest"","" the Security Baseline page can
be used to determine which is the latest version for each release family.


Critical patch updates"","" which contain security vulnerability fixes"","" are announced one year in advance on
Critical Patch Updates"","" Security Alerts and Bulletins.
It is not recommended that this JDK (version 16.0.2) be used after the next critical patch update scheduled
for October 19"","" 2021.


 ?
Removed Features and Options

security-libs/java.security??Removed Telia Company's Sonera Class2 CA certificate
The following root certificate has been removed from the cacerts truststore:
+ Telia Company

  + soneraclass2ca
    DN: CN=Sonera Class2 CA"","" O=Sonera"","" C=FI
See JDK-8225081

 ?
Other Notes

install/install??Updated List of Capabilities Provided by JDK RPMs
The following capabilities have been removed from the list of what OracleJDK/OracleJRE RPMs provide: xml-commons-api"","" jaxp_parser_impl"","" and java-fonts. This clean-up of the list resolves existing and potential conflicts with modular rpms.
There are other RPMs providing these capabilities"","" so there should be no impact on packages that depend on them. Package managers can use other RPMs to satisfy the dependencies provided by the OracleJDK/OracleJRE RPMs before this change.
JDK-8263575 (not public)



install/install
??Change to Package Names in Linux RPM/DEB Installers

On the Linux platform"","" the names of JDK packages provided by Java RPM and DEB installers have been changed. Names of JDK packages follow the jdk-<feature_release_version> pattern instead of the jdk-<update_release_version> pattern that was previously used. For example"","" the new names of JDK 11"","" 16"","" and 17 packages are jdk-11"","" jdk-16"","" and jdk-17 respectively.
The change to package names disables side-by-side installation of multiple JDKs of the same release family. Only one JDK per release family can be installed on a system with RPM and DEB installers.
If a user wants to have multiple update releases from the same family"","" the user must download the tar.gz bundles.

JDK-8266653 (not public)
 
core-libs/java.net??URL FTP Protocol Handler: IPv4 Address Validation in Passive Mode
Client-side FTP support in the Java platform is available through the FTP URL stream protocol handler"","" henceforth referred to as the FTP Client.
The following system property has been added for validation of server addresses in FTP passive mode.

jdk.net.ftp.trustPasvAddress.

In this release"","" the FTP Client has been enhanced to reject an address sent by a server"","" in response to a PASV command from the FTP Client"","" when that address differs from the address which the FTP Client initially connected.
To revert to the prior behavior"","" the jdk.net.ftp.trustPasvAddress system property can be set to true. The affect of setting this property is that the FTP Client accepts and uses the address value returned in reply to a PASV command
JDK-8258432 (not public)

 

security-libs/javax.net.ssl??SocketExceptions Are Not Wrapped Into SSLExceptions in SSLSocketImpl
This release reverts the behavior of SSLSocketImpl and SSLTransport introduced by JDK-8196584. SocketException will now be thrown as is instead of being suppressed into an SSLException.
See JDK-8259662

security-libs/java.security??Disable SHA-1 JARs
JARs signed with SHA-1 algorithms are now restricted by default and treated as if they were unsigned. This applies to the algorithms used to digest"","" sign"","" and optionally timestamp the JAR. It also applies to the signature and digest algorithms of the certificates in the certificate chain of the code signer and the Timestamp Authority"","" and any CRLs or OCSP responses that are used to verify if those certificates have been revoked.
In order to reduce the compatibility risk for applications that have been previously timestamped or use private CAs"","" there are two exceptions to this policy:

Any JAR signed with SHA-1 algorithms and timestamped prior to January 01"","" 2019 will not be restricted.
Any JAR signed with a SHA-1 certificate that does not chain back to a Root CA included by default in the JDK cacerts keystore will not be restricted.

These exceptions may be removed in a future JDK release.
Users can"","" at their own risk"","" remove these restrictions by modifying the java.security configuration file (or overriding it using the java.security.properties system property) and removing ""SHA1 jdkCA & usage SignedJAR & denyAfter 2019-01-01"" from the jdk.certpath.disabledAlgorithms security property and ""SHA1 jdkCA & denyAfter 2019-01-01"" from the jdk.jar.disabledAlgorithms security property.
See JDK-8196415


Bug Fixes This release also contains fixes for security vulnerabilities described in the Oracle Critical Patch Update. For a more complete list of the bug fixes included in this release"","" see the JDK 16.0.2 Bug Fixes page.   ",,,
https://www.oracle.com/java/technologies/javase/16-0-2-relnotes.html,Keeping the JDK up to Date,"

Oracle recommends that the JDK is updated with each Critical Patch Update (CPU).
In order to determine if a release is the latest"","" the Security Baseline page can
be used to determine which is the latest version for each release family.


Critical patch updates"","" which contain security vulnerability fixes"","" are announced one year in advance on
Critical Patch Updates"","" Security Alerts and Bulletins.
It is not recommended that this JDK (version 16.0.2) be used after the next critical patch update scheduled
for October 19"","" 2021.

",,,
https://www.oracle.com/java/technologies/javase/16-0-2-relnotes.html,Removed Features and Options,"
security-libs/java.security??Removed Telia Company's Sonera Class2 CA certificate
The following root certificate has been removed from the cacerts truststore:
+ Telia Company

  + soneraclass2ca
    DN: CN=Sonera Class2 CA"","" O=Sonera"","" C=FI
See JDK-8225081
",,,
https://www.oracle.com/java/technologies/javase/16-0-2-relnotes.html,Other Notes,"
install/install??Updated List of Capabilities Provided by JDK RPMs
The following capabilities have been removed from the list of what OracleJDK/OracleJRE RPMs provide: xml-commons-api"","" jaxp_parser_impl"","" and java-fonts. This clean-up of the list resolves existing and potential conflicts with modular rpms.
There are other RPMs providing these capabilities"","" so there should be no impact on packages that depend on them. Package managers can use other RPMs to satisfy the dependencies provided by the OracleJDK/OracleJRE RPMs before this change.
JDK-8263575 (not public)
",,,
https://www.oracle.com/java/technologies/javase/16-0-2-relnotes.html,Other Notes,"
install/install
??Change to Package Names in Linux RPM/DEB Installers

On the Linux platform"","" the names of JDK packages provided by Java RPM and DEB installers have been changed. Names of JDK packages follow the jdk-<feature_release_version> pattern instead of the jdk-<update_release_version> pattern that was previously used. For example"","" the new names of JDK 11"","" 16"","" and 17 packages are jdk-11"","" jdk-16"","" and jdk-17 respectively.
The change to package names disables side-by-side installation of multiple JDKs of the same release family. Only one JDK per release family can be installed on a system with RPM and DEB installers.
If a user wants to have multiple update releases from the same family"","" the user must download the tar.gz bundles.

JDK-8266653 (not public)",,,
https://www.oracle.com/java/technologies/javase/16-0-2-relnotes.html,Other Notes,"core-libs/java.net??URL FTP Protocol Handler: IPv4 Address Validation in Passive Mode
Client-side FTP support in the Java platform is available through the FTP URL stream protocol handler"","" henceforth referred to as the FTP Client.
The following system property has been added for validation of server addresses in FTP passive mode.

jdk.net.ftp.trustPasvAddress.

In this release"","" the FTP Client has been enhanced to reject an address sent by a server"","" in response to a PASV command from the FTP Client"","" when that address differs from the address which the FTP Client initially connected.
To revert to the prior behavior"","" the jdk.net.ftp.trustPasvAddress system property can be set to true. The affect of setting this property is that the FTP Client accepts and uses the address value returned in reply to a PASV command
JDK-8258432 (not public)
",,,
https://www.oracle.com/java/technologies/javase/16-0-2-relnotes.html,Other Notes,"security-libs/javax.net.ssl??SocketExceptions Are Not Wrapped Into SSLExceptions in SSLSocketImpl
This release reverts the behavior of SSLSocketImpl and SSLTransport introduced by JDK-8196584. SocketException will now be thrown as is instead of being suppressed into an SSLException.
See JDK-8259662
",,,
https://www.oracle.com/java/technologies/javase/16-0-2-relnotes.html,Other Notes,"security-libs/java.security??Disable SHA-1 JARs
JARs signed with SHA-1 algorithms are now restricted by default and treated as if they were unsigned. This applies to the algorithms used to digest"","" sign"","" and optionally timestamp the JAR. It also applies to the signature and digest algorithms of the certificates in the certificate chain of the code signer and the Timestamp Authority"","" and any CRLs or OCSP responses that are used to verify if those certificates have been revoked.
In order to reduce the compatibility risk for applications that have been previously timestamped or use private CAs"","" there are two exceptions to this policy:

Any JAR signed with SHA-1 algorithms and timestamped prior to January 01"","" 2019 will not be restricted.
Any JAR signed with a SHA-1 certificate that does not chain back to a Root CA included by default in the JDK cacerts keystore will not be restricted.

These exceptions may be removed in a future JDK release.
Users can"","" at their own risk"","" remove these restrictions by modifying the java.security configuration file (or overriding it using the java.security.properties system property) and removing ""SHA1 jdkCA & usage SignedJAR & denyAfter 2019-01-01"" from the jdk.certpath.disabledAlgorithms security property and ""SHA1 jdkCA & denyAfter 2019-01-01"" from the jdk.jar.disabledAlgorithms security property.
See JDK-8196415
",,,
https://www.oracle.com/java/technologies/javase/17-relnote-issues.html,New Features,"specification??JEP 409: Sealed Classes
Sealed Classes have been added to the Java Language. Sealed classes and interfaces restrict which other classes or interfaces may extend or implement them.
Sealed Classes were proposed by JEP 360 and delivered in JDK 15 as a preview feature. They were proposed again"","" with refinements"","" by JEP 397 and delivered in JDK 16 as a preview feature. Now in JDK 17"","" Sealed Classes are being finalized with no changes from JDK 16.
For further details"","" see JEP 409.
See JDK-8260514
",,,
https://www.oracle.com/java/technologies/javase/17-relnote-issues.html,New Features,"specification??JEP 406: Pattern Matching for switch (Preview)
Enhance the Java programming language with pattern matching for switch expressions and statements"","" along with extensions to the language of patterns. Extending pattern matching to switch allows an expression to be tested against a number of patterns"","" each with a specific action"","" so that complex data-oriented queries can be expressed concisely and safely.
For further details"","" see JEP 406.
See JDK-8213076
",,,
https://www.oracle.com/java/technologies/javase/17-relnote-issues.html,New Features,"client-libs/2d??JEP 382: New macOS Rendering Pipeline
The Java 2D API used by the Swing APIs for rendering"","" can now use the new Apple Metal accelerated rendering API for macOS.
This is currently disabled by default"","" so rendering still uses OpenGL APIs"","" which are deprecated by Apple but still available and supported.
To enable Metal"","" an application should specify its use by setting the system property:
-Dsun.java2d.metal=true
Use of Metal or OpenGL is transparent to applications since this is a difference of internal implementation and has no effect on Java APIs. The metal pipeline requires macOS 10.14.x or later. Attempts to set it on earlier releases will be ignored.
For further details"","" see JEP 382.
See JDK-8238361
",,,
https://www.oracle.com/java/technologies/javase/17-relnote-issues.html,New Features,"client-libs/javax.swing??New API for Accessing Large Icons
A new method"","" javax.swing.filechooser.FileSystemView.getSystemIcon(File"","" int"","" int)"","" is available in JDK 17 that enables access to higher quality icons when possible. It is fully implemented for the Windows platform; however"","" results on other platforms might vary and will be enhanced later. For example"","" by using the following code:
  FileSystemView fsv = FileSystemView.getFileSystemView();

  Icon icon = fsv.getSystemIcon(new File(""application.exe"")"","" 64"","" 64);
  JLabel label = new JLabel(icon);
The user can obtain a higher quality icon for the ""application.exe"" file. This icon is suitable for creating a label that can be better scaled in a HighDPI environment.
See JDK-8182043
",,,
https://www.oracle.com/java/technologies/javase/17-relnote-issues.html,New Features,"core-libs/java.net??DatagramSocket Can Be Used Directly to Join Multicast Groups
java.net.DatagramSocket has been updated in this release to add support for joining multicast groups. It now defines joinGroup and leaveGroup methods to join and leave multicast groups. The class level API documentation of java.net.DatagramSocket has been updated to explain how a plain DatagramSocket can be configured and used to join and leave multicast groups.
This change means that the DatagramSocket API can be used for multicast applications without needing to use the legacy java.net.MulticastSocket API. The MulticastSocket API works as before"","" although most of its methods are deprecated.
More information on the rationale of this change can be seen in the CSR JDK-8260667.
See JDK-8237352
",,,
https://www.oracle.com/java/technologies/javase/17-relnote-issues.html,New Features,"core-libs/java.nio??Add support for UserDefinedFileAttributeView on macOS
The file system provider implementation on macOS has been updated in this release to support extended attributes. The java.nio.file.attribute.UserDefinedFileAttributeView API can now be used to obtain a view of a file's extended attributes. This (optional) view was not supported in previous JDK releases.
See JDK-8030048
",,,
https://www.oracle.com/java/technologies/javase/17-relnote-issues.html,New Features,"core-libs/java.util??JEP 356: Enhanced Pseudo-Random Number Generators
Provide new interface types and implementations for pseudorandom number generators (PRNGs)"","" including jumpable PRNGs and an additional class of splittable PRNG algorithms (LXM).
For further details"","" see JEP 356.
See JDK-8193209
",,,
https://www.oracle.com/java/technologies/javase/17-relnote-issues.html,New Features,"hotspot/compiler??Modernization of Ideal Graph Visualizer
Ideal Graph Visualizer (IGV)"","" a tool to explore visually and interactively the intermediate representation used in the HotSpot VM C2 just-in-time (JIT) compiler"","" has been modernized. Enhancements include:

Support for running IGV on up to JDK 15 (the latest version supported by IGV's underlying NetBeans Platform)
Faster"","" Maven-based IGV build system
Stabilization of block formation"","" group removal"","" and node tracking
More intuitive coloring and node categorization in default filters
Ranked quick node search with more natural default behavior

The modernized IGV is partially compatible with graphs generated from earlier JDK releases. It supports basic functionality such as graph loading and visualization"","" but auxiliary functionality such as node clustering and coloring might be affected.
Details about building and running IGV are available in the src/utils/IdealGraphVisualizer/README.md file in the tool's source directory.
See JDK-8254145
",,,
https://www.oracle.com/java/technologies/javase/17-relnote-issues.html,New Features,"tools/javadoc(tool)??Source Details in Error Messages
When JavaDoc reports an issue in an input source file"","" it displays the source line for the issue"","" and a line containing a caret (^) pointing to the position on the line"","" in a manner similar to compiler (javac) diagnostic messages.
In addition"","" logging and other ""info"" messages are now written to the standard error stream"","" leaving the standard output stream to be used for output that is specifically requested by command-line options"","" such as command-line help.
See JDK-8267126
",,,
https://www.oracle.com/java/technologies/javase/17-relnote-issues.html,New Features,"tools/javadoc(tool)??New Page for ""New API"" and Improved ""Deprecated"" Page
JavaDoc can now generate a page summarizing the recent changes in an API. The list of recent releases to be included is specified with the --since command-line option. These values are used to find the declarations with matching @since tags to be included on the new page. The --since-label command-line option provides text to use in the heading of the ""New API"" page.
On the page that summarizes deprecated items"","" you can view items grouped by the release in which they were deprecated.
See JDK-8263468
",,,
https://www.oracle.com/java/technologies/javase/17-relnote-issues.html,New Features,"core-libs??JEP 412: Foreign Function & Memory API (Incubator)
Introduce an API by which Java programs can interoperate with code and data outside of the Java runtime. By efficiently invoking foreign functions (i.e."","" code outside the JVM)"","" and by safely accessing foreign memory (i.e."","" memory not managed by the JVM)"","" the API enables Java programs to call native libraries and process native data without the brittleness and danger of JNI.
For further details"","" see JEP 412.
See JDK-8265033
",,,
https://www.oracle.com/java/technologies/javase/17-relnote-issues.html,New Features,"core-libs??Console Charset API
java.io.Console has been updated to define a new method that returns the Charset for the console. The returned Charset may be different from the one returned from Charset.defaultCharset() method. For example"","" it returns IBM437 while Charset.defaultCharset() returns windows-1252 on Windows (en-US). Refer to the CSR for more detail.
See JDK-8264208
",,,
https://www.oracle.com/java/technologies/javase/17-relnote-issues.html,New Features,"core-libs/java.io:serialization??JDK Flight Recorder Event for Deserialization
It is now possible to monitor deserialization of objects using JDK Flight Recorder (JFR). When JFR is enabled and the JFR configuration includes deserialization events"","" JFR will emit an event whenever the running program attempts to deserialize an object. The deserialization event is named jdk.Deserialization"","" and it is disabled by default. The deserialization event contains information that is used by the serialization filter mechanism; see the ObjectInputFilter specification. Additionally"","" if a filter is enabled"","" the JFR event indicates whether the filter accepted or rejected deserialization of the object. For further information about how to use the JFR deserialization event"","" see the article Monitoring Deserialization to Improve Application Security. For reference information about using and configuring JFR"","" see the JFR Runtime Guide and JFR Command Reference sections of the JDK Mission Control documentation.
See JDK-8261160
",,,
https://www.oracle.com/java/technologies/javase/17-relnote-issues.html,New Features,"core-libs/java.io:serialization??JEP 415: Implement Context-Specific Deserialization Filters
JEP 415: Context-Specific Deserialization Filters allows applications to configure context-specific and dynamically-selected deserialization filters via a JVM-wide filter factory that is invoked to select a filter for each individual deserialization operation.
The Java Core Libraries Developers Guide for Serialization Filtering describes use cases and provides examples.
See JDK-8264859
",,,
https://www.oracle.com/java/technologies/javase/17-relnote-issues.html,New Features,"core-libs/java.lang??System Property for Native Character Encoding Name
A new system property native.encoding has been introduced. This system property provides the underlying host environment's character encoding name. For example"","" typically it has UTF-8 in Linux and macOS platforms"","" and Cp1252 in Windows (en-US). Refer to the CSR for more detail.
See JDK-8265989
",,,
https://www.oracle.com/java/technologies/javase/17-relnote-issues.html,New Features,"core-libs/java.time??Add java.time.InstantSource
A new interface java.time.InstantSource has been introduced. This interface is an abstraction from java.time.Clock that only focuses on the current instant and does not refer to the time zone.
See JDK-8266846
",,,
https://www.oracle.com/java/technologies/javase/17-relnote-issues.html,New Features,"core-libs/java.util??Hex Formatting and Parsing Utility
java.util.HexFormat provides conversions to and from hexadecimal for primitive types and byte arrays. The options for delimiter"","" prefix"","" suffix"","" and uppercase or lowercase are provided by factory methods returning HexFormat instances.
See JDK-8251989
",,,
https://www.oracle.com/java/technologies/javase/17-relnote-issues.html,New Features,"hotspot/compiler??Experimental Compiler Blackholes Support
The experimental support for Compiler Blackholes is added. These are useful for low-level benchmarking"","" to avoid dead-code elimination on the critical paths"","" without affecting the benchmark performance. Current support is implemented as CompileCommand"","" accessible as -XX:CompileCommand=blackhole"",""<method>"","" with the plan to eventually graduate it to a public API.
JMH is already able to auto-detect and use this facility when instructed/available. Please consult JMH documentation for the next steps.
See JDK-8259316
",,,
https://www.oracle.com/java/technologies/javase/17-relnote-issues.html,New Features,"hotspot/compiler??New Class Hierarchy Analysis Implementation in the HotSpot JVM
A new Class Hierarchy Analysis implementation is introduced in the HotSpot JVM. It features enhanced handling of abstract and default methods which improves inlining decisions made by the JIT-compilers. The new implementation supersedes the original one and is turned on by default.
To help diagnose possible issues related to the new implementation"","" the original implementation can be turned on by specifying the -XX:+UnlockDiagnosticVMOptions -XX:-UseVtableBasedCHA command-line flags.
The original implementation may be removed in a future release.
See JDK-8266074
",,,
https://www.oracle.com/java/technologies/javase/17-relnote-issues.html,New Features,"hotspot/compiler??JEP 391: macOS/AArch64 Port
macOS 11.0 now supports the AArch64 architecture. This JEP implements support for the macos-aarch64 platform in the JDK. One of the features added is support for the W^X (write xor execute)?memory. It is enabled only for macos-aarch64 and can be extended to other platforms at some point. The JDK can be either cross-compiled on an Intel machine or compiled on an Apple M1-based machine.
For further details"","" see JEP 391.
See JDK-8251280
",,,
https://www.oracle.com/java/technologies/javase/17-relnote-issues.html,New Features,"hotspot/runtime??Unified Logging Supports Asynchronous Log Flushing
To avoid undesirable delays in a thread using unified logging"","" the user can now request that the unified logging system operate in asynchronous mode. This is done by passing the command-line option -Xlog:async.  In asynchronous logging mode"","" log sites enqueue all logging messages to a buffer. A  standalone thread is responsible for flushing them to the corresponding outputs. The intermediate buffer is bounded. On buffer exhaustion"","" the enqueuing message is discarded. The user can control the size of the intermediate buffer by using the command-line option -XX:AsyncLogBufferSize=<bytes>.
See JDK-8229517
",,,
https://www.oracle.com/java/technologies/javase/17-relnote-issues.html,New Features,"infrastructure/build??macOS on ARM Early Access Available
A new macOS is now available for ARM systems. The ARM port should behave similarly to the Intel port.  There are no known feature differences. When reporting issues on macOS"","" please specify if using ARM or x64.
See JDK-8266858
",,,
https://www.oracle.com/java/technologies/javase/17-relnote-issues.html,New Features,"security-libs/java.security??Provide Support for Specifying a Signer in Keytool -genkeypair Command
The -signer and -signerkeypass options have been added to the -genkeypair command of the keytool utility. The -signer option specifies the keystore alias of a PrivateKeyEntry for the signer and the -signerkeypass option specifies the password used to protect the signerÅfs private key. These options allow keytool -genkeypair to sign the certificate by using the signerÅfs private key. This is especially useful for generating a certificate with a key agreement algorithm as its public key algorithm.
See JDK-8260693
",,,
https://www.oracle.com/java/technologies/javase/17-relnote-issues.html,New Features,"security-libs/javax.crypto??SunJCE Provider Supports KW and KWP Modes With AES Cipher
The SunJCE provider has been enhanced to support the AES Key Wrap Algorithm (RFC 3394) and the AES Key Wrap with Padding Algorithm (RFC 5649). In earlier releases"","" the SunJCE provider supported RFC 3394 under the ""AESWrap"" cipher algorithm that could only be used to wrap and unwrap keys. With this enhancement"","" two block cipher modes"","" KW and KWP"","" have been added that support data encryption/decryption and key wrap/unwrap by using AES. Please check the ""SunJCE provider"" section of the ""JDK Providers Documentation"" guide for more details.
See JDK-8248268
",,,
https://www.oracle.com/java/technologies/javase/17-relnote-issues.html,New Features,"security-libs/javax.crypto:pkcs11??New SunPKCS11 configuration properties
SunPKCS11 provider adds new provider configuration attributes to better control native resources usage. The SunPKCS11 provider consumes native resources in order to work with native PKCS11 libraries. To manage and better control the native resources"","" additional configuration attributes are added to control the frequency of clearing native references as well as whether to destroy underlying PKCS11 Token after logout.
The 3 new attributes for SunPKCS11 provider configuration file are:


destroyTokenAfterLogout (boolean"","" defaults to false) If set to true"","" when java.security.AuthProvider.logout() is called upon the SunPKCS11 provider instance"","" the underlying Token object will be destroyed and resources will be freed. This essentially renders the SunPKCS11 provider instance unusable after logout() calls. Note that a PKCS11 provider with this attribute set to true should not be added to the system provider list since the provider object is not usable after a logout() method call.


cleaner.shortInterval (integer"","" defaults to 2000"","" in milliseconds) This defines the frequency for clearing native references during busy period"","" i.e. how often should the cleaner thread processes the no-longer-needed native references in the queue to free up native memory. Note that the cleaner thread will switch to the 'longInterval' frequency after 200 failed tries"","" i.e. when no references are found in the queue.


cleaner.longInterval (integer"","" defaults to 60000"","" in milliseconds) This defines the frequency for checking native reference during non-busy period"","" i.e. how often should the cleaner thread check the queue for native references. Note that the cleaner thread will switch back to the 'shortInterval' value if native PKCS11 references for cleaning are detected.


See JDK-8240256
",,,
https://www.oracle.com/java/technologies/javase/17-relnote-issues.html,New Features,"security-libs/javax.crypto:pkcs11??SunPKCS11 Provider  Supports ChaCha20-Poly1305 Cipher and ChaCha20 KeyGenerator if Supported by PKCS11 Library
SunPKCS11 provider is enhanced to support the following crypto services and algorithms when the underlying PKCS11 library supports the corresponding PKCS#11 mechanisms:

 ChaCha20 KeyGenerator <=> CKM_CHACHA20_KEY_GEN mechanism
CHACHA20-POLY1305 Cipher <=> CKM_CHACHA20_POLY1305 mechanism
CHACHA20-POLY1305 AlgorithmParameters <=> CKM_CHACHA20_POLY1305 mechanism
CHACHA20 SecretKeyFactory <=> CKM_CHACHA20_POLY1305 mechanism

See JDK-8255410
",,,
https://www.oracle.com/java/technologies/javase/17-relnote-issues.html,New Features,"security-libs/javax.net.ssl??Configurable Extensions With System Properties
Two new system properties have been added. The system property"","" jdk.tls.client.disableExtensions"","" is used to disable TLS extensions used in the client. The system property"","" jdk.tls.server.disableExtensions"","" is used to disable TLS extensions used in the server. If an extension is disabled"","" it will be neither produced nor processed in the handshake messages.
The property string is a list of comma separated standard TLS extension names"","" as registered in the IANA documentation (for example"","" server_name"","" status_request"","" and signature_algorithms_cert). Note that the extension names are case sensitive. Unknown"","" unsupported"","" misspelled and duplicated TLS extension name tokens will be ignored.
Please note that the impact of blocking TLS extensions is complicated. For example"","" a TLS connection may not be able to be established if a mandatory extension is disabled. Please do not disable mandatory extensions"","" and do not use this feature unless you clearly understand the impact.
See JDK-8217633
",,,
https://www.oracle.com/java/technologies/javase/17-relnote-issues.html,New Features,"security-libs/org.ietf.jgss:krb5??Use permitted_enctypes if default_tkt_enctypes or default_tgs_enctypes is not present
Use permitted_enctypes as the default value of default_tkt_enctypes or default_tgs_enctypes if any of the them are not defined in krb5.conf.
See JDK-8262389
",,,
https://www.oracle.com/java/technologies/javase/17-relnote-issues.html,New Features,"tools/javadoc(tool)??""Related Packages"" on a Package Summary Page
The summary page for a package now includes a section listing any ""related packages"".  The set of related packages is determined heuristically on common naming conventions"","" and may include the following:

The ""parent"" package (that is"","" the package for which a package is a subpackage)
Sibling packages (that is"","" other packages with the same parent package)
Any subpackages

The related packages need not all be in the same module.
See JDK-8260388
",,,
https://www.oracle.com/java/technologies/javase/17-relnote-issues.html,Removed Features and Options,"core-libs??JEP 403: Strongly Encapsulate JDK Internals
Strongly encapsulate all internal elements of the JDK"","" except for critical internal APIs such as sun.misc.Unsafe.
With this change"","" the java launcher option --illegal-access is obsolete.  If used on the command line it causes a warning message to be issued"","" and otherwise has no effect.  Existing code that must use internal classes"","" methods"","" or fields of the JDK can still be made to work by using the --add-opens launcher option"","" or the Add-Opens JAR-file manifest attribute"","" to open specific packages.
For further details"","" please see JEP 403.
See JDK-8266851
",,,
https://www.oracle.com/java/technologies/javase/17-relnote-issues.html,Removed Features and Options,"security-libs/java.security??Removed Telia Company's Sonera Class2 CA Certificate
The following root certificate has been removed from the cacerts truststore:
+ Telia Company

  + soneraclass2ca
    DN: CN=Sonera Class2 CA"","" O=Sonera"","" C=FI
See JDK-8225081
",,,
https://www.oracle.com/java/technologies/javase/17-relnote-issues.html,Removed Features and Options,"core-libs??Removal of sun.misc.Unsafe::defineAnonymousClass
sun.misc.Unsafe::defineAnonymousClass API has been removed in JDK 17. The API replacement is java.lang.invoke.MethodHandles.Lookup::defineHiddenClass and java.lang.invoke.MethodHandles.Lookup::defineHiddenClassWithClassData.
See JDK-8243287
",,,
https://www.oracle.com/java/technologies/javase/17-relnote-issues.html,Removed Features and Options,"core-libs/java.rmi??JEP 407: Remove RMI Activation
The Remote Method Invocation (RMI) Activation mechanism has been removed. RMI Activation was an obsolete part of RMI that has been optional since Java SE 8. RMI Activation was deprecated for removal by JEP 385 in Java SE 15"","" and it was removed from this release by JEP 407. The rmid tool has also been removed. See JEP 385 for background"","" rationale"","" risks"","" and alternatives. The rest of RMI remains unchanged.
See JDK-8263550
",,,
https://www.oracle.com/java/technologies/javase/17-relnote-issues.html,Removed Features and Options,"hotspot/compiler??JEP 410: Remove the Experimental AOT and JIT Compiler
AOT Compiler related code in HotSpot VM has been removed. Using HotSpot VM options defined by JEP295 produce ""Unrecognized VM option"" error on VM initialization.
For further details"","" see JEP 410.
See JDK-8263327
",,,
https://www.oracle.com/java/technologies/javase/17-relnote-issues.html,Deprecated Features and Options,"client-libs/java.awt??JEP 398: Deprecate the Applet API for Removal
JEP 398: Deprecate the Applet API for Removal. It is essentially irrelevant since all web-browser vendors have either removed support for Java browser plug-ins or announced plans to do so.
The Applet API was previously deprecated"","" though not for removal"","" by JEP 289 in Java 9.
See JDK-8256145
",,,
https://www.oracle.com/java/technologies/javase/17-relnote-issues.html,Deprecated Features and Options,"security-libs/java.security??JEP 411: Deprecate the Security Manager for Removal
The Security Manager and APIs related to it have been deprecated and will be removed in a future release. To ensure that developers and users are aware that the Security Manager is deprecated for removal"","" the Java runtime issues a warning at startup if the Security Manager is enabled on the command line via java -Djava.security.manager. The Java runtime also issues a warning at run time if the Security Manager is enabled dynamically via the System::setSecurityManager API. These warnings cannot be disabled.
See JEP 411 for more information and a list of APIs that have been deprecated for removal.
See JDK-8264713
",,,
https://www.oracle.com/java/technologies/javase/17-relnote-issues.html,Deprecated Features and Options,"security-libs/org.ietf.jgss:krb5??Deprecate 3DES and RC4 in Kerberos
The des3-hmac-sha1 and rc4-hmac Kerberos encryption types (etypes) are now deprecated and disabled by default. Users can set allow_weak_crypto = true in the krb5.conf configuration file to re-enable them (along with other weak etypes including des-cbc-crc and des-cbc-md5) at their own risk. To disable a subset of the weak etypes"","" users can list preferred etypes explicitly in any of the default_tkt_enctypes"","" default_tgs_enctypes"","" or permitted_enctypes settings.
See JDK-8139348
",,,
https://www.oracle.com/java/technologies/javase/17-relnote-issues.html,Deprecated Features and Options,"core-libs/java.net??Deprecate the Socket Implementation Factory Mechanism
The following static methods used to set the system-wide socket implementation factories have been deprecated:

static void ServerSocket.setSocketFactory?(SocketImplFactory fac)
static void Socket.setSocketImplFactory?(SocketImplFactory fac)
static void DatagramSocket.setDatagramSocketImplFactory?(DatagramSocketImplFactory fac)

These API points were used to statically configure a system-wide factory for the corresponding socket types in the java.net package. These methods have mostly been obsolete since Java 1.4.
See JDK-8235139
",,,
https://www.oracle.com/java/technologies/javase/17-relnote-issues.html,Deprecated Features and Options,"hotspot/jvmti??Deprecate JVM TI Heap functions 1.0
The following JVM TI functions have been deprecated in this release:

IterateOverObjectsReachableFromObject
IterateOverReachableObjects
IterateOverHeap
IterateOverInstancesOfClass

These functions were superseded in JVM TI version 1.2 (Java SE 6) by more powerful and flexible versions. These functions will be changed to return an error in a future release to indicate that they are no longer implemented/supported. The VM flags -Xlog:jvmti=trace and -XX:TraceJVMTI=<function_name> can be used to identify any residual usages of these functions. For example"","" -Xlog:jvmti=trace -XX:TraceJVMTI=IterateOverHeap is one way to get trace output when IterateOverHeap is used.
See JDK-8268241
",,,
https://www.oracle.com/java/technologies/javase/17-relnote-issues.html,Known Issues,"xml/jaxp
??JDK XSLT Transformer Limitations 
Applications using the JDK XSLT transformer to convert stylesheets to Java objects can encounter the following exception:

com.sun.org.apache.xalan.internal.xsltc.compiler.util.InternalError: Internal XSLTC error: a method in
the translet exceeds the Java Virtual Machine limitation on the length of a method of 64 kilobytes.
This is usually caused by templates in a stylesheet that are very large. Try restructuring your
stylesheet to use smaller templates.

Applications will encounter the above exception if the size of the XSL template is too large. It is recommended to split the XSL template into smaller templates. Alternatively"","" applications can override the JDK XSLT Transformer by providing third-party implementation JAR files in the class path. 
See JDK-8290347
",,,
https://www.oracle.com/java/technologies/javase/17-relnote-issues.html,Other Notes,"
security-libs/java.security
??JarFile Treats Signed JARs with Multiple Manifests as Unsigned


The JarFile class now treats a signed JAR as unsigned if it detects a second manifest in the JAR file. A warning message"","" ""WARNING: Multiple MANIFEST.MF found. Treat JAR file as unsigned."""","" is logged if the system property -Djava.security.debug=jar is set.
JDK-8260967 (not public)
",,,
https://www.oracle.com/java/technologies/javase/17-relnote-issues.html,Other Notes,"core-libs/javax.naming??New System and Security Properties to Control Reconstruction of Remote Objects by JDK's Built-in JNDI RMI and LDAP Implementations
jdk.jndi.object.factoriesFilter: This system and security property allows a serial filter to be specified that controls the set of object factory classes permitted to instantiate objects from object references returned by naming/directory systems. The factory class named by the reference instance is matched against this filter during remote reference reconstruction. The filter property supports pattern-based filter syntax with the format specified by JEP 290. This property applies both to the JNDI/RMI and the JNDI/LDAP built-in provider implementations. The default value allows any object factory class specified in the reference to recreate the referenced object.
com.sun.jndi.ldap.object.trustSerialData: This system property allows control of the deserialization of java objects from the javaSerializedData LDAP attribute. To prevent deserialization of java objects from the attribute"","" the system property can be set to false value. By default"","" deserialization of java objects from the javaSerializedData attribute is allowed.
JDK-8244473 (not public)
",,,
https://www.oracle.com/java/technologies/javase/17-relnote-issues.html,Other Notes,"core-libs/java.util:collections??TreeMap.computeIfAbsent Mishandles Existing Entries Whose Values Are null
Enhancement JDK-8176894 inadvertently introduced erroneous behavior in the TreeMap.computeIfAbsent method. The other TreeMap methods that were modified by this enhancement are unaffected. The erroneous behavior is that"","" if the map contains an existing mapping whose value is null"","" the computeIfAbsent method immediately returns null. To conform with the specification"","" computeIfAbsent should instead call the mapping function and update the map with the function's result.
See JDK-8259622
",,,
https://www.oracle.com/java/technologies/javase/17-relnote-issues.html,Other Notes,"install??Change to Package Names in Linux RPM/DEB Installers
On the Linux platform"","" the names of JDK packages provided by Java RPM and DEB installers have been changed. Names of JDK packages follow the jdk-<feature_release_version> pattern instead of the jdk-<update_release_version> pattern that was previously used. For example"","" the new names of JDK 11"","" 16"","" and 17 packages are jdk-11"","" jdk-16"","" and jdk-17 respectively.
The change to package names disables side-by-side installation of multiple JDKs of the same release family. Only one JDK per release family can be installed on a system with RPM and DEB installers.
If a user wants to have multiple update releases from the same family"","" the user must download the tar.gz bundles.
JDK-8266653 (not public)
",,,
https://www.oracle.com/java/technologies/javase/17-relnote-issues.html,Other Notes,"install/install??Updated List of Capabilities Provided by JDK RPMs
The following capabilities have been removed from the list of what OracleJDK/OracleJRE RPMs provide: xml-commons-api"","" jaxp_parser_impl"","" and java-fonts. This clean-up of the list resolves existing and potential conflicts with modular RPMs.
There are other RPMs providing these capabilities"","" so there should be no impact on packages that depend on them. Package managers can use other rpms to satisfy the dependencies provided by the OracleJDK/OracleJRE RPMs before this change.
JDK-8263575 (not public)
",,,
https://www.oracle.com/java/technologies/javase/17-relnote-issues.html,Other Notes,"install/install??ADDLOCAL=ToolsFeature"",""SourceFeature Argument No Longer Needed For Windows JDK Installer
The ADDLOCAL=ToolsFeature"",""SourceFeature argument is no longer needed for the JDK installer silent mode.  All required files are now installed by default.
JDK-8262043 (not public)
",,,
https://www.oracle.com/java/technologies/javase/17-relnote-issues.html,Other Notes,"security-libs/java.security??Added 2 HARICA Root CA Certificates
The following root certificates have been added to the cacerts truststore:
+ HARICA

  + haricarootca2015
    DN: CN=Hellenic Academic and Research Institutions RootCA 2015"","" O=Hellenic Academic and Research Institutions Cert. Authority"","" L=Athens"","" C=GR

  + haricaeccrootca2015
    DN: CN=Hellenic Academic and Research Institutions ECC RootCA 2015"","" O=Hellenic Academic and Research Institutions Cert. Authority"","" L=Athens"","" C=GR
See JDK-8256421
",,,
https://www.oracle.com/java/technologies/javase/17-relnote-issues.html,Other Notes,"security-libs/java.security??Disable SHA-1 JARs
JARs signed with SHA-1 algorithms are now restricted by default and treated as if they were unsigned. This applies to the algorithms used to digest"","" sign"","" and optionally timestamp the JAR. It also applies to the signature and digest algorithms of the certificates in the certificate chain of the code signer and the Timestamp Authority"","" and any CRLs or OCSP responses that are used to verify if those certificates have been revoked.
In order to reduce the compatibility risk for applications that have been previously timestamped or use private CAs"","" there are two exceptions to this policy:

Any JAR signed with SHA-1 algorithms and timestamped prior to January 01"","" 2019 will not be restricted.
Any JAR signed with a SHA-1 certificate that does not chain back to a Root CA included by default in the JDK cacerts keystore will not be restricted.

These exceptions may be removed in a future JDK release.
Users can"","" at their own risk"","" remove these restrictions by modifying the java.security configuration file (or overriding it using the java.security.properties system property) and removing ""SHA1 jdkCA & usage SignedJAR & denyAfter 2019-01-01"" from the jdk.certpath.disabledAlgorithms security property and ""SHA1 jdkCA & denyAfter 2019-01-01"" from the jdk.jar.disabledAlgorithms security property.
See JDK-8196415
",,,
https://www.oracle.com/java/technologies/javase/17-relnote-issues.html,Other Notes,"security-libs/javax.xml.crypto??Enable XML Signature Secure Validation Mode by Default
The XML Signature secure validation mode has been enabled by default (previously it was not enabled by default unless running with a security manager). When enabled"","" validation of XML signatures are subject to stricter checking of algorithms and other constraints as specified by the jdk.xml.dsig.secureValidationPolicy security property.
If necessary"","" and at their own risk"","" applications can disable the mode by setting the org.jcp.xml.dsig.secureValidation property to Boolean.FALSE with the DOMValidateContext.setProperty() API.
See JDK-8259801
",,,
https://www.oracle.com/java/technologies/javase/17-relnote-issues.html,Other Notes,"security-libs/javax.xml.crypto??Disable SHA-1 XML Signatures
XML signatures that use SHA-1 based digest or signature algorithms have been disabled by default. SHA-1 is no longer a recommended algorithm for digital signatures. If necessary"","" and at their own risk"","" applications can workaround this policy by modifying the jdk.xml.dsig.secureValidationPolicy security property and re-enabling the SHA-1 algorithms.
See JDK-8259709
",,,
https://www.oracle.com/java/technologies/javase/17-relnote-issues.html,Other Notes,"core-libs??RegEx Pattern Matching Loses Character Class After Intersection (&&) Operator
This release fixes a buggy behavior in regular expression pattern intersection. In prior releases"","" if a nested character class were  included in some intersections after the intersection (&&) operator"","" it would be ignored and not included in the generated matcher from the pattern. This change brings the behavior in line with the intersection regex patterns seen in Ruby.
See JDK-8037397
",,,
https://www.oracle.com/java/technologies/javase/17-relnote-issues.html,Other Notes,"core-libs/java.lang:reflect??Remove Vestiges of Intermediate JSR 175 Annotation Format
When annotations were added to the platform in Java SE 5.0"","" early builds used a different representation of annotations in the class file than the final format. Support for this intermediate format has now been removed. Reading an annotation from a class file using the intermediate format which differs from the final format yields an exception similar to:
java.lang.reflect.GenericSignatureFormatError: Signature Parse error: Expected Field Type Signature
Recompiling the sources or otherwise regenerating the class file to conform to the proper format will resolve the issue.
See JDK-8265591
",,,
https://www.oracle.com/java/technologies/javase/17-relnote-issues.html,Other Notes,"core-libs/java.net??URL FTP Protocol Handler: IPv4 Address Validation in Passive Mode
Client-side FTP support in the Java platform is available through the FTP URL stream protocol handler"","" now referred to as the FTP Client.
The following system property has been added for validation of server addresses in FTP passive mode.

jdk.net.ftp.trustPasvAddress.

In this release"","" the FTP Client has been enhanced to reject an address sent by a server"","" in response to a PASV command from the FTP Client"","" when that address differs from the address which the FTP Client initially connected.
To revert to the prior behavior"","" the jdk.net.ftp.trustPasvAddress system property can be set to true. The affect of setting this property is that the FTP Client accepts and uses the address value returned in reply to a PASV command
JDK-8258432 (not public)
",,,
https://www.oracle.com/java/technologies/javase/17-relnote-issues.html,Other Notes,"core-libs/java.nio??New Implementation of java.nio.channels.Selector on Microsoft Windows
The Windows implementation of the java.nio.channels.Selector API has been replaced in this release to use a new more scalable implementation. No behavior or compatibility issues were observed during testing of the new implementation. The old implementation has not been removed and the JDK can be configured to use the old implementation"","" if needed"","" by running with -Djava.nio.channels.spi.SelectorProvider=sun.nio.ch.WindowsSelectorProvider on the command line.
See JDK-8266369
",,,
https://www.oracle.com/java/technologies/javase/17-relnote-issues.html,Other Notes,"core-libs/java.util??Extra '0' in java.util.Formatter for '%012a' Conversion With a Sign Character
In previous releases"","" formatter conversions with a %a conversion that used the 0 padding flag and a width specifier would produce paddings containing too many zeros if a leading sign or space character was also specified by their respective flags. This has been fixed so that paddings no longer include too many leading zeros.
See JDK-8262351
",,,
https://www.oracle.com/java/technologies/javase/17-relnote-issues.html,Other Notes,"core-libs/java.util:collections??Collections.unmodifiable* Methods Are Idempotent for Their Corresponding Collection
The unmodifiable* methods in java.util.Collections will no longer re-wrap a given collection with an unmodifiable view if that collection has already been wrapped by same method.
See JDK-6323374
",,,
https://www.oracle.com/java/technologies/javase/17-relnote-issues.html,Other Notes,"core-libs/java.util:i18n??Support for CLDR Version 39
Locale data based on Unicode Consortium's CLDR has been upgraded to version 39. For the detailed locale data changes"","" please refer to the Unicode Consortium's CLDR release notes:

http://cldr.unicode.org/index/downloads/cldr-39

See JDK-8258794
",,,
https://www.oracle.com/java/technologies/javase/17-relnote-issues.html,Other Notes,"core-libs/java.util:i18n??ISO 639 Language Codes for Hebrew/Indonesian/Yiddish
Historically"","" Java has used old/obsolete ISO 639 language codes for Hebrew/Indonesian/Yiddish languages to maintain compatibility. From Java 17"","" the default codes are the current codes. For example"","" ""he"" is now the language code for ""Hebrew"" instead of ""iw"". A new system property has also been introduced to revert to the legacy behavior. If -Djava.locale.useOldISOCodes=true is specified on the command line"","" it behaves the same way as the prior releases.
See JDK-8263202
",,,
https://www.oracle.com/java/technologies/javase/17-relnote-issues.html,Other Notes,"core-svc/java.lang.instrument??Requirements of an Agent's premain Method Changed to Conform to the Specification
The java.lang.instrument implementation has been changed in this release to require that agent premain and agentmain methods are public. The specification has always required this"","" but it was not enforced. Attempting to run with an agent where these methods are not public will fail with an exception such as:
java.lang.IllegalAccessException: method <fully-qualified-class-name>.premain must be declared public.
A related change in this release is that the premain and agentmain methods must be defined in the agent class. The implementation no longer searches for these methods in superclasses.
See JDK-8165276
",,,
https://www.oracle.com/java/technologies/javase/17-relnote-issues.html,Other Notes,"docs/release_notes??XML Implementation Specific Features and Properties
Documentation for Implementation Specific Features and Properties has been added to the java.xml module summary. Along with the existing properties"","" two new properties are introduced in JDK 17. The following section describes the changes in more detail:


Added javadoc for the XML processing limits.
XML processing limits were introduced in JDK 7u45 and JDK 8. They were previously documented in the Java Tutorial Processing Limits section.
The definitions for these limits have been added to the java.xml module summary. See JDK-8261670.


Moved the javadoc for JAXP Lookup Mechanism to the java.xml module summary.
The javadoc for JAXP Lookup Mechanism has been moved to the module summary. The original javadoc in JAXP factories are replaced with a link to that section in the module summary.
See JDK-8261673.


Added a property to control the newline after the XML header for DOM LSSerializer.
The DOM Load and Save LSSerializer did not have an explicit control for whether or not the XML Declaration ends with a newline. In this release"","" a JDK implementation specific property"","" jdk.xml.isStandalone"","" and its corresponding System property"","" jdk.xml.isStandalone"","" have been added to control the addition of a newline and acts independently without having to set the pretty-print property. This property can be used to reverse the incompatible change introduced in Java SE 7 Update 4 with an update of Xalan 2.7.1 in which a newline is omitted after the XML header.
Usage:
// to set the property"","" get an instance of LSSerializer

LSSerializer ser = impl.createLSSerializer();
// the isStandalone property is effective whether or not pretty-print is set
ser.getDomConfig().setParameter(""format-pretty-print"""","" pretty ? true : false);
ser.getDomConfig().setParameter(""jdk.xml.isStandalone"""","" standalone ? true : false);

// to use the System property"","" set it before initializing a LSSerializer
System.setProperty(""jdk.xml.isStandalone"""","" standalone ? ÅgtrueÅh : ""false"");

// to clear the property"","" place the line anywhere after the LSSerializer is initialized
System.clearProperty(""jdk.xml.isStandalone"");
See JDK-8249867.


Added a property to control the newline after the XML header for XSLTC Serializerjava.xml.
The XSLTC Serializer supported a property"","" http://www.oracle.com/xml/is-standalone"","" introduced through JDK-7150637"","" to control whether or not the XML Declaration ends with a newline. It is"","" however"","" not compliant with the new specification for Implementation Specific Features and Properties. In order to maintain compatibility"","" the legacy property is preserved"","" and a new property"","" jdk.xml.xsltcIsStandalone"","" along with its corresponding System property"","" jdk.xml.xsltcIsStandalone"","" have been created to perform the same function for the XSLTC Serializer as the isStandalone property for DOMLS LSSerializer. Note that the former has an extra prefix xsltc to avoid conflict with the later in case it is set through the System property.
Usage:
// to set the property"","" get an instance of the Transformer

Transformer transformer = getTransformer(Åc);
// the isStandalone property is effective whether or not pretty-print is set
transformer.setOutputProperty(OutputKeys.INDENT"","" pretty ? ""yes"" : ""no"");
transformer.setOutputProperty(""jdk.xml.xsltcIsStandalone"""","" standalone ? ""yes"" : ""no"");

// to use the System property"","" set it before initializing a Transformer
System.setProperty(""jdk.xml.xsltcIsStandalone"""","" standalone ? ""yes"" : ""no"");

// to clear the property"","" place the line anywhere after the Transformer is initialized
System.clearProperty(""jdk.xml.xsltcIsStandalone"");
See JDK-8260858.


Added existing features and properties and standardizing the prefix to jdk.xml.
Existing features and properties have been added to the Implementation Specific Features and Properties tables in the java.xml module summary. All of the features and properties"","" existing and new"","" now have a prefix of jdk.xml as redefined in the Naming Convention section. System properties are searchable in the Java API documentation by the full name"","" such as jdk.xml.entityExpansionLimit.
See JDK-8265252.


See JDK-8261856
",,,
https://www.oracle.com/java/technologies/javase/17-relnote-issues.html,Other Notes,"hotspot/gc??Segmentation Fault Error on 9th and 10th Generation Intel? Core? Processors
When running Java on 9th and 10th Gen Intel? Core? processors"","" a segmentation fault indicating invalid permissions for a mapped object may be observed. A workaround is included that reduces the frequency of the occurrences.
See JDK-8263710
",,,
https://www.oracle.com/java/technologies/javase/17-relnote-issues.html,Other Notes,"hotspot/gc??Parallel GC Enables Adaptive Parallel Reference Processing by Default
Parallel GC now ergonomically determines the optimal number of threads to use for processing java.lang.ref.Reference instances during garbage collection. The option -XX:ParallelRefProcEnabled is now true (enabled) by default.
The change improves this phase of the garbage collection pause significantly on machines with more than one thread available for garbage collection.
If you experience increased garbage collection pauses"","" you can revert to the original behavior by specifying -XX:-ParallelRefProcEnabled on the command line.
The ergonomics of java.lang.ref.Reference processing can be tuned by using the experimental option -XX:ReferencesPerThread (default value: 1000).
See JDK-8204686
",,,
https://www.oracle.com/java/technologies/javase/17-relnote-issues.html,Other Notes,"security-libs/java.security??New System Property Added to Enable the OCSP Nonce Extension
A new system property"","" jdk.security.certpath.ocspNonce"","" has been added to enable the OCSP Nonce Extension. This system property is disabled by default"","" and can be enabled by setting it to the value true. If set to true"","" the JDK implementation of PKIXRevocationChecker includes a nonce extension containing a 16 byte nonce with each OCSP request. See RFC 8954 for more details on the OCSP Nonce Extension.
See JDK-8256895
",,,
https://www.oracle.com/java/technologies/javase/17-relnote-issues.html,Other Notes,"security-libs/java.security??Updated keytool to Create AKID From SKID of Issuing Certificate as Specified by RFC 5280
The gencert command of the keytool utility has been updated to create AKID from the SKID of the issuing certificate as specified by RFC 5280.
See JDK-8257497
",,,
https://www.oracle.com/java/technologies/javase/17-relnote-issues.html,Other Notes,"security-libs/java.security??Updated Specifications of KeyStoreSpi.engineStore(KeyStore.LoadStoreParameter) and KeyStore.store(KeyStore.LoadStoreParameter) Methods
The specifications of the KeyStoreSpi.engineStore(KeyStore.LoadStoreParameter param) and KeyStore.store(KeyStore.LoadStoreParameter param) methods have been updated to specify that an UnsupportedOperationException is thrown if the implementation does not support the engineStore() operation. This change adjusts the specification to match the existing behavior.
See JDK-8246005
",,,
https://www.oracle.com/java/technologies/javase/17-relnote-issues.html,Other Notes,"security-libs/java.security??jarsigner Tool Warns if Weak Algorithms Are Used in SignerÅfs Certificate Chain
The jarsigner tool has been updated to warn users when weak keys or cryptographic algorithms are used in certificates of the signerÅfs certificate chain.
See JDK-8259401
",,,
https://www.oracle.com/java/technologies/javase/17-relnote-issues.html,Other Notes,"security-libs/javax.net.ssl??SocketExceptions Are Not Wrapped Into SSLExceptions in SSLSocketImpl
This release reverts the behavior of SSLSocketImpl and SSLTransport introduced by JDK-8196584. SocketException will now be thrown as is instead of being suppressed into an SSLException.
See JDK-8259662
",,,
https://www.oracle.com/java/technologies/javase/17-relnote-issues.html,Other Notes,"specification/language??JEP 306: Restore Always-Strict Floating-Point Semantics
Floating-point operations are now consistently strict"","" rather than having both ""strict"" floating-point semantics (strictfp) and subtly different ""default"" floating-point semantics. This restores the original floating-point semantics of the language and VM"","" matching the semantics before the introduction of ""strict"" and ""default"" floating-point modes in Java SE 1.2.
For further details"","" see JEP 306.
See JDK-8175916
",,,
https://www.oracle.com/java/technologies/javase/17-relnote-issues.html,Other Notes,"tools/javadoc(tool)??Improved Nested Class Summary
When a class or interface has nested classes or interfaces"","" the list is improved to show the kind of class or interface"","" such as enum class"","" record class"","" annotation interface"","" as appropriate.
See JDK-8266044
",,,
https://www.oracle.com/java/technologies/javase/17-relnote-issues.html,Other Notes,"tools/javadoc(tool)??Improved Package Summary Pages
The summary page for a package has been restructured to display the different kinds of classes and interfaces in a single tabbed table"","" instead of a series of separate tables. Additional links have been provided in the navigation bar at the top of the page"","" to aid in faster navigation to different parts of the page.
See JDK-8263507
",,,
https://www.oracle.com/java/technologies/javase/17-relnote-issues.html,Other Notes,"tools/javadoc(tool)??Improved Output for @see Tags
When a declaration has a series of @see tags"","" the output is generated in the form of an HTML <ul> list"","" instead of a simple comma-separated list of links. The style of the list depends on the number and kind of the links.
See JDK-8262992
",,,
https://www.oracle.com/java/technologies/javase/17-relnote-issues.html,Other Notes,"tools/javadoc(tool)??Ids Used by the Standard Doclet
""Multi-word"" ids in the HTML generated by the Standard Doclet have been converted to a uniform style of lowercase words separated by hyphens. This primarily affects the ids used to navigate within the generated documentation and does not affect the ids used for field and method declarations"","" and which may be used in external pages to reference such declarations within the documentation.
See JDK-8261976
",,,
https://www.oracle.com/java/technologies/javase/17-relnote-issues.html,Other Notes,"tools/javadoc(tool)??Improved ""Help"" Page
The content of the ""Help"" page generated by the Standard Doclet has been revised"","" improved"","" and new information added.

There is a new ""Navigation"" section that provides general information on how to navigate around the documentation.
Information about the different kinds of pages has been gathered into a new section"","" along with new information about pages that were not previously documented.
There is a brief ""table of contents"" at the top of the page that provides links to all of the sections and subsections on the page.

In addition"","" the HELP link in the navigation bar for each kind of page now links directly to the section on the Help page for that kind of page.
See JDK-8263198
",,,
https://www.oracle.com/java/technologies/javase/17-relnote-issues.html,Other Notes,"tools/javadoc(tool)??Legal Headers for Generated Files
The set of files generated by the Standard Doclet typically includes some files with associated licensing requirements. The Standard Doclet now provides support for including the associated legal files"","" with default behavior for the common case and a new command-line option (--legal-notices) to override that behavior when appropriate.
See JDK-8259530
",,,
https://www.oracle.com/java/technologies/javase/17-0-1-relnotes.html,Security Baselines,"

The security baselines for the Java Runtime Environment (JRE) at the time of the release of JDK 17.0.1 are specified in the following table:








JRE Family Version
JRE Security Baseline (Full Version String)




17
17.0.1+12


11
11.0.13+10


8
8u311-b11


7
7u321-b08



? 
 

Keeping the JDK up to Date


Oracle recommends that the JDK is updated with each Critical Patch Update.
In order to determine if a release is the latest"","" the Security Baseline page can
be used to determine which is the latest version for each release family.


Critical patch updates"","" which contain security vulnerability fixes"","" are announced one year in advance on
Critical Patch Updates"","" Security Alerts and Bulletins.
It is not recommended that this JDK (version 17.0.1) be used after the next critical patch update scheduled
for January 18"","" 2022.


Removed Features and Options
security-libs/java.security??Removed IdenTrust Root Certificate
The following root certificate from IdenTrust has been removed from the cacerts keystore:
+ alias name ""identrustdstx3 [jdk]""

  Distinguished Name: CN=DST Root CA X3"","" O=Digital Signature Trust Co.

See JDK-8225082



Other Notes
core-libs/java.lang??Release Doesn't Correctly Recognize Windows 11
This release doesn't correctly identify Windows 11. The property os.name is set to Windows 10 on Windows 11. In HotSpot error logs"","" the OS is identified as Windows 10; however"","" the HotSpot error log does show the Build number. Windows 11 has Build 22000.194 or above.
See JDK-8274840


core-libs/javax.naming??System Property to Control Reconstruction of Reference Address Objects by JDK's Built-in JNDI LDAP Implementation
The scope of the com.sun.jndi.ldap.object.trustSerialData system property has been extended to control the deserialization of java objects from the javaReferenceAddress LDAP attribute.  This system property now controls the deserialization of java objects from the javaSerializedData and javaReferenceAddress LDAP attributes.
To prevent deserialization of java objects from these attributes"","" the system property can be set to false.  By default"","" the deserialization of java objects from javaSerializedData and javaReferenceAddress attributes is allowed.
JDK-8267712 (not public)

hotspot/runtime??Release Doesn't Correctly Recognize Windows Server 2022
This release doesn't correctly identify Windows Server 2022. The property os.name is set to Windows Server 2019 on Windows Server 2022. In HotSpot error logs the OS is identified as Windows Server 2019; however"","" the HotSpot error log does show the Build number. Windows Server 2022 has Build 20348"","" or above.
See JDK-8273229


hotspot/runtime
??OperatingSystemMXBean.getProcessCpuLoad Is Now Container Aware

For JVMs running in a container"","" OperatingSystemMXBean.getProcessCpuLoad now considers only the CPU resources available to the container when calculating CPU load. Prior to this change"","" the calculation included all CPUs on a host. After this change"","" management agents may report higher CPU usage by JVMs in containers that are constrained to a limited set of CPUs.
See JDK-8269851
? 
Bug Fixes
This release also contains fixes for security vulnerabilities described in the Oracle Critical Patch Update.
? Issues fixed in 17.0.1:






#
JBS
Component
Subcomponent
Sumary




1
JDK-8262731
client-libs
2d
[macOS] Exception from ""Printable.print"" is swallowed during ""PrinterJob.print""


2
JDK-8273358
client-libs
2d
macOS Monterey does not have the font Times needed by Serif


3
JDK-8272602
client-libs
java.awt
[macos] not all KEY_PRESSED events sent when control modifier is used


4
JDK-8272806
client-libs
java.awt
[macOS] ""Apple AWT Internal Exception"" when input method is changed


5
JDK-8267666
core-svc
tools
Add option to jcmd GC.heap_dump to use existing file


6
JDK-8271925
hotspot
compiler
ZGC: Arraycopy stub passes invalid oop to load barrier


7
JDK-8271589
hotspot
compiler
fatal error with variable shift count integer rotate operation.


8
JDK-8271203
hotspot
compiler
C2: assert(iff->Opcode() == Op_If || iff->Opcode() == Op_CountedLoopEnd || iff->Opcode() == Op_RangeCheck) failed: Check this code when new subtype is added


9
JDK-8270098
hotspot
compiler
ZGC: ZBarrierSetC2::clone_at_expansion fails with ""Guard against surprises"" assert


10
JDK-8272131
hotspot
compiler
PhaseMacroExpand::generate_slow_arraycopy crash when clone null CallProjections.fallthrough_ioproj


11
JDK-8271276
hotspot
compiler
C2: Wrong JVM state used for receiver null check


12
JDK-8268019
hotspot
compiler
C2: assert(no_dead_loop) failed: dead loop detected


13
JDK-8268261
hotspot
compiler
C2: assert(n != __null) failed: Bad immediate dominator info.


14
JDK-8269574
hotspot
compiler
C2: Avoid redundant uncommon traps in GraphKit::builtin_throw() for JVMTI exception events


15
JDK-8272124
hotspot
runtime
Cgroup v1 initialization causes NullPointerException when cgroup path contains colon


16
JDK-8269934
hotspot
runtime
RunThese24H.java failed with EXCEPTION_ACCESS_VIOLATION in java_lang_Thread::get_thread_status


17
JDK-8225082
security-libs
java.security
Remove IdenTrust certificate that is expiring in September 2021


18
JDK-8268427
security-libs
java.security
Improve AlgorithmConstraints:checkAlgorithm performance


19
JDK-8225083
security-libs
java.security
Remove Google certificate that is expiring in December 2021


20
JDK-8273150
security-libs
java.security
Revert ""8225083: Remove Google certificate that is expiring in December 2021""


21
JDK-8270344
security-libs
javax.net.ssl
Session resumption errors







",,,
https://www.oracle.com/java/technologies/javase/17-0-1-relnotes.html,Keeping the JDK up to Date,"

Oracle recommends that the JDK is updated with each Critical Patch Update.
In order to determine if a release is the latest"","" the Security Baseline page can
be used to determine which is the latest version for each release family.


Critical patch updates"","" which contain security vulnerability fixes"","" are announced one year in advance on
Critical Patch Updates"","" Security Alerts and Bulletins.
It is not recommended that this JDK (version 17.0.1) be used after the next critical patch update scheduled
for January 18"","" 2022.

",,,
https://www.oracle.com/java/technologies/javase/17-0-1-relnotes.html,Removed Features and Options,"security-libs/java.security??Removed IdenTrust Root Certificate
The following root certificate from IdenTrust has been removed from the cacerts keystore:
+ alias name ""identrustdstx3 [jdk]""

  Distinguished Name: CN=DST Root CA X3"","" O=Digital Signature Trust Co.

See JDK-8225082
",,,
https://www.oracle.com/java/technologies/javase/17-0-1-relnotes.html,Removed Features and Options,"core-libs/java.lang??Release Doesn't Correctly Recognize Windows 11
This release doesn't correctly identify Windows 11. The property os.name is set to Windows 10 on Windows 11. In HotSpot error logs"","" the OS is identified as Windows 10; however"","" the HotSpot error log does show the Build number. Windows 11 has Build 22000.194 or above.
See JDK-8274840
",,,
https://www.oracle.com/java/technologies/javase/17-0-1-relnotes.html,Removed Features and Options,"core-libs/javax.naming??System Property to Control Reconstruction of Reference Address Objects by JDK's Built-in JNDI LDAP Implementation
The scope of the com.sun.jndi.ldap.object.trustSerialData system property has been extended to control the deserialization of java objects from the javaReferenceAddress LDAP attribute.  This system property now controls the deserialization of java objects from the javaSerializedData and javaReferenceAddress LDAP attributes.
To prevent deserialization of java objects from these attributes"","" the system property can be set to false.  By default"","" the deserialization of java objects from javaSerializedData and javaReferenceAddress attributes is allowed.
JDK-8267712 (not public)

hotspot/runtime??Release Doesn't Correctly Recognize Windows Server 2022
This release doesn't correctly identify Windows Server 2022. The property os.name is set to Windows Server 2019 on Windows Server 2022. In HotSpot error logs the OS is identified as Windows Server 2019; however"","" the HotSpot error log does show the Build number. Windows Server 2022 has Build 20348"","" or above.
See JDK-8273229


hotspot/runtime
??OperatingSystemMXBean.getProcessCpuLoad Is Now Container Aware

For JVMs running in a container"","" OperatingSystemMXBean.getProcessCpuLoad now considers only the CPU resources available to the container when calculating CPU load. Prior to this change"","" the calculation included all CPUs on a host. After this change"","" management agents may report higher CPU usage by JVMs in containers that are constrained to a limited set of CPUs.
See JDK-8269851
? 
Bug Fixes
This release also contains fixes for security vulnerabilities described in the Oracle Critical Patch Update.
? Issues fixed in 17.0.1:






#
JBS
Component
Subcomponent
Sumary




1
JDK-8262731
client-libs
2d
[macOS] Exception from ""Printable.print"" is swallowed during ""PrinterJob.print""


2
JDK-8273358
client-libs
2d
macOS Monterey does not have the font Times needed by Serif


3
JDK-8272602
client-libs
java.awt
[macos] not all KEY_PRESSED events sent when control modifier is used


4
JDK-8272806
client-libs
java.awt
[macOS] ""Apple AWT Internal Exception"" when input method is changed


5
JDK-8267666
core-svc
tools
Add option to jcmd GC.heap_dump to use existing file


6
JDK-8271925
hotspot
compiler
ZGC: Arraycopy stub passes invalid oop to load barrier


7
JDK-8271589
hotspot
compiler
fatal error with variable shift count integer rotate operation.


8
JDK-8271203
hotspot
compiler
C2: assert(iff->Opcode() == Op_If || iff->Opcode() == Op_CountedLoopEnd || iff->Opcode() == Op_RangeCheck) failed: Check this code when new subtype is added


9
JDK-8270098
hotspot
compiler
ZGC: ZBarrierSetC2::clone_at_expansion fails with ""Guard against surprises"" assert


10
JDK-8272131
hotspot
compiler
PhaseMacroExpand::generate_slow_arraycopy crash when clone null CallProjections.fallthrough_ioproj


11
JDK-8271276
hotspot
compiler
C2: Wrong JVM state used for receiver null check


12
JDK-8268019
hotspot
compiler
C2: assert(no_dead_loop) failed: dead loop detected


13
JDK-8268261
hotspot
compiler
C2: assert(n != __null) failed: Bad immediate dominator info.


14
JDK-8269574
hotspot
compiler
C2: Avoid redundant uncommon traps in GraphKit::builtin_throw() for JVMTI exception events


15
JDK-8272124
hotspot
runtime
Cgroup v1 initialization causes NullPointerException when cgroup path contains colon


16
JDK-8269934
hotspot
runtime
RunThese24H.java failed with EXCEPTION_ACCESS_VIOLATION in java_lang_Thread::get_thread_status


17
JDK-8225082
security-libs
java.security
Remove IdenTrust certificate that is expiring in September 2021


18
JDK-8268427
security-libs
java.security
Improve AlgorithmConstraints:checkAlgorithm performance


19
JDK-8225083
security-libs
java.security
Remove Google certificate that is expiring in December 2021


20
JDK-8273150
security-libs
java.security
Revert ""8225083: Remove Google certificate that is expiring in December 2021""


21
JDK-8270344
security-libs
javax.net.ssl
Session resumption errors






",,,
https://www.oracle.com/java/technologies/javase/17-0-2-relnotes.html,"IANA TZ Data 2021b, 2021c, 2021d, 2021e","
JDK 17.0.2 contains IANA time zone data 2021b"","" 2021c"","" 2021d"","" 2021e.

Jordan now starts DST on February's last Thursday.
Samoa no longer observes DST.
Merge more location-based Zones whose timestamps agree since 1970.
Move some backward-compatibility links to 'backward'.
Rename Pacific/Enderbury to Pacific/Kanton.
Correct many pre-1993 transitions in Malawi"","" Portugal"","" etc.
zic now creates each output file or link atomically.
zic -L no longer omits the POSIX TZ string in its output.
zic fixes for truncation and leap second table expiration.
zic now follows POSIX for TZ strings using all-year DST.
Fix some localtime crashes and bugs in obscure cases.
zdump -v now outputs more-useful boundary cases.
tzfile.5 better matches a draft successor to RFC 8536.
A new file SECURITY.
Revert most 2021b changes to 'backward'.
Fix 'zic -b fat' bug in pre-1970 32-bit data.
Fix two Link line typos.
Distribute SECURITY file.

This release is intended as a bugfix release"","" to fix compatibility problems and typos reported since 2021b was released.

Fiji suspends DST for the 2021/2022 season.
'zic -r' marks unspecified timestamps with ""-00"".
Palestine will fall back 10-29 (not 10-30) at 01:00.

For more information"","" refer to Timezone Data Versions in the JRE Software.
",,,
https://www.oracle.com/java/technologies/javase/17-0-2-relnotes.html,Security Baselines,"

The security baselines for the Java Runtime Environment (JRE) at the time of the release of JDK 17.0.2 are specified in the following table:








JRE Family Version
JRE Security Baseline (Full Version String)




17
17.0.2+8


11
11.0.14+8


8
8u321-b07


7
7u331-b06



? 
 

Keeping the JDK up to Date


Oracle recommends that the JDK is updated with each Critical Patch Update.
In order to determine if a release is the latest"","" the Security Baseline page can
be used to determine which is the latest version for each release family.


Critical patch updates"","" which contain security vulnerability fixes"","" are announced one year in advance on
Critical Patch Updates"","" Security Alerts and Bulletins.
It is not recommended that this JDK (version 17.0.2) be used after the next critical patch update scheduled
for April 19"","" 2022.


? 
Removed Features and Options
security-libs/java.security??Removed Google's GlobalSign Root Certificate
The following root certificate from Google has been removed from the cacerts keystore:
+ alias name ""globalsignr2ca [jdk]""

  Distinguished Name: CN=GlobalSign"","" O=GlobalSign"","" OU=GlobalSign Root CA - R2

See JDK-8274215


Other Notes
install/install??Extended Delay Before JDK Executable Installer Starts From Network Drive
On Windows 11 and Windows Server 2022"","" there can be some slowness with the extraction of temporary installation files when launched from a mapped network drive. The installer will still work"","" but there can be a temporary delay.
JDK-8274002 (not public)


core-libs/java.io??file.encoding System Property Has an Incorrect Value on Windows
The initialization of  the file.encoding system property on non macOS platforms has been reverted to align with the behavior on or before JDK 11.  This has been an issue especially on Windows where the system and user's locales are not the same.
See JDK-8275145



core-libs/java.nio??Zip File System Provider Throws ZipException When Entry Name Element Contains ""."" or ""..""
The ZIP file system provider has been changed to reject existing ZIP files that contain entries with ""."" or "".."" in name elements. ZIP files with these entries cannot be used as a file system. Invoking the java.nio.file.FileSystems.newFileSystem(...) methods throw ZipException if the ZIP file contains these entries.
See JDK-8251329



core-libs/java.time??Update Timezone Data to 2021c
IANA Time Zone Database"","" on which JDK's Date/Time libraries are based"","" has made a tweak to some time zone rules since 2021c. Note that since this update"","" some of the time zone rules prior to the year 1970 have been modified according to the changes which were introduced with 2021b. For more detail"","" refer to the announcement of 2021b
See JDK-8274407



hotspot/gc??ZGC: Fixed long Process Non-Strong References times
A bug has been fixed that could cause long ""Concurrent Process Non-Strong References"" times with ZGC. The bug blocked the GC from making significant progress"","" and caused both latency and throughput issues for the Java application.
The long times could be seen in the GC logs when running with -Xlog:gc*:
[17606.140s][info][gc"",""phases ] GC(719) Concurrent Process Non-Strong References 25781.928ms

See JDK-8277212


? 
Bug Fixes
This release also contains fixes for security vulnerabilities described in the Oracle Critical Patch Update.
? Issues fixed in 17.0.2:






#
JBS
Component
Subcomponent
Sumary




1
JDK-8269637
client-libs

javax/swing/JFileChooser/FileSystemView/SystemIconTest.java fails on windows


2
JDK-8262031
client-libs

Create implementation for NSAccessibilityNavigableStaticText protocol


3
JDK-8267387
client-libs

Create implementation for NSAccessibilityOutline protocol


4
JDK-8275872
client-libs
2d
Sync J2DBench run and analyze Makefile targets with build.xml


5
JDK-8271718
client-libs
2d
Crash when during color transformation the color profile is replaced


6
JDK-8273135
client-libs
2d
java/awt/color/ICC_ColorSpace/MTTransformReplacedProfile.java crashes in liblcms.dylib with NULLSeek+0x7


7
JDK-8273887
client-libs
2d
[macos] java/awt/color/ICC_ColorSpace/MTTransformReplacedProfile.java timed out


8
JDK-8276905
client-libs
2d
Use appropriate macosx_version_minimum value while compiling metal shaders


9
JDK-8273808
client-libs
java.awt
Cleanup AddFontsToX11FontPath


10
JDK-8275131
client-libs
java.awt
Exceptions after a touchpad gesture on macOS


11
JDK-8274326
client-libs
javax.accessibility
[macos] Ensure initialisation of sun/lwawt/macosx/CAccessibility in JavaComponentAccessibility.m


12
JDK-8274056
client-libs
javax.accessibility
JavaAccessibilityUtilities leaks JNI objects


13
JDK-8274381
client-libs
javax.accessibility
missing CAccessibility definitions in JNI code 


14
JDK-8267385
client-libs
javax.accessibility
Create NSAccessibilityElement implementation for JavaComponentAccessibility


15
JDK-8267388
client-libs
javax.accessibility
Create implementation for NSAccessibilityTable protocol


16
JDK-8274383
client-libs
javax.accessibility
JNI call of getAccessibleSelection on a wrong thread


17
JDK-8277195
client-libs
javax.accessibility
missing CAccessibility definition in [CommonComponentAccessibility accessibilityHitTest]


18
JDK-8271071
client-libs
javax.accessibility
accessibility of a table on macOS lacks cell navigation


19
JDK-8275809
client-libs
javax.accessibility
crash in [CommonComponentAccessibility getCAccessible:withEnv:]


20
JDK-8273678
client-libs
javax.accessibility
TableAccessibility and TableRowAccessibility miss autorelease


21
JDK-8275071
client-libs
javax.accessibility
[macos] A11y cursor gets stuck when combobox is closed


22
JDK-8275819
client-libs
javax.accessibility
[TableRowAccessibility accessibilityChildren] method is ineffective


23
JDK-8270893
client-libs
javax.imageio
IndexOutOfBoundsException while reading large TIFF file


24
JDK-8269951
client-libs
javax.swing
[macos] Focus not painted in JButton when  setBorderPainted(false) is invoked


25
JDK-8266510
client-libs
javax.swing
Nimbus JTree default tree cell renderer does not use selected text color


26
JDK-8271895
client-libs
javax.swing
UnProblemList javax/swing/JComponent/7154030/bug7154030.java in JDK18


27
JDK-8268284
client-libs
javax.swing
javax/swing/JComponent/7154030/bug7154030.java fails with ""Exception: Failed to hide opaque button""


28
JDK-8264287
client-libs
javax.swing
Create implementation for NSAccessibilityComboBox protocol peer


29
JDK-8264303
client-libs
javax.swing
Create implementation for NSAccessibilityTabGroup protocol peer


30
JDK-8264292
client-libs
javax.swing
Create implementation for NSAccessibilityList protocol peer


31
JDK-8264286
client-libs
javax.swing
Create implementation for NSAccessibilityColumn protocol peer


32
JDK-8264291
client-libs
javax.swing
Create implementation for NSAccessibilityCell protocol peer


33
JDK-8264298
client-libs
javax.swing
Create implementation for NSAccessibilityRow protocol peer


34
JDK-8271315
client-libs
javax.swing
Redo: Nimbus JTree renderer properties persist across L&F changes


35
JDK-8264293
client-libs
javax.swing
Create implementation for NSAccessibilityMenu protocol peer


36
JDK-8264295
client-libs
javax.swing
Create implementation for NSAccessibilityMenuItem protocol peer


37
JDK-8264294
client-libs
javax.swing
Create implementation for NSAccessibilityMenuBar protocol peer


38
JDK-8264296
client-libs
javax.swing
Create implementation for NSAccessibilityPopUpButton protocol peer


39
JDK-8264297
client-libs
javax.swing
Create implementation for NSAccessibilityProgressIndicator protocol peer


40
JDK-8269850
core-libs

Most JDK releases report macOS version 12 as 10.16 instead of 12.0


41
JDK-8276572
core-libs

Fake libsyslookup.so library causes tooling issues


42
JDK-8273450
core-libs

Fix the copyright header of SVML files


43
JDK-8275145
core-libs
java.io
file.encoding system property has an incorrect value on Windows


44
JDK-8277093
core-libs
java.io:serialization
Vector should throw ClassNotFoundException for a missing class of an element


45
JDK-8275703
core-libs
java.lang
System.loadLibrary fails on Big Sur for libraries hidden from filesystem


46
JDK-8274848
core-libs
java.lang.invoke
LambdaMetaFactory::metafactory on REF_invokeSpecial impl method has incorrect behavior


47
JDK-8270290
core-libs
java.net
NTLM authentication fails if HEAD request is used


48
JDK-8274779
core-libs
java.net
HttpURLConnection: HttpClient and HttpsClient incorrectly check request method when set to POST


49
JDK-8267256
core-libs
java.net
Extend minimal retry for loopback connections on Windows to PlainSocketImpl


50
JDK-8268294
core-libs
java.net
Reusing HttpClient in a WebSocket.Listener hangs.


51
JDK-8269481
core-libs
java.net
SctpMultiChannel never releases own file descriptor


52
JDK-8251329
core-libs
java.nio
(zipfs) Files.walkFileTree walks infinitely if zip has dir named ""."" inside


53
JDK-8273935
core-libs
java.nio
(zipfs) Files.getFileAttributeView() throws UOE instead of returning null when view not supported


54
JDK-8269280
core-libs
java.nio
(bf) Replace StringBuffer in *Buffer.toString()


55
JDK-8190753
core-libs
java.nio
(zipfs): Accessing a large entry (> 2^31 bytes) leads to a negative initial size for ByteArrayOutputStream


56
JDK-8271308
core-libs
java.nio
(fc) FileChannel.transferTo() transfers no more than Integer.MAX_VALUE bytes in one call


57
JDK-8233020
core-libs
java.nio
(fs) UnixFileSystemProvider should use StaticProperty.userDir().


58
JDK-8272095
core-libs
java.nio
ProblemList java/nio/channels/FileChannel/Transfer2GPlus.java on linux-aarch64


59
JDK-8140241
core-libs
java.nio
(fc) Data transfer from FileChannel to itself causes hang in case of overlap


60
JDK-8274468
core-libs
java.time
TimeZoneTest.java fails with tzdata2021b


61
JDK-8274467
core-libs
java.time
TestZoneInfo310.java fails with tzdata2021b


62
JDK-8276536
core-libs
java.time
Update TimeZoneNames files to follow the changes made by JDK-8275766


63
JDK-8272473
core-libs
java.time
Parsing epoch seconds at a DST transition with a non-UTC parser is wrong


64
JDK-8274349
core-libs
java.util.concurrent
ForkJoinPool.commonPool() does not work with 1 CPU


65
JDK-8214761
core-libs
java.util.stream
Bug in parallel Kahan summation implementation


66
JDK-8273790
core-libs
java.util:i18n
Potential cyclic dependencies between Gregorian and CalendarSystem


67
JDK-8273924
core-libs
java.util:i18n
ArrayIndexOutOfBoundsException thrown in java.util.JapaneseImperialCalendar.add()


68
JDK-8273575
core-svc
java.lang.instrument
memory leak in appendBootClassPath()"","" paths must be deallocated


69
JDK-8268361
core-svc
java.lang.management
Fix the infinite loop in next_line


70
JDK-8272318
core-svc
tools
Improve performance of HeapDumpAllTest


71
JDK-8272970
hotspot

Parallelize runtime/InvocationTests/ 


72
JDK-8273278
hotspot

Support XSLT on GraalVM Native Image--deterministic bytecode generation in XSLT


73
JDK-8270886
hotspot
compiler
Crash in PhaseIdealLoop::verify_strip_mined_scheduling


74
JDK-8271600
hotspot
compiler
C2: CheckCastPP which should closely follow Allocate is sunk of a loop


75
JDK-8223923
hotspot
compiler
C2: Missing interference with mismatched unsafe accesses 


76
JDK-8272570
hotspot
compiler
C2: crash in PhaseCFG::global_code_motion


77
JDK-8271341
hotspot
compiler
Opcode() != Op_If && Opcode() != Op_RangeCheck) || outcnt() == 2 assert failure with Test7179138_1.java


78
JDK-8271340
hotspot
compiler
Crash PhaseIdealLoop::clone_outer_loop


79
JDK-8271459
hotspot
compiler
C2: Missing NegativeArraySizeException when creating StringBuilder with negative capacity


80
JDK-8273165
hotspot
compiler
GraphKit::combine_exception_states fails with ""matching stack sizes"" assert


81
JDK-8272562
hotspot
compiler
C2: assert(false) failed: Bad graph detected in build_loop_late


82
JDK-8274145
hotspot
compiler
C2: condition incorrectly made redundant with dominating main loop exit condition


83
JDK-8274074
hotspot
compiler
SIGFPE with C2 compiled code with -XX:+StressGCM


84
JDK-8274401
hotspot
compiler
C2: GraphKit::load_array_element bypasses Access API


85
JDK-8274406
hotspot
compiler
RunThese30M.java failed ""assert(!LCA_orig->dominates(pred_block) || early->dominates(pred_block)) failed: early is high enough""


86
JDK-8276066
hotspot
compiler
Reset LoopPercentProfileLimit for x86 due to suboptimal performance 


87
JDK-8270901
hotspot
compiler
Typo PHASE_CPP in CompilerPhaseType


88
JDK-8273021
hotspot
compiler
C2: Improve Add and Xor ideal optimizations


89
JDK-8275104
hotspot
compiler
IR framework does not handle client VM builds correctly


90
JDK-8276105
hotspot
compiler
C2: Conv(D|F)2(I|L)Nodes::Ideal should handle rounding correctly


91
JDK-8276846
hotspot
compiler
JDK-8273416 is incomplete for UseSSE=1


92
JDK-8276112
hotspot
compiler
Inconsistent scalar replacement debug info at safepoints


93
JDK-8276025
hotspot
compiler
Hotspot's libsvml.so may conflict with user dependency


94
JDK-8270533
hotspot
compiler
AArch64: size_fits_all_mem_uses should return false if its output is a CAS


95
JDK-8273416
hotspot
compiler
C2: assert(false) failed: bad AD file after JDK-8252372 with UseSSE={0"",""1}


96
JDK-8273359
hotspot
compiler
CI: ciInstanceKlass::get_canonical_holder() doesn't respect instance size


97
JDK-8244675
hotspot
compiler
assert(IncrementalInline || (_late_inlines.length() == 0 && !has_mh_late_inlines())) 


98
JDK-8272703
hotspot
compiler
StressSeed should be set via FLAG_SET_ERGO


99
JDK-8271954
hotspot
compiler
C2: assert(false) failed: Bad graph detected in build_loop_late


100
JDK-8272413
hotspot
compiler
Incorrect num of element count calculation for vector cast


101
JDK-8272574
hotspot
compiler
C2: assert(false) failed: Bad graph detected in build_loop_late


102
JDK-8276157
hotspot
compiler
C2: Compiler stack overflow during escape analysis on Linux x86_32


103
JDK-8268882
hotspot
compiler
C2: assert(n->outcnt() != 0 || C->top() == n || n->is_Proj()) failed: No dead instructions after post-alloc


104
JDK-8271567
hotspot
compiler
AArch64: AES Galois CounterMode (GCM) interleaved implementation using vector instructions


105
JDK-8271215
hotspot
gc
Fix data races in G1PeriodicGCTask


106
JDK-8274501
hotspot
gc
c2i entry barriers read int as long on AArch64


107
JDK-8271862
hotspot
gc
C2 intrinsic for Reference.refersTo() is often not used


108
JDK-8271121
hotspot
gc
ZGC: stack overflow (segv) when -Xlog:gc+start=debug


109
JDK-8272170
hotspot
gc
Missing memory barrier when checking active state for regions 


110
JDK-8277212
hotspot
gc
GC accidentally cleans valid megamorphic vtable inline caches


111
JDK-8275426
hotspot
gc
PretouchTask num_chunks calculation can overflow


112
JDK-8274435
hotspot
jfr
EXCEPTION_ACCESS_VIOLATION in BFSClosure::closure_impl


113
JDK-8272850
hotspot
runtime
Drop zapping values in the Zap* option descriptions


114
JDK-8273606
hotspot
runtime
Zero: SPARC64 build fails with si_band type mismatch


115
JDK-8273373
hotspot
runtime
Zero: Cannot invoke JVM in primordial threads on Zero


116
JDK-8273505
hotspot
runtime
runtime/cds/appcds/loaderConstraints/DynamicLoaderConstraintsTest.java#default-cl crashed with SIGSEGV in MetaspaceShared::link_shared_classes


117
JDK-8273176
hotspot
runtime
handle latest VS2019 in abstract_vm_version


118
JDK-8273695
hotspot
runtime
Safepoint deadlock on VMOperation_lock


119
JDK-8273489
hotspot
runtime
Zero: Handle UseHeavyMonitors on all monitorenter paths


120
JDK-8273229
hotspot
runtime
Update OS detection code to recognize Windows Server 2022


121
JDK-8274840
hotspot
runtime
Update OS detection code to recognize Windows 11


122
JDK-8273342
hotspot
runtime
Null pointer dereference in classFileParser.cpp:2817


123
JDK-8272345
hotspot
runtime
macos doesn't check `os::set_boot_path()` result


124
JDK-8272114
hotspot
runtime
Unused _last_state in osThread_windows


125
JDK-8274293
hotspot
runtime
Build failure on macOS with Xcode 13.0 as vfork is deprecated


126
JDK-8274338
hotspot
runtime
com/sun/jdi/RedefineCrossEvent.java failed ""assert(m != __null) failed: NULL mirror""


127
JDK-8238649
hotspot
runtime
Call new Win32 API SetThreadDescription in os::set_native_thread_name


128
JDK-8261579
hotspot
runtime
AArch64: Support for weaker memory ordering in Atomic


129
JDK-8268927
hotspot
runtime
Windows: link error: unresolved external symbol ""int __cdecl convert_to_unicode(char const *"",""wchar_t * *)""


130
JDK-8273486
hotspot
runtime
Zero: Handle DiagnoseSyncOnValueBasedClasses VM option


131
JDK-8273483
hotspot
runtime
Zero: Clear pending JNI exception check in native method handler


132
JDK-8273440
hotspot
runtime
Zero: Disable runtime/Unsafe/InternalErrorTest.java


133
JDK-8273333
hotspot
runtime
Zero should warn about unimplemented -XX:+LogTouchedMethods


134
JDK-8268893
hotspot
runtime
jcmd to trim the glibc heap


135
JDK-8273902
hotspot
runtime
Memory leak in OopStorage due to bug in OopHandle::release()


136
JDK-8269687
hotspot
runtime
pauth_aarch64.hpp include name is incorrect


137
JDK-8275604
hotspot
runtime
Zero: Reformat opclabels_data


138
JDK-8277029
hotspot
svc
JMM GetDiagnosticXXXInfo APIs should verify output array sizes


139
JDK-8270320
hotspot
test
JDK-8270110 committed invalid copyright headers


140
JDK-8270946
security-libs
java.security
X509CertImpl.getFingerprint should not return the empty String


141
JDK-8273826
security-libs
java.security
Correct Manifest file name and NPE checks


142
JDK-8274215
security-libs
java.security
Remove globalsignr2ca root from 17.0.2


143
JDK-8274736
security-libs
java.security
Concurrent read/close of SSLSockets causes SSLSessions to be invalidated unnecessarily


144
JDK-8277224
security-libs
java.security
 sun.security.pkcs.PKCS9Attributes.toString() throws NPE


145
JDK-8270317
security-libs
javax.net.ssl
Large Allocation in CipherSuite


146
JDK-8275811
security-libs
javax.net.ssl
Incorrect instance to dispose


147
JDK-8273026
security-libs
javax.security
Slow LoginContext.login() on multi threading application 


148
JDK-8274205
security-libs
org.ietf.jgss:krb5
Handle KDC_ERR_SVC_UNAVAILABLE error code from KDC


149
JDK-8273894
security-libs
org.ietf.jgss:krb5
ConcurrentModificationException raised every time ReferralsCache drops referral


150
JDK-8273234
tools
javac
extended 'for' with expression of type tvar causes the compiler to crash


151
JDK-8262095
tools
javac
NPE in Flow$FlowAnalyzer.visitApply: Cannot invoke getThrownTypes because tree.meth.type is null


152
JDK-8268885
tools
javac
duplicate checkcast when destination type is not first type of intersection type


153
JDK-8269113
tools
javac
Javac throws when compiling switch (null)


154
JDK-8275302
tools
javac
unexpected compiler error: cast"","" intersection types and sealed


155
JDK-8274347
tools
javac
Passing a *nested* switch expression as a parameter causes an NPE during compile


156
JDK-8268894
tools
javac
forged ASTs can provoke an AIOOBE at com.sun.tools.javac.jvm.ClassWriter::writePosition


157
JDK-8273408
tools
javac
java.lang.AssertionError: typeSig ERROR on generated class property of record


158
JDK-8271254
tools
javac
javac generates unreachable code when using empty semicolon statement


159
JDK-8274942
tools
javac
AssertionError at jdk.compiler/com.sun.tools.javac.util.Assert.error(Assert.java:155) 


160
JDK-8272639
tools
jpackage
jpackaged applications using microphone on mac


161
JDK-8274087
tools
jpackage
Windows DLL path not set correctly.


162
JDK-8273593
tools
jpackage
[REDO] Warn user when using mac-sign option with unsigned app-image.


163
JDK-8272328
tools
jpackage
 java.library.path is not set properly by Windows jpackage app launcher


164
JDK-8268457
xml

XML Transformer outputs Unicode supplementary character incorrectly to HTML






",,,
https://www.oracle.com/java/technologies/javase/17-0-2-relnotes.html,Keeping the JDK up to Date,"

Oracle recommends that the JDK is updated with each Critical Patch Update.
In order to determine if a release is the latest"","" the Security Baseline page can
be used to determine which is the latest version for each release family.


Critical patch updates"","" which contain security vulnerability fixes"","" are announced one year in advance on
Critical Patch Updates"","" Security Alerts and Bulletins.
It is not recommended that this JDK (version 17.0.2) be used after the next critical patch update scheduled
for April 19"","" 2022.

",,,
https://www.oracle.com/java/technologies/javase/17-0-2-relnotes.html,Removed Features and Options,"security-libs/java.security??Removed Google's GlobalSign Root Certificate
The following root certificate from Google has been removed from the cacerts keystore:
+ alias name ""globalsignr2ca [jdk]""

  Distinguished Name: CN=GlobalSign"","" O=GlobalSign"","" OU=GlobalSign Root CA - R2

See JDK-8274215
",,,
https://www.oracle.com/java/technologies/javase/17-0-2-relnotes.html,Other Notes,"install/install??Extended Delay Before JDK Executable Installer Starts From Network Drive
On Windows 11 and Windows Server 2022"","" there can be some slowness with the extraction of temporary installation files when launched from a mapped network drive. The installer will still work"","" but there can be a temporary delay.
JDK-8274002 (not public)
",,,
https://www.oracle.com/java/technologies/javase/17-0-2-relnotes.html,Other Notes,"core-libs/java.io??file.encoding System Property Has an Incorrect Value on Windows
The initialization of  the file.encoding system property on non macOS platforms has been reverted to align with the behavior on or before JDK 11.  This has been an issue especially on Windows where the system and user's locales are not the same.
See JDK-8275145
",,,
https://www.oracle.com/java/technologies/javase/17-0-2-relnotes.html,Other Notes,"core-libs/java.nio??Zip File System Provider Throws ZipException When Entry Name Element Contains ""."" or ""..""
The ZIP file system provider has been changed to reject existing ZIP files that contain entries with ""."" or "".."" in name elements. ZIP files with these entries cannot be used as a file system. Invoking the java.nio.file.FileSystems.newFileSystem(...) methods throw ZipException if the ZIP file contains these entries.
See JDK-8251329
",,,
https://www.oracle.com/java/technologies/javase/17-0-2-relnotes.html,Other Notes,"core-libs/java.time??Update Timezone Data to 2021c
IANA Time Zone Database"","" on which JDK's Date/Time libraries are based"","" has made a tweak to some time zone rules since 2021c. Note that since this update"","" some of the time zone rules prior to the year 1970 have been modified according to the changes which were introduced with 2021b. For more detail"","" refer to the announcement of 2021b
See JDK-8274407
",,,
https://www.oracle.com/java/technologies/javase/17-0-2-relnotes.html,Other Notes,"hotspot/gc??ZGC: Fixed long Process Non-Strong References times
A bug has been fixed that could cause long ""Concurrent Process Non-Strong References"" times with ZGC. The bug blocked the GC from making significant progress"","" and caused both latency and throughput issues for the Java application.
The long times could be seen in the GC logs when running with -Xlog:gc*:
[17606.140s][info][gc"",""phases ] GC(719) Concurrent Process Non-Strong References 25781.928ms

See JDK-8277212
",,,
https://www.oracle.com/java/technologies/javase/17-0-3-relnotes.html,Changes,"
core-libs/java.io
??New System Property to Disable Windows Alternate Data Stream Support in java.io.File


The Windows implementation of java.io.File allows access to NTFS Alternate Data Streams (ADS) by default. Such streams have a structure like Ågfilename:streamnameÅh. A system property jdk.io.File.enableADS has been added to control this behavior. To disable ADS support in java.io.File"","" the system property jdk.io.File.enableADS should be set to false (case ignored). Stricter path checking however prevents the use of special devices such as NUL:
See JDK-8285445",,,
https://www.oracle.com/java/technologies/javase/17-0-3-relnotes.html,IANA TZ Data 2021e,"
For more information"","" refer to Timezone Data Versions in the JRE Software.
",,,
https://www.oracle.com/java/technologies/javase/17-0-3-relnotes.html,Security Baselines,"

The security baselines for the Java Runtime Environment (JRE) at the time of the release of JDK 17.0.3 are
specified in the following table:








JRE Family Version
JRE Security Baseline (Full Version String)




17
17.0.3+8


11
11.0.15+8


8
8u331-b09


7
7u341-b08



? 
 

Keeping the JDK up to Date


Oracle recommends that the JDK is updated with each Critical Patch Update.
In order to determine if a release is the latest"","" the Security Baseline page can
be used to determine which is the latest version for each release family.


Critical patch updates"","" which contain security vulnerability fixes"","" are announced one year in advance on
Critical Patch Updates"","" Security Alerts and Bulletins.
It is not recommended that this JDK (version 17.0.3) be used after the next critical patch update scheduled
for July 19"","" 2022.


? 
New Features
xml/jaxp??New XML Processing Limits

Three processing limits have been added to the XML libraries. These are:


jdk.xml.xpathExprGrpLimit

Description: Limits the number of groups an XPath expression can contain.
Type: integer
Value: A positive integer. A value less than or equal to 0 indicates no limit. If the value is not an integer"","" a NumberFormatException is thrown. Default 10.

jdk.xml.xpathExprOpLimit

Description: Limits the number of operators an XPath expression can contain.
Type: integer
Value: A positive integer. A value less than or equal to 0 indicates no limit. If the value is not an integer"","" a NumberFormatException is thrown. Default 100.

jdk.xml.xpathTotalOpLimit

Description: Limits the total number of XPath operators in an XSL Stylesheet.
Type: integer
Value: A positive integer. A value less than or equal to 0 indicates no limit. If the value is not an integer"","" a NumberFormatException is thrown. Default 10000.
Supported processors


jdk.xml.xpathExprGrpLimit and jdk.xml.xpathExprOpLimit are supported by the XPath processor.


All three limits are supported by the XSLT processor.


Setting properties
For the XSLT processor"","" the properties can be changed through the TransformerFactory. For example"",""
        TransformerFactory factory = TransformerFactory.newInstance();

        factory.setAttribute(""jdk.xml.xpathTotalOpLimit"""","" ""1000"");
For both the XPath and XSLT processors"","" the properties can be set through the system property and jaxp.properties configuration file located in the conf directory of the Java installation. For example"",""
        System.setProperty(""jdk.xml.xpathExprGrpLimit"""","" ""20"");

or in the jaxp.properties file"",""
        jdk.xml.xpathExprGrpLimit=20

? 
There are two known issues:

An XPath expression that contains a short form of the parent axis "".."" can return incorrect results. See JDK-8284920 for details.

An invalid XPath expression that ends with a relational operator such as  Åe<Åf Åe>Åf and Åe=Åf will cause the processor to erroneously throw StringIndexOutOfBoundsException instead of XPathExpressionException.  See JDK-8284548 for details.


JDK-8270504 (not public)


Other Notes
security-libs/java.security??Only Expose Certificates With Proper Trust Settings as Trusted Certificate Entries in macOS KeychainStore
On macOS"","" only certificates with proper trust settings in the user keychain will be exposed as trusted certificate entries in the KeychainStore type of keystore. Also"","" calling the KeyStore::setCertificateEntry method or the keytool -importcert command on a KeychainStore keystore now fails with a KeyStoreException. Instead"","" call the macOS ""security add-trusted-cert"" command to add a trusted certificate into the user keychain.
JDK-8278449 (not public)


core-libs/javax.naming??Parsing of URL Strings in Built-in JNDI Providers Is More Strict
The parsing of URLs in the LDAP"","" DNS"","" and RMI built-in JNDI providers has been made more strict. The strength of the parsing can be controlled by system properties:
  -Dcom.sun.jndi.ldapURLParsing=""legacy"" | ""compat"" | ""strict""    (to control ""ldap:"" URLs)

  -Dcom.sun.jndi.dnsURLParsing=""legacy"" | ""compat"" | ""strict""     (to control ""dns:"" URLs)
  -Dcom.sun.jndi.rmiURLParsing=""legacy"" | ""compat"" | ""strict""     (to control ""rmi:"" URLs)
? 
The default value is ""compat"" for all of the three providers.

The ""legacy"" mode turns the new validation off.
The ""compat"" mode limits incompatibilities.
The ""strict"" mode is stricter and may cause regression by rejecting URLs that an application might consider as valid.

In ""compat"" and ""strict"" mode"","" more validation is performed. As an example"","" in the URL authority component"","" the new parsing only accepts brackets around IPv6 literal addresses. Developers are encouraged to use java.net.URI constructors or its factory method to build URLs rather than handcrafting URL strings.
If an illegal URL string is found"","" a java.lang.IllegalArgumentException or a javax.naming.NamingException (or a subclass of it) is raised.
JDK-8278972 (not public)



? 
Bug Fixes
This release also contains fixes for security vulnerabilities described in the Oracle Critical Patch Update.
? Issues fixed in 17.0.3:






#
JBS
Component
Subcomponent
Sumary




1
JDK-8270874
client-libs
2d
JFrame paint artifacts when dragged from standard monitor to HiDPI monitor


2
JDK-8275650
core-libs
java.io
Problemlist java/io/File/createTempFile/SpecialTempFile.java for Windows 11


3
JDK-8279833
core-libs
java.lang
Loop optimization issue in String.encodeUTF8_UTF16


4
JDK-8274658
core-libs
java.util:i18n
ISO 4217 Amendment 170 Update


5
JDK-8277795
core-libs
javax.naming
LDAP connection timeout not honoured under contention


6
JDK-8277777
hotspot
compiler
[Vector API] assert(r->is_XMMRegister()) failed: must be in x86_32.ad


7
JDK-8277441
hotspot
compiler
CompileQueue::add fails with assert(_last->next() == __null) failed: not last


8
JDK-8275610
hotspot
compiler
C2: Object field load floats above its null check resulting in a segfault


9
JDK-8275326
hotspot
compiler
C2: assert(no_dead_loop) failed: dead loop detected


10
JDK-8262134
hotspot
compiler
compiler/uncommontrap/TestDeoptOOM.java failed with ""guarantee(false) failed: wrong number of expression stack elements during deopt""


11
JDK-8277447
hotspot
compiler
Hotspot C1 compiler crashes on Kotlin suspend fun with loop


12
JDK-8273277
hotspot
compiler
C2: Move conditional negation into rc_predicate


13
JDK-8271202
hotspot
compiler
C1: assert(false) failed: live_in set of first block must be empty


14
JDK-8275645
hotspot
compiler
[JVMCI] avoid unaligned volatile reads on AArch64


15
JDK-8271056
hotspot
compiler
C2: ""assert(no_dead_loop) failed: dead loop detected"" due to cmoving identity


16
JDK-8275643
hotspot
compiler
C2's unaryOp vector intrinsic does not properly handle LongVector.neg


17
JDK-8275847
hotspot
compiler
Scheduling fails with ""too many D-U pinch points"" on small method


18
JDK-8275874
hotspot
compiler
[JVMCI] only support aligned reads in c2v_readFieldValue


19
JDK-8279076
hotspot
compiler
C2: Bad AD file when matching SqrtF with UseSSE=0


20
JDK-8275330
hotspot
compiler
C2:  assert(n->is_Root() || n->is_Region() || n->is_Phi() || n->is_MachMerge() || def_block->dominates(block)) failed: uses must be dominated by definitions


21
JDK-8276314
hotspot
compiler
[JVMCI] check alignment of call displacement during code installation


22
JDK-8279225
hotspot
compiler
[arm32] C1 longs comparison operation destroys argument registers


23
JDK-8279412
hotspot
compiler
[JVMCI] failed speculations list must outlive any nmethod that refers to it


24
JDK-8278871
hotspot
compiler
[JVMCI] assert((uint)reason < 2* _trap_hist_limit) failed: oob


25
JDK-8278824
hotspot
gc
Uneven work distribution when scanning heap roots in G1


26
JDK-8276177
hotspot
jvmti
nsk/jvmti/RedefineClasses/StressRedefineWithoutBytecodeCorruption failed with ""assert(def_ik->is_being_redefined()) failed: should be being redefined to get here""


27
JDK-8275800
hotspot
jvmti
Redefinition leaks MethodData::_extra_data_lock


28
JDK-8278239
hotspot
jvmti
vmTestbase/nsk/jvmti/RedefineClasses/StressRedefine failed with EXCEPTION_ACCESS_VIOLATION at 0x000000000000000d


29
JDK-8276184
hotspot
runtime
Exclude lambda proxy class from the CDS archive if its caller class is excluded


30
JDK-8274714
hotspot
runtime
Incorrect verifier protected access error message


31
JDK-8277342
hotspot
runtime
vmTestbase/nsk/stress/strace/strace004.java fails with SIGSEGV in InstanceKlass::jni_id_for


32
JDK-8276662
hotspot
runtime
Scalability bottleneck in SymbolTable::lookup_common()


33
JDK-8266490
hotspot
runtime
Extend the OSContainer API to support the pids controller of cgroups


34
JDK-8278020
hotspot
runtime
~13% variation in Renaissance-Scrabble


35
JDK-8278384
hotspot
runtime
Bytecodes::result_type() for arraylength returns T_VOID instead of T_INT


36
JDK-8273967
hotspot
runtime
gtest os.dll_address_to_function_and_library_name_vm fails on macOS12


37
JDK-8274753
hotspot
runtime
ZGC: SEGV in MetaspaceShared::link_shared_classes


38
JDK-8274944
hotspot
runtime
AppCDS dump causes SEGV in VM thread while adjusting lambda proxy class info


39
JDK-8273526
hotspot
runtime
Extend the OSContainer API  pids controller with pids.current


40
JDK-8274935
hotspot
runtime
dumptime_table has stale entry


41
JDK-8278309
hotspot
runtime
[windows] use of uninitialized OSThread::_state


42
JDK-8273341
hotspot
runtime
Update Siphash to version 1.0


43
JDK-8278951
hotspot
runtime
containers/cgroup/PlainRead.java fails on Ubuntu 21.10


44
JDK-8265150
hotspot
svc
AsyncGetCallTrace crashes on ResourceMark


45
JDK-8269849
hotspot
test
vmTestbase/gc/gctests/PhantomReference/phantom002/TestDescription.java failed with ""OutOfMemoryError: Java heap space: failed reallocation of scalar replaced objects""


46
JDK-8273682
tools
jshell
Upgrade Jline to 3.20.0


47
JDK-8276141
xml
jaxp
XPathFactory set/getProperty method


48
JDK-8282761
xml
jaxp
XPathFactoryImpl remove setProperty and getProperty methods






",,,
https://www.oracle.com/java/technologies/javase/17-0-3-relnotes.html,Keeping the JDK up to Date,"

Oracle recommends that the JDK is updated with each Critical Patch Update.
In order to determine if a release is the latest"","" the Security Baseline page can
be used to determine which is the latest version for each release family.


Critical patch updates"","" which contain security vulnerability fixes"","" are announced one year in advance on
Critical Patch Updates"","" Security Alerts and Bulletins.
It is not recommended that this JDK (version 17.0.3) be used after the next critical patch update scheduled
for July 19"","" 2022.

",,,
https://www.oracle.com/java/technologies/javase/17-0-3-relnotes.html,New Features,"xml/jaxp??New XML Processing Limits

Three processing limits have been added to the XML libraries. These are:


jdk.xml.xpathExprGrpLimit

Description: Limits the number of groups an XPath expression can contain.
Type: integer
Value: A positive integer. A value less than or equal to 0 indicates no limit. If the value is not an integer"","" a NumberFormatException is thrown. Default 10.

jdk.xml.xpathExprOpLimit

Description: Limits the number of operators an XPath expression can contain.
Type: integer
Value: A positive integer. A value less than or equal to 0 indicates no limit. If the value is not an integer"","" a NumberFormatException is thrown. Default 100.

jdk.xml.xpathTotalOpLimit

Description: Limits the total number of XPath operators in an XSL Stylesheet.
Type: integer
Value: A positive integer. A value less than or equal to 0 indicates no limit. If the value is not an integer"","" a NumberFormatException is thrown. Default 10000.
Supported processors


jdk.xml.xpathExprGrpLimit and jdk.xml.xpathExprOpLimit are supported by the XPath processor.


All three limits are supported by the XSLT processor.


Setting properties
For the XSLT processor"","" the properties can be changed through the TransformerFactory. For example"",""
        TransformerFactory factory = TransformerFactory.newInstance();

        factory.setAttribute(""jdk.xml.xpathTotalOpLimit"""","" ""1000"");
For both the XPath and XSLT processors"","" the properties can be set through the system property and jaxp.properties configuration file located in the conf directory of the Java installation. For example"",""
        System.setProperty(""jdk.xml.xpathExprGrpLimit"""","" ""20"");

or in the jaxp.properties file"",""
        jdk.xml.xpathExprGrpLimit=20

? 
There are two known issues:

An XPath expression that contains a short form of the parent axis "".."" can return incorrect results. See JDK-8284920 for details.

An invalid XPath expression that ends with a relational operator such as  Åe<Åf Åe>Åf and Åe=Åf will cause the processor to erroneously throw StringIndexOutOfBoundsException instead of XPathExpressionException.  See JDK-8284548 for details.


JDK-8270504 (not public)
",,,
https://www.oracle.com/java/technologies/javase/17-0-3-relnotes.html,Other Notes,"security-libs/java.security??Only Expose Certificates With Proper Trust Settings as Trusted Certificate Entries in macOS KeychainStore
On macOS"","" only certificates with proper trust settings in the user keychain will be exposed as trusted certificate entries in the KeychainStore type of keystore. Also"","" calling the KeyStore::setCertificateEntry method or the keytool -importcert command on a KeychainStore keystore now fails with a KeyStoreException. Instead"","" call the macOS ""security add-trusted-cert"" command to add a trusted certificate into the user keychain.
JDK-8278449 (not public)
",,,
https://www.oracle.com/java/technologies/javase/17-0-3-relnotes.html,Other Notes,"core-libs/javax.naming??Parsing of URL Strings in Built-in JNDI Providers Is More Strict
The parsing of URLs in the LDAP"","" DNS"","" and RMI built-in JNDI providers has been made more strict. The strength of the parsing can be controlled by system properties:
  -Dcom.sun.jndi.ldapURLParsing=""legacy"" | ""compat"" | ""strict""    (to control ""ldap:"" URLs)

  -Dcom.sun.jndi.dnsURLParsing=""legacy"" | ""compat"" | ""strict""     (to control ""dns:"" URLs)
  -Dcom.sun.jndi.rmiURLParsing=""legacy"" | ""compat"" | ""strict""     (to control ""rmi:"" URLs)
? 
The default value is ""compat"" for all of the three providers.

The ""legacy"" mode turns the new validation off.
The ""compat"" mode limits incompatibilities.
The ""strict"" mode is stricter and may cause regression by rejecting URLs that an application might consider as valid.

In ""compat"" and ""strict"" mode"","" more validation is performed. As an example"","" in the URL authority component"","" the new parsing only accepts brackets around IPv6 literal addresses. Developers are encouraged to use java.net.URI constructors or its factory method to build URLs rather than handcrafting URL strings.
If an illegal URL string is found"","" a java.lang.IllegalArgumentException or a javax.naming.NamingException (or a subclass of it) is raised.
JDK-8278972 (not public)
",,,
https://www.oracle.com/java/technologies/javase/17-0-4-relnotes.html,IANA TZ Data 2022a," For more information"","" refer to Timezone Data Versions in the JRE Software.
",,,
https://www.oracle.com/java/technologies/javase/17-0-4-relnotes.html,Security Baselines,"
 The security baselines are unchanged from the release of JDK 17.0.4. 



 



JRE Family Version
JRE Security Baseline (Full Version String)




17
17.0.4+11


11
11.0.16+11


8
8u341-b10


7
7u351-b07




Keeping the JDK up to Date

 Oracle recommends that the JDK is updated with each Critical Patch Update. In order to determine if a release is the latest"","" the Security Baseline page can be used to determine which is the latest version for each release family. 
 Critical patch updates"","" which contain security vulnerability fixes"","" are announced one year in advance on Critical Patch Updates"","" Security Alerts and Bulletins. It is not recommended that this JDK (version 17.0.4.1) be used after the next critical patch update scheduled for October 18"","" 2022. 
Oracle recommends that all JDK 17 users"","" even those that have already updated to 17.0.4"","" uptake the 17.0.4.1 patch release.

? 
Changes  

hotspot/compiler
??C2 Compilation Errors Unpredictably Crashes JVM

Fixes a regression in the C2 JIT compiler which caused the Java Runtime to crash unpredictably.
See JDK-8292260

   ",,,
https://www.oracle.com/java/technologies/javase/17-0-4-relnotes.html,Keeping the JDK up to Date,"
 Oracle recommends that the JDK is updated with each Critical Patch Update. In order to determine if a release is the latest"","" the Security Baseline page can be used to determine which is the latest version for each release family. 
 Critical patch updates"","" which contain security vulnerability fixes"","" are announced one year in advance on Critical Patch Updates"","" Security Alerts and Bulletins. It is not recommended that this JDK (version 17.0.4.1) be used after the next critical patch update scheduled for October 18"","" 2022. 
Oracle recommends that all JDK 17 users"","" even those that have already updated to 17.0.4"","" uptake the 17.0.4.1 patch release.
",,,
https://www.oracle.com/java/technologies/javase/17-0-4-relnotes.html,Changes,"
hotspot/compiler
??C2 Compilation Errors Unpredictably Crashes JVM

Fixes a regression in the C2 JIT compiler which caused the Java Runtime to crash unpredictably.
See JDK-8292260
",,,
https://www.oracle.com/java/technologies/javase/17-0-4-relnotes.html,IANA TZ Data 2022a,"
For more information"","" refer to Timezone Data Versions in the JRE Software.
",,,
https://www.oracle.com/java/technologies/javase/17-0-4-relnotes.html,Security Baselines,"

The security baselines for the Java Runtime Environment (JRE) at the time of the release of JDK 17.0.4 are specified in the following table:








JRE Family Version
JRE Security Baseline (Full Version String)



1717.0.4+11
1111.0.16+11
88u341-b10
77u351-b07


? 
 

Keeping the JDK up to Date


Oracle recommends that the JDK is updated with each Critical Patch Update.
In order to determine if a release is the latest"","" the Security Baseline page can
be used to determine which is the latest version for each release family.


Critical patch updates"","" which contain security vulnerability fixes"","" are announced one year in advance on
Critical Patch Updates"","" Security Alerts and Bulletins.
It is not recommended that this JDK (version 17.0.4) be used after the next critical patch update scheduled
for October 18"","" 2022.



New Features

core-libs/java.net
??HTTPS Channel Binding Support for Java GSS/Kerberos


Support has been added for TLS channel binding tokens for Negotiate/Kerberos authentication over HTTPS through javax.net.HttpsURLConnection.
Channel binding tokens are increasingly required as an enhanced form of security which can mitigate certain kinds of socially engineered"","" man in the middle (MITM) attacks. They work by communicating from a client to a server the client's understanding of the binding between connection security (as represented by a TLS server cert) and higher level authentication credentials (such as a username and password). The server can then detect if the client has been fooled by a MITM and shutdown the session/connection.
The feature is controlled through a new system property jdk.https.negotiate.cbt which is described fully in the Networking Properties page.
See JDK-8279842

Other Notes

core-libs/java.net
??Update java.net.InetAddress to Detect Ambiguous IPv4 Address Literals


The java.net.InetAddress class has been updated to strictly accept IPv4 address literals in decimal quad notation. The InetAddress class methods are updated to throw an java.net.UnknownHostException for invalid IPv4 address literals. To disable this check"","" the new ""jdk.net.allowAmbiguousIPAddressLiterals"" system property can be set to ""true"".
See JDK-8277608 (not public)

core-libs/java.util.jar
??Default JDK Compressor Will Be Closed when IOException Is Encountered


DeflaterOutputStream.close() and GZIPOutputStream.finish() methods have been modified to close out the associated default JDK compressor before propagating a Throwable up the stack. ZIPOutputStream.closeEntry() method has been modified to close out the associated default JDK compressor before propagating an IOException"","" not of type ZipException"","" up the stack.
See JDK-8193682


hotspot/runtime
??CPU Shares Ignored When Computing Active Processor Count


Previous JDK releases used an incorrect interpretation of the Linux cgroups parameter ""cpu.shares"". This might cause the JVM to use fewer CPUs than available"","" leading to an under utilization of CPU resources when the JVM is used inside a container.
Starting from this JDK release"","" by default"","" the JVM no longer considers ""cpu.shares"" when deciding the number of threads to be used by the various thread pools. The -XX:+UseContainerCpuShares command-line option can be used to revert to the previous behavior. This option is deprecated and may be removed in a future JDK release.
See JDK-8281181


? 
Bug Fixes
This release also contains fixes for security vulnerabilities described in the Oracle Critical Patch Update.
? Issues fixed in 17.0.4:






#
JBS
Component
Subcomponent
Sumary



1JDK-8283217client-libs2dLeak FcObjectSet in getFontConfigLocations() in fontpath.c
2JDK-8278604client-libsdemoSwingSet2 table demo does not have accessible description set for images
3JDK-8274751client-libsjava.awtDrag And Drop hangs on Windows
4JDK-8278526client-libsjavax.accessibility[macos] Screen reader reads SwingSet2 JTable row selection as null"","" dimmed row for last column
5JDK-8279586client-libsjavax.accessibility[macos] custom JCheckBox and JRadioBox with custom icon set: focus is still displayed after unchecking
6JDK-8277922client-libsjavax.accessibilityUnable to click JCheckBox in JTable through Java Access Bridge
7JDK-8274735client-libsjavax.imageiojavax.imageio.IIOException: Unsupported Image Type  while processing a valid JPEG image
8JDK-8279842core-libsjava.netHTTPS Channel Binding support for Java GSS/Kerberos
9JDK-8282293core-libsjava.netDomain value for system property jdk.https.negotiate.cbt should be case-insensitive
10JDK-8282929core-libsjava.textLocalized monetary symbols are not reflected in `toLocalizedPattern` return value
11JDK-8280543docshotspotUpdate the ""java"" and ""jcmd"" tool specification for CDS
12JDK-8279219hotspotcompiler[REDO] C2 crash when allocating array of size too large
13JDK-8278796hotspotcompilerIncorrect behavior of FloatVector.withLane on X86
14JDK-8277906hotspotcompilerIncorrect type for IV phi of long counted loops after CCP
15JDK-8268231hotspotcompilerAarch64: Use Ldp in intrinsics for String.compareTo
16JDK-8273139hotspotcompilerC2: assert(f <= 1 && f >= 0) failed: Incorrect frequency
17JDK-8280799hotspotcompilerÑR2: assert(false) failed: cyclic dependency prevents range check elimination
18JDK-8265317hotspotcompiler[vector] assert(payload->is_object()) failed: expected 'object' value for scalar-replaced boxed vector but got: NULL
19JDK-8283451hotspotcompilerC2: assert(_base == Long) failed: Not a Long
20JDK-8282592hotspotcompilerC2: assert(false) failed: graph should be schedulable
21JDK-8282590hotspotcompilerC2: assert(addp->is_AddP() && addp->outcnt() > 0) failed: Don't process dead nodes
22JDK-8282312hotspotcompilerMinor corrections to evbroadcasti32x4 intrinsic on x86
23JDK-8281811hotspotcompilerassert(_base == Tuple) failed: Not a Tuple after JDK-8280799
24JDK-8275854hotspotcompilerC2: assert(stride_con != 0) failed: missed some peephole opt
25JDK-8275638hotspotcompilerGraphKit::combine_exception_states fails with ""matching stack sizes"" assert
26JDK-8256368hotspotcompilerAvoid repeated upcalls into Java to re-resolve MH/VH linkers/invokers
27JDK-8283641hotspotcompilerLarge value for CompileThresholdScaling causes assert
28JDK-8283408hotspotcompilerFix a C2 crash when filling arrays with unsafe
29JDK-8280867hotspotcompilerCpuid1Ecx feature parsing is incorrect for AMD CPUs
30JDK-8280600hotspotcompilerC2: assert(!had_error) failed: bad dominance
31JDK-8279837hotspotcompilerC2: assert(is_Loop()) failed: invalid node class: Region
32JDK-8279668hotspotcompilerx86: AVX2 versions of vpxor should be asserted
33JDK-8275337hotspotcompilerC1: assert(false) failed: live_in set of first block must be empty
34JDK-8274983hotspotcompilerC1 optimizes the invocation of private interface methods
35JDK-8280901hotspotcompilerMethodHandle::linkToNative stub is missing w/ -Xint 
36JDK-8280526hotspotcompilerx86_32 Math.sqrt performance regression with -XX:UseSSE={0"",""1}
37JDK-8279356hotspotcompilerMethod linking fails with guarantee(mh->adapter() != NULL) failed: Adapter blob must already exist!
38JDK-8278948hotspotcompilercompiler/vectorapi/reshape/TestVectorCastAVX1.java crashes in assembler
39JDK-8277180hotspotcompilerIntrinsify recursive ObjectMonitor locking for C2 x64 and A64
40JDK-8282874hotspotcompilerBad performance on gather/scatter API caused by different IntSpecies of indexMap
41JDK-8281266hotspotcompiler[JVMCI] MetaUtil.toInternalName() doesn't handle hidden classes correctly
42JDK-8279515hotspotcompilerC1: No inlining through invokedynamic and invokestatic call sites when resolved class is not linked
43JDK-8279822hotspotcompilerCI: Constant pool entries in error state are not supported
44JDK-8279560hotspotcompilerAArch64: generate_compare_long_string_same_encoding and LARGE_LOOP_PREFETCH alignment
45JDK-8279437hotspotcompiler[JVMCI] exception in HotSpotJVMCIRuntime.translate can exit the VM
46JDK-8275830hotspotcompilerC2: Receiver downcast is missing when inlining through method handle linkers
47JDK-8282231hotspotcompilerx86-32: runtime call to SharedRuntime::ldiv corrupts registers
48JDK-8282295hotspotruntimeSymbolPropertyEntry::set_method_type fails with assert
49JDK-8281274hotspotruntimedeal with ActiveProcessorCount in os::Linux::print_container_info
50JDK-8281275hotspotruntimeUpgrading from 8 to 11 no longer accepts '/' as filepath separator in gc paths
51JDK-8281181hotspotruntimeDo not use CPU Shares to compute active processor count
52JDK-8278553hotspottestRunThese30M.java failed due to errors in JckStressModule.out
53JDK-8281517installinstallImprove the error message shown when a user tries to install the aarch64 bundle on an intel mac
54JDK-8278851security-libsjava.securityCorrect signer logic for jars signed with multiple digest algorithms
55JDK-8255266security-libsjava.securityUpdate Public Suffix List to 3c213aa
56JDK-8274524security-libsjavax.net.sslSSLSocket.close() hangs if it is called during the ssl handshake
57JDK-8275082security-libsjavax.xml.cryptoUpdate XML Security for Java to 2.3.0
58JDK-8279520security-libsorg.ietf.jgssSPNEGO has not passed channel binding info into the underlying mechanism
59JDK-8277165toolsjdeps --multi-release --print-module-deps fails if module-info.class in different versioned directories
60JDK-8225559toolsjavacassertion error at TransTypes.visitApply





",,,
https://www.oracle.com/java/technologies/javase/17-0-5-relnotes.html,Security Baselines,"

The security baselines for the Java Runtime Environment (JRE) at the time of the release of JDK 17.0.5 are specified in the following table:








JRE Family Version
JRE Security Baseline (Full Version String)



1717.0.5+9
1111.0.17+10
88u351-b10
77u361-b08


? 
 

Keeping the JDK up to Date


Oracle recommends that the JDK is updated with each Critical Patch Update.
In order to determine if a release is the latest"","" the Security Baseline page can
be used to determine which is the latest version for each release family.


Critical patch updates"","" which contain security vulnerability fixes"","" are announced one year in advance on
Critical Patch Updates"","" Security Alerts and Bulletins.
It is not recommended that this JDK (version 17.0.5) be used after the next critical patch update scheduled for January 17"","" 2023.




?
Other Notes

security-libs/java.security
??Disabled SHA-1 Signed JARs
 (JDK-8269039)

JARs signed with SHA-1 algorithms are now restricted by default and treated as if they were unsigned. This applies to the algorithms used to digest"","" sign"","" and optionally timestamp the JAR. It also applies to the signature and digest algorithms of the certificates in the certificate chain of the code signer and the Timestamp Authority"","" and any CRLs or OCSP responses that are used to verify if those certificates have been revoked. These restrictions also apply to signed JCE providers.
To reduce the compatibility risk for JARs that have been previously timestamped"","" there is one exception to this policy:

Any JAR signed with SHA-1 algorithms and timestamped prior to January 01"","" 2019 will not be restricted.

This exception may be removed in a future JDK release. To determine if your signed JARs are affected by this change"","" run jarsigner -verify -verbose -certs on the signed JAR"","" and look for instances of ""SHA1"" or ""SHA-1"" and ""disabled"" and a warning that the JAR will be treated as unsigned in the output.
For example:
-  Signed by ""CN=""Signer""""

     Digest algorithm: SHA-1 (disabled)
     Signature algorithm: SHA1withRSA (disabled)"","" 2048-bit key

WARNING: The jar will be treated as unsigned"","" because it is signed with a weak algorithm that is now disabled by the security property:

  jdk.jar.disabledAlgorithms=MD2"","" MD5"","" RSA keySize < 1024"","" DSA keySize < 1024"","" SHA1 denyAfter 2019-01-01

JARs affected by these new restrictions should be replaced or re-signed with stronger algorithms.
Users can"","" at their own risk"","" remove these restrictions by modifying the java.security configuration file (or override it by using the java.security.properties system property) and removing ""SHA1 usage SignedJAR & denyAfter 2019-01-01"" from the jdk.certpath.disabledAlgorithms security property and ""SHA1 denyAfter 2019-01-01"" from the jdk.jar.disabledAlgorithms security property.



core-libs/java.net
??Make HttpURLConnection Default Keep Alive Timeout Configurable
 (JDK-8278067)

Two system properties have been added which control the keep alive behavior of HttpURLConnection in the case where the server does not specify a keep alive time. Two properties are defined for controlling connections to servers and proxies separately. They are http.keepAlive.time.server and http.keepAlive.time.proxy respectively. More information about them can be found in Networking Properties.


core-libs/java.time
??Update Timezone Data to 2022c
 (JDK-8294042)

This version includes changes from 2022b that merged multiple regions that have the same timestamp data post-1970 into a single time zone data. All time zone IDs remain the same but the merged time zones will point to a shared zone data.
As a result"","" pre-1970 data may not be compatible with earlier JDK versions. The affected zones are Antarctica/Vostok"","" Asia/Brunei"","" Asia/Kuala_Lumpur"","" Atlantic/Reykjavik"","" Europe/Amsterdam"","" Europe/Copenhagen"","" Europe/Luxembourg"","" Europe/Monaco"","" Europe/Oslo"","" Europe/Stockholm"","" Indian/Christmas"","" Indian/Cocos"","" Indian/Kerguelen"","" Indian/Mahe"","" Indian/Reunion"","" Pacific/Chuuk"","" Pacific/Funafuti"","" Pacific/Majuro"","" Pacific/Pohnpei"","" Pacific/Wake"","" Pacific/Wallis"","" Arctic/Longyearbyen"","" Atlantic/Jan_Mayen"","" Iceland"","" Pacific/Ponape"","" Pacific/Truk"","" and Pacific/Yap.
For more details"","" refer to the announcement of 2022b.



core-libs/java.net
??New System Property to Limit the Number of Open Connections to com.sun.net.httpserver.HttpServer (JDK-8286918 (not public))

A new system property named jdk.httpserver.maxConnections has been introduced to allow users to configure the com.sun.net.httpserver.HttpServer to limit the maximum number of open connections to the server at any given time. This system property takes an integer value and can be configured to be a positive integer. If the property is absent"","" set to 0"","" or a negative value"","" the server will not limit the number of open connections. By default"","" this system property is not set. 

? 

Bug Fixes
This release also contains fixes for security vulnerabilities described in the Oracle Critical Patch Update.
? Issues fixed in 17.0.5:






#
JBS
Component

Summary



1JDK-8285686client-libs/2dUpdate FreeType to 2.12.0
2JDK-8264666client-libs/2dChange implementation of safeAdd/safeMult in the LCMSImageLayout class
3JDK-8289853client-libs/2dUpdate HarfBuzz to 4.4.1
4JDK-8290334client-libs/2dUpdate FreeType to 2.12.1
5JDK-8274939client-libs/java.awtIncorrect size of the pixel storage is used by the robot on macOS
6JDK-8273506client-libs/java.awtjava Robot API did the 'm' keypress and caused /awt/event/KeyEvent/KeyCharTest/KeyCharTest.html is timing out on macOS 12
7JDK-8255439client-libs/java.awtSystem Tray icons get corrupted when Windows scaling changes
8JDK-8287740client-libs/javax.accessibilityNSAccessibilityShowMenuAction not working for text editors
9JDK-8284690client-libs/javax.accessibility[macos] VoiceOver : Getting java.lang.IllegalArgumentException: Invalid location on Editable JComboBox
10JDK-8284014client-libs/javax.accessibilityMenu items with submenus in JPopupMenu are not spoken on macOS
11JDK-8277497client-libs/javax.accessibilityLast column cell in the JTable row is read as empty cell
12JDK-8278609client-libs/javax.accessibility[macos] accessibility frame is misplaced on a secondary monitor on macOS
13JDK-8283383client-libs/javax.accessibility[macos] a11y : Screen magnifier shows extra characters (0) at the end JButton accessibility name
14JDK-8286266client-libs/javax.accessibility[macos] VoiceOver : Moving JTable column to be the first column JVM crashes
15JDK-8287917core-libs/java.lang:class_loadingSystem.loadLibrary does not work on Big Sur if JDK is built with macOS SDK 10.15 and earlier
16JDK-8281183core-libs/java.utilRandomGenerator:NextDouble() default behavior partially fixed by JDK-8280950
17JDK-8280950core-libs/java.utilRandomGenerator:NextDouble() default behavior non conformant after JDK-8280550 fix
18JDK-8288769core-libs/java.util.jarRevert unintentional change to deflate.c
19JDK-8283277core-libs/java.util:i18nISO 4217 Amendment 171 Update
20JDK-8289549core-libs/java.util:i18nISO 4217 Amendment 172 Update
21JDK-8276990core-svc/debuggerMemory leak in invoker.c fillInvokeRequest() during JDI operations
22JDK-8281615core-svc/debuggerDeadlock caused by jdwp agent
23JDK-8284094core-svc/debuggerMemory leak in invoker_completeInvokeRequest()
24JDK-8284848hotspot/compilerC2: Compiler blackhole arguments should be treated as globally escaping
25JDK-8282467hotspot/compileradd extra diagnostics for JDK-8268184
26JDK-8284883hotspot/compilerJVM crash: guarantee(sect->end() <= sect->limit()) failed: sanity on AVX512
27JDK-8285923hotspot/compiler[REDO] JDK-8285802 AArch64: Consistently handle offsets in MacroAssembler as 64-bit quantities
28JDK-8282555hotspot/compilerMissing memory edge when spilling MoveF2I"","" MoveD2L etc
29JDK-8286638hotspot/compilerC2: CmpU needs to do more precise over/underflow analysis
30JDK-8288303hotspot/compilerC1: Miscompilation due to broken Class.getModifiers intrinsic
31JDK-8270090hotspot/compilerC2: LCM may prioritize CheckCastPP nodes over projections
32JDK-8280696hotspot/compilerC2 compilation hits assert(is_dominator(c"","" n_ctrl)) failed
33JDK-8285820hotspot/compilerC2: LCM prioritizes locally dependent CreateEx nodes over projections after 8270090
34JDK-8287091hotspot/compileraarch64 : guarantee(val < (1ULL << nbits)) failed: Field too big for insn
35JDK-8287396hotspot/compilerLIR_Opr::vreg_number() and data() can return negative number
36JDK-8286625hotspot/compilerC2 fails with assert(!n->is_Store() && !n->is_LoadStore()) failed: no node with a side effect
37JDK-8288467hotspot/compilerremove memory_operand assert for spilled instructions
38JDK-8276546hotspot/compiler[IR Framework] Whitelist and ignore CompileThreshold
39JDK-8279622hotspot/compilerC2: miscompilation of map pattern as a vector reduction
40JDK-8286177hotspot/compilerC2: ""failed: non-reduction loop contains reduction nodes"" assert failure
41JDK-8284944hotspot/compilerassert(cnt++ < 40) failed: infinite cycle in loop optimization
42JDK-8287223hotspot/compilerC1: Inlining attempt through MH::invokeBasic() with null receiver 
43JDK-8272736hotspot/compiler[JVMCI] Add API for reading and writing JVMCI thread locals
44JDK-8284358hotspot/compilerUnreachable loop is not removed from C2 IR"","" leading to a broken graph
45JDK-8288360hotspot/compilerCI: ciInstanceKlass::implementor() is not consistent for well-known classes
46JDK-8288781hotspot/compilerC1: LIR_OpVisitState::maxNumberOfOperands too small
47JDK-8287432hotspot/compilerC2: assert(tn->in(0) != __null) failed: must have live top node
48JDK-8283441hotspot/compilerC2: segmentation fault in ciMethodBlocks::make_block_at(int)
49JDK-8289127hotspot/compilerApache Lucene triggers: DEBUG MESSAGE: duplicated predicate failed which is impossible
50JDK-8286314hotspot/compilerTrampoline not created for far runtime targets outside small CodeCache
51JDK-8281297hotspot/gcTestStressG1Humongous fails with guarantee(is_range_uncommitted)
52JDK-8283597hotspot/jvmti[REDO] Invalid generic signature for redefined classes
53JDK-8278753hotspot/runtimeRuntime crashes with access violation during JNI_CreateJavaVM call
54JDK-8283469hotspot/runtimeDon't use memset to initialize members in FileMapInfo and fix memory leak
55JDK-8268773hotspot/runtimeImprovements related to: Failed to start thread - pthread_create failed (EAGAIN)
56JDK-8289477hotspot/runtimeMemory corruption with CPU_ALLOC"","" CPU_FREE on muslc
57JDK-8289799hotspot/runtimeBuild warning in methodData.cpp memset zero-length parameter
58JDK-8290417hotspot/runtimeCDS cannot archive lamda proxy with useImplMethodHandle
59JDK-8287107hotspot/runtimeCgroupSubsystemFactory.setCgroupV2Path asserts with freezer controller
60JDK-8287741hotspot/runtimeFix of JDK-8287107 (unused cgv1 freezer controller) was incomplete
61JDK-8283723infrastructureUpdate Visual Studio 2022 to version 17.1.0 for Oracle builds on Windows
62JDK-8275887security-libs/java.securityjarsigner prints invalid digest/signature algorithm warnings if keysize is weak/disabled
63JDK-8281628security-libs/javax.cryptoKeyAgreement : generateSecret intermittently not resetting
64JDK-8284694security-libs/javax.net.sslAvoid evaluating SSLAlgorithmConstraints twice
65JDK-8286211security-libs/javax.smartcardioUpdate PCSC-Lite for SUSE Linux to 1.9.5
66JDK-8285398security-libs/jdk.securityCache the results of constraint checks
67JDK-8155701tools/javacThe compiler fails with an AssertionError: typeSig ERROR
68JDK-8281316tools/javacjavac performance issues with large number of jars on classpath
69JDK-8282214tools/javadoc(tool)Upgrade JQuery to version 3.6.0
70JDK-8284367tools/javadoc(tool)JQuery UI upgrade from 1.12.1 to 1.13.1
71JDK-8277494tools/jpackage[BACKOUT] JDK-8276150 Quarantined jpackage apps are labeled as ""damaged""
72JDK-8284675tools/jpackage""jpackage.exe"" creates application launcher without Windows Application Manfiest
73JDK-8276837tools/jpackage[macos]: Error when signing the additional launcher
74JDK-8278311tools/jpackageDebian packaging doesn't work
75JDK-8279370tools/jpackagejdk.jpackage/share/native/applauncher/JvmLauncher.cpp fails to build with GCC 6.3.0
76JDK-8284067tools/jpackagejpackage'd launcher reports non-zero exit codes with error prompt
77JDK-8289486xml/jaxpImprove XSLT XPath operators count efficiency





",,,
https://www.oracle.com/java/technologies/javase/17-0-6-relnotes.html,"IANA TZ Data 2022d, 2022e, 2022f","
JDK 17.0.6 contains IANA time zone data 2022d"","" 2022e"","" 2022f.

Palestine transitions are now Saturdays at 02:00.
Simplify three Ukraine zones into one.
Jordan and Syria switch from +02/+03 with DST to year-round +03.
Mexico will no longer observe DST except near the US border.
Chihuahua moves to year-round -06 on 2022-10-30.
Fiji no longer observes DST.
Move links to 'backward'.
In vanguard form"","" GMT is now a Zone and Etc/GMT a link.
zic now supports links to links"","" and vanguard form uses this.
Simplify four Ontario zones.
Fix a Y2438 bug when reading TZif data.
Enable 64-bit time_t on 32-bit glibc platforms.
Omit large-file support when no longer needed.
In C code"","" use some C23 features if available.
Remove no-longer-needed workaround for Qt bug 53071.

For more information"","" refer to Timezone Data Versions in the JRE Software.
",,,
https://www.oracle.com/java/technologies/javase/17-0-6-relnotes.html,Security Baselines,"

The security baselines for the Java Runtime Environment (JRE) at the time of the release of JDK 17.0.6 are specified in the following table:








JRE Family Version
JRE Security Baseline (Full Version String)



1717.0.6+9
1111.0.18+9
88u361-b09


? 
 

Keeping the JDK up to Date


Oracle recommends that the JDK is updated with each Critical Patch Update.
In order to determine if a release is the latest"","" the Security Baseline page can
be used to determine which is the latest version for each release family.


Critical patch updates"","" which contain security vulnerability fixes"","" are announced one year in advance on
Critical Patch Updates"","" Security Alerts and Bulletins.
It is not recommended that this JDK (version 17.0.6) be used after the next critical patch update scheduled
for April 18"","" 2023.


?
New Features

security-libs/javax.net.ssl
??DTLS Resumption Uses HelloVerifyRequest Messages
 (JDK-8287411 (not public))

With this fix the SunJSSE DTLS implementation will by default exchange cookies for all handshakes (new and resumed) unless the System property jdk.tls.enableDtlsResumeCookie is false. The property only affects the cookie exchange for resumption.


security-libs/java.security
??Support for RSASSA-PSS in OCSP Response
 (JDK-8274471)

An OCSP response signed with the RSASSA-PSS algorithm is now supported.

?
Known Issues

install/install
??Installation of Oracle Linux Specific x64 JDK RPMs Pulls in i686 Dependencies
 (JDK-8305976 (Not Public))

This issue prevents yum from automatically installing the correct packages required by Oracle Linux specific x86_64 headless and headful JDK packages. Instead of x86_64 packages"","" it will install i686 packages. To workaround the issue"","" you may manually install packages with the same names as indicated by yum but with the x86_64 architecture. 
After you have the x86_64 headless and/or headful jdk packages installed"","" you can get the list of required x86_64 packages by running the following script:

rpm -qa | grep -E -e '^jdk-.*-headful-.*\.x86_64$' -e '^jdk-.*-headless-.*\.x86_64$' | xargs -r rpm -q --requires | sort -u | cut -d ' ' -f 1 | grep -v '^rpmlib' | xargs -r rpm -q --whatprovides | sort -u | grep -e '.i[3456]86$' | xargs -r rpm -q --queryformat '%{name}.x86_64\n' | xargs -r echo

It will output a space-separated list of names of required x86_64 packages to stdout. You can pass this list to a sudo yum install command to ensure the installation of the required packages. 

?
Other Notes

javafx/fxml
??FXML JavaScript Engine Disabled by Default
 (JDK-8294779 (not public))

The ÅgJavaScript script engineÅh for FXML is now disabled by default. Any .fxml file that has a ""javascript"" Processing Instruction (PI) will no longer load by default"","" and an exception will be thrown.
If the JDK has a JavaScript script engine"","" it can be enabled by setting the system property: -Djavafx.allowjs=true



globalization
??Translated resource bundles for German
 (JDK-8263773)

With 11.0.14"","" we are shipping the original JDK 11 translated resource bundles for German.



install/install
??RPM JDK Installer Changes
 (JDK-8292834)

Installation directory name of Oracle JDK in RPM package has changed from /usr/java/jdk-${VERSION} to /usr/lib/jvm/jdk-${FEATURE}-oracle-${ARCH}. Thus the 17.0.6"","" and 17.0.7 releases for x64 will both be installed in /usr/lib/jvm/jdk-17-oracle-x64 directory. RPM package will create /usr/java/jdk-${FEATURE} link pointing to the installation directory for backward compatibility.
Communication with the alternatives framework of JDK RPM package has changed. JDK RPM packages of prior versions registered a single java group of commands with the alternatives framework. The JDK 17 RPM package registers java and javac groups with the alternatives framework. java group is for commands used to run applications: java"","" keytool"","" and rmiregistry. javac group is used for all other commands. The set of commands registered by the package has not changed.
Two new Oracle Linux (OL)-specific JDK RPM packages have been added: jdk-17-headless and jdk-17-headful. These packages are available in OL7"","" OL8"","" and OL9 repositories. They are not available for OTN downloads. jdk-17-headless is a Headless Java Runtime for running non-GUI applications. jdk-17-headful is a Headful Java Runtime & Development Tools for developing and running applications of all types.
The combination of the OL-specific jdk-17-headless and jdk-17-headful packages provides the same JDK image and the same capabilities as jdk-17 OTN package. OL-specific JDK RPM packages specify required capabilities"","" and the ""Release"" property of these packages has a %{dist} suffix.



install/install
??Disable Side-by-Side Installations of Multiple JDK Updates in Windows JDK Installers
 (JDK-8292820)

Windows JDK installers must install the Oracle JDK in %Program Files%\Java\jdk-%FEATURE% instead of %Program Files%\Java\jdk-%VNUM%. I.e. all updates of the same release must share one installation directory.
Thus the 17.0.6 and 17.0.7 releases will both install into %Program Files%\Java\jdk-17 by default"","" and they both cannot be installed at the same time.
If the JDK17.0.7 installer is launched when JDK17.0.6 is already installed"","" it will auto-upgrade them to JDK17.0.7. There may be a Files In Use dialog shown if the older version was running and locking JDK files.
If the JDK17.0.6 installer is launched when JDK17.0.7 is already installed"","" it will show an error that a newer version of this JDK family is already installed.



install/install
??All JDK Update Releases Are Installed Into the Same Directory on macOS
 (JDK-8292827)

The Oracle JDK installation directory name will be changed from /Library/Java/JavaVirtualMachines/jdk-${VERSION}.jdk to /Library/Java/JavaVirtualMachines/jdk-${FEATURE}.jdk. Thus the 17.0.6 and 17.0.7 releases will both install into the /Library/Java/JavaVirtualMachines/jdk-17.jdk installation directory. Installing an older JDK update release will log an error"","" and not install the JDK"","" if a newer version of the same feature release already exists. An error dialog will be shown except in the case of a silent installation. JDK 17.0.N update releases shipped prior JEP C208 will not be uninstalled during installation of JDK 17 update release with JEP C208. However"","" JDK 17 GA release will be removed and its location /Library/Java/JavaVirtualMachines/jdk-17.jdk will be reused.



core-libs/java.lang
??Incorrect Handling of Quoted Arguments in ProcessBuilder
 (JDK-8282008)

ProcessBuilder on Windows is restored to address a regression caused by JDK-8250568. Previously"","" an argument to ProcessBuilder that started with a double-quote and ended with a backslash followed by a double-quote was passed to a command incorrectly and may cause the command to fail. For example the argument ""C:\\Program Files\"""","" would be seen by the command with extra double-quotes. This update restores the long standing behavior that does not treat the backslash before the final double-quote specially.



security-libs/javax.security
??New Implementation Note for LoginModule on Removing Null from a Principals or Credentials set
 (JDK-8282730)

The Set implementation that holds principals and credentials in a JAAS Subject prohibits null elements and any attempt to add"","" query"","" or remove a null element will result in a NullPointerException. This is especially important when trying to remove principals or credentials from the subject at the logout phase but they are null because of a previous failed login. Various JDK LoginModule implementations have been fixed to avoid the exception. An Implementation Note has also been added to the logout() method of the LoginModule interface. Developers should verify and if necessary update any custom LoginModule implementations to be compliant with this implementation advice.



infrastructure
??Toolchain Upgrade to Visual Studio 2022
 (JDK-8283723)

As part of ongoing maintenance"","" the JDK for Windows is built using the Microsoft Visual Studio 2022 toolchain starting with this release.
If you have issues with a Java application and if you have native or JNI libraries that are compiled with a different release of the compiler"","" then you must consider compatibility issues between the runtimes. Specifically"","" your environment is supported only if you follow the Microsoft guidelines when dealing with multiple runtimes. 



security-libs/javax.net.ssl
??Change in SSLEngine.closeInbound() Behavior
 (JDK-8273553)

The SunJSSE close notification checks for SSLEngine to have been made less strict to conform to changes in the Transport Layer Security (TLS) RFCs. See also JDK-8253368.
Specifically"","" if an application tries to close its SSLEngine inbound side using SSLEngine.closeInbound() without having received a close notification message from its peer"","" the SSLEngine will no longer:

trigger the transmission of a TLS fatal-level alert to the peer"","" and
invalidate the current TLS session

The new behavior will still consider this condition an error and will throw a local javax.net.ssl.SSLException. But a fatal-level alert will no longer be generated to be sent to the peer"","" and the underlying session will remain valid.
In addition"","" the internal transport context for the SSLEngine will also now be closed. This may result in a different SSLEngineResult.HandshakeStatus value on the SSLEngine. Any outstanding outbound data must still be obtained (SSLEngine.wrap()) and sent in order to gracefully close the connection.
?
Bug Fixes
This release also contains fixes for security vulnerabilities described in the Oracle Critical Patch Update.
? Issues fixed in 17.0.6:






#
JBS
Component
Summary



1JDK-8295429client-libsUpdate harfbuzz md file
2JDK-8293672client-libsUpdate freetype md file
3JDK-8289697client-libs/2dbuffer overflow in MTLVertexCache.m: MTLVertexCache_AddGlyphQuad
4JDK-8240756client-libs/2d[macos] SwingSet2:TableDemo:Printed Japanese characters were garbled
5JDK-8284033client-libs/java.awtLeak XVisualInfo in getAllConfigs in awt_GraphicsEnv.c
6JDK-8273655core-libs/java.netcontent-types.properties files are missing some common types
7JDK-8272352core-libs/java.util:i18nJava launcher can not parse Chinese character when system locale is set to UTF-8
8JDK-8294307core-libs/java.util:i18nISO 4217 Amendment 173 Update
9JDK-8293657core-svc/javax.managementsun/management/jmxremote/bootstrap/RmiBootstrapTest.java#id1 failed with ""SSLHandshakeException: Remote host terminated the handshake""
10JDK-8293319hotspot/compiler[C2 cleanup] Remove unused other_path arg in Parse::adjust_map_after_if
11JDK-8280511hotspot/compilerAArch64: Combine shift and negate to a single instruction
12JDK-8276108hotspot/compilerWrong instruction generation in aarch64 backend
13JDK-8251216hotspot/compilerImplement MD5 intrinsics on AArch64
14JDK-8186670hotspot/compilerImplement _onSpinWait() intrinsic for AArch64
15JDK-8290781hotspot/compilerSegfault at PhaseIdealLoop::clone_loop_handle_data_uses
16JDK-8282347hotspot/compilerAARCH64: Untaken branch in has_negatives stub
17JDK-8282049hotspot/compilerAArch64: Use ZR for integer zero immediate volatile stores
18JDK-8291775hotspot/compilerC2: assert(r != __null && r->is_Region()) failed: this phi must have a region
19JDK-8290711hotspot/compilerassert(false) failed: infinite loop in PhaseIterGVN::optimize
20JDK-8287349hotspot/compilerAArch64: Merge LDR instructions to improve C1 OSR performance
21JDK-8277411hotspot/compilerC2 fast_unlock intrinsic on AArch64 has unnecessary ownership check
22JDK-8277358hotspot/compilerAccelerate CRC32-C
23JDK-8291599hotspot/compilerAssertion in PhaseIdealLoop::skeleton_predicate_has_opaque after JDK-8289127
24JDK-8290705hotspot/compilerStringConcat::validate_mem_flow asserts with ""unexpected user: StoreI""
25JDK-8290529hotspot/compilerC2: assert(BoolTest(btest).is_canonical()) failure
26JDK-8288445hotspot/compilerAArch64: C2 compilation fails with guarantee(!true || (true && (shift != 0))) failed: impossible encoding
27JDK-8280872hotspot/compilerReorder code cache segments to improve code density
28JDK-8272094hotspot/compilercompiler/codecache/TestStressCodeBuffers.java crashes with ""failed to allocate space for trampoline""
29JDK-8293816hotspot/compilerCI: ciBytecodeStream::get_klass() is not consistent
30JDK-8293044hotspot/compilerC1: Missing access check on non-accessible class
31JDK-8292158hotspot/compilerAES-CTR cipher state corruption with AVX-512
32JDK-8270947hotspot/compilerAArch64: C1: use zero_words to initialize all objects
33JDK-8287425hotspot/compilerRemove unnecessary register push for MacroAssembler::check_klass_subtype_slow_path
34JDK-8290451hotspot/compilerIncorrect result when switching to C2 OSR compilation from C1
35JDK-8268779hotspot/gcZGC: runtime/InternalApi/ThreadCpuTimesDeadlock.java#id1 failed with ""OutOfMemoryError: Java heap space""
36JDK-8278389hotspot/gcSuspendibleThreadSet::_suspend_all should be volatile/atomic
37JDK-8288754hotspot/gcGCC 12 fails to build zReferenceProcessor.cpp
38JDK-8279398hotspot/jfrjdk/jfr/api/recording/time/TestTimeMultiple.java failed with ""RuntimeException: getStopTime() > afterStop""
39JDK-8268297hotspot/jfrjdk/jfr/api/consumer/streaming/TestLatestEvent.java times out
40JDK-8291459hotspot/runtimeJVM crash with GenerateOopMap::error_work(char const*"","" __va_list_tag*)
41JDK-8292083hotspot/runtimeDetected container memory limit may exceed physical machine memory
42JDK-8293156hotspot/svcDcmd VM.classloaders fails to print the full hierarchy
43JDK-8257722security-libs/java.securityImprove ""keytool -printcert -jarfile"" output
44JDK-8273553security-libs/javax.net.sslsun.security.ssl.SSLEngineImpl.closeInbound also has similar error of JDK-8253368
45JDK-8276764core-svc/toolsEnable deterministic file content ordering for Jar and Jmod
46JDK-8276766tools/jarEnable jar and jmod to produce deterministic timestamped content
47JDK-8293578tools/javacDuplicate ldc generated by javac
48JDK-8266082tools/javacAssertionError in Annotate.fromAnnotations with -Xdoclint
49JDK-8272776tools/javacNullPointerException not reported
50JDK-8286444tools/javacjavac errors after JDK-8251329 are not helpful enough to find root cause
51JDK-8286855tools/javacjavac error on invalid jar should only print filename
52JDK-8287076xml/org.w3c.domDocument.normalizeDocument() produces different results





",,,
https://www.oracle.com/java/technologies/javase/17-0-6-relnotes.html,Known Issues,"
install/install
??Installation of Oracle Linux Specific x64 JDK RPMs Pulls in i686 Dependencies
 (JDK-8305976 (Not Public))

This issue prevents yum from automatically installing the correct packages required by Oracle Linux specific x86_64 headless and headful JDK packages. Instead of x86_64 packages"","" it will install i686 packages. To workaround the issue"","" you may manually install packages with the same names as indicated by yum but with the x86_64 architecture. 
After you have the x86_64 headless and/or headful jdk packages installed"","" you can get the list of required x86_64 packages by running the following script:

rpm -qa | grep -E -e '^jdk-.*-headful-.*\.x86_64$' -e '^jdk-.*-headless-.*\.x86_64$' | xargs -r rpm -q --requires | sort -u | cut -d ' ' -f 1 | grep -v '^rpmlib' | xargs -r rpm -q --whatprovides | sort -u | grep -e '.i[3456]86$' | xargs -r rpm -q --queryformat '%{name}.x86_64\n' | xargs -r echo

It will output a space-separated list of names of required x86_64 packages to stdout. You can pass this list to a sudo yum install command to ensure the installation of the required packages. 
",,,
https://www.oracle.com/java/technologies/javase/17-0-6-relnotes.html,Known Issues,"
javafx/fxml
??FXML JavaScript Engine Disabled by Default
 (JDK-8294779 (not public))

The ÅgJavaScript script engineÅh for FXML is now disabled by default. Any .fxml file that has a ""javascript"" Processing Instruction (PI) will no longer load by default"","" and an exception will be thrown.
If the JDK has a JavaScript script engine"","" it can be enabled by setting the system property: -Djavafx.allowjs=true
",,,
https://www.oracle.com/java/technologies/javase/17-0-6-relnotes.html,Known Issues,"
globalization
??Translated resource bundles for German
 (JDK-8263773)

With 11.0.14"","" we are shipping the original JDK 11 translated resource bundles for German.
",,,
https://www.oracle.com/java/technologies/javase/17-0-6-relnotes.html,Known Issues,"
install/install
??RPM JDK Installer Changes
 (JDK-8292834)

Installation directory name of Oracle JDK in RPM package has changed from /usr/java/jdk-${VERSION} to /usr/lib/jvm/jdk-${FEATURE}-oracle-${ARCH}. Thus the 17.0.6"","" and 17.0.7 releases for x64 will both be installed in /usr/lib/jvm/jdk-17-oracle-x64 directory. RPM package will create /usr/java/jdk-${FEATURE} link pointing to the installation directory for backward compatibility.
Communication with the alternatives framework of JDK RPM package has changed. JDK RPM packages of prior versions registered a single java group of commands with the alternatives framework. The JDK 17 RPM package registers java and javac groups with the alternatives framework. java group is for commands used to run applications: java"","" keytool"","" and rmiregistry. javac group is used for all other commands. The set of commands registered by the package has not changed.
Two new Oracle Linux (OL)-specific JDK RPM packages have been added: jdk-17-headless and jdk-17-headful. These packages are available in OL7"","" OL8"","" and OL9 repositories. They are not available for OTN downloads. jdk-17-headless is a Headless Java Runtime for running non-GUI applications. jdk-17-headful is a Headful Java Runtime & Development Tools for developing and running applications of all types.
The combination of the OL-specific jdk-17-headless and jdk-17-headful packages provides the same JDK image and the same capabilities as jdk-17 OTN package. OL-specific JDK RPM packages specify required capabilities"","" and the ""Release"" property of these packages has a %{dist} suffix.
",,,
https://www.oracle.com/java/technologies/javase/17-0-6-relnotes.html,Known Issues,"
install/install
??Disable Side-by-Side Installations of Multiple JDK Updates in Windows JDK Installers
 (JDK-8292820)

Windows JDK installers must install the Oracle JDK in %Program Files%\Java\jdk-%FEATURE% instead of %Program Files%\Java\jdk-%VNUM%. I.e. all updates of the same release must share one installation directory.
Thus the 17.0.6 and 17.0.7 releases will both install into %Program Files%\Java\jdk-17 by default"","" and they both cannot be installed at the same time.
If the JDK17.0.7 installer is launched when JDK17.0.6 is already installed"","" it will auto-upgrade them to JDK17.0.7. There may be a Files In Use dialog shown if the older version was running and locking JDK files.
If the JDK17.0.6 installer is launched when JDK17.0.7 is already installed"","" it will show an error that a newer version of this JDK family is already installed.
",,,
https://www.oracle.com/java/technologies/javase/17-0-6-relnotes.html,Known Issues,"
install/install
??All JDK Update Releases Are Installed Into the Same Directory on macOS
 (JDK-8292827)

The Oracle JDK installation directory name will be changed from /Library/Java/JavaVirtualMachines/jdk-${VERSION}.jdk to /Library/Java/JavaVirtualMachines/jdk-${FEATURE}.jdk. Thus the 17.0.6 and 17.0.7 releases will both install into the /Library/Java/JavaVirtualMachines/jdk-17.jdk installation directory. Installing an older JDK update release will log an error"","" and not install the JDK"","" if a newer version of the same feature release already exists. An error dialog will be shown except in the case of a silent installation. JDK 17.0.N update releases shipped prior JEP C208 will not be uninstalled during installation of JDK 17 update release with JEP C208. However"","" JDK 17 GA release will be removed and its location /Library/Java/JavaVirtualMachines/jdk-17.jdk will be reused.
",,,
https://www.oracle.com/java/technologies/javase/17-0-6-relnotes.html,Known Issues,"
core-libs/java.lang
??Incorrect Handling of Quoted Arguments in ProcessBuilder
 (JDK-8282008)

ProcessBuilder on Windows is restored to address a regression caused by JDK-8250568. Previously"","" an argument to ProcessBuilder that started with a double-quote and ended with a backslash followed by a double-quote was passed to a command incorrectly and may cause the command to fail. For example the argument ""C:\\Program Files\"""","" would be seen by the command with extra double-quotes. This update restores the long standing behavior that does not treat the backslash before the final double-quote specially.
",,,
https://www.oracle.com/java/technologies/javase/17-0-6-relnotes.html,Known Issues,"
security-libs/javax.security
??New Implementation Note for LoginModule on Removing Null from a Principals or Credentials set
 (JDK-8282730)

The Set implementation that holds principals and credentials in a JAAS Subject prohibits null elements and any attempt to add"","" query"","" or remove a null element will result in a NullPointerException. This is especially important when trying to remove principals or credentials from the subject at the logout phase but they are null because of a previous failed login. Various JDK LoginModule implementations have been fixed to avoid the exception. An Implementation Note has also been added to the logout() method of the LoginModule interface. Developers should verify and if necessary update any custom LoginModule implementations to be compliant with this implementation advice.
",,,
https://www.oracle.com/java/technologies/javase/17-0-6-relnotes.html,Known Issues,"
infrastructure
??Toolchain Upgrade to Visual Studio 2022
 (JDK-8283723)

As part of ongoing maintenance"","" the JDK for Windows is built using the Microsoft Visual Studio 2022 toolchain starting with this release.
If you have issues with a Java application and if you have native or JNI libraries that are compiled with a different release of the compiler"","" then you must consider compatibility issues between the runtimes. Specifically"","" your environment is supported only if you follow the Microsoft guidelines when dealing with multiple runtimes. 
",,,
https://www.oracle.com/java/technologies/javase/17-0-7-relnotes.html,Security Baselines,"

The security baselines for the Java Runtime Environment (JRE) at the time of the release of JDK 17.0.7 are specified in the following table:








JRE Family Version
JRE Security Baseline (Full Version String)



1717.0.7+8
1111.0.19+9
88u371-b11



? 
 
",,,
https://www.oracle.com/java/technologies/javase/17-0-7-relnotes.html,Keeping the JDK up to Date,"
security-libs/java.security
??New JFR Event: jdk.InitialSecurityProperty
 (JDK-8292177)

A new Java Flight Recorder (JFR) event has been added to record details of initial security properties when loaded via the java.security.Security class.
The new event name is jdk.InitialSecurityProperty and contains the following fields:







Field name
Field Description




key
Security Property Key


value
Corresponding Security Property Value




This new JFR event is enabled by default. The java.security.debug=properties system property will also now print initial security properties to the standard error stream. With this new event and the already available jdk.SecurityPropertyModification event (when enabled since it is not enabled by default)"","" a JFR recording can now monitor the initial settings of all security properties and any subsequent changes.
",,,
https://www.oracle.com/java/technologies/javase/17-0-7-relnotes.html,Keeping the JDK up to Date,"
client-libs/javax.swing
??System Property to Handle HTML ObjectView Creation
 (JDK-8296832 (Not Public))

Some Swing components"","" such as JLabels and JButtons"","" which display application text"","" will try to interpret that text as HTML"","" principally to enable styled text. The HTML processing of the text for these components will no longer recognize the <object> tag which allows for subclasses of java.awt.Component to be rendered on the component. To re-enable this"","" applications must specify -Dswing.html.object=true. 
",,,
https://www.oracle.com/java/technologies/javase/17-0-7-relnotes.html,Keeping the JDK up to Date,"
security-libs/java.security
??Added Certigna(Dhimyotis) CA Certificate
 (JDK-8245654)

The following root certificate has been added to the cacerts truststore:


+ Certigna (Dhimyotis)
   + certignaca
      DN: CN=Certigna"","" O=Dhimyotis"","" C=FR

",,,
https://www.oracle.com/java/technologies/javase/17-0-7-relnotes.html,Keeping the JDK up to Date,"
core-libs/java.io
??File::listRoots Changed to Return All Available Drives on Windows
 (JDK-8208077)

The behavior of the method java.io.File.listRoots() on Microsoft Windows has changed in this release so that the returned array includes a File object for all available disk drives. This differs from the behavior in JDK 10 to JDK 20"","" where this method filtered out disk drives that were not accessible or did not have media present. This change avoids performance issues observed in these releases and also ensures that the method is consistent with the root directories in the iteration returned by FileSystem.getDefault().getRootDirectories().
",,,
https://www.oracle.com/java/technologies/javase/17-0-7-relnotes.html,Keeping the JDK up to Date,"
security-libs/java.security
??Throw Error If Default java.security File Fails to Load
 (JDK-8155246)

A behavioral change has been made in the case where the default conf/security/java.security security configuration file fails to load. In such a scenario"","" the JDK will now throw an InternalError.
Such a scenario should never occur. The default security file should always be present. Prior to this change"","" a static security configuration was loaded.
",,,
https://www.oracle.com/java/technologies/javase/17-0-7-relnotes.html,Keeping the JDK up to Date,"
security-libs/java.security
??Crypto-J Exception for Diffie-Hellman and DSA AlgorithmParameters Requests
 (JDK-8278027)

Applications using the Dell BSAFE Crypto-J 3rd party security provider may encounter an IOException if decoding DH or DSA algorithm parameters with the following exception:
Exception in thread ""main"" java.io.IOException: Could not decode parameters. at com.rsa.cryptoj.o.ms.engineInit(Unknown Source) at java.security.AlgorithmParameters.init(AlgorithmParameters.java:293)
Dell BSAFE Crypto-J version 6.2.6.2 has been released to address this issue. Applications using this provider should upgrade to that version or later. For applications on older versions of this provider"","" an interoperability fix has been added to this release of the JDK.
",,,
https://www.oracle.com/java/technologies/javase/17-0-8-relnotes.html,Security Baselines,"

The security baselines for the Java Runtime Environment (JRE) at the time of the release of JDK 17.0.8 are specified in the following table:








JRE Family Version
JRE Security Baseline (Full Version String)



1717.0.8+9
1111.0.20+9
88u381-b09



? 
 
",,,
https://www.oracle.com/java/technologies/javase/17-0-8-relnotes.html,Keeping the JDK up to Date,"
core-libs/java.nio.charsets
??Support for GB18030-2022
 (JDK-8307229)

The China National Standard body (CESI) has recently published GB18030-2022"","" which is an updated version of the GB18030 standard and brings GB18030 in sync with Unicode version 11.0. The Charset implementation for this new standard has now replaced the prior 2000 standard. However"","" this new standard has some incompatible changes from the prior implementation. For those who need to use the old mappings"","" a new system property"","" jdk.charset.GB18030"","" is introduced. By setting its value to 2000"","" the previous JDK releases' mappings for the GB18030 Charset are used"","" which are based on the 2000 standard.
",,,
https://www.oracle.com/java/technologies/javase/17-0-8-relnotes.html,Keeping the JDK up to Date,"
security-libs/java.security
??Windows KeyStore Updated to Include Access to the Local Machine Location
 (JDK-6782021)

The Windows KeyStore support in the SunMSCAPI provider has been expanded to include access to the local machine location. The new keystore types are:

""Windows-MY-LOCALMACHINE""
""Windows-ROOT-LOCALMACHINE""

The following keystore types were also added"","" allowing developers to make it clear they map to the current user:

""Windows-MY-CURRENTUSER"" (same as ""Windows-MY"")
""Windows-ROOT-CURRENTUSER"" (same as ""Windows-ROOT"")

",,,
https://www.oracle.com/java/technologies/javase/17-0-8-relnotes.html,Keeping the JDK up to Date,"
security-libs/java.security
??New JFR Event: jdk.SecurityProviderService
 (JDK-8254711)

A new Java Flight Recorder (JFR) event has been added to record details of java.security.Provider.getService(String type"","" String algorithm) calls.
The new event name is jdk.SecurityProviderService and contains the following fields:



Field name
Field Description




type
Type of Service


algorithm
Algorithm Name


provider
Security Provider



This event is disabled by default and can be enabled via the JFR configuration files or via standard JFR options.
",,,
https://www.oracle.com/java/technologies/javase/17-0-8-relnotes.html,Known Issues,"
install
??Problem Upgrading JDK on Windows if System User Is Using Shared Files
 (JDK-8310932 (not public))

Installing into the same"","" shared jdk-(family) directory is the default behavior for the JDK starting with the July 2023 CPU. It could lead to FilesInUse issues if JDK files are locked by the ""System User"". We recommend shutting down any apps using the JDK as the ""System User"" before upgrading. 
",,,
https://www.oracle.com/java/technologies/javase/17-0-8-relnotes.html,Known Issues,"
core-libs/java.nio
??System Property to Turn off JDK-8251329 Restrictions
 (JDK-8302992)

A new system property"","" jdk.nio.zipfs.allowDotZipEntry"","" has been introduced. This system property can be used to remove the newly added restrictions in the Zip FS provider"","" which currently rejects ZIP files that contain entries with ""."" or "".."" in name elements by default. Refer to the CSR for more detail.
",,,
https://www.oracle.com/java/technologies/javase/17-0-8-relnotes.html,Known Issues,"
install/install
??Debian JDK Installer Changes
 (JDK-8284854)

The installation directory of Oracle JDK Debian package has changed from /usr/lib/jvm/jdk-${FEATURE} to /usr/lib/jvm/jdk-${FEATURE}-oracle-${ARCH}.
The Oracle JDK Debian package registers jexec as an interpreter for launching .jar files from the command line.
The Oracle JDK Debian package configures storage for Java Preferences API in /etc/.java/.systemPrefs directory.
The Oracle JDK Debian package registers JDK commands with update-alternatives command and supplies /usr/lib/jvm/.jdk-${FEATURE}-oracle-${ARCH}.jinfo file for update-java-alternatives command.
",,,
https://www.oracle.com/java/technologies/javase/17-0-8-relnotes.html,Known Issues,"
install/install
??Missing /usr/java/default Symlink on Linux Restored
 (JDK-8306690)

A regression where the /usr/java/default symlink is not created by RPM installers on Linux platforms has been fixed. Installers will create the /usr/java/default symlink if it doesn't exist"","" targeting the /usr/java/latest symlink.
",,,
https://www.oracle.com/java/technologies/javase/17-0-8-relnotes.html,Known Issues,"
install/install
??Installation of JDK RPM Corrupts Alternatives
 (JDK-8308244)

The JDK RPM installer will remove incorrectly constructed entries of ""java"" and ""javac"" groups registered by older Oracle JDK RPM installers from the alternatives before registering new ""java"" and ""javac"" entries.
An incorrectly constructed entry of the ""java"" group contains commands that are supposed to belong to the ""javac"" group.
An incorrectly constructed entry of the ""javac"" group contains commands that are supposed to belong to the ""java"" group.
All incorrectly constructed entries belonging to Oracle JDK RPM packages will be removed from the alternatives to avoid corruption of the alternatives internal data.
The removal has a potential side effect for users who have installed multiple JDK versions that are not updated to the latest release. Commands from a removed ""java"" or ""javac"" group are now unavailable for system Java switch"","" which potentially changes the current system Java without a warning. For example"","" if there is an out-of-date JDK RPM from an 11+ release"","" say 11.0.17"","" with an incorrectly constructed single ""java"" group installed and 8u381 RPM with this patch is installed"","" it will remove an entry from the ""java"" group belonging to the 11.0.17 RPM and thus will switch the current system Java from 11.0.17 to 8u381. The side effect will only happen when you install a lower JDK family with the fix"","" such as 8u381"","" and there is an out-of-date JDK from a higher family"","" such as 11.0.17"","" installed on the system. In that case"","" 8u381 will replace the older 11.0.17 as the latest. The remedy for the user is to install the latest JDK 11.
",,,
https://www.oracle.com/java/technologies/javase/17-0-8-relnotes.html,Known Issues,"
security-libs/java.security
??Added TWCA Root CA Certificate
 (JDK-8305975)

The following root certificate has been added to the cacerts truststore:
+ TWCA

  + twcaglobalrootca
    DN: CN=TWCA Global Root CA"","" OU=Root CA"","" O=TAIWAN-CA"","" C=TW
",,,
https://www.oracle.com/java/technologies/javase/17-0-8-relnotes.html,Known Issues,"
security-libs/java.security
??Added 4 GTS Root CA Certificates
 (JDK-8307134)

The following root certificates have been added to the cacerts truststore:
+ Google Trust Services LLC

 + gtsrootcar1
  DN: CN=GTS Root R1"","" O=Google Trust Services LLC"","" C=US

+ Google Trust Services LLC
 + gtsrootcar2
  DN: CN=GTS Root R2"","" O=Google Trust Services LLC"","" C=US

+ Google Trust Services LLC
 + gtsrootecccar3
  DN: CN=GTS Root R3"","" O=Google Trust Services LLC"","" C=US

+ Google Trust Services LLC
 + gtsrootecccar4
  DN: CN=GTS Root R4"","" O=Google Trust Services LLC"","" C=US
",,,
https://www.oracle.com/java/technologies/javase/17-0-8-relnotes.html,Known Issues,"
security-libs/java.security
??Added Microsoft Corporation's 2 TLS Root CA Certificates
 (JDK-8304760)

The following root certificates have been added to the cacerts truststore:
+ Microsoft Corporation

  + microsoftecc2017
    DN: CN=Microsoft ECC Root Certificate Authority 2017"","" O=Microsoft Corporation"","" C=US

+ Microsoft Corporation
  + microsoftrsa2017
    DN: CN=Microsoft RSA Root Certificate Authority 2017"","" O=Microsoft Corporation"","" C=US
",,,
https://www.oracle.com/java/technologies/javase/17-0-8-relnotes.html,Known Issues,"
hotspot/compiler
??GregorianCalender.computeTime() JVM Crash
 (JDK-8308884)

A virtual machine crash was observed in JDK 11.0.19 and 17.0.7 when executing the GregorianCalender.computeTime() method (JDK-8307683). It was found that although the root cause of the crash is an old issue"","" a recent fix for a rare issue in the C2 compiler (JDK-8297951) made the crash much more likely. To mitigate this"","" the fix has been reverted in JDK 11.0.20 and 17.0.8 and will be reapplied once JDK-8307683 is resolved.
",,,
https://www.oracle.com/java/technologies/javase/17-0-8-relnotes.html,Known Issues,"
hotspot/runtime
??ASLR Support for CDS Archive
 (JDK-8294323 (not public))

Starting with the July 2023 CPU"","" on operating systems where ASLR (Address Space Layout Randomization)  is enabled"","" the CDS archive will be placed at a random address picked by the operating system.
This change may have a minor performance impact: (a) Start-up time may increase because the JVM needs to patch pointers inside the CDS archive. (b) Memory usage may increase because the memory used by the CDS archive is no longer shareable across processes. We expect the impact to be small because such increases should be only a small fraction of the overall application usage.
In the unlikely event that you must disable ASLR for CDS"","" you can use the JVM flags -XX:+UnlockDiagnosticVMOptions -XX:ArchiveRelocationMode=0. The usage of such flags is not recommended.
",,,
https://www.oracle.com/java/technologies/javase/17-0-8-relnotes.html,Known Issues,"
security-libs/java.security
??New System Property to Control the Maximum Size of Signature Files
 (JDK-8300596 (not public))

A new system property"","" jdk.jar.maxSignatureFileSize"","" has been added to allow applications to control the maximum size of signature files in a signed JAR. The value of the system property is the desired size in bytes. The default value is 8000000 bytes.
",,,
https://www.oracle.com/java/technologies/javase/17-0-8-relnotes.html,Known Issues,"
core-libs/java.util.jar
??Improved ZIP64 Extra Field Validation
 (JDK-8302483 (not public))

java.util.zip.ZipFile has been updated to provide additional validation of ZIP64 extra fields when opening a ZIP file. This validation may be disabled by setting the system property jdk.util.zip.disableZip64ExtraFieldValidation to true.
",,,
https://www.oracle.com/java/technologies/javase/17-0-9-relnotes.html,Changes in Java SE 17.0.9.0.2,"
security-libs/java.security
??Increase Default Value of the System Property jdk.jar.maxSignatureFileSize
 (JDK-8312489)

The system property"","" jdk.jar.maxSignatureFileSize"","" allows applications to control the maximum size of signature files in a signed JAR. Its default value has been increased from 8000000 bytes (8 MB) to 16000000 bytes (16 MB).
",,,
https://www.oracle.com/java/technologies/javase/17-0-9-relnotes.html,Security Baselines,"

The security baselines for the Java Runtime Environment (JRE) at the time of the release of JDK 17.0.9 are specified in the following table:








JRE Family Version
JRE Security Baseline (Full Version String)



1717.0.9+11
1111.0.21+9
88u391-b13



? 
 
",,,
https://www.oracle.com/java/technologies/javase/17-0-9-relnotes.html,Keeping the JDK up to Date,"
tools/launcher
??-XshowSettings:locale Output Now Includes Tzdata Version
 (JDK-8305950)

The -XshowSettings launcher option has been enhanced to print the tzdata version configured with the JDK. The tzdata version is displayed as part of the locale showSettings option.
Example output using -X:showSettings:locale:
.....

Locale settings:
    default locale = English
    default display locale = English
    default format locale = English
    tzdata version = 2023c
    .....
",,,
https://www.oracle.com/java/technologies/javase/17-0-9-relnotes.html,Removed Features and Options,"
security-libs/java.security
??Removed SECOM Trust System's RootCA1 Root Certificate
 (JDK-8295894)

The following root certificate from SECOM Trust System has been removed from the cacerts keystore:
+ alias name ""secomscrootca1 [jdk]""

  Distinguished Name: OU=Security Communication RootCA1"","" O=SECOM Trust.net"","" C=JP
",,,
https://www.oracle.com/java/technologies/javase/17-0-9-relnotes.html,Removed Features and Options,"
security-libs/java.security
??Added Certigna Root CA Certificate
 (JDK-8314960)

The following root certificate has been added to the cacerts truststore:
+ Certigna (Dhimyotis)

  + certignarootca
    DN: CN=Certigna Root CA"","" OU=0002 48146308100036"","" O=Dhimyotis"","" C=FR
",,,
https://www.oracle.com/java/technologies/javase/17-0-9-relnotes.html,Removed Features and Options,"
security-libs/javax.net.ssl
??The Default TLS Diffie-Hellman Group Size Has Been Increased from 1024-bit to 2048-bit
 (JDK-8301700)

The JDK implementation of TLS 1.2 now uses a default Diffie Hellman keysize of 2048 bits when a TLS_DHE cipher suite is negotiated and either the client or server does not support FFDHE"","" which can negotiate a stronger keysize. The JDK TLS implementation supports FFDHE and it is enabled by default.
As a workaround"","" users can revert to the previous size by setting the jdk.tls.ephemeralDHKeySize system property to 1024 (at their own risk).
This change does not affect TLS 1.3 as the minimum DH group size is already 2048 bits.
",,,
https://www.oracle.com/java/technologies/javase/17-0-10-relnotes.html,Keeping the JDK up to Date,"
security-libs/javax.xml.crypto
??New System Property to Toggle XML Signature Secure Validation Mode
 (JDK-8301260)

A new system property named org.jcp.xml.dsig.secureValidation has been added. It can be used to enable or disable the XML Signature secure validation mode. The system property should be set to ""true"" to enable"","" or ""false"" to disable. Any other value for the system property is treated as ""false"". If the system property is set"","" it supersedes the XMLCryptoContext property value.
By default"","" secure validation mode is enabled. Disabling secure validation mode is done at your own risk.
",,,
https://www.oracle.com/java/technologies/javase/17-0-10-relnotes.html,Known Issues,"
hotspot/compiler
??Potential Performance Regression Due to Limited Range Check Elimination
 (JDK-8314468 (not public))

When the C1 compiler is the only compiler available to the VM"","" it applies loop predication to remove array access range checks from loop bodies. Due to a defect"","" this optimization was disabled"","" potentially leading to a performance regression.
This only affects the client VM or VM's running with the non-default command line flags -XX:+NeverActAsServerClassMachine or -XX:TieredStopAtLevel=[1"",""2"",""3].
",,,
https://www.oracle.com/java/technologies/javase/17-0-10-relnotes.html,Known Issues,"
security-libs/java.security
??Increase Default Value of the System Property jdk.jar.maxSignatureFileSize
 (JDK-8312489)

The system property"","" jdk.jar.maxSignatureFileSize"","" allows applications to control the maximum size of signature files in a signed JAR. Its default value has been increased from 8000000 bytes (8 MB) to 16000000 bytes (16 MB).
",,,
https://www.oracle.com/java/technologies/javase/17-0-10-relnotes.html,Known Issues,"
security-libs/java.security
??Added Four Root Certificates from DigiCert"","" Inc.
 (JDK-8318759)

The following root certificates have been added to the cacerts truststore:
+ DigiCert"","" Inc.

  + digicertcseccrootg5
    DN: CN=CN=DigiCert CS ECC P384 Root G5"","" O=""DigiCert"","" Inc."""","" C=US

+ DigiCert"","" Inc.
  + digicertcsrsarootg5
    DN: CN=DigiCert CS RSA4096 Root G5"","" O=""DigiCert"","" Inc."""","" C=US

+ DigiCert"","" Inc.
  + digicerttlseccrootg5
    DN: DigiCert TLS ECC P384 Root G5"","" O=""DigiCert"","" Inc."""","" C=US

+ DigiCert"","" Inc.
  + digicerttlsrsarootg5
    DN: DigiCert TLS RSA4096 Root G5"","" O=""DigiCert"","" Inc."""","" C=US
",,,
https://www.oracle.com/java/technologies/javase/17-0-10-relnotes.html,Known Issues,"
security-libs/java.security
??Added Three Root Certificates from eMudhra Technologies Limited
 (JDK-8319187)

The following root certificates have been added to the cacerts truststore:
+ eMudhra Technologies Limited

  + emsignrootcag1
    DN: CN=emSign Root CA - G1"","" O=eMudhra Technologies Limited"","" OU=emSign PKI"","" C=IN

+ eMudhra Technologies Limited
  + emsigneccrootcag3
    DN: CN=emSign ECC Root CA - G3"","" O=eMudhra Technologies Limited"","" OU=emSign PKI"","" C=IN

+ eMudhra Technologies Limited
  + emsignrootcag2
    DN: CN=emSign Root CA - G2"","" O=eMudhra Technologies Limited"","" OU=emSign PKI"","" C=IN
",,,
https://www.oracle.com/java/technologies/javase/17-0-10-relnotes.html,Known Issues,"
security-libs/java.security
??Added Telia Root CA v2 Certificate
 (JDK-8317373)

The following root certificate has been added to the cacerts truststore:
+ Telia Root CA v2

  + teliarootcav2
    DN: CN=Telia Root CA v2"","" O=Telia Finland Oyj"","" C=FI
",,,
https://www.oracle.com/java/technologies/javase/17-0-10-relnotes.html,Known Issues,"
security-libs/java.security
??Added ISRG Root X2 CA Certificate from Let's Encrypt
 (JDK-8317374)

The following root certificate has been added to the cacerts truststore:
+ Let's Encrypt

  + letsencryptisrgx2
    DN: CN=ISRG Root X2"","" O=Internet Security Research Group"","" C=US
",,,
https://www.oracle.com/java/technologies/javase/17-0-10-relnotes.html,Known Issues,"
security-libs/javax.net.ssl
??Call X509KeyManager.chooseClientAlias Once for All Key Types
 (JDK-8262186)

The (D)TLS implementation in JDK now calls X509KeyManager.chooseClientAlias() only once during handshaking for client authentication"","" even if there are multiple algorithms requested .
",,,
https://www.oracle.com/java/technologies/javase/17-0-11-relnotes.html,Availability of Oracle JDK 17 under NFTC,"
security-libs/javax.crypto
??Update XML Security for Java to 3.0.3
 (JDK-8319124)

The XML Signature implementation has been updated to Santuario 3.0.3. Support for four new SHA-3 based RSA-MGF1 signature methods have been added: SHA3_224_RSA_MGF1"","" SHA3_256_RSA_MGF1"","" SHA3_384_RSA_MGF1"","" and SHA3_512_RSA_MGF1. While these new algorithm URIs are not defined in javax.xml.crypto.dsig.SignatureMethod in the JDK update releases"","" they may be represented as string literals in order to be functionally equivalent. SHA-3 hash algorithm support was delivered to JDK 9 via JEP 287. Releases earlier than that may use third party security providers.
Additionally"","" support for the following EdDSA signatures has been added: ED25519 and ED448. While these new algorithm URIs are not defined in javax.xml.crypto.dsig.SignatureMethod in the JDK Update releases"","" they may be represented as string literals in order to be functionally equivalent. The JDK supports EdDSA since JDK 15. Releases earlier than that may use 3rd party security providers. One other difference is that the JDK still supports the here() function by default. However"","" we recommend avoiding the use of the here() function in new signatures and replacing existing signatures that use the here() function. Future versions of the JDK will likely disable"","" and eventually remove"","" support for this function"","" as it cannot be supported using the standard Java XPath API. Users can now disable the here() function by setting the security property jdk.xml.dsig.hereFunctionSupported to ""false"".
",,,
https://www.oracle.com/java/technologies/javase/17-0-11-relnotes.html,Availability of Oracle JDK 17 under NFTC,"
tools/jpackage
??jpackage Apps May Fail to Build on Debian Linux Distros Due to Missing Shared Libraries
 (JDK-8295111)

There is an issue on Debian Linux distros where jpackage could not always build an accurate list of required packages from shared libraries with symbolic links in their paths"","" causing installations to fail due to missing shared libraries.
",,,
https://www.oracle.com/java/technologies/javase/17-0-11-relnotes.html,Availability of Oracle JDK 17 under NFTC,"
client-libs/java.awt
??AWT SystemTray API Is Not Supported on Most Linux Desktops
 (JDK-8322750)

The java.awt.SystemTray API is used for notifications in a desktop taskbar and may include an icon representing an application. On Linux"","" the Gnome desktop's own icon support in the taskbar has not worked properly for several years due to a platform bug. This"","" in turn"","" has affected the JDK's API"","" which relies upon that.
Therefore"","" in accordance with the existing Java SE specification"","" java.awt.SystemTray.isSupported() will return false where ever the JDK determines the platform bug is likely to be present.
The impact of this is likely to be limited since applications always must check for that support anyway. Additionally"","" some distros have not supported the SystemTray for several years unless the end-user chooses to install non-bundled desktop extensions.
",,,
https://www.oracle.com/java/technologies/javase/17-0-11-relnotes.html,Availability of Oracle JDK 17 under NFTC,"
security-libs/java.security
??Added Certainly R1 and E1 Root Certificates
 (JDK-8321408)

The following root certificates have been added to the cacerts truststore:
+ Certainly

  + certainlyrootr1
    DN: CN=Certainly Root R1"","" O=Certainly"","" C=US
+ Certainly
  + certainlyroote1
    DN: CN=Certainly Root E1"","" O=Certainly"","" C=US
",,,
https://www.oracle.com/java/technologies/javase/17-0-12-relnotes.html,Availability of Oracle JDK 17 under NFTC,"
security-libs/java.security
??New Security Category for -XshowSettings Launcher Option
 (JDK-8281658)

The -XshowSettings launcher has a new security category. Settings from security properties"","" security providers and TLS related settings are displayed with this option. A security sub-category can be passed as an argument to the security category option. See the output from java -X:
   -XshowSettings:security

       show all security settings and continue
   -XshowSettings:security:*sub-category*
       show settings for the specified security sub-category and continue. Possible *sub-category* arguments for this option include:
       all: show all security settings and continue
       properties: show security properties and continue
       providers: show static security provider settings and continue
       tls: show TLS related security settings and continue
Third party security provider details will be reported if they are included in the application class path or module path and such providers are configured in the java.security file.
",,,
https://www.oracle.com/java/technologies/javase/17-0-12-relnotes.html,Availability of Oracle JDK 17 under NFTC,"
tools/jpackage
??jpackage May Produce an Inaccurate List of Required Packages on Debian Linux Distros
 (JDK-8295111)

Fixed an issue on Debian Linux distros where jpackage could not always build an accurate list of required packages from shared libraries with symbolic links in their paths"","" causing installations to fail due to missing shared libraries.
",,,
https://www.oracle.com/java/technologies/javase/17-0-12-relnotes.html,Availability of Oracle JDK 17 under NFTC,"
install/install
??Remove Obsolete Desktop Integration from Linux Installers
 (JDK-8322234 (not public))

Delete nonfunctional desktop integration functionality from Linux installers. The installers will stop depositing files in /usr/share/icons"","" /usr/share/mime"","" and /usr/share/applications subtrees.
",,,
https://www.oracle.com/java/technologies/javase/17-0-12-relnotes.html,Availability of Oracle JDK 17 under NFTC,"
security-libs/java.security
??Added GlobalSign R46 and E46 Root CA Certificates
 (JDK-8316138)

The following root certificates have been added to the cacerts truststore:
+ GlobalSign

  + globalsignr46
    DN: CN=GlobalSign Root R46"","" O=GlobalSign nv-sa"","" C=BE

+ GlobalSign
  + globalsigne46
    DN: CN=GlobalSign Root E46"","" O=GlobalSign nv-sa"","" C=BE
",,,
https://www.oracle.com/java/technologies/javase/17-0-12-relnotes.html,Availability of Oracle JDK 17 under NFTC,"
security-libs/javax.net.ssl
??Disabled DTLS 1.0
 (JDK-8256660)

DTLS 1.0 has been disabled by default"","" by adding ""DTLSv1.0"" to the jdk.tls.disabledAlgorithms security property in the java.security configuration file. DTLS 1.0 has weakened over time and lacks support for stronger cipher suites. Any attempts to use DTLSv1.0 will fail with an SSLHandshakeException. Users can"","" at their own risk"","" re-enable the version by removing ""DTLSv1.0"" from the jdk.tls.disabledAlgorithms security property.
",,,
https://www.oracle.com/java/technologies/javase/17-0-12-relnotes.html,Availability of Oracle JDK 17 under NFTC,"
infrastructure/build
??Native Executables and Libraries on Linux Use RPATH Instead of RUNPATH
 (JDK-8326891)

Native executables and libraries on Linux have switched to using RPATH instead of RUNPATH in this release.
JDK native executables and libraries use embedded runtime search paths to locate other internal JDK native libraries. On Linux these can be defined as either RPATH or RUNPATH. The main difference is that the dynamic linker considers RPATH before the LD_LIBRARY_PATH environment variable"","" while RUNPATH is only considered after LD_LIBRARY_PATH.
By making the change to using RPATH"","" it is no longer possible to replace JDK internal native libraries using LD_LIBRARY_PATH.
",,,
https://www.oracle.com/java/technologies/javase/17-0-12-relnotes.html,Availability of Oracle JDK 17 under NFTC,"
install/install
??Install DEB and RPM Java Packages in Version Directory
 (JDK-8325265 (not public))

The installation directory name of the Oracle JDK in RPM and DEB packages has changed from /usr/lib/jvm/jdk-${FEATURE}-oracle-${ARCH} to /usr/lib/jvm/jdk-${VERSION}-oracle-${ARCH}.
Every update release will be installed in a separate directory on Linux platform.
Installers will create a /usr/java/jdk-${FEATURE}-oracle-${ARCH} link pointing to the installation directory to allow programs to find the latest JDK version in the ${FEATURE} release train.
",,,
https://www.oracle.com/java/technologies/javase/17-0-13-relnotes.html,Bug Fixes ,"
hotspot/runtime
??The JNI_GetCreatedJavaVMs Method Will Now Only Return a Fully Initialized VM
 (JDK-8308341)

In prior releases"","" JNI_GetCreatedJavaVMs:
jint JNI_GetCreatedJavaVMs(JavaVM **vmBuf"","" jsize bufLen"","" jsize *nVMs);


could return a JavaVM"","" via the vmBuf array"","" that was still in the process of being initialized and may not be ready for use. This has now changed so that it will only return fully initialized VMs. It is important that the programmer checks that the returned number of VMs"","" in nVMs"","" is greater than zero"","" before trying to use any vmBuf entries.",,,
https://www.oracle.com/java/technologies/javase/17-0-13-relnotes.html,Important Oracle JDK 17 License Update starting with JDK 17.0.13,"
security-libs/java.security
??Thread and Timestamp Options for java.security.debug System Property
 (JDK-8051959)

The java.security.debug system property now accepts arguments which add thread ID"","" thread name"","" caller information"","" and timestamp information to debug statements for all components or a specific component.
+timestamp can be appended to debug options to print a timestamp for that debug option. +thread can be appended to debug options to print thread and caller information for that debug option.
Examples: -Djava.security.debug=all+timestamp+thread adds timestamp and thread information to every debug statement generated.
-Djava.security.debug=properties+timestamp adds timestamp information to every debug statement generated for the properties component.
You can also specify -Djava.security.debug=help which will display a complete list of supported components and arguments.
See Printing Thread and Timestamp Information for more information.
",,,
https://www.oracle.com/java/technologies/javase/17-0-13-relnotes.html,Important Oracle JDK 17 License Update starting with JDK 17.0.13,"
core-libs/java.lang
??System Property for Java SE Specification Maintenance Version
 (JDK-8330417)

This JDK implements Maintenance Release 1 of the Java SE 17 specification JSR 392. This is indicated by the new system property java.specification.maintenance.version having the value of ""1"".
",,,
https://www.oracle.com/java/technologies/javase/17-0-13-relnotes.html,Important Oracle JDK 17 License Update starting with JDK 17.0.13,"
client-libs
??Relax the java.awt.Robot Specification
 (JDK-8307779)

This JDK release relaxes the specification of java.awt.Robot to account for possible platform and desktop environment access restrictions or limitations.
",,,
https://www.oracle.com/java/technologies/javase/17-0-13-relnotes.html,Important Oracle JDK 17 License Update starting with JDK 17.0.13,"
security-libs/javax.crypto
??Key Encapsulation Mechanism API
(JDK-8297878)

Introduce an API for key encapsulation mechanisms (KEMs)"","" an encryption technique for securing symmetric keys using public key cryptography. For more details"","" see JEP 452.
",,,
https://www.oracle.com/java/technologies/javase/17-0-13-relnotes.html,Important Oracle JDK 17 License Update starting with JDK 17.0.13,"
install/install
??JDK RPM Upgrade Leaves Orphan Alternatives Entry
 (JDK-8336107 (not public))

Fixed the issue with entries in the ""java"" and ""javac"" groups not being properly managed during an RPM upgrade.
Upgrading from an older Java RPM installed into a shared directory (/usr/lib/jvm/jdk-${FEATURE}-oracle-${ARCH}) to a Java RPM installing into a version-specific directory (/usr/lib/jvm/jdk-${VERSION}-oracle-${ARCH})"","" results in the older Java entries in the ""java"" and ""javac"" groups not being deleted.
The issue does not manifest until the new Java is uninstalled. When it is uninstalled and Java from the lower release is installed"","" running Java commands like java or keytool without the full path specified will result in the ""command not found"" error. For example"","" install 21.0.3; upgrade it to 21.0.4; uninstall 21.0.4; install any Java update of 17 or 11 or 8 release; run ""java"" from the command line. The command will fail with the ""command not found"" error.
Manually delete orphan Java entries in the ""java"" and ""javac"" groups to workaround the issue.
",,,
https://www.oracle.com/java/technologies/javase/17-0-13-relnotes.html,Important Oracle JDK 17 License Update starting with JDK 17.0.13,"
core-libs/java.net
??New Default Limits in the JDK HTTP Implementations
 (JDK-8328286 (not public))

New Default limits have been added to HTTP in the JDK.
The JDK built-in implementation of the legacy URL protocol handler for HTTP"","" HttpURLConnection"","" and the new HttpClient"","" in the module java.net.http"","" now have a default limit on the maximum response headers size they will accept from a remote party. The limit is set by default at 384kB (393216 bytes) and is computed as the cumulative size of all header names and header values plus an overhead of 32 bytes per header name value pair.
The default value of the limit can be changed by specifying a positive value with the jdk.http.maxHeaderSize system property on the command line"","" or in the appropriate conf.properties or net.properties file. A negative or zero value is interpreted as no limit.  If the limit is exceeded"","" the request will fail with a protocol exception.
The JDK built-in implementation of the com.sun.net.httpserver.HttpServer (jdk.httpserver) implements a similar limit for the maximum request header size the server is prepared to accept. The HttpServer limit can be changed by specifying a positive value with the sun.net.httpserver.maxReqHeaderSize system property on the command line. A negative or zero value is interpreted as no limit.  The limit is set by default at 384kB (393216 bytes) and the size is computed in the same way as explained above. If the limit is exceeded"","" the connection is closed.
In addition"","" the JDK built-in implementation of the new java.net.http.HttpClient enforces two additional limits:
The system property jdk.httpclient.maxNonFinalResponses can be specified with a positive value on the java command line"","" or in the conf.properties or net.properties file"","" to control how many interim responses the client will accept before receiving a final response. An interim response is considered informational and is a response whose status is in the range [100"","" 199]. These responses are typically either handled internally or simply discarded by the implementation. The default limit is now set at a maximum of 8 interim responses before receiving the final response. A negative or zero value is interpreted as no limit. If the limit is exceeded"","" the request will fail with a protocol exception.
The system property jdk.httpclient.maxLiteralWithIndexing can be specified with a positive value on the java command line"","" or in the conf.properties or net.properties file"","" to control how many additions a server may request a client to make to the HPack dynamic table when decoding a set of headers. The default maximum value is now set to 512. A negative or zero value is interpreted as no limit.  If the limit is exceeded"","" the request will fail with a protocol exception.
",,,
https://www.oracle.com/java/technologies/javase/17-0-13-relnotes.html,Important Oracle JDK 17 License Update starting with JDK 17.0.13,"
security-libs/java.security
??Added SSL.com TLS Root CA Certificates Issued in 2022
 (JDK-8341057)

The following root certificates have been added to the cacerts truststore:
+ SSL.com

  + ssltlsrootecc2022
    DN: CN=SSL.com TLS ECC Root CA 2022"","" O=SSL Corporation"","" C=US

+ SSL.com
  + ssltlsrootrsa2022
    DN: CN=SSL.com TLS RSA Root CA 2022"","" O=SSL Corporation"","" C=US
",,,
https://www.oracle.com/java/technologies/javase/17-0-13-relnotes.html,Important Oracle JDK 17 License Update starting with JDK 17.0.13,"
security-libs/javax.net.ssl
??Disabled TLS_ECDH Cipher Suites
 (JDK-8279164)

The TLS_ECDH cipher suites have been disabled by default"","" by adding ""ECDH"" to the jdk.tls.disabledAlgorithms security property in the java.security configuration file. The TLS_ECDH cipher suites do not preserve forward-secrecy and are rarely used in practice. Note that some TLS_ECDH cipher suites were already disabled because they use algorithms that are disabled"","" such as 3DES and RC4. This action disables the rest.  Any attempts to use cipher suites starting with ""TLS_ECDH_"" will fail with an SSLHandshakeException. Users can"","" at their own risk"","" re-enable these cipher suites by removing ""ECDH"" from the jdk.tls.disabledAlgorithms security property.
Please note that this change has no effect on the TLS_ECDHE cipher suites"","" which are still enabled by default.
",,,
https://www.oracle.com/java/technologies/javase/17-0-13-relnotes.html,Important Oracle JDK 17 License Update starting with JDK 17.0.13,"
security-libs/javax.net.ssl
??Distrust TLS Server Certificates Anchored by Entrust Root Certificates and Issued After Nov 11"","" 2024
 (JDK-8337664)

The JDK will stop trusting TLS server certificates issued after November 11"","" 2024 and anchored by Entrust root certificates"","" in line with similar plans recently announced by Google and Mozilla. The list of affected certificates includes certificates branded as AffirmTrust"","" which are managed by Entrust.
TLS server certificates issued on or before November 11"","" 2024 will continue to be trusted until they expire. Certificates issued after that date"","" and anchored by any of the Certificate Authorities in the table below"","" will be rejected.
The restrictions will be enforced in the JDK implementation (the SunJSSE Provider) of the Java Secure Socket Extension (JSSE) API. A TLS session will not be negotiated if the server's certificate chain is anchored by any of the Certificate Authorities in the table below and the certificate has been issued after November 11"","" 2024.
An application will receive an Exception with a message indicating the trust anchor is not trusted"","" for example:
TLS server certificate issued after 2024-11-11 and anchored by a distrusted legacy Entrust root CA: CN=Entrust.net Certification Authority (2048)"",""

OU=(c) 1999 Entrust.net Limited"","" OU=www.entrust.net/CPS_2048 incorp. by ref. (limits liab.)"","" O=Entrust.net
If necessary"","" and at your own risk"","" you can work around the restrictions by removing ""ENTRUST_TLS"" from the jdk.security.caDistrustPolicies security property in the java.security configuration file.
The restrictions are imposed on the following Entrust Root certificates included in the JDK:

Root Certificates distrusted after 2024-11-11


Distinguished Name
SHA-256 Fingerprint




CN=Entrust Root Certification Authority"","" OU=(c) 2006 Entrust"","" Inc."","" OU=www.entrust.net/CPS is incorporated by reference"","" O=Entrust"","" Inc."","" C=US

73:C1:76:43:4F:1B:C6:D5:AD:F4:5B:0E:76:E7:27:28:7C:8D:E5:76:16:C1:E6:E6:14:1A:2B:2C:BC:7D:8E:4C



CN=Entrust Root Certification Authority - EC1"","" OU=(c) 2012 Entrust"","" Inc. - for authorized use only"","" OU=See www.entrust.net/legal-terms"","" O=Entrust"","" Inc."","" C=US

02:ED:0E:B2:8C:14:DA:45:16:5C:56:67:91:70:0D:64:51:D7:FB:56:F0:B2:AB:1D:3B:8E:B0:70:E5:6E:DF:F5



CN=Entrust Root Certification Authority - G2"","" OU=(c) 2009 Entrust"","" Inc. - for authorized use only"","" OU=See www.entrust.net/legal-terms"","" O=Entrust"","" Inc."","" C=US

43:DF:57:74:B0:3E:7F:EF:5F:E4:0D:93:1A:7B:ED:F1:BB:2E:6B:42:73:8C:4E:6D:38:41:10:3D:3A:A7:F3:39



CN=Entrust Root Certification Authority - G4"","" OU=(c) 2015 Entrust"","" Inc. - for authorized use only"","" OU=See www.entrust.net/legal-terms"","" O=Entrust"","" Inc."","" C=US

DB:35:17:D1:F6:73:2A:2D:5A:B9:7C:53:3E:C7:07:79:EE:32:70:A6:2F:B4:AC:42:38:37:24:60:E6:F0:1E:88



CN=Entrust.net Certification Authority (2048)"","" OU=(c) 1999 Entrust.net Limited"","" OU=www.entrust.net/CPS_2048 incorp. by ref. (limits liab.)"","" O=Entrust.net

6D:C4:71:72:E0:1C:BC:B0:BF:62:58:0D:89:5F:E2:B8:AC:9A:D4:F8:73:80:1E:0C:10:B9:C8:37:D2:1E:B1:77



CN=AffirmTrust Commercial"","" O=AffirmTrust"","" C=US

03:76:AB:1D:54:C5:F9:80:3C:E4:B2:E2:01:A0:EE:7E:EF:7B:57:B6:36:E8:A9:3C:9B:8D:48:60:C9:6F:5F:A7



CN=AffirmTrust Networking"","" O=AffirmTrust"","" C=US

0A:81:EC:5A:92:97:77:F1:45:90:4A:F3:8D:5D:50:9F:66:B5:E2:C5:8F:CD:B5:31:05:8B:0E:17:F3:F0B4:1B



CN=AffirmTrust Premium"","" O=AffirmTrust"","" C=US

70:A7:3F:7F:37:6B:60:07:42:48:90:45:34:B1:14:82:D5:BF:0E:69:8E:CC:49:8D:F5:25:77:EB:F2:E9:3B:9A



CN=AffirmTrust Premium ECC"","" O=AffirmTrust"","" C=US

BD:71:FD:F6:DA:97:E4:CF:62:D1:64:7A:DD:25:81:B0:7D:79:AD:F8:39:7E:B4:EC:BA:9C:5E:84:88:82:14:23




You can also use the keytool utility from the JDK to print out details of the certificate chain"","" as follows:
keytool -v -list -alias <your_server_alias> -keystore <your_keystore_filename>

If any of the certificates in the chain are issued by one of the root CAs in the table above are listed in the output you will need to update the certificate or contact the organization that manages the server.
",,,
https://www.oracle.com/java/technologies/javase/17-0-13-relnotes.html,Important Oracle JDK 17 License Update starting with JDK 17.0.13,"
core-libs/java.text
??MessageFormat ArgumentIndex Now Has a Limit
 (JDK-8331446 (not public))

In the JDK"","" java.text.MessageFormat now has an implementation limit for the ArgumentIndex pattern element. The hard limit for the value is 10"",""000.
If an ArgumentIndex value is equal to or exceeds the upper limit"","" an IllegalArgumentException will now be thrown by

MessageFormats constructors
applyPattern(String pattern) instance method
format(String pattern"","" Object... arguments) static method

De-serializing a MessageFormat object with an ArgumentIndex value at or over the limit will throw an InvalidObjectException.
",,,
https://www.oracle.com/java/technologies/javase/17-0-13-relnotes.html,Important Oracle JDK 17 License Update starting with JDK 17.0.13,"
core-svc/java.lang.management
??The ClassLoadingMXBean and MemoryMXBean isVerbose Methods Are Now Consistent with Their setVerbose Methods
 (JDK-8338139)

The ClassLoadingMXBean::setVerbose(boolean enabled) method will set class+load* logging on log output stdout to level info if enabled is true"","" and to level off otherwise. In contrast"","" the isVerbose method would check if exactly class+load logging was enabled at the info level on any log output. This could result in counter-intuitive behavior when logging class+load=info to a file via the command-line"","" as it caused isVerbose to return true"","" even after a call to setVerbose(false) had been made. A similar problem existed for the MemoryMXBean::isVerbose method. Starting with this release"","" the behavior is as follows:

ClassLoadingMXBean::isVerbose will return true only if class+load* logging (note the wildcard use) has been enabled at the info level (or above) on the stdout log output.
MemoryMXBean::isVerbose will return true only if gc logging has been enabled at the info level (or above) on the stdout log output.

",,,
https://www.oracle.com/java/technologies/javase/17-0-13-relnotes.html,Important Oracle JDK 17 License Update starting with JDK 17.0.13,"
security-libs/javax.crypto
??KEM.getInstance() Should Check If a Third-Party Security Provider Is Signed
 (JDK-8322971)

When instantiating a third-party security provider's implementation (class) of a KEM algorithm"","" the framework will determine the provider's codebase (JAR file) and verify its signature. In this way"","" JCA authenticates the provider and ensures that only providers signed by a trusted entity can be plugged into the JCA. This is consistent with other JCE service classes"","" such as Cipher"","" Mac"","" KeyAgreement"","" and others.
",,,
https://www.oracle.com/java/technologies/javase/17-0-13-relnotes.html,Important Oracle JDK 17 License Update starting with JDK 17.0.13,"
tools/launcher
??Available Locales Information Now Listed with -XshowSettings:locale Option
 (JDK-8310201)

The showSettings launcher option no longer prints available locales information by default"","" when -XshowSettings is used. The -XshowSettings:locale option will continue to print all settings related to available locales.
",,,
https://www.oracle.com/java/technologies/javase/17-0-14-relnotes.html,Keeping the JDK up to Date,"
tools/javac
??Indy String Concat Changes Order of Operations
 (JDK-8273914)

String concatenation has been changed to evaluate each argument and eagerly convert it to a string"","" in left-to-right order. This fixes a bug in the invokedynamic-based string concatentation strategies introduced in JEP 280.
For example"","" the following now prints ""foofoobar"""","" not ""foobarfoobar"":
    StringBuilder builder = new StringBuilder(""foo"");

    System.err.println("""" + builder + builder.append(""bar""));
",,,
https://www.oracle.com/java/technologies/javase/17-0-14-relnotes.html,Keeping the JDK up to Date,"
core-libs/java.lang
??ProcessBuilder on Windows Quotes Argument Strings Containing Any Space Character
 (JDK-8335428 (not public))

On Windows"","" the ProcessBuilder has expanded the quoting of argument strings when starting a process to ensure they are recognized by the application as a single command argument. The set of space characters has been expanded from space (0x20) to include all space characters as defined by java.lang.Character.isSpaceChar"","" which includes all Unicode space separator characters"","" such as EN-SPACE (0x2002)"","" and line separator and paragraph separator characters.
",,,
https://www.oracle.com/java/technologies/javase/17-0-14-relnotes.html,Keeping the JDK up to Date,"
core-libs/java.time
??Support for Time Zone Database 2024b
 (JDK-8339637)

IANA Time Zone Database has been upgraded to 2024b. This version mainly includes changes to improve historical data for Mexico"","" Mongolia"","" and Portugal. It also changes one timestamp abbreviation"","" for the time zone 'MET'. Also Asia/Choibalsan is now an alias for Asia/Ulaanbaatar.
The new tzdata changes also impact some legacy time zone IDs. As per 2024b changes ""EST""  links to ""America/Panama"""","" ""HST"" links to ""Pacific/Honolulu"" and ""MST"" links to ""America/Phoenix"". To maintain compatibility with the Java SE specification"","" the java.time.ZoneId.SHORT_IDS Map has not changed. Further details are available at JDK-8342331
",,,
https://www.oracle.com/java/technologies/javase/18-relnote-issues.html,What's New in JDK 18  - New Features and Enhancements,"core-libs/java.nio.charsets??JEP 400: UTF-8 by Default
Starting with JDK 18"",""  UTF-8 is the default charset for the Java SE APIs. APIs that depend on the default charset now behave consistently across all JDK implementations and independently of the userÅfs operating system"","" locale"","" and configuration. Specifically"","" java.nio.charset.Charset#defaultCharset() now returns UTF-8 charset by default. The file.encoding system property is now a part of the implementation specification"","" which may accept UTF-8 or COMPAT.  The latter is a new property value that instructs the runtime to behave as previous releases. This change is significant to users who call APIs that depend on the default charset. Users can determine whether they'd be affected or not"","" by specifying -Dfile.encoding=UTF-8 as the command line option with the existing Java runtime environment.
For further details"","" see JEP 400
See JDK-8187041
",,,
https://www.oracle.com/java/technologies/javase/18-relnote-issues.html,What's New in JDK 18  - New Features and Enhancements,"core-libs/java.net??JEP 408: Simple Web Server
jwebserver"","" a command-line tool to start a minimal static web server"","" has been introduced. The tool and the accompanying API are located in the com.sun.net.httpserver package of the jdk.httpserver module and are designed to be used for prototyping"","" ad-hoc coding"","" and testing"","" particularly in educational contexts.
For further details"","" see JEP 408.
See JDK-8260510
",,,
https://www.oracle.com/java/technologies/javase/18-relnote-issues.html,What's New in JDK 18  - New Features and Enhancements,"core-libs/java.lang:reflect??JEP 416: Reimplement Core Reflection With Method Handles
JEP 416 reimplements core reflection with method handles.   Code that depends upon highly implementation-specific and undocumented aspects of the existing implementation might be impacted. Issues that might arise include:

Code that inspects the internal generated reflection classes (such as"","" subclasses of MagicAccessorImpl) no longer works and must be updated.
Code that attempts to break the encapsulation and change the value of the private final modifiers field of Method"","" Field and Constructor class to be different from the underlying member might cause a runtime error. Such code must be updated.

To mitigate this compatibility risk"","" you can enable the old implementation as a workaround by using  -Djdk.reflect.useDirectMethodHandle=false.   We will remove the old core reflection implementation in a future release. The -Djdk.reflect.useDirectMethodHandle=false workaround will stop working at that point.
For further details"","" see JEP 416.
See JDK-8271820
",,,
https://www.oracle.com/java/technologies/javase/18-relnote-issues.html,What's New in JDK 18  - New Features and Enhancements,"core-libs/java.net??JEP 418: Internet-Address Resolution SPI
Introduce a service-provider interface (SPI) for host name and address resolution"","" so that java.net.InetAddress can make use of resolvers other than the platform's built-in resolver. This new SPI allows replacing the operating system's native resolver"","" which is typically configured to use a combination of a local hosts file and the Domain Name System (DNS).
For further details"","" see JEP 418.
See JDK-8263693
",,,
https://www.oracle.com/java/technologies/javase/18-relnote-issues.html,What's New in JDK 18  - New Features and Enhancements,"tools/javadoc(tool)??JEP 413: Code Snippets in Java API Documentation
An @snippet tag for JavaDoc's Standard Doclet has been added"","" to simplify the inclusion of example source code in API documentation.
For further details"","" see JEP 413 and A Programmmer's Guide to Snippets.
See JDK-8201533
",,,
https://www.oracle.com/java/technologies/javase/18-relnote-issues.html,What's New in JDK 18  - New Features and Enhancements,"core-libs??JEP 417: Vector API (Third Incubator)
Introduce an API to express vector computations that reliably compile at runtime to optimal vector instructions on supported CPU architectures"","" thus achieving performance superior to equivalent scalar computations.
For further details"","" see JEP 417.
See JDK-8269306
",,,
https://www.oracle.com/java/technologies/javase/18-relnote-issues.html,What's New in JDK 18  - New Features and Enhancements,"core-libs??JEP 419: Foreign Function & Memory API (Second Incubator)
Introduce an API by which Java programs can interoperate with code and data outside of the Java runtime. By efficiently invoking foreign functions (i.e."","" code outside the JVM)"","" and by safely accessing foreign memory (i.e."","" memory not managed by the JVM)"","" the API enables Java programs to call native libraries and process native data without the brittleness and danger of JNI.
For further details"","" see JEP 419.
See JDK-8274073
",,,
https://www.oracle.com/java/technologies/javase/18-relnote-issues.html,What's New in JDK 18  - New Features and Enhancements,"specification/language??JEP 420: Pattern Matching for switch (Second Preview)
Enhance the Java programming language with pattern matching for switch expressions and statements"","" along with extensions to the language of patterns. Extending pattern matching to switch allows an expression to be tested against a number of patterns"","" each with a specific action"","" so that complex data-oriented queries can be expressed concisely and safely.
For further details"","" see JEP 420.
See JDK-8273326
",,,
https://www.oracle.com/java/technologies/javase/18-relnote-issues.html,What's New in JDK 18  - New Features and Enhancements,"hotspot/gc??ZGC Supports String Deduplication
The Z Garbage Collector now supports string deduplication (JEP 192 ).
See JDK-8267186
",,,
https://www.oracle.com/java/technologies/javase/18-relnote-issues.html,What's New in JDK 18  - New Features and Enhancements,"hotspot/gc??SerialGC Supports String Deduplication
The Serial Garbage Collector now supports string deduplication (JEP 192).
See JDK-8272609
",,,
https://www.oracle.com/java/technologies/javase/18-relnote-issues.html,What's New in JDK 18  - New Features and Enhancements,"hotspot/gc??ParallelGC Supports String Deduplication
The Parallel Garbage Collector now supports string deduplication (JEP 192).
See JDK-8267185
",,,
https://www.oracle.com/java/technologies/javase/18-relnote-issues.html,What's New in JDK 18  - New Features and Enhancements,"tools/javac??Passing Originating Elements From Filer to JavaFileManager
The javax.tools.JavaFileManager has been extended with two new methods"","" getJavaFileForOutputForOriginatingFiles and getFileForOutputForOriginatingFiles"","" that are used to create new files with specified originating files. The Filer uses these methods when creating new files (with Filer.createSourceFile"","" Filer.createClassFile"","" Filer.createResource) in order to pass along the files containing the originating elements.
See JDK-8272234
",,,
https://www.oracle.com/java/technologies/javase/18-relnote-issues.html,What's New in JDK 18  - New Features and Enhancements,"core-libs/java.nio.charsets??Charset.forName() Taking fallback Default Value
A new method Charset.forName() that takes fallback charset object has been introduced in java.nio.charset package. The new method returns fallback if charsetName is illegal or the charset object is not available for the name. If fallback is passed as null the caller can check if the named charset was available without having to catch the exceptions thrown by the Charset.forName(name) method.
See JDK-8270490
",,,
https://www.oracle.com/java/technologies/javase/18-relnote-issues.html,What's New in JDK 18  - New Features and Enhancements,"core-libs/java.util??New System Property to Control the Default Date Comment Written Out by java.util.Properties::store Methods
A new system property"","" java.properties.date"","" has been introduced to allow applications to control the default date comment written out by the java.util.Properties::store methods. This system property is expected to be set while launching java. Any non-empty value of this system property results in that value being used as a comment instead of the default date comment. In the absence of this system property or when the value is empty"","" the Properties::store methods continue to write the default date comment. An additional change has also been made in the implementation of the Properties::store methods to write out the key/value property pairs in a deterministic order. The implementation of these methods now uses the natural sort order of the property keys while writing them out. However"","" the implementation of these methods continues to use the iteration order when any sub-class of java.util.Properties overrides the entrySet() method to return a different Set than that returned by super.entrySet().
The combination of the deterministic ordering of the properties that get written out with the new system property is particularly useful in environments where applications require the contents of the stored properties to be reproducible. In such cases"","" applications are expected to provide a fixed value of their choice to this system property.
See JDK-8231640
",,,
https://www.oracle.com/java/technologies/javase/18-relnote-issues.html,What's New in JDK 18  - New Features and Enhancements,"core-libs/javax.annotation.processing??printError"","" printWarning"","" and printNote methods on Messager
For annotation processors"","" the Messager interface now has methods printError"","" printWarning"","" and printNote to directly report errors"","" warnings"","" and notes"","" respectively.
See JDK-8273157
",,,
https://www.oracle.com/java/technologies/javase/18-relnote-issues.html,What's New in JDK 18  - New Features and Enhancements,"core-libs/javax.lang.model??Method to Get Outermost Type Element
In the javax.lang.model API"","" the Elements utility interface has a new method"","" getOutermostTypeElement"","" which returns the outermost class or interface syntactically enclosing an element.
See JDK-8140442
",,,
https://www.oracle.com/java/technologies/javase/18-relnote-issues.html,What's New in JDK 18  - New Features and Enhancements,"core-libs/javax.lang.model??Map from an Element to its JavaFileObject
The method  Elements.getFileObjectOf(Element) maps from an Element to the file object used to create the element.
See JDK-8224922
",,,
https://www.oracle.com/java/technologies/javase/18-relnote-issues.html,What's New in JDK 18  - New Features and Enhancements,"core-libs/javax.lang.model??Mapping between SourceVersion and Runtime.Version
The SourceVersion enum class has methods to map between SourceVersion values and Runtime.Version values. In turn"","" Runtime.Version can be used to map from a string representation of a version to a Runtime.Version object.
See JDK-8275308
",,,
https://www.oracle.com/java/technologies/javase/18-relnote-issues.html,What's New in JDK 18  - New Features and Enhancements,"hotspot/compiler??Improve Compilation Replay
Compilation Replay has been improved to make it more stable and catch up with new JVM features.  Enhancements include:

Best-effort support for hidden classes"","" allowing more cases involving invokedynamic"","" MethodHandles"","" and lambdas to replay successfully
DumpReplay support for C1
Incremental inlining support
Numerous bug fixes to improve stability

Compilation Replay is a JVM feature of debug builds that is mainly used to reproduce crashes in the C1 or C2 JIT compilers.
See JDK-8254106
",,,
https://www.oracle.com/java/technologies/javase/18-relnote-issues.html,What's New in JDK 18  - New Features and Enhancements,"hotspot/gc??Configurable Card Table Card Size
JDK-8272773 introduces the VM option -XX:GCCardSizeInBytes used to set a size of the area that a card table entry covers (the ""card size"") that is different from the previous fixed value of 512 bytes. Permissible values are now 128"","" 256"","" and 512 bytes for all platforms"","" and 1024 bytes for 64 bit platforms only. The default value remains 512 bytes.
The card size impacts the amount of work to be done when searching for references into an area that is to be evacuated (for example"","" young generation) during garbage collection. Smaller card sizes give more precise information about the location of these references"","" often leading to less work during garbage collection. At the same time"","" however"","" smaller card sizes can lead to more memory usage in storing this information. The increase in memory usage might result in slower performance of maintenance work during the garbage collection.
See JDK-8272773
",,,
https://www.oracle.com/java/technologies/javase/18-relnote-issues.html,What's New in JDK 18  - New Features and Enhancements,"hotspot/gc??Allow G1 Heap Regions up to 512MB
The JDK-8275056 enhancement extends the maximum allowed heap region size from 32MB to 512MB for the G1 garbage collector. Default ergonomic heap region size selection is still limited to 32MB regions maximum. Heap region sizes beyond that must be selected manually by using the -XX:G1HeapRegionSize command line option.
This can be used to mitigate both inner and outer fragmentation issues with large objects on large heaps.
On very large heaps"","" using a larger heap region size may also decrease internal region management overhead and increase performance due to larger local allocation buffers.
See JDK-8275056
",,,
https://www.oracle.com/java/technologies/javase/18-relnote-issues.html,What's New in JDK 18  - New Features and Enhancements,"hotspot/jfr??JDK Flight Recorder Event for Finalization
A new JDK Flight Recorder Event"","" jdk.FinalizerStatistics"","" identifies classes at runtime that use finalizers. The event is enabled by default in the JDK (in the default.jfc and profile.jfc JFR configuration files). When enabled"","" JFR will emit a jdk.FinalizerStatistics event for each instantiated class with a non-empty finalize() method. The event includes: the class that overrides finalize()"","" that class's CodeSource"","" the number of times the class's finalizer has run"","" and the number of objects still on the heap (not yet finalized). For information about using JFR"","" see the User Guide.
If finalization has been disabled with the --finalization=disabled option"","" no jdk.FinalizerStatistics events are emitted.
See JDK-8266936
",,,
https://www.oracle.com/java/technologies/javase/18-relnote-issues.html,What's New in JDK 18  - New Features and Enhancements,"security-libs??SunPKCS11 Provider Now Supports Some PKCS#11 v3.0 APIs
PKCS#11 v3.0 adds several new APIs that support new function entry points"","" as well as message-based encryption for AEAD ciphers"","" etc. For JDK 18"","" the SunPKCS11 provider has been updated to support some of the new PKCS#11 v3.0 APIs. To be more specific"","" if the ""functionList"" attribute in the provider configuration file is not set"","" the SunPKCS11 provider will first try to locate the new PKCS#11 v3.0 C_GetInterface() method before falling back to the C_GetFunctionList() method to load the function pointers of the native PKCS#11 library. If the loaded PKCS#11 library is v3.0"","" then the SunPKCS11 provider will cancel crypto operations by trying the new PKCS#11 v3.0 C_SessionCancel() method instead of finishing off remaining operations and discarding the results. Support for other new PKCS#11 v3.0 APIs will be added in later releases.
See JDK-8255409
",,,
https://www.oracle.com/java/technologies/javase/18-relnote-issues.html,What's New in JDK 18  - New Features and Enhancements,"security-libs/java.security??Alternate Subject.getSubject and doAs APIs Created That Do Not Depend on Security Manager APIs
New methods javax.security.auth.Subject::current and javax.security.auth.Subject::callAs have been created as replacements for existing methods javax.security.auth.Subject::getSubject and javax.security.auth.Subject::doAs. The javax.security.auth.Subject::getSubject and javax.security.auth.Subject::doAs methods are deprecated for removal because they depend on Security Manager APIs deprecated in JEP 411.
See JDK-8267108
",,,
https://www.oracle.com/java/technologies/javase/18-relnote-issues.html,What's New in JDK 18  - New Features and Enhancements,"security-libs/java.security??KeyStore Has a getAttributes Method
A KeyStore::getAttributes method has been added that returns the attributes of an entry without having to retrieve the entry first. This is especially useful for a private key entry that has attributes that are not protected but previously could only be retrieved with a password.
See JDK-8225181
",,,
https://www.oracle.com/java/technologies/javase/18-relnote-issues.html,What's New in JDK 18  - New Features and Enhancements,"security-libs/java.security??Support for RSASSA-PSS in OCSP Response
An OCSP response signed with the RSASSA-PSS algorithm is now supported.
See JDK-8274471
",,,
https://www.oracle.com/java/technologies/javase/18-relnote-issues.html,What's New in JDK 18  - New Features and Enhancements,"security-libs/java.security??New Option -version Added to keytool and jarsigner Commands
A new -version option has been added to the keytool and jarsigner commands. This option is used to print the program version of keytool and jarsigner.
See JDK-8272163
",,,
https://www.oracle.com/java/technologies/javase/18-relnote-issues.html,What's New in JDK 18  - New Features and Enhancements,"security-libs/java.security??Migrate cacerts From JKS to Password-Less PKCS12
The cacerts keystore file is now a password-less PKCS #12 file. All certificates inside are not encrypted and there is no MacData for password integrity. Since the PKCS12 and JKS keystore types are interoperable"","" existing code that uses a JKS KeyStore to load the cacerts file with any password (including null) continue to behave as expected and can view or extract the certificates contained within the keystore.
See JDK-8275252
",,,
https://www.oracle.com/java/technologies/javase/18-relnote-issues.html,What's New in JDK 18  - New Features and Enhancements,"security-libs/java.security??Allow Store Password to Be Null When Saving a PKCS12 KeyStore
Calling keyStore.store(outputStream"","" null) on a PKCS12 KeyStore creates a password-less PKCS12 file. The certificates inside the file are not encrypted and the file contains no MacData. This file can then be loaded with any password (including null) when calling keyStore.load(inputStream"","" password).
See JDK-8231107
",,,
https://www.oracle.com/java/technologies/javase/18-relnote-issues.html,What's New in JDK 18  - New Features and Enhancements,"security-libs/javax.crypto:pkcs11??SunPKCS11 Provider Supports AES Cipher With KW and KWP Modes if Supported by PKCS11 Library
The SunPKCS11 provider has been enhanced to support the following crypto services and algorithms when the underlying PKCS11 library supports the corresponding PKCS#11 mechanisms:
AES/KW/NoPadding Cipher <=> CKM_AES_KEY_WRAP mechanism
AES/KW/PKCS5Padding Cipher <=> CKM_AES_KEY_WRAP_PAD mechanism
AES/KWP/NoPadding Cipher <=> CKM_AES_KEY_WRAP_KWP mechanism
See JDK-8264849
",,,
https://www.oracle.com/java/technologies/javase/18-relnote-issues.html,What's New in JDK 18  - New Features and Enhancements,"tools/javac??Expand checks of javac's serial lint warning
The serial lint warning implemented in javac traditionally checked that a Serializable class declared a serialVersionUID field. The structural checking done by the serial lint warning has been expanded to warn for cases where declarations would cause the runtime serialization mechanism to silently ignore a mis-declared entity"","" rendering it ineffectual. Also"","" the checks include several compile-time patterns that could lead to runtime failures. The specific checks include:

For Serializable classes and interfaces"","" fields and methods with names matching the special fields and methods used by the serialization mechanism are declared properly.
Additional analagous checks are done for Externalizable types as some serialization-related methods are ineffectual there.
A serializable class is checked that it has access to a no-arg constructor in the first non-serializable class up its superclass chain.
For enum classes"","" since the serialization spec states the five serialization-related methods and two fields are all ignored"",""  the presence of any of those in an enum class will generate a warning.
For record classes"","" warnings are generated for the ineffectual declarations of serialization-related methods that serialization would ignore.
For interfaces"","" if a public readObject"","" readObjectNoData"","" or writeObject method is defined"","" a warning is issued since a class implementing the interface will be unable to declare private versions of those methods and the methods must be private to be effective. If an interface defines default writeReplace or readResolve methods"","" a warning will be issued since serialization only looks up the superclass chain for those methods and not for default methods from interfaces. Since a serialPersistentFields field must be private to be effective"","" the presence of such a (non-private) field an in interface generates a warning.
For serializable classes without serialPersistentFields"","" the type of each non-transient instance field is examined and a warning issued if the type of the field cannot be serialized. Primitive types"","" types declared to be serializable"","" and arrays can be serialized. While by the JLS all arrays are considered serializable"","" a warning is issued if the innermost component type is not serializable.

The new warnings can be suppressed using @SuppressWarnings(""serial"").
See JDK-8202056
",,,
https://www.oracle.com/java/technologies/javase/18-relnote-issues.html,Removed Features and Options,"security-libs/java.security??Removal of IdenTrust Root Certificate
The following root certificate from IdenTrust has been removed from the cacerts keystore:
+ alias name ""identrustdstx3 [jdk]""

  Distinguished Name: CN=DST Root CA X3"","" O=Digital Signature Trust Co.

See JDK-8225082
",,,
https://www.oracle.com/java/technologies/javase/18-relnote-issues.html,Removed Features and Options,"security-libs/java.security??Removal of Google's GlobalSign Root Certificate
The following root certificate from Google has been removed from the cacerts keystore:
+ alias name ""globalsignr2ca [jdk]""

  Distinguished Name: CN=GlobalSign"","" O=GlobalSign"","" OU=GlobalSign Root CA - R2

See JDK-8225083
",,,
https://www.oracle.com/java/technologies/javase/18-relnote-issues.html,Removed Features and Options,"client-libs/2d??Removal of Empty finalize() Methods in java.desktop Module
The java.desktop module had a few implementations of finalize() that did nothing. These methods were deprecated in Java 9 and terminally deprecated in Java 16. These methods have been removed in this release. See https://bugs.openjdk.java.net/browse/JDK-8273103 for details.
See JDK-8273102
",,,
https://www.oracle.com/java/technologies/javase/18-relnote-issues.html,Removed Features and Options,"core-libs/java.net??Removal of Support for Pre JDK 1.4 DatagramSocketImpl Implementations
Support for pre JDK 1.4 DatagramSocketImpl implementations (DatagramSocketImpl implementations that don't support connected datagram sockets"","" peeking"","" or joining multicast groups on specific network interface) has been dropped in this release. Old implementations have not have been buildable since JDK 1.4 but implementations compiled with JDK 1.3 or older continued to be usable up to this release.
Trying to call connect or disconnect on a DatagramSocket or MulticastSocket that uses an old implementation will now throw SocketException or UncheckedIOException. Trying to call joinGroup or leaveGroup will result in an AbstractMethodError.
See JDK-8260428
",,,
https://www.oracle.com/java/technologies/javase/18-relnote-issues.html,Removed Features and Options,"core-libs/java.net??Removal of impl.prefix JDK System Property Usage From InetAddress
The system property impl.prefix has been removed. This undocumented system property dates from early JDK releases where it was possible to add an implementation of the JDK internal and non-public java.net.InetAddressImpl interface to the java.net package"","" and have it be used by the java.net.InetAddress API.
The InetAddressResolver SPI introduced by JEP 418 provides a standard way to implement a name and address resolver.
See JDK-8274227
",,,
https://www.oracle.com/java/technologies/javase/18-relnote-issues.html,Removed Features and Options,"core-libs/java.net??Removal of Legacy PlainSocketImpl and PlainDatagramSocketImpl Implementations
Legacy implementations of java.net.SocketImpl and java.net.DatagramSocketImpl have been removed from the JDK. The legacy implementation of SocketImpl has not been used by default since JDK 13"","" while the legacy implementation of DatagramSocketImpl has not been used by default since JDK 15. Support for system properties jdk.net.usePlainSocketImpl and jdk.net.usePlainDatagramSocketImpl used to select these implementations has also been removed. Setting these properties now has no effect.
See JDK-8253119
",,,
https://www.oracle.com/java/technologies/javase/18-relnote-issues.html,Removed Features and Options,"security-libs/org.ietf.jgss:krb5??Removal of default_checksum and safe_checksum_type From krb5.conf
The ""default_checksum"" and ""safe_checksum_type"" settings in the krb5.conf configuration file are no longer supported. The checksum type in a KRB_TGS_REQ message is derived from the type of the encryption key used to generate it. The ""safe_checksum_type"" setting was never used in Java.
See JDK-8274656
",,,
https://www.oracle.com/java/technologies/javase/18-relnote-issues.html,Deprecated Features and Options,"core-libs/java.lang??JEP  421: Deprecated Finalization for Removal
The finalization mechanism has been deprecated for removal in a future release. The finalize methods in standard Java APIs"","" such as Object.finalize() and Enum.finalize()"","" have also been deprecated for removal in a future release"","" along with methods related to finalization"","" such as Runtime.runFinalization() and System.runFinalization().
Finalization remains enabled by default"","" but it can be disabled for testing purposes by using the command-line option --finalization=disabled introduced in this release. Maintainers of libraries and applications that rely upon finalization should migrate to other resource management techniques in their code"","" such as try-with-resources and cleaners.
For further details"","" see JEP 421.
See JDK-8274609
",,,
https://www.oracle.com/java/technologies/javase/18-relnote-issues.html,Deprecated Features and Options,"security-libs/javax.security??Deprecated Subject::doAs for Removal
Two javax.security.auth.Subject::doAs methods have been deprecated for removal. This is a part of the ongoing effort to remove Security Manager related APIs.
See JDK-8267108
",,,
https://www.oracle.com/java/technologies/javase/18-relnote-issues.html,Deprecated Features and Options,"core-libs??Deprecated sun.misc.Unsafe Methods That Return Offsets
Developers that use the unsupported sun.misc.Unsafe API should be aware that the methods that return base and field offsets have been deprecated in this release.  The methods objectFieldOffset"","" staticFieldOffset"","" and staticFieldBase methods are an impediment to future changes. A future release will eventually degrade or remove these methods along with the heap accessor methods.
The java.lang.invoke.VarHandle API (added in Java 9) provides a strongly typed reference to a variable that is safe and a replacement to many cases that use field offsets and the heap accessor methods. It is strongly recommended to migrate to the VarHandle API where possible. Multi-Release JARs can be used by libraries and frameworks that continue to support JDK 8 or older.
See JDK-8277863
",,,
https://www.oracle.com/java/technologies/javase/18-relnote-issues.html,Deprecated Features and Options,"core-libs/java.lang??Terminally Deprecated Thread.stop
Thread.stop is terminally deprecated in this release so that it can be degraded in a future release and eventually removed. The method is inherently unsafe and has been deprecated since Java 1.2 (1998).
See JDK-8277861
",,,
https://www.oracle.com/java/technologies/javase/18-relnote-issues.html,Deprecated Features and Options,"hotspot/gc??Obsoleted Product Options -XX:G1RSetRegionEntries and -XX:G1RSetSparseRegionEntries
The options -XX:G1RSetRegionEntries and -XX:G1RSetSparseRegionEntries have been obsoleted with the changes from JDK-8017163.
JDK-8017163 implements a completely new remembered set implementation in which these two options no longer apply. In this release"","" neither -XX:G1RSetRegionEntries nor -XX:G1RSetSparseRegionEntries have a function"","" and their use will trigger an obsoletion warning.
See JDK-8017163
",,,
https://www.oracle.com/java/technologies/javase/18-relnote-issues.html,Deprecated Features and Options,"security-libs/javax.security??Obsoleted Biased-Locking
The VM option UseBiasedLocking along with the VM options BiasedLockingStartupDelay"","" BiasedLockingBulkRebiasThreshold"","" BiasedLockingBulkRevokeThreshold"","" BiasedLockingDecayTime and UseOptoBiasInlining have been obsoleted. Use of these options will produce an obsolete option warning but will otherwise be ignored. Biased locking has been disabled by default and deprecated since JDK 15.
See JDK-8256425
",,,
https://www.oracle.com/java/technologies/javase/18-relnote-issues.html,Other Notes,"install/install??Extended Delay Before JDK Executable Installer Starts From Network Drive
On Windows 11 and Windows Server 2022"","" there can be some slowness with the extraction of temporary installation files when launched from a mapped network drive. The installer will still work"","" but there can be a temporary delay.
JDK-8274002 (not public)
",,,
https://www.oracle.com/java/technologies/javase/18-relnote-issues.html,Other Notes,"security-libs/java.security??Change the java.security.manager System Property Default Value to disallow
The default value of the java.security.manager system property has been changed to disallow. Unless the system property is set to allow on the command line"","" any invocation of System.setSecurityManager(SecurityManager) with a non-null argument will throw an UnsupportedOperationException.
See JDK-8270380
",,,
https://www.oracle.com/java/technologies/javase/18-relnote-issues.html,Other Notes,"security-libs/java.security??Disabled SHA-1 Signed JARs
JARs signed with SHA-1 algorithms are now restricted by default and treated as if they were unsigned. This applies to the algorithms used to digest"","" sign"","" and optionally timestamp the JAR. It also applies to the signature and digest algorithms of the certificates in the certificate chain of the code signer and the Timestamp Authority"","" and any CRLs or OCSP responses that are used to verify if those certificates have been revoked.
To reduce the compatibility risk for applications that have been previously timestamped"","" there is one exception to this policy:

Any JAR signed with SHA-1 algorithms and timestamped prior to January 01"","" 2019 will not be restricted.

This exception might be removed in a future JDK release.
Users can"","" at their own risk"","" remove these restrictions by modifying the java.security configuration file (or override it by using the java.security.properties system property) and removing ""SHA1 usage SignedJAR & denyAfter 2019-01-01"" from the jdk.certpath.disabledAlgorithms security property and ""SHA1 denyAfter 2019-01-01"" from the jdk.jar.disabledAlgorithms security property.
See JDK-8269039
",,,
https://www.oracle.com/java/technologies/javase/18-relnote-issues.html,Other Notes,"tools/javac??Enclosing Instance Fields Omitted from Inner Classes That Don't Use Them
Prior to JDK 18"","" when javac compiles an inner class it always generates a private synthetic field with a name starting with this$ to hold a reference to the enclosing instance"","" even if the inner class does not reference its enclosing instance and the field is unused.
Starting in JDK 18"","" unused this$ fields are omitted; the field is only generated for inner classes that reference their enclosing instance.
For example"","" consider the following program:
class T {

    class I {
    }
}
Prior to JDK 18"","" the program would be translated as:
class T {

    class I {
        private synthetic T this$0;
        I(T this$0) {
            this.this$0 = this$0;
        }
    }
}
Starting in JDK 18"","" the unused this$0 field is omitted:
class T {

    class I {
        I(T this$0) {}
    }
}
Note that the form of the inner class constructor is not affected by this change.
The change may cause enclosing instances to be garbage collected sooner"","" if previously they were only reachable from a reference in an inner class. This is typically desirable"","" since it avoids a source of potential memory leaks when creating inner classes that are intended to outlive their enclosing instance.
Subclasses of java.io.Serializable are not affected by this change.
See JDK-8271623
",,,
https://www.oracle.com/java/technologies/javase/18-relnote-issues.html,Other Notes,"tools/javac??Corrected References to Overloaded Methods in Javadoc Documentation
For a reference to a specific overload of an overloaded method"","" the javadoc tool might have linked to the wrong overload in the generated documentation. This fix resolves that issue"","" and the specified overload will now be used for the links in the generated documentation.
See JDK-8278373
",,,
https://www.oracle.com/java/technologies/javase/18-relnote-issues.html,Other Notes,"core-libs/java.io??Default charset for PrintWriter That Wraps PrintStream
The java.io.PrintStream"","" PrintWriter"","" and OutputStreamWriter constructors that take a java.io.OutputStream and no charset now inherit the charset when the output stream is a PrintStream. This is important for usages such as:
new PrintWriter(System.out)

where it would be problematic if PrintStream didn't use the same charset as that used by System.out. This change was needed because JEP 400 makes it is possible"","" especially on Windows"","" that the encoding of System.out is not UTF-8. This would cause problems if PrintStream were wrapped with a PrintWriter that used UTF-8.
As part of this change"","" java.io.PrintStream now defines a charset() method to return the print stream's charset.
See JDK-8276970
",,,
https://www.oracle.com/java/technologies/javase/18-relnote-issues.html,Other Notes,"core-libs/java.io:serialization??ObjectInputStream.GetField.get(name"","" object) Throws ClassNotFoundException
The java.io.ObjectInputStream.GetField.get(String name"","" Object val) method now throws ClassNotFoundException when the class of the object is not found. Previously"","" null was returned"","" which prevented the caller from correctly handling the case where the class was not found.  The signature of GetField.get(name"","" val) has been updated to throw ClassNotFoundExceptionand a ClassNotFoundException exception is thrown when the class is not found.
The source compatibility risk is low. The addition of a throws ClassNotFoundException should not cause a source compatibility or a compilation warning. The GetField object and its methods are called within the context of the readObject method and include  throws ClassNotFoundException.
To revert to the old behavior"","" a system property"","" jdk.serialGetFieldCnfeReturnsNull"","" has been added to the implementation. Setting the value to true reverts to the old behavior (returning null); leaving it unset or to any other value results in the throwing of ClassNotFoundException.
See JDK-8276665
",,,
https://www.oracle.com/java/technologies/javase/18-relnote-issues.html,Other Notes,"core-libs/java.io:serialization??Deserialization Filter and Filter Factory Property Error Reporting Were Under Specified
Invalid values of the command line and the security properties of jdk.serialFilter and jdk.serialFilterFactory are reported by throwing java.lang.IllegalStateException on the first use. The property values are checked when constructing java.io.ObjectInputStream or when calling the methods of java.io.ObjectInputFilter.Config including getSerialFilter() and getSerialFilterFactory(). The IllegalStateException indicates that the serial filter or serial filter factory is invalid and cannot be used; deserialization is disabled. Previously"","" the exception thrown was ExceptionInInitializerError.
See JDK-8278087
",,,
https://www.oracle.com/java/technologies/javase/18-relnote-issues.html,Other Notes,"core-libs/javax.naming??System Property to Control Reconstruction of Reference Address Objects by JDK's Built-in JNDI LDAP Implementation
The scope of the com.sun.jndi.ldap.object.trustSerialData system property has been extended to control the deserialization of java objects from the javaReferenceAddress LDAP attribute.  This system property now controls the deserialization of java objects from the javaSerializedData and javaReferenceAddress LDAP attributes.
To prevent deserialization of java objects from these attributes"","" the system property can be set to false.  By default"","" the deserialization of java objects from javaSerializedData and javaReferenceAddress attributes is allowed.
JDK-8267712 (not public)
",,,
https://www.oracle.com/java/technologies/javase/18-relnote-issues.html,Other Notes,"core-libs/java.net??HttpURLConnection's getHeaderFields and URLConnection.getRequestProperties Methods Return Field Values in the Order They Were Added
URLConnection has been fixed to return multiple header values for a given field-name in the order in which they were added.
Previously"","" if a URLConnection contained multiple header values for a given header field-name"","" when retrieved by using the HttpURLConnection::getHeaderFields and the URLConnection::getRequestProperties methods"","" they would be returned in the reverse order to which they were added.
This has been fixed to conform to RFC2616"","" which explicitly states that the order matters and thus"","" should be maintained.
See JDK-8133686
",,,
https://www.oracle.com/java/technologies/javase/18-relnote-issues.html,Other Notes,"core-libs/java.net??Prohibit Null for Header Keys and Values in com.sun.net.httpserver.Headers
In JDK 18"","" the handling of header names and values in jdk.httpserver/com.sun.net.httpserver.Headers has been reconciled. This includes the eager and consistent prohibition of null for names and values. The class represents header names and values as a key-value mapping of Map<String"","" List <String>>. Previously"","" it was possible to create a headers instance with a null key or value"","" which would cause undocumented exceptions when passed to the HttpServer. It was also possible to query the instance for a null key and false would be returned. With this change"","" all methods of the class now throw a NullPointerException if the key or value arguments are null. For more information"","" see https://bugs.openjdk.java.net/browse/JDK-8269296.
See JDK-8268960
",,,
https://www.oracle.com/java/technologies/javase/18-relnote-issues.html,Other Notes,"core-libs/java.nio??ReadableByteChannel::read No Longer Throws ReadOnlyBufferException
ReadableByteChannel::read no longer incorrectly throws ReadOnlyBufferException.
The read(ByteBuffer) method of the ReadableByteChannel returned by java.nio.channels.Channel.newChannel(InputStream) was incorrectly throwing ReadOnlyBufferException when its ByteBuffer parameter specified a read-only buffer. ReadableByteChannel::read is"","" however"","" specified in this case to throw an IllegalArgumentException. The implementation has been changed for this case to throw an IllegalArgumentException instead of a ReadOnlyBufferException"","" as dictated by the specification.
See JDK-8275149
",,,
https://www.oracle.com/java/technologies/javase/18-relnote-issues.html,Other Notes,"core-libs/java.nio??Zip File System Provider Throws ZipException When Entry Name Element Contains ""."" or ""..""
The ZIP file system provider has been changed to reject existing ZIP files that contain entries with ""."" or "".."" in name elements. ZIP files with these entries cannot be used as a file system. Invoking the java.nio.file.FileSystems.newFileSystem(...) methods throw ZipException if the ZIP file contains these entries.
See JDK-8251329
",,,
https://www.oracle.com/java/technologies/javase/18-relnote-issues.html,Other Notes,"core-libs/java.time??Update Timezone Data to 2021c
The IANA Time Zone Database"","" on which the JDK's Date/Time libraries are based"","" has made a tweak to some of the time zone rules in 2021c.
Note that in 2021b"","" which is cumulatively included in this change"","" some of the time zone rules prior to the year 1970 have been modified according to changes introduced with 2021b. For more details"","" refer to the announcement of 2021b.
See JDK-8274407
",,,
https://www.oracle.com/java/technologies/javase/18-relnote-issues.html,Other Notes,"core-libs/java.util.jar??Disabled JAR Index Support
JAR Index has been disabled in this release. JAR Index was an optimization to postpone downloading of JAR files when loading applets or other classes over the network. JAR Index has many long standing issues and does not interact well with newer features (such as"","" Multi-Release JARs and modular JARs). If a JAR file contains an INDEX.LIST file"","" then its contents are ignored by the application class loader and by any URLClassLoader created by user code.
The system property"","" jdk.net.URLClassPath.enableJarIndex"","" can be used re-enable the feature if required. If set to an empty string or the value ""true"""","" then JAR Index will be re-enabled. This system property is temporary. A future release will remove the JAR Index feature and the system property.
The change does not impact the jar -i option. The jar tool continues to create an index when this option is used.
See JDK-8273401
",,,
https://www.oracle.com/java/technologies/javase/18-relnote-issues.html,Other Notes,"core-libs/java.util.jar??Closes Out Compressor When IOException Encountered While Using Default JDK Compressor in GZIPOutputStream.finish() "","" ZipOutputStream.closeEntry() and DeflaterOutputStream.close()
DeflaterOutputStream.close() and GZIPOutputStream.finish() has been changed to close out the associated default JDK compressor before propagating a Throwable up the stack. ZIPOutputStream.closeEntry() has been changed to close out the associated default JDK compressor before propagating an IOException"","" not of type ZipException"","" up the stack.
See JDK-8193682
",,,
https://www.oracle.com/java/technologies/javase/18-relnote-issues.html,Other Notes,"hotspot/gc??ZGC: Fixed Long Process Non-Strong References Times
A bug has been fixed that could cause long ""Concurrent Process Non-Strong References"" times with ZGC. The bug blocked the GC from making significant progress"","" and caused both latency and throughput issues for the Java application.
The long times could be seen in the GC logs when running with -Xlog:gc*:
[17606.140s][info][gc"",""phases ] GC(719) Concurrent Process Non-Strong References 25781.928ms

See JDK-8277212
",,,
https://www.oracle.com/java/technologies/javase/18-relnote-issues.html,Other Notes,"security-libs/java.security??X509Certificate.get{Subject"",""Issuer}AlternativeNames and getExtendedKeyUsage Do Not Throw CertificateParsingException if Extension Is Unparseable
The JDK implementation (as supplied by the SUN provider) of X509Certificate::getSubjectAlternativeNames"","" X509Certificate::getIssuerAlternativeNames and X509Certificate::getExtendedKeyUsage now throws  CertificateParsingException instead of returning null when the extension is non-critical and unparseable (badly encoded or contains invalid values). This change in behavior is compliant with the specification of these methods.
See JDK-8251468
",,,
https://www.oracle.com/java/technologies/javase/18-relnote-issues.html,Other Notes,"security-libs/javax.crypto??Fix Issues With the KW and KWP Modes of SunJCE Provider
Support for AES/KW/NoPadding"","" AES/KW/PKCS5Padding and AES/KWP/NoPadding ciphers is added to SunJCE provider since jdk 17. The cipher block size for these transformations should be 8 instead of 16. In addition"","" for KWP mode"","" only the default IV"","" i.e. 0xA65959A6"","" is allowed to ensure maximum interoperability with other implementations. Other IV values will be rejected with exception during Cipher.init(...) calls.
See JDK-8271745
",,,
https://www.oracle.com/java/technologies/javase/18-relnote-issues.html,Other Notes,"security-libs/javax.net.ssl??Call X509KeyManager.chooseClientAlias Once for All Key Types
The (D)TLS implementation in JDK now calls X509KeyManager.chooseClientAlias() only once during handshaking for client authentication"","" even if there are multiple algorithms requested .
See JDK-8262186
",,,
https://www.oracle.com/java/technologies/javase/18-relnote-issues.html,Other Notes,"security-libs/org.ietf.jgss:krb5??Removed Weak etypes From Default krb5 etype List
Weak encryption types based on DES"","" 3DES"","" and RC4 have been removed from the default encryption types list in Kerberos. These weak encryption types can be enabled (at your own risk) by adding them to the ""permitted_enctypes"" property (or alternatively"","" the ""default_tkt_enctypes"" or ""default_tgt_enctypes"" properties) and setting ""allow_weak_crypto"" to ""true"" in the krb5.conf configuration file.
See JDK-8273670
",,,
https://www.oracle.com/java/technologies/javase/18-relnote-issues.html,Other Notes,"tools/javac??Index Noteworthy Terms for jdk.compiler and jdk.javadoc Modules
Various terms have been added to the index files in the JDK API documentation"","" so that these terms can be found in both the static A-Z index and in the interactive search index.
The terms are:
Language Model"","" Annotation Processing"","" Compiler API"","" and Compiler Tree API.
See JDK-8278318
",,,
https://www.oracle.com/java/technologies/javase/18-relnote-issues.html,Other Notes,"tools/javadoc(tool)??Improved Navigation on Small Devices
The pages generated by the Standard Doclet provide improved navigation controls when the pages are viewed on small devices.
See JDK-8273034
",,,
https://www.oracle.com/java/technologies/javase/18-relnote-issues.html,Other Notes,"tools/javadoc(tool)??DocLint Reports Missing Descriptions
DocLint detects and reports documentation comments that do not have a description about the associate declaration before any block tags that may be present. DocLint is a feature of the javac and javadoc tools that detects and reports issues in documentation comments.
See JDK-8272374
",,,
https://www.oracle.com/java/technologies/javase/18-relnote-issues.html,Other Notes,"tools/javadoc(tool)??Updated Documentation for DocLint
The documentation in the Tool Guides (""man pages"") for the javac and javadoc tools has been reorganized and updated.  The primary documentation is now in the Tool Guide for javadoc"","" with information about the tool-specific command-line options being given in the Options section of the appropriate Tool Guide.
JDK-8275146 (not public)
",,,
https://www.oracle.com/java/technologies/javase/18-relnote-issues.html,Other Notes,"tools/javadoc(tool)??Indicate Invalid Input in Generated Output
When the Standard Doclet encounters content in a documentation comment that it cannot process"","" it may create an element in the generated output to indicate clearly to the reader that the output at that position is not as the author intended.  (This replaces the earlier behavior to show either nothing or the invalid content.) The element will contain a short summary message and may contain additional details.   This is in addition to the existing behavior to report diagnostics and to return a suitable exit code.
See JDK-8276964
",,,
https://www.oracle.com/java/technologies/javase/18-relnote-issues.html,Other Notes,"tools/javadoc(tool)??Merge ""Exceptions"" and ""Errors"" into ""Exception Classes""
The ""Exceptions"" and ""Errors"" tabs in documentation generated by JavaDoc have been merged into a single ""Exception Classes"" tab"","" which includes all exception classes"","" as defined in JLS 11.1.1.
See JDK-8269401
",,,
https://www.oracle.com/java/technologies/javase/18-relnote-issues.html,Other Notes,"
core-libs/java.io
??file.encoding System Property Has an Incorrect Value on Windows


The initialization of the file.encoding system property on non macOS platforms has been reverted to align with the behavior on or before JDK 11.  This has been an issue especially on Windows where the system and user's locales are not the same.
See JDK-8275145",,,
https://www.oracle.com/java/technologies/javase/18-relnote-issues.html,Other Notes,"
hotspot/runtime
??OperatingSystemMXBean.getProcessCpuLoad Is Now Container Aware

For JVMs running in a container"","" OperatingSystemMXBean.getProcessCpuLoad now considers only the CPU resources available to the container when calculating CPU load. Prior to this change"","" the calculation included all CPUs on a host. After this change"","" management agents may report higher CPU usage by JVMs in containers that are constrained to a limited set of CPUs.
See JDK-8269851",,,
https://www.oracle.com/java/technologies/javase/18-relnote-issues.html,Other Notes,"core-libs/java.net??java.net.FileNameMap.getContentTypeFor(fileName) May Return a Different MIME Type for Certain Filenames
The default"","" built-in filename map in the JDK has been updated to include additional filename to MIME type mappings. Along with the additions"","" existing mappings of .gz and .zip have also been updated. This can result in the default"","" built-in java.net.FileNameMap instance returning a different MIME type from the getContentTypeFor(String fileName) method than what it returned in previous JDK releases.
java.net.URLConnection.guessContentTypeFromName(String fname)"","" which may use this default"","" built-in FileNameMap instance"","" thus may return a different value than previously.
See JDK-8273655
",,,
https://www.oracle.com/java/technologies/javase/18-0-1-relnotes.html,IANA TZ Data 2022a,"
For more information"","" refer to Timezone Data Versions in the JRE Software.
",,,
https://www.oracle.com/java/technologies/javase/18-0-1-relnotes.html,Security Baselines,"

The security baselines are unchanged from the release of JDK 18.0.1.








JRE Family Version
JRE Security Baseline (Full Version String)




18
18.0.1+10


17
17.0.3+8


11
11.0.15+8


8
8u331-b09


7
7u341-b08



Keeping the JDK up to Date


Oracle recommends that the JDK is updated with each Critical Patch Update.
In order to determine if a release is the latest"","" the Security Baseline page can
be used to determine which is the latest version for each release family.


Critical patch updates"","" which contain security vulnerability fixes"","" are announced one year in advance on
Critical Patch Updates"","" Security Alerts and Bulletins.
It is not recommended that this JDK (version 18.0.1.1) be used after the next critical patch update scheduled
for July 19"","" 2022.


? 
Changes
 
core-libs/java.io
??New System Property to Disable Windows Alternate Data Stream Support in java.io.File


The Windows implementation of java.io.File allows access to NTFS Alternate Data Streams (ADS) by default. Such streams have a structure like Ågfilename:streamnameÅh. A system property jdk.io.File.enableADS has been added to control this behavior. To disable ADS support in java.io.File"","" the system property [jdk.io](http://jdk.io).File.enableADS should be set to false (case ignored). Stricter path checking however prevents the use of special devices such as NUL:
See JDK-8285445


? 
Bug Fixes
This release is based on the previous CPU and does not contain any additional security fixes. The following issues have also been resolved:



BugId 
Category
Subcategory
Summary




JDK-8284920
xml
javax.xml.path
Incorrect Token type causes XPath expression to return incorrect results


JDK-8284548
xml
jaxp
Invalid XPath expression causes StringIndexOutOfBoundsException






",,,
https://www.oracle.com/java/technologies/javase/18-0-1-relnotes.html,Keeping the JDK up to Date,"

Oracle recommends that the JDK is updated with each Critical Patch Update.
In order to determine if a release is the latest"","" the Security Baseline page can
be used to determine which is the latest version for each release family.


Critical patch updates"","" which contain security vulnerability fixes"","" are announced one year in advance on
Critical Patch Updates"","" Security Alerts and Bulletins.
It is not recommended that this JDK (version 18.0.1.1) be used after the next critical patch update scheduled
for July 19"","" 2022.

",,,
https://www.oracle.com/java/technologies/javase/18-0-1-relnotes.html,Changes,"
core-libs/java.io
??New System Property to Disable Windows Alternate Data Stream Support in java.io.File


The Windows implementation of java.io.File allows access to NTFS Alternate Data Streams (ADS) by default. Such streams have a structure like Ågfilename:streamnameÅh. A system property jdk.io.File.enableADS has been added to control this behavior. To disable ADS support in java.io.File"","" the system property [jdk.io](http://jdk.io).File.enableADS should be set to false (case ignored). Stricter path checking however prevents the use of special devices such as NUL:
See JDK-8285445",,,
https://www.oracle.com/java/technologies/javase/18-0-1-relnotes.html,IANA TZ Data 2021e,"
JDK 18.0.1 contains IANA time zone data 2021e.
For more information"","" refer to Timezone Data Versions in the JRE Software.
",,,
https://www.oracle.com/java/technologies/javase/18-0-1-relnotes.html,Security Baselines,"

The security baselines for the Java Runtime Environment (JRE) at the time of the release of JDK 18.0.1 are specified in the following table:








JRE Family Version
JRE Security Baseline (Full Version String)




18
18.0.1+10


17
17.0.3+8


11
11.0.15+8


8
8u331-b09


7
7u341-b08



? 
 

Keeping the JDK up to Date


Oracle recommends that the JDK is updated with each Critical Patch Update.
In order to determine if a release is the latest"","" the Security Baseline page can
be used to determine which is the latest version for each release family.


Critical patch updates"","" which contain security vulnerability fixes"","" are announced one year in advance on
Critical Patch Updates"","" Security Alerts and Bulletins.
It is not recommended that this JDK (version 18.0.1) be used after the next critical patch update scheduled
for July 19"","" 2022.


? 
New Features
xml/jaxp??New XML Processing Limits

Three processing limits have been added to the XML libraries. These are:


jdk.xml.xpathExprGrpLimit

Description: Limits the number of groups an XPath expression can contain.
Type: integer
Value: A positive integer. A value less than or equal to 0 indicates no limit. If the value is not an integer"","" a NumberFormatException is thrown. Default 10.

jdk.xml.xpathExprOpLimit

Description: Limits the number of operators an XPath expression can contain.
Type: integer
Value: A positive integer. A value less than or equal to 0 indicates no limit. If the value is not an integer"","" a NumberFormatException is thrown. Default 100.

jdk.xml.xpathTotalOpLimit

Description: Limits the total number of XPath operators in an XSL Stylesheet.
Type: integer
Value: A positive integer. A value less than or equal to 0 indicates no limit. If the value is not an integer"","" a NumberFormatException is thrown. Default 10000.
Supported processors


jdk.xml.xpathExprGrpLimit and jdk.xml.xpathExprOpLimit are supported by the XPath processor.


All three limits are supported by the XSLT processor.


Setting properties
For the XSLT processor"","" the properties can be changed through the TransformerFactory. For example"",""
        TransformerFactory factory = TransformerFactory.newInstance();

        factory.setAttribute(""jdk.xml.xpathTotalOpLimit"""","" ""1000"");
For both the XPath and XSLT processors"","" the properties can be set through the system property and jaxp.properties configuration file located in the conf directory of the Java installation. For example"",""
        System.setProperty(""jdk.xml.xpathExprGrpLimit"""","" ""20"");

or in the jaxp.properties file"",""
        jdk.xml.xpathExprGrpLimit=20

? 
There are two known issues:

An XPath expression that contains a short form of the parent axis "".."" can return incorrect results. See JDK-8284920 for details.

An invalid XPath expression that ends with a relational operator such as  Åe<Åf Åe>Åf and Åe=Åf will cause the processor to erroneously throw StringIndexOutOfBoundsException instead of XPathExpressionException.  See JDK-8284548 for details.


JDK-8270504 (not public)


Other Notes
security-libs/java.security??Only Expose Certificates With Proper Trust Settings as Trusted Certificate Entries in macOS KeychainStore
On macOS"","" only certificates with proper trust settings in the user keychain will be exposed as trusted certificate entries in the KeychainStore type of keystore. Also"","" calling the KeyStore::setCertificateEntry method or the keytool -importcert command on a KeychainStore keystore now fails with a KeyStoreException. Instead"","" call the macOS ""security add-trusted-cert"" command to add a trusted certificate into the user keychain.
JDK-8278449 (not public)


core-libs/javax.naming??Parsing of URL Strings in Built-in JNDI Providers Is More Strict
The parsing of URLs in the LDAP"","" DNS"","" and RMI built-in JNDI providers has been made more strict. The strength of the parsing can be controlled by system properties:
  -Dcom.sun.jndi.ldapURLParsing=""legacy"" | ""compat"" | ""strict""    (to control ""ldap:"" URLs)

  -Dcom.sun.jndi.dnsURLParsing=""legacy"" | ""compat"" | ""strict""     (to control ""dns:"" URLs)
  -Dcom.sun.jndi.rmiURLParsing=""legacy"" | ""compat"" | ""strict""     (to control ""rmi:"" URLs)
? 
The default value is ""compat"" for all of the three providers.

The ""legacy"" mode turns the new validation off.
The ""compat"" mode limits incompatibilities.
The ""strict"" mode is stricter and may cause regression by rejecting URLs that an application might consider as valid.

In ""compat"" and ""strict"" mode"","" more validation is performed. As an example"","" in the URL authority component"","" the new parsing only accepts brackets around IPv6 literal addresses. Developers are encouraged to use java.net.URI constructors or its factory method to build URLs rather than handcrafting URL strings.
If an illegal URL string is found"","" a java.lang.IllegalArgumentException or a javax.naming.NamingException (or a subclass of it) is raised.
JDK-8278972 (not public)


? 
? 
Bug Fixes This release also contains fixes for security vulnerabilities described in the Oracle Critical Patch Update. For a more complete list of the bug fixes included in this release"","" see the JDK 18.0.1 Bug Fixes page.   ",,,
https://www.oracle.com/java/technologies/javase/18-0-1-relnotes.html,Keeping the JDK up to Date,"

Oracle recommends that the JDK is updated with each Critical Patch Update.
In order to determine if a release is the latest"","" the Security Baseline page can
be used to determine which is the latest version for each release family.


Critical patch updates"","" which contain security vulnerability fixes"","" are announced one year in advance on
Critical Patch Updates"","" Security Alerts and Bulletins.
It is not recommended that this JDK (version 18.0.1) be used after the next critical patch update scheduled
for July 19"","" 2022.

",,,
https://www.oracle.com/java/technologies/javase/18-0-1-relnotes.html,New Features,"xml/jaxp??New XML Processing Limits

Three processing limits have been added to the XML libraries. These are:


jdk.xml.xpathExprGrpLimit

Description: Limits the number of groups an XPath expression can contain.
Type: integer
Value: A positive integer. A value less than or equal to 0 indicates no limit. If the value is not an integer"","" a NumberFormatException is thrown. Default 10.

jdk.xml.xpathExprOpLimit

Description: Limits the number of operators an XPath expression can contain.
Type: integer
Value: A positive integer. A value less than or equal to 0 indicates no limit. If the value is not an integer"","" a NumberFormatException is thrown. Default 100.

jdk.xml.xpathTotalOpLimit

Description: Limits the total number of XPath operators in an XSL Stylesheet.
Type: integer
Value: A positive integer. A value less than or equal to 0 indicates no limit. If the value is not an integer"","" a NumberFormatException is thrown. Default 10000.
Supported processors


jdk.xml.xpathExprGrpLimit and jdk.xml.xpathExprOpLimit are supported by the XPath processor.


All three limits are supported by the XSLT processor.


Setting properties
For the XSLT processor"","" the properties can be changed through the TransformerFactory. For example"",""
        TransformerFactory factory = TransformerFactory.newInstance();

        factory.setAttribute(""jdk.xml.xpathTotalOpLimit"""","" ""1000"");
For both the XPath and XSLT processors"","" the properties can be set through the system property and jaxp.properties configuration file located in the conf directory of the Java installation. For example"",""
        System.setProperty(""jdk.xml.xpathExprGrpLimit"""","" ""20"");

or in the jaxp.properties file"",""
        jdk.xml.xpathExprGrpLimit=20

? 
There are two known issues:

An XPath expression that contains a short form of the parent axis "".."" can return incorrect results. See JDK-8284920 for details.

An invalid XPath expression that ends with a relational operator such as  Åe<Åf Åe>Åf and Åe=Åf will cause the processor to erroneously throw StringIndexOutOfBoundsException instead of XPathExpressionException.  See JDK-8284548 for details.


JDK-8270504 (not public)
",,,
https://www.oracle.com/java/technologies/javase/18-0-1-relnotes.html,Other Notes,"security-libs/java.security??Only Expose Certificates With Proper Trust Settings as Trusted Certificate Entries in macOS KeychainStore
On macOS"","" only certificates with proper trust settings in the user keychain will be exposed as trusted certificate entries in the KeychainStore type of keystore. Also"","" calling the KeyStore::setCertificateEntry method or the keytool -importcert command on a KeychainStore keystore now fails with a KeyStoreException. Instead"","" call the macOS ""security add-trusted-cert"" command to add a trusted certificate into the user keychain.
JDK-8278449 (not public)
",,,
https://www.oracle.com/java/technologies/javase/18-0-1-relnotes.html,Other Notes,"core-libs/javax.naming??Parsing of URL Strings in Built-in JNDI Providers Is More Strict
The parsing of URLs in the LDAP"","" DNS"","" and RMI built-in JNDI providers has been made more strict. The strength of the parsing can be controlled by system properties:
  -Dcom.sun.jndi.ldapURLParsing=""legacy"" | ""compat"" | ""strict""    (to control ""ldap:"" URLs)

  -Dcom.sun.jndi.dnsURLParsing=""legacy"" | ""compat"" | ""strict""     (to control ""dns:"" URLs)
  -Dcom.sun.jndi.rmiURLParsing=""legacy"" | ""compat"" | ""strict""     (to control ""rmi:"" URLs)
? 
The default value is ""compat"" for all of the three providers.

The ""legacy"" mode turns the new validation off.
The ""compat"" mode limits incompatibilities.
The ""strict"" mode is stricter and may cause regression by rejecting URLs that an application might consider as valid.

In ""compat"" and ""strict"" mode"","" more validation is performed. As an example"","" in the URL authority component"","" the new parsing only accepts brackets around IPv6 literal addresses. Developers are encouraged to use java.net.URI constructors or its factory method to build URLs rather than handcrafting URL strings.
If an illegal URL string is found"","" a java.lang.IllegalArgumentException or a javax.naming.NamingException (or a subclass of it) is raised.
JDK-8278972 (not public)
",,,
https://www.oracle.com/java/technologies/javase/18-0-2-relnotes.html,IANA TZ Data 2022a," For more information"","" refer to Timezone Data Versions in the JRE Software.
",,,
https://www.oracle.com/java/technologies/javase/18-0-2-relnotes.html,Security Baselines,"
 The security baselines are unchanged from the release of JDK 18.0.2. 



 



JRE Family Version
JRE Security Baseline (Full Version String)




18
18.0.2+9


17
17.0.4+11


11
11.0.16+11


8
8u341-b10


7
7u351-b07




Keeping the JDK up to Date

 Oracle recommends that the JDK is updated with each Critical Patch Update. In order to determine if a release is the latest"","" the Security Baseline page can be used to determine which is the latest version for each release family. 
 Critical patch updates"","" which contain security vulnerability fixes"","" are announced one year in advance on Critical Patch Updates"","" Security Alerts and Bulletins. It is not recommended that this JDK (version 18.0.2.1) be used after the next critical patch update scheduled for October 18"","" 2022. 
Oracle recommends that all JDK 18 users"","" even those that have already updated to 18.0.2"","" uptake the 18.0.2.1 patch release.

? 
Changes  

hotspot/compiler
??C2 Compilation Errors Unpredictably Crashes JVM

Fixes a regression in the C2 JIT compiler which caused the Java Runtime to crash unpredictably.
See JDK-8292260

   ",,,
https://www.oracle.com/java/technologies/javase/18-0-2-relnotes.html,Keeping the JDK up to Date,"
 Oracle recommends that the JDK is updated with each Critical Patch Update. In order to determine if a release is the latest"","" the Security Baseline page can be used to determine which is the latest version for each release family. 
 Critical patch updates"","" which contain security vulnerability fixes"","" are announced one year in advance on Critical Patch Updates"","" Security Alerts and Bulletins. It is not recommended that this JDK (version 18.0.2.1) be used after the next critical patch update scheduled for October 18"","" 2022. 
Oracle recommends that all JDK 18 users"","" even those that have already updated to 18.0.2"","" uptake the 18.0.2.1 patch release.
",,,
https://www.oracle.com/java/technologies/javase/18-0-2-relnotes.html,Changes,"
hotspot/compiler
??C2 Compilation Errors Unpredictably Crashes JVM

Fixes a regression in the C2 JIT compiler which caused the Java Runtime to crash unpredictably.
See JDK-8292260
",,,
https://www.oracle.com/java/technologies/javase/18-0-2-relnotes.html,IANA TZ Data 2022a,"
For more information"","" refer to Timezone Data Versions in the JRE Software.
",,,
https://www.oracle.com/java/technologies/javase/18-0-2-relnotes.html,Security Baselines,"

The security baselines for the Java Runtime Environment (JRE) at the time of the release of JDK 18.0.2 are specified in the following table:








JRE Family Version
JRE Security Baseline (Full Version String)




18
18.0.2+9


17
17.0.4+11


11
11.0.16+11


8
8u341-b10


7
7u351-b07



? 
 

Keeping the JDK up to Date


Oracle recommends that the JDK is updated with each Critical Patch Update.
In order to determine if a release is the latest"","" the Security Baseline page can
be used to determine which is the latest version for each release family.


Critical patch updates"","" which contain security vulnerability fixes"","" are announced one year in advance on Critical Patch Updates"","" Security Alerts and Bulletins. It is not recommended that this JDK (version 18.0.2) be used after the next critical patch update scheduled for October 18"","" 2022.


? 
Removed Features and Options

security-libs/javax.security
??Remove the Alternate ThreadLocal Implementation of the Subject::current and Subject::callAs APIs


The Ågjdk.security.auth.subject.useTLÅh system property and the alternate ThreadLocal implementation of the Subject::current and Subject::callAs APIs have been removed. The default implementation of these APIs is still supported.
See JDK-8282676 (not public)

Other Notes

core-libs/java.net
??java.net.InetAddress Updated to Reject Ambiguous IPv4 Address Literals


The java.net.InetAddress class has been updated to strictly accept IPv4 address literals in decimal quad notation. The InetAddress class methods are updated to throw an java.net.UnknownHostException for invalid IPv4 address literals. To disable this check"","" the new ""jdk.net.allowAmbiguousIPAddressLiterals"" system property can be set to ""true"".
See JDK-8277608 (not public)

hotspot/runtime
??CPU Shares Ignored When Computing Active Processor Count


Previous JDK releases used an incorrect interpretation of the Linux cgroups parameter ""cpu.shares"". This might cause the JVM to use fewer CPUs than available"","" leading to an under utilization of CPU resources when the JVM is used inside a container.
Starting from this JDK release"","" by default"","" the JVM no longer considers ""cpu.shares"" when deciding the number of threads to be used by the various thread pools. The -XX:+UseContainerCpuShares command-line option can be used to revert to the previous behavior. This option is deprecated and may be removed in a future JDK release.
See JDK-8281181


tools/javac
??Lambda Deserialization Fails for Object Method References on Interfaces


Deserialization of serialized method references to Object methods"","" which was using an interface as the type on which the method is invoked"","" can now be deserialized again. Note the classfiles need to be recompiled to allow the deserialization.
See JDK-8282080


? 
Bug Fixes
 The following table lists the bug fixes included in the JDK 18.0.2 release:      #  JBS Component Subcomponent Summary    1JDK-8285686client-libs2dUpdate FreeType to 2.12.0 2JDK-8283217client-libs2dLeak FcObjectSet in getFontConfigLocations() in fontpath.c 3JDK-8284023client-libsjava.awtjava.sun.awt.X11GraphicsDevice.getDoubleBufferVisuals() leaks XdbeScreenVisualInfo 4JDK-8284033client-libsjava.awtLeak XVisualInfo in getAllConfigs in awt_GraphicsEnv.c 5JDK-8278065core-libsjava.io:serializationRefactor subclassAudits to use ClassValue 6JDK-8285517core-libsjava.langSystem.getenv() returns unexpected value if environment variable has non ASCII character 7JDK-8281168core-libsjava.lang.invokeMicro-optimize VarForm.getMemberName for interpreter 8JDK-8282444core-libsjava.lang.moduleModule finder incorrectly assumes default file system path-separator character 9JDK-8287162core-libsjava.nio(zipfs) Performance regression related to support for POSIX file permissions 10JDK-8286594core-libsjava.nio(zipfs) Mention paths with dot elements in ZipException and cleanups 11JDK-8285515core-libsjava.nio(dc) DatagramChannel.disconnect fails with ""Invalid argument"" on macOS 12.4 12JDK-8282929core-libsjava.textLocalized monetary symbols are not reflected in `toLocalizedPattern` return value 13JDK-8281615core-svcdebuggerDeadlock caused by jdwp agent 14JDK-8284094core-svcdebuggerMemory leak in invoker_completeInvokeRequest() 15JDK-8279219hotspotcompiler[REDO] C2 crash when allocating array of size too large 16JDK-8284848hotspotcompilerC2: Compiler blackhole arguments should be treated as globally escaping 17JDK-8280799hotspotcompilerÑR2: assert(false) failed: cyclic dependency prevents range check elimination 18JDK-8283451hotspotcompilerC2: assert(_base == Long) failed: Not a Long 19JDK-8282592hotspotcompilerC2: assert(false) failed: graph should be schedulable 20JDK-8282590hotspotcompilerC2: assert(addp->is_AddP() && addp->outcnt() > 0) failed: Don't process dead nodes 21JDK-8282312hotspotcompilerMinor corrections to evbroadcasti32x4 intrinsic on x86 22JDK-8282194hotspotcompilerC1: Missing side effects of dynamic constant linkage  23JDK-8281811hotspotcompilerassert(_base == Tuple) failed: Not a Tuple after JDK-8280799 24JDK-8256368hotspotcompilerAvoid repeated upcalls into Java to re-resolve MH/VH linkers/invokers 25JDK-8283641hotspotcompilerLarge value for CompileThresholdScaling causes assert 26JDK-8283408hotspotcompilerFix a C2 crash when filling arrays with unsafe 27JDK-8280867hotspotcompilerCpuid1Ecx feature parsing is incorrect for AMD CPUs 28JDK-8280600hotspotcompilerC2: assert(!had_error) failed: bad dominance 29JDK-8279668hotspotcompilerx86: AVX2 versions of vpxor should be asserted 30JDK-8275337hotspotcompilerC1: assert(false) failed: live_in set of first block must be empty 31JDK-8280901hotspotcompilerMethodHandle::linkToNative stub is missing w/ -Xint  32JDK-8282874hotspotcompilerBad performance on gather/scatter API caused by different IntSpecies of indexMap 33JDK-8281266hotspotcompiler[JVMCI] MetaUtil.toInternalName() doesn't handle hidden classes correctly 34JDK-8279822hotspotcompilerCI: Constant pool entries in error state are not supported 35JDK-8282231hotspotcompilerx86-32: runtime call to SharedRuntime::ldiv corrupts registers 36JDK-8283555hotspotgcG1: Concurrent mark accesses uninitialized BOT of closed archive regions 37JDK-8284532hotspotjfrMemory leak in BitSet::BitMapFragmentTable in JFR leak profiler 38JDK-8284549hotspotjfrJFR: FieldTable leaks FieldInfoTable member 39JDK-8280476hotspotruntime[macOS] : hotspot arm64 bug exposed by latest clang 40JDK-8282295hotspotruntimeSymbolPropertyEntry::set_method_type fails with assert 41JDK-8283469hotspotruntimeDon't use memset to initialize members in FileMapInfo and fix memory leak 42JDK-8281274hotspotruntimedeal with ActiveProcessorCount in os::Linux::print_container_info 43JDK-8283379hotspotruntimeMemory leak in FileHeaderHelper 44JDK-8281181hotspotruntimeDo not use CPU Shares to compute active processor count 45JDK-8283022security-libsjavax.cryptocom/sun/crypto/provider/Cipher/AEAD/GCMBufferTest.java failing with -Xcomp after 8273297 46JDK-8274524security-libsjavax.net.sslSSLSocket.close() hangs if it is called during the ssl handshake 47JDK-8286444toolsjavacjavac errors after JDK-8251329 are not helpful enough to find root cause 48JDK-8282080toolsjavacLambda deserialization fails for Object method references on interfaces 49JDK-8286855toolsjavacjavac error on invalid jar should only print filename   
",,,
https://www.oracle.com/java/technologies/javase/18-0-2-relnotes.html,Keeping the JDK up to Date,"

Oracle recommends that the JDK is updated with each Critical Patch Update.
In order to determine if a release is the latest"","" the Security Baseline page can
be used to determine which is the latest version for each release family.


Critical patch updates"","" which contain security vulnerability fixes"","" are announced one year in advance on Critical Patch Updates"","" Security Alerts and Bulletins. It is not recommended that this JDK (version 18.0.2) be used after the next critical patch update scheduled for October 18"","" 2022.

",,,
https://www.oracle.com/java/technologies/javase/18-0-2-relnotes.html,Keeping the JDK up to Date,"
security-libs/javax.security
??Remove the Alternate ThreadLocal Implementation of the Subject::current and Subject::callAs APIs


The Ågjdk.security.auth.subject.useTLÅh system property and the alternate ThreadLocal implementation of the Subject::current and Subject::callAs APIs have been removed. The default implementation of these APIs is still supported.
See JDK-8282676 (not public)",,,
https://www.oracle.com/java/technologies/javase/18-0-2-relnotes.html,Keeping the JDK up to Date,"
core-libs/java.net
??java.net.InetAddress Updated to Reject Ambiguous IPv4 Address Literals


The java.net.InetAddress class has been updated to strictly accept IPv4 address literals in decimal quad notation. The InetAddress class methods are updated to throw an java.net.UnknownHostException for invalid IPv4 address literals. To disable this check"","" the new ""jdk.net.allowAmbiguousIPAddressLiterals"" system property can be set to ""true"".
See JDK-8277608 (not public)",,,
https://www.oracle.com/java/technologies/javase/18-0-2-relnotes.html,Keeping the JDK up to Date,"
hotspot/runtime
??CPU Shares Ignored When Computing Active Processor Count


Previous JDK releases used an incorrect interpretation of the Linux cgroups parameter ""cpu.shares"". This might cause the JVM to use fewer CPUs than available"","" leading to an under utilization of CPU resources when the JVM is used inside a container.
Starting from this JDK release"","" by default"","" the JVM no longer considers ""cpu.shares"" when deciding the number of threads to be used by the various thread pools. The -XX:+UseContainerCpuShares command-line option can be used to revert to the previous behavior. This option is deprecated and may be removed in a future JDK release.
See JDK-8281181",,,
https://www.oracle.com/java/technologies/javase/18-0-2-relnotes.html,Keeping the JDK up to Date,"
tools/javac
??Lambda Deserialization Fails for Object Method References on Interfaces


Deserialization of serialized method references to Object methods"","" which was using an interface as the type on which the method is invoked"","" can now be deserialized again. Note the classfiles need to be recompiled to allow the deserialization.
See JDK-8282080",,,
https://www.oracle.com/java/technologies/javase/19-relnote-issues.html,Known Issues,"
install/install
??Installation of Oracle Linux Specific x64 JDK RPMs Pulls in i686 Dependencies
 (JDK-8297475 (Not Public))

This issue prevents yum from automatically installing the correct packages required by Oracle Linux specific x86_64 headless and headful JDK packages. Instead of x86_64 packages"","" it will install i686 packages. To workaround the issue"","" you may manually install packages with the same names as indicated by yum but with the x86_64 architecture. 
After you have the x86_64 headless and/or headful jdk packages installed"","" you can get the list of required x86_64 packages by running the following script:

rpm -qa | grep -E -e '^jdk-.*-headful-.*\.x86_64$' -e '^jdk-.*-headless-.*\.x86_64$' | xargs -r rpm -q --requires | sort -u | cut -d ' ' -f 1 | grep -v '^rpmlib' | xargs -r rpm -q --whatprovides | sort -u | grep -e '.i[3456]86$' | xargs -r rpm -q --queryformat '%{name}.x86_64\n' | xargs -r echo

It will output a space-separated list of names of required x86_64 packages to stdout. You can pass this list to a sudo yum install command to ensure the installation of the required packages. 
",,,
https://www.oracle.com/java/technologies/javase/19-0-1-relnotes.html,Security Baselines,"

The security baselines for the Java Runtime Environment (JRE) at the time of the release of JDK 19.0.1 are specified in the following table:








JRE Family Version
JRE Security Baseline (Full Version String)




19
19.0.1+10


17
17.0.5+9


11
11.0.17+10


8
8u351-b10


7
7u361-b08



? 
 

Keeping the JDK up to Date
Oracle recommends that the JDK is updated with each Critical Patch Update. In order to determine if a release is the latest"","" the Security Baseline page can be used to determine which is the latest version for each release family.
Critical patch updates"","" which contain security vulnerability fixes"","" are announced one year in advance on Critical Patch Updates"","" Security Alerts and Bulletins. It is not recommended that this JDK (version 19.0.1) be used after the next critical patch update scheduled for January 17"","" 2023.
? 
Other Notes

core-libs/java.time
??Update Timezone Data to 2022c
 (JDK-8294042)

This version includes changes from 2022b that merged multiple regions that have the same timestamp data post-1970 into a single time zone data. All time zone IDs remain the same but the merged time zones will point to a shared zone data.
As a result"","" pre-1970 data may not be compatible with earlier JDK versions. The affected zones are Antarctica/Vostok"","" Asia/Brunei"","" Asia/Kuala_Lumpur"","" Atlantic/Reykjavik"","" Europe/Amsterdam"","" Europe/Copenhagen"","" Europe/Luxembourg"","" Europe/Monaco"","" Europe/Oslo"","" Europe/Stockholm"","" Indian/Christmas"","" Indian/Cocos"","" Indian/Kerguelen"","" Indian/Mahe"","" Indian/Reunion"","" Pacific/Chuuk"","" Pacific/Funafuti"","" Pacific/Majuro"","" Pacific/Pohnpei"","" Pacific/Wake"","" Pacific/Wallis"","" Arctic/Longyearbyen"","" Atlantic/Jan_Mayen"","" Iceland"","" Pacific/Ponape"","" Pacific/Truk"","" and Pacific/Yap.
For more details"","" refer to the announcement of 2022b.



core-libs/java.net
??New System Property to Limit the Number of Open Connections to com.sun.net.httpserver.HttpServer (JDK-8286918 (not public))

A new system property named jdk.httpserver.maxConnections has been introduced to allow users to configure the com.sun.net.httpserver.HttpServer to limit the maximum number of open connections to the server at any given time. This system property takes an integer value and can be configured to be a positive integer. If the property is absent"","" set to 0"","" or a negative value"","" the server will not limit the number of open connections. By default"","" this system property is not set. 

? 
Bug Fixes
This release also contains fixes for security vulnerabilities described in the Oracle Critical Patch Update.
? Issues fixed in 19.0.1:






#
JBS
Component

Sumary



1JDK-8289853client-libs/2dUpdate HarfBuzz to 4.4.1
2JDK-8290334client-libs/2dUpdate FreeType to 2.12.1
3JDK-8291897core-libs/java.langTerminatingThreadLocal(s) not registered from virtual thread(s)
4JDK-8292240core-libs/java.langCarrierThread.blocking not reset when spare not activated
5JDK-8287917core-libs/java.lang:class_loadingSystem.loadLibrary does not work on Big Sur if JDK is built with macOS SDK 10.15 and earlier
6JDK-8292654hotspot/gcG1 remembered set memory footprint regression after JDK-8286115





 

",,,
https://www.oracle.com/java/technologies/javase/19-0-1-relnotes.html,Other Notes,"
core-libs/java.time
??Update Timezone Data to 2022c
 (JDK-8294042)

This version includes changes from 2022b that merged multiple regions that have the same timestamp data post-1970 into a single time zone data. All time zone IDs remain the same but the merged time zones will point to a shared zone data.
As a result"","" pre-1970 data may not be compatible with earlier JDK versions. The affected zones are Antarctica/Vostok"","" Asia/Brunei"","" Asia/Kuala_Lumpur"","" Atlantic/Reykjavik"","" Europe/Amsterdam"","" Europe/Copenhagen"","" Europe/Luxembourg"","" Europe/Monaco"","" Europe/Oslo"","" Europe/Stockholm"","" Indian/Christmas"","" Indian/Cocos"","" Indian/Kerguelen"","" Indian/Mahe"","" Indian/Reunion"","" Pacific/Chuuk"","" Pacific/Funafuti"","" Pacific/Majuro"","" Pacific/Pohnpei"","" Pacific/Wake"","" Pacific/Wallis"","" Arctic/Longyearbyen"","" Atlantic/Jan_Mayen"","" Iceland"","" Pacific/Ponape"","" Pacific/Truk"","" and Pacific/Yap.
For more details"","" refer to the announcement of 2022b.
",,,
https://www.oracle.com/java/technologies/javase/19-0-1-relnotes.html,Other Notes,"
core-libs/java.net
??New System Property to Limit the Number of Open Connections to com.sun.net.httpserver.HttpServer (JDK-8286918 (not public))

A new system property named jdk.httpserver.maxConnections has been introduced to allow users to configure the com.sun.net.httpserver.HttpServer to limit the maximum number of open connections to the server at any given time. This system property takes an integer value and can be configured to be a positive integer. If the property is absent"","" set to 0"","" or a negative value"","" the server will not limit the number of open connections. By default"","" this system property is not set. 
",,,
https://www.oracle.com/java/technologies/javase/19-0-2-relnotes.html,"IANA TZ Data 2022d, 2022e, 2022f","
JDK 19.0.2 contains IANA time zone data 2022d"","" 2022e"","" 2022f.

Palestine transitions are now Saturdays at 02:00.
Simplify three Ukraine zones into one.
Jordan and Syria switch from +02/+03 with DST to year-round +03.
Mexico will no longer observe DST except near the US border.
Chihuahua moves to year-round -06 on 2022-10-30.
Fiji no longer observes DST.
Move links to 'backward'.
In vanguard form"","" GMT is now a Zone and Etc/GMT a link.
zic now supports links to links"","" and vanguard form uses this.
Simplify four Ontario zones.
Fix a Y2438 bug when reading TZif data.
Enable 64-bit time_t on 32-bit glibc platforms.
Omit large-file support when no longer needed.
In C code"","" use some C23 features if available.
Remove no-longer-needed workaround for Qt bug 53071.

For more information"","" refer to Timezone Data Versions in the JRE Software.
",,,
https://www.oracle.com/java/technologies/javase/19-0-2-relnotes.html,Keeping the JDK up to Date,"
security-libs/javax.net.ssl
??DTLS Resumption Uses HelloVerifyRequest Messages
 (JDK-8287411 (not public))

With this fix the SunJSSE DTLS implementation will by default exchange cookies for all handshakes (new and resumed) unless the System property jdk.tls.enableDtlsResumeCookie is false. The property only affects the cookie exchange for resumption.
",,,
https://www.oracle.com/java/technologies/javase/19-0-2-relnotes.html,Other Notes,"
javafx/fxml
??FXML JavaScript Engine Disabled by Default
 (JDK-8294779 (not public))

The ÅgJavaScript script engineÅh for FXML is now disabled by default. Any .fxml file that has a ""javascript"" Processing Instruction (PI) will no longer load by default"","" and an exception will be thrown.
If the JDK has a JavaScript script engine"","" it can be enabled by setting the system property: -Djavafx.allowjs=true
",,,
https://www.oracle.com/java/technologies/javase/20-relnote-issues.html,New Features,"
core-libs/java.lang
??Support Unicode 15.0
 (JDK-8284842)

This release upgrades the Unicode version to 15.0"","" which includes updated versions of the Unicode Character Database"","" Unicode Standard Annexes #9"","" #15"","" and #29: The java.lang.Character class supports Unicode Character Database"","" which adds 4"",""489 characters"","" for a total of 149"",""186 characters. These additions include 2 new scripts"","" for a total of 161 scripts"","" as well as 20 new emoji characters"","" and 4"",""193 CJK (Chinese"","" Japanese"","" and Korean) ideographs. The java.text.Bidi and java.text.Normalizer classes support Unicode Standard Annexes"","" #9 and #15"","" respectively. The java.util.regex package supports Extended Grapheme Clusters based on the Unicode Standard Annex #29. For more detail about Unicode 15.0"","" refer to the Unicode ConsortiumÅfs release note.
",,,
https://www.oracle.com/java/technologies/javase/20-relnote-issues.html,New Features,"
hotspot/gc
??Add GarbageCollectorMXBean for Remark and Cleanup Pause Time in G1
 (JDK-8297247)

A new GarbageCollectorMXBean named ""G1 Concurrent GC"" has been added to the G1 garbage collector.
This GarbageCollectorMXBean reports the occurrence and durations of the Remark and Cleanup garbage collection pauses.
Similar to the ""CGC"" field from jstat -gcutil"","" a complete concurrent mark cycle will increase the bean's collection counter by 2"","" one for the Remark and one for the Cleanup pauses. These pauses now also update the ""G1 Old Gen"" MemoryManagerMXBean memory pool.
",,,
https://www.oracle.com/java/technologies/javase/20-relnote-issues.html,New Features,"
security-libs/java.security
??New JFR Event: jdk.InitialSecurityProperty
 (JDK-8292177)

A new Java Flight Recorder (JFR) event has been added to record details of initial security properties when loaded via the java.security.Security class.
The new event name is jdk.InitialSecurityProperty and contains the following fields:






Field name
Field Description




key
Security Property Key


value
Corresponding Security Property Value




This new JFR event is enabled by default. The java.security.debug=properties system property will also now print initial security properties to the standard error stream. With this new event and the already available 'jdk.SecurityPropertyModification' event (when enabled since it is not enabled by default)"","" a JFR recording can now monitor the initial settings of all security properties and any subsequent changes.
",,,
https://www.oracle.com/java/technologies/javase/20-relnote-issues.html,New Features,"
security-libs/java.security
??New JFR Event: jdk.SecurityProviderService
 (JDK-8254711)

A new Java Flight Recorder (JFR) event has been added to record details of java.security.Provider.getService(String type"","" String algorithm) calls.
The new event name is jdk.SecurityProviderService and contains the following fields:






Field name
Field Description




type
Type of Service


algorithm
Algorithm Name


provider
Security Provider




This event is disabled by default and can be enabled via the JFR configuration files or via standard JFR options.
",,,
https://www.oracle.com/java/technologies/javase/20-relnote-issues.html,New Features,"
security-libs/javax.crypto
??Provide Poly1305 Intrinsic on x86_64 platforms with AVX512 instructions
 (JDK-8288047)

This feature delivers optimized intrinsics using AVX512 instructions on x86_64 platforms for the Poly1305 Message Authentication Code algorithm of the SunJCE provider. This optimization is enabled by default on supporting x86_64 platforms"","" but may be disabled by providing the -XX:+UnlockDiagnosticVMOptions -XX:-UsePoly1305Intrinsics command-line options.
",,,
https://www.oracle.com/java/technologies/javase/20-relnote-issues.html,New Features,"
security-libs/javax.crypto
??Provide ChaCha20 Intrinsics on x86_64 and aarch64 Platforms
 (JDK-8247645)

This feature delivers optimized intrinsic implementations for the ChaCha20 cipher supplied by the SunJCE provider.  These optimized routines are designed for x86_64 chipsets that support the AVX"","" AVX2 and/or AVX512 instruction sets"","" and aarch64 chips supporting the Advanced SIMD instruction set. These intrinsics are enabled by default on supporting platforms"","" but may be disabled by providing the -XX:-UseChaCha20Intrinsics command-line option to Java.  Flags that control  intrinsics  require the option -XX:+UnlockDiagnosticVMOptions.
",,,
https://www.oracle.com/java/technologies/javase/20-relnote-issues.html,New Features,"
tools/javac
??Javac Warns about Type Casts in Compound Assignments with Possible Lossy Conversions
 (JDK-8244681)

New lint option lossy-conversions has been added to javac to warn about type casts in compound assignments with possible lossy conversions. If the type of the right-hand operand of a compound assignment is not assignment compatible with the type of the variable"","" a cast is implied and possible lossy conversion may occur.
The new warnings can be suppressed using @SuppressWarnings(""lossy-conversions"").
",,,
https://www.oracle.com/java/technologies/javase/20-relnote-issues.html,New Features,"
security-libs/javax.net.ssl
??(D)TLS Key Exchange Named Groups
 (JDK-8281236)

New Java SE APIs"","" javax.net.ssl.SSLParameters.getNamedGroups() and javax.net.ssl.SSLParameters.setNamedGroups()"","" have been added to allow applications to customize the named groups of key exchange algorithms used in individual TLS or DTLS connections.
The underlying provider may define the default named groups for each TLS or DTLS connection. Applications may also use the existing jdk.tls.namedGroups system property to customize the provider-specific default named groups. If not null"","" the named groups passed to the setNamedGroups() method will override the default named groups for the specified TLS or DTLS connections.
Note that a provider may not have been updated to support the new APIs and in that case may ignore the named groups that are set. The JDK SunJSSE provider supports this method. It is recommended that third party providers add support for these methods when they add support for JDK 19 or later releases. 
",,,
https://www.oracle.com/java/technologies/javase/20-relnote-issues.html,New Features,"
tools
??New 'jmod --compress' Command Line Option
 (JDK-8293499)

A new --compress command line option has been added to the jmod tool to specify the compression level while creating the JMOD archive. The accepted values are zip-[0-9]"","" where zip-0 provides no compression"","" and zip-9 provides the best compression. Default is zip-6. 
",,,
https://www.oracle.com/java/technologies/javase/20-relnote-issues.html,New Features,"
security-libs/javax.net.ssl
??DTLS Resumption Uses HelloVerifyRequest Messages
 (JDK-8287411)

With this fix"","" the SunJSSE DTLS implementation will exchange cookies for all handshakes"","" both new and resumed"","" by default unless the System property jdk.tls.enableDtlsResumeCookie is false. The property only affects the cookie exchange for resumption.
",,,
https://www.oracle.com/java/technologies/javase/20-relnote-issues.html,New Features,"
core-libs/java.io
??Print Warning to Standard Error If Bad java.io.tmpdir Setting Is Detected
 (JDK-8290313)

A new warning is now printed to the standard error stream at startup if a custom java.io.tmpdir system property is defined but the directory doesn't exist. The warning printed is:
""WARNING: java.io.tmpdir directory does not exist""
",,,
https://www.oracle.com/java/technologies/javase/20-relnote-issues.html,Removed Features and Options,"
core-libs/java.lang
??Thread.suspend/resume Changed to Throw UnsupportedOperationException
 (JDK-8249627)

The ability to suspend or resume a thread with the Thread.suspend() and Thread.resume() methods has been removed in this release. The methods have been changed to throw UnsupportedOperationException. These methods were inherently deadlock prone and have been deprecated since JDK 1.2 (1998). The corresponding methods in ThreadGroup"","" to suspend or resume a group of threads"","" were changed to throw UnsupportedOperationException in Java 19.
",,,
https://www.oracle.com/java/technologies/javase/20-relnote-issues.html,Removed Features and Options,"
core-libs/java.lang
??Thread.Stop Changed to Throw UnsupportedOperationException
 (JDK-8289610)

The ability to ""stop"" a thread with the Thread.stop() method has been removed in this release. The method has been changed to throw UnsupportedOperationException. Stopping a thread by causing it to throw java.lang.ThreadDeath was inherently unsafe. The stop method has been deprecated since JDK 1.2 (1998). The corresponding method in ThreadGroup"","" to ""stop"" a group of threads"","" was changed to throw UnsupportedOperationException in Java 19.
As part of this change"","" java.lang.ThreadDeath has been deprecated for removal.
",,,
https://www.oracle.com/java/technologies/javase/20-relnote-issues.html,Removed Features and Options,"
tools/javac
??Remove Support for javac -source/-target/--release 7
 (JDK-8173605)

Consistent with the policy outlined in JEP 182: Policy for Retiring javac -source and -target Options"","" support for the 7/1.7 argument value for javac's -source"","" -target"","" and --release flags has been removed. 
",,,
https://www.oracle.com/java/technologies/javase/20-relnote-issues.html,Removed Features and Options,"
hotspot/gc
??Improved Control of G1 Concurrent Refinement Threads
 (JDK-8137022)

The control of G1 concurrent refinement threads has been completely replaced.  The new controller typically allocates fewer threads. It tends to have fewer spikes in refinement thread activity. It also tends to delay refinement"","" allowing more filtering by the write barrier when there are multiple writes to the same or nearby locations"","" improving the efficiency of the barrier.
There are a number of command line options used to provide parameter values for the old controller. These aren't relevant to the new controller"","" and no longer serve any useful purpose. They have all been made obsolete; specifying any of them on the command line will do nothing but print a warning message about the option being obsolete.  These arguments are:
-XX:-G1UseAdaptiveConcRefinement -XX:G1ConcRefinementGreenZone=buffer-count -XX:G1ConcRefinementYellowZone=buffer-count -XX:G1ConcRefinementRedZone=buffer-count -XX:G1ConcRefinementThresholdStep=buffer-count -XX:G1ConcRefinementServiceIntervalMillis=msec
These options will be removed entirely in some future release.  Use of any of these options after that time will terminate startup of the virtual machine.
",,,
https://www.oracle.com/java/technologies/javase/20-relnote-issues.html,Deprecated Features and Options,"
core-libs/java.net
??java.net.URL Constructors Are Deprecated
 (JDK-8294241)

The java.net.URL constructors are deprecated in this release.
Developers are encouraged to use java.net.URI to parse or construct a URL. In cases where an instance of java.net.URL is needed to open a connection"","" java.net.URI can be used to construct or parse the URL string"","" possibly calling URI::parseServerAuthority() to validate that the authority component can be parsed as a server-based authority"","" and then calling URI::toURL() to create the URL instance.
A new method"","" URL::of(URI"","" URLStreamHandler) is provided for the advanced usages where there is a need to construct a URL with a given custom stream handler.
See the java.net.URL API documentation for more details.
",,,
https://www.oracle.com/java/technologies/javase/20-relnote-issues.html,Deprecated Features and Options,"
core-svc/javax.management
??Deprecate JMX Management Applets for Removal
 (JDK-8297794)

The Java Management Extension (JMX) Management Applet (m-let) feature is deprecated for removal in a future release as it is irrelevant to modern applications - the deprecated public classes in javax.management.loading are: MLet"","" MLetContent"","" PrivateMLet"","" MLetMBean.
This will have no impact on the JMX agent used for local and remote monitoring"","" the built-in instrumentation of the Java virtual machine"","" or tooling that uses JMX.
",,,
https://www.oracle.com/java/technologies/javase/20-relnote-issues.html,Known Issues,"
xml/jaxp
??JDK XSLT Transformer Limitations
 (JDK-8290347)

Applications using the JDK XSLT transformer to convert stylesheets to Java objects can encounter the following exception:
com.sun.org.apache.xalan.internal.xsltc.compiler.util.InternalError: Internal XSLTC error:  a method in the translet exceeds the Java Virtual Machine limitation on the length of a method of 64 kilobytes.  This is usually caused by templates in a stylesheet that are very large.  Try restructuring your stylesheet to use smaller templates.
Applications will encounter the above exception if the size of the XSL template is too large. It is recommended to split the XSL template into smaller templates. Alternatively"","" applications can override the JDK XSLT Transformer by providing third-party implementation JAR files in the class path.
",,,
https://www.oracle.com/java/technologies/javase/20-relnote-issues.html,Known Issues,"
hotspot/compiler
??java.lang.Float.floatToFloat16 and java.lang.Float.float16ToFloat May Return Different NaN Results when Optimized by the JIT Compiler
 (JDK-8302976)

JDK 20 introduces two new methods which can be used to convert to and from the IEEE 754 binary16 format: java.lang.Float.floatToFloat16 and java.lang.Float.float16ToFloat.
The new methods may return different NaN results when optimized by the JIT compiler. To disable the JIT compiler optimization of these methods"","" the following command line options can be used:
-XX:+UnlockDiagnosticVMOptions -XX:DisableIntrinsic=_floatToFloat16"",""_float16ToFloat .

",,,
https://www.oracle.com/java/technologies/javase/20-relnote-issues.html,Known Issues,"
install/install
??Installation of Oracle Linux Specific x64 JDK RPMs Pulls in i686 Dependencies
 (JDK-8297475 (Not Public))

This issue prevents yum from automatically installing the correct packages required by Oracle Linux specific x86_64 headless and headful JDK packages. Instead of x86_64 packages"","" it will install i686 packages. To workaround the issue"","" you may manually install packages with the same names as indicated by yum but with the x86_64 architecture. 
After you have the x86_64 headless and/or headful jdk packages installed"","" you can get the list of required x86_64 packages by running the following script:

rpm -qa | grep -E -e '^jdk-.*-headful-.*\.x86_64$' -e '^jdk-.*-headless-.*\.x86_64$' | xargs -r rpm -q --requires | sort -u | cut -d ' ' -f 1 | grep -v '^rpmlib' | xargs -r rpm -q --whatprovides | sort -u | grep -e '.i[3456]86$' | xargs -r rpm -q --queryformat '%{name}.x86_64\n' | xargs -r echo

It will output a space-separated list of names of required x86_64 packages to stdout. You can pass this list to a sudo yum install command to ensure the installation of the required packages. 
",,,
https://www.oracle.com/java/technologies/javase/20-relnote-issues.html,Other Notes,"
core-libs/java.math
??Restore Behavior of java.math.BigDecimal.movePointLeft() and movePointRight() on a Zero Argument
 (JDK-8289260)

When these methods are invoked with a zero argument on a target with a negative scale"","" they return a result which is numerically the same as the target"","" but with a different unscaled value and scale.
In earlier releases"","" they returned a result with the same unscaled value and scale"","" which was against the specification.
The behavior is unchanged when the target has a non-negative scale or when the argument is not zero.
",,,
https://www.oracle.com/java/technologies/javase/20-relnote-issues.html,Other Notes,"
core-libs/java.net
??HTTP Response Input Streams Will Throw an IOException on Interrupt
 (JDK-8294047)

HTTP Response Input Streams are InputStream instances returned by the ResponseSubscribers::ofInputStream method. In this release"","" the default implementation of their read method was changed to throw an IOException if the thread performing this operation is interrupted"","" instead of ignoring the interruption.
If the thread invoking the read operation is interrupted while blocking on read:

The request will be cancelled and the InputStream will be closed
The thread interrupt status will be set to true
An IOException will be thrown

",,,
https://www.oracle.com/java/technologies/javase/20-relnote-issues.html,Other Notes,"
core-libs/java.net
??URL Constructors Called with Malformed Input May Throw MalformedURLException for Cases where It Was Not Thrown Previously
 (JDK-8293590)

The parsing of input provided to the java.net.URL constructors has changed in this release to be more strict. If the URL constructors are called with malformed input"","" then MalformedURLException may be thrown for cases where it wasnÅft thrown previously.
In previous releases"","" some of the parsing and validation performed by the JDK built-in URLStreamHander implementations was delayed until URL::openConnection or URLConnection::connect was called. Some of these parsing and validation actions are now performed early"","" within URL constructors. An exception caused by a malformed URL that would have been delayed until the connection was opened or connected might now cause a MalformedURLException to be thrown at URL construction time.
This change only affects URL instances that delegate to JDK built-in stream handler implementations. Applications relying on custom"","" third party URLStreamHandler implementations should remain unaffected.
A new JDK specific system property -Djdk.net.url.delayParsing or -Djdk.net.url.delayParsing=true can be specified on the command line to revert to the previous behavior. By default"","" the property is not set"","" and the new behavior is in place.
This new property is provided for backward compatibility and may be removed in a future release.
",,,
https://www.oracle.com/java/technologies/javase/20-relnote-issues.html,Other Notes,"
core-libs/java.net
??HttpClient Default Keep Alive Time is 30 Seconds
 (JDK-8297030)

In this release"","" the default idle connection timeout value for the HTTP/1.1 and HTTP/2 connections created by the java.net.http.HttpClient has been reduced from 1200 seconds to 30 seconds.
",,,
https://www.oracle.com/java/technologies/javase/20-relnote-issues.html,Other Notes,"
core-libs/java.net
??Idle Connection Timeouts for HTTP/2
 (JDK-8288717)

Idle Connection Timeouts for HTTP/2 are added in this release.
The jdk.httpclient.keepalivetimeout property can now be used to configure a system-wide value"","" in seconds"","" used to close idle connections for both HTTP/1.1 and HTTP/2 when using the HttpClient. In addition"","" developer's can also use the jdk.httpclient.keepalivetimeout.h2 to specify a timeout value exclusively for use with the HTTP/2 protocol"","" regardless of whether or not the jdk.httpclient.keepalivetimeout` is specified at runtime.
See the java.net.http module and  Networking Properties in the JDK 20 API documentation for a list of current networking properties.
",,,
https://www.oracle.com/java/technologies/javase/20-relnote-issues.html,Other Notes,"
core-libs/java.nio
??FileChannel Positional Write Is Unspecified in APPEND Mode
 (JDK-6924219)

The specification of java.nio.channels.FileChannel is updated to clarify that the effect of attempting to write at a specific position using the FileChannel::write(ByteBuffer"",""long) method is system-dependent when the channel is open in append mode. That is"","" a java.nio.file.StandardOpenOption.APPEND is passed to FileChannel::open when the channel is opened. In particular"","" on some operating systems"","" bytes will be written at the given position"","" while on other operating systems the given position will be ignored and the bytes will be appended to the file.
",,,
https://www.oracle.com/java/technologies/javase/20-relnote-issues.html,Other Notes,"
core-libs/java.nio
??Do Not Normalize File Paths to Unicode Normalization Format D on macOS
 (JDK-8289689)

On macOS"","" file names are no longer normalized to Apple's variant of Unicode Normalization Format D. File names were normalized on HFS+ prior to macOS 10.13"","" but on APFS on macOS 10.13 and newer"","" this normalization is no longer effected. The previous behavior may be enabled by setting the system property jdk.nio.path.useNormalizationFormD to ""true"".
",,,
https://www.oracle.com/java/technologies/javase/20-relnote-issues.html,Other Notes,"
core-libs/java.text
??Grapheme Support in BreakIterator
 (JDK-8291660)

Character boundary analysis in java.text.BreakIterator now conforms to Extended Grapheme Clusters breaks defined in Unicode Consortium's  Standard Annex #29. This change will introduce intentional behavioral changes because the old implementation simply breaks at the code point boundaries for the vast majority of characters. For example"","" this is a String that contains the US flag and a grapheme for a 4-member-family.
""?????????""

This String will be broken into two graphemes with the new implementation:
""??"""","" ""???????""

whereas the old implementation simply breaks at the code point boundaries:
""?"""","" ""?"""","" ""?"""","" ""(zwj)"""","" ""?"""","" ""(zwj)"""","" ""?"""","" ""(zwj)""?"","" ""?""

where (zwj) denotes ZERO WIDTH JOINER (U 200D).
",,,
https://www.oracle.com/java/technologies/javase/20-relnote-issues.html,Other Notes,"
core-libs/java.time
??Update Timezone Data to 2022c
 (JDK-8292579)

This version includes changes from 2022b that merged multiple regions that have the same timestamp data post-1970 into a single time zone database.  All time zone IDs remain the same but the merged time zones will point to a shared zone database.
As a result"","" pre-1970 data may not be compatible with earlier JDK versions.  The affected zones are Antarctica/Vostok"","" Asia/Brunei"","" Asia/Kuala_Lumpur"","" Atlantic/Reykjavik"","" Europe/Amsterdam"","" Europe/Copenhagen"","" Europe/Luxembourg"","" Europe/Monaco"","" Europe/Oslo"","" Europe/Stockholm"","" Indian/Christmas"","" Indian/Cocos"","" Indian/Kerguelen"","" Indian/Mahe"","" Indian/Reunion"","" Pacific/Chuuk"","" Pacific/Funafuti"","" Pacific/Majuro"","" Pacific/Pohnpei"","" Pacific/Wake"","" Pacific/Wallis"","" Arctic/Longyearbyen"","" Atlantic/Jan_Mayen"","" Iceland"","" Pacific/Ponape"","" Pacific/Truk"","" and Pacific/Yap.
For more details"","" refer to the announcement of 2022b
",,,
https://www.oracle.com/java/technologies/javase/20-relnote-issues.html,Other Notes,"
core-libs/java.util:collections
??IdentityHashMap's Remove and Replace Methods Use Object Identity
 (JDK-8178355)

The remove(key"","" value) and replace(key"","" oldValue"","" newValue) implementations of IdentityHashMap have been corrected. In previous releases"","" the value arguments were compared with values in the map using equals. However"","" IdentityHashMap specifies that all such comparisons should be made using object identity (==). These methods' implementations now conform to the specification.
",,,
https://www.oracle.com/java/technologies/javase/20-relnote-issues.html,Other Notes,"
core-libs/java.util:i18n
??Support for CLDR Version 42
 (JDK-8284840)

Locale data based on Unicode Consortium's CLDR has been upgraded to version 42. For the detailed locale data changes"","" please refer to the Unicode Consortium's CLDR release notes. Some of the notable changes in the upstream that may affect formatting are:

NBSP/NNBSP prefixed to AM/PM in time format"","" instead of a normal space
"" at "" is no longer used for standard date/time format
Fix first day of week info for China (CN)
Japanese: Support numbers up to 9999ãû

",,,
https://www.oracle.com/java/technologies/javase/20-relnote-issues.html,Other Notes,"
core-libs/javax.naming
??Update Default Value and Extend the Scope of com.sun.jndi.ldap.object.trustSerialData System Property
 (JDK-8290367)

In this release"","" the JDK implementation of the LDAP provider no longer supports deserialization of Java objects by default:


The default value of the com.sun.jndi.ldap.object.trustSerialData system property has been updated to false.


The scope of the com.sun.jndi.ldap.object.trustSerialData system property has been extended to cover the reconstruction of RMI remote objects from the javaRemoteLocation LDAP attribute.


The transparent deserialization of Java objects from an LDAP context will now require an explicit opt-in. Applications that rely on reconstruction of Java objects or RMI stubs from the LDAP attributes would need to set the com.sun.jndi.ldap.object.trustSerialData system property to true.
",,,
https://www.oracle.com/java/technologies/javase/20-relnote-issues.html,Other Notes,"
core-libs/javax.naming
??Introduce LDAP and RMI Protocol Specific Object Factory Filters to JNDI Implementation
 (JDK-8290368)

In this release"","" new system and security properties are introduced to allow more granular control over the set of JNDI object factories allowed to reconstruct Java objects from JNDI/LDAP and JNDI/RMI contexts:


The new jdk.jndi.ldap.object.factoriesFilter property specifies which object factory classes are allowed to instantiate Java objects from object references returned by JNDI/LDAP contexts. Its default value only allows object factories defined in the java.naming module.


The new jdk.jndi.rmi.object.factoriesFilter property specifies which object factory classes are allowed to instantiate Java objects from object references returned by JNDI/RMI contexts. Its default value only allows object factories defined in the jdk.rmi module.


These new factory filter properties complement the jdk.jndi.object.factoriesFilter global factories filter property by determining if a specific object factory is permitted to instantiate objects for the LDAP or RMI protocols used in JNDI.
An application depending on custom object factories to recreate Java objects from JNDI/LDAP or JNDI/RMI contexts will need to supply a security or system property with an updated value to allow such third-party object factories to reconstruct LDAP or RMI objects. If usage of a factory is denied"","" the lookup operation may result in a plain instance of javax.naming.Reference instance returned"","" which may lead to a ClassCastException being thrown in the application.
For more information"","" see the java.naming and jdk.naming.rmi module-info documentation.
",,,
https://www.oracle.com/java/technologies/javase/20-relnote-issues.html,Other Notes,"
core-svc/debugger
??com.sun.jdi.ObjectReference::setValue Specification Should Prohibit Any Final Field Modification
 (JDK-8280798)

The specification of the Java Debug Interface (JDI) method ObjectReference.setValue has changed in this release to require the given field be non-final. The method was previously specified to require static fields be non-final but was silent on final instance fields. The JDKÅfs implementation of JDI has never allowed final instance fields to be changed with this method so this change has no impact on debuggers or tools using the JDKÅfs JDI implementation. Maintainers of JDI implementations should take note of this change so they can align their implementation with the updated specification.
",,,
https://www.oracle.com/java/technologies/javase/20-relnote-issues.html,Other Notes,"
core-svc/javax.management
??JMX Connections Use an ObjectInputFilter by Default
 (JDK-8283093)

The default JMX agent now sets an ObjectInputFilter on the RMI connection to restrict the types that the server will deserialize.  This should not affect normal usage of the MBeans in the JDK.  Applications which register their own MBeans in the Platform MBeanServer may need to extend the filter to support any additional types that their MBeans accept as parameters. The default filter already covers any type that OpenMBeans and MXBeans might use.
The filter pattern is set in JDK/conf/management/management.properties using the property com.sun.management.jmxremote.serial.filter.pattern.  If there are additional Java types that need to be passed"","" the default can be overridden by running with -Dcom.sun.management.jmxremote.serial.filter.pattern=.
Serialization Filtering and the filter pattern format are described in detail in the Core Libraries guide.
",,,
https://www.oracle.com/java/technologies/javase/20-relnote-issues.html,Other Notes,"
hotspot/gc
??G1: Disable Preventive GCs by Default
 (JDK-8293861)

In JDK 17"","" G1 added ""preventive"" garbage collections (GCs). These are speculative garbage collections"","" with the goal of avoiding costly evacuation failures due to allocation bursts when the heap is almost full.
However"","" these speculative collections have the consequence of additional garbage collection work"","" as object aging is based on number of GCs with additional GCs causing premature promotion into the old generation"","" which leads to more data in the old generation"","" and more garbage collection work to remove these objects.  This has been compounded by the current prediction to trigger preventive garbage collections being very conservative; which means these garbage collections are often triggered unnecessarily.
In the majority of cases this feature is a net loss"","" and as evacuation failures are now handled more quickly"","" there is no longer any reason for this feature and it has been disabled by default"","" it may be re-enabled by -XX:+UnlockDiagnosticVMOptions -XX:+G1UsePreventiveGC.
",,,
https://www.oracle.com/java/technologies/javase/20-relnote-issues.html,Other Notes,"
hotspot/jvmti
??appendToClassPathForInstrumentation Must Be Used in a Thread-Safe Manner
 (JDK-8296472)

When running an application with a Java agent (e.g. -javaagent:myagent.jar) and a custom system class loader (e.g. -Djava.system.class.loader=MyClassLoader)"","" and the Java agent invokes the Instrumentation.appendToSystemClassLoaderSearch API to append to the class loader search"","" then the custom system class loader appendToClassPathForInstrumentation method will be invoked to add the JAR file to the  custom system class loader's search path.
The JVM no longer synchronizes on the custom class loader while calling appendToClassPathForInstrumentation. The appendToClassPathForInstrumentation method in the custom class loader must add to the class search path in a thread-safe manner.
",,,
https://www.oracle.com/java/technologies/javase/20-relnote-issues.html,Other Notes,"
hotspot/jvmti
??GetLocalXXX/SetLocalXXX Specification Should Require Suspending Target Thread
 (JDK-8288387)

The JVM TI specification of the GetLocalXXX/SetLocalXXX functions has been changed to require the target thread to be either suspended or the current thread. The error code JVMTI_ERROR_THREAD_NOT_SUSPENDED will be returned if this requirement is not satisfied. The JVM TI agents which use the GetLocalXXX/SetLocalXXX API's need to be updated to suspend the target thread if it is not the current thread. The full list of impacted JVM TI functions is:

GetLocalObject"","" GetLocalInt"","" GetLocalLong"","" GetLocalFloat"","" GetLocalDouble"","" GetLocalInstance"",""
SetLocalObject"","" SetLocalInt"","" SetLocalLong"","" SetLocalFloat"","" SetLocalDouble

",,,
https://www.oracle.com/java/technologies/javase/20-relnote-issues.html,Other Notes,"
hotspot/runtime
??Deprecate and Disable Legacy Parallel Class Loading Workaround for Non-Parallel-Capable Class Loaders
 (JDK-8295673)

Some user-defined"","" older class loaders would workaround a deadlock issue by releasing the class loader lock during the loading process.  To prevent these loaders from encountering a Ågjava.lang.LinkageError: attempted duplicate class definitionÅh while loading the same class by parallel threads"","" the HotSpot Virtual Machine introduced a workaround in JDK 6 that serialized the load attempts"","" causing the subsequent attempts to wait for the first to complete.
The need for class loaders to work this way was removed in JDK 7 when parallel-capable class loaders were introduced"","" but the workaround remained in the VM. That workaround is finally being removed and as a first step has been deprecated and disabled by default. If you start seeing ""java.lang.LinkageError: attempted duplicate class definition"""","" then you may have an affected legacy class loader. The flag -XX:+EnableWaitForParallelLoad can be used to temporarily restore the old behavior in this release of the JDK"","" but the legacy class loader will need to be updated for future releases.
See the CSR request (JDK-8295848) for more background and details.
",,,
https://www.oracle.com/java/technologies/javase/20-relnote-issues.html,Other Notes,"
security-libs/java.security
??Added Constructors (String"","" Throwable) and (Throwable) to InvalidParameterException
 (JDK-8296226)

Constructors InvalidParameterException(String"","" Throwable) and InvalidParameterException(Throwable) have been added to the java.security.InvalidParameterException class to support easy construction of InvalidParameterException objects with a cause.
",,,
https://www.oracle.com/java/technologies/javase/20-relnote-issues.html,Other Notes,"
security-libs/java.security
??Throw Error If Default java.security File Fails to Load
 (JDK-8155246)

A behavioral change has been made in the case where the default conf/security/java.security security configuration file fails to load. In such a scenario"","" the JDK will now throw an InternalError.
Such a scenario should never occur. The default security file should always be present. Prior to this change"","" a static and outdated security configuration was loaded.
",,,
https://www.oracle.com/java/technologies/javase/20-relnote-issues.html,Other Notes,"
security-libs/javax.net.ssl
??Disabled TLS_ECDH Cipher Suites
 (JDK-8279164)

The TLS_ECDH cipher suites have been disabled by default"","" by adding ""ECDH"" to the jdk.tls.disabledAlgorithms security property in the java.security configuration file. The TLS_ECDH cipher suites do not preserve forward-secrecy and are rarely used in practice. Note that some TLS_ECDH cipher suites were already disabled because they use algorithms that are disabled"","" such as 3DES and RC4. This action disables the rest. Any attempts to use cipher suites starting with ""TLS_ECDH_"" will fail with an SSLHandshakeException. Users can"","" at their own risk"","" re-enable these cipher suites by removing ""ECDH"" from the jdk.tls.disabledAlgorithms security property.
Please note that this change has no effect on the TLS_ECDHE cipher suites"","" which are still enabled by default.
",,,
https://www.oracle.com/java/technologies/javase/20-relnote-issues.html,Other Notes,"
security-libs/javax.net.ssl
??Disabled DTLS 1.0
 (JDK-8256660)

DTLS 1.0 has been disabled by default"","" by adding ""DTLSv1.0"" to the jdk.tls.disabledAlgorithms security property in the java.security configuration file. DTLS 1.0 has weakened over time and lacks support for stronger cipher suites. Any attempts to use DTLSv1.0 will fail with an SSLHandshakeException. Users can"","" at their own risk"","" re-enable the version by removing ""DTLSv1.0"" from the jdk.tls.disabledAlgorithms security property.
",,,
https://www.oracle.com/java/technologies/javase/20-relnote-issues.html,Other Notes,"
security-libs/javax.security
??Remove Thread Text from Subject.current
 (JDK-8297276)

The specification of Subject.current has been changed in this release to drop the expectation that the Subject is inherited when creating a thread. At this time"","" the Subject is stored in the AccessControlContext and is inherited when creating platform threads. Virtual threads do not capture the caller context at thread creation time and the AccessControlContext is not inherited. Inheritance will be re-examined in a future release in advance of removing support for the SecurityManager and the inherited AccessControlContext.
",,,
https://www.oracle.com/java/technologies/javase/20-relnote-issues.html,Other Notes,"
security-libs/javax.security
??New Implementation Note for LoginModule on Removing Null from a Principals or Credentials Set
 (JDK-8282730)

The Set implementation that holds principals and credentials in a JAAS Subject prohibits null elements and any attempt to add"","" query"","" or remove a null element will result in a NullPointerException. This is especially important when trying to remove principals or credentials from the subject at the logout phase but they are null because of a previous failed login. Various JDK LoginModule implementations have been fixed to avoid the exception. An Implementation Note has also been added to the logout() method of the LoginModule interface. Developers should verify"","" and if necessary update"","" any custom LoginModule implementations to be compliant with this implementation advice.
",,,
https://www.oracle.com/java/technologies/javase/20-relnote-issues.html,Other Notes,"
tools/javac
??An Exhaustive Switch over an Enum Class Should Throw MatchException Rather Than IncompatibleClassChangeError If No Switch Label Applies at Runtime
 (JDK-8297118)

In this release"","" when preview features are enabled with --enable-preview"","" a switch expression over an enum type will throw a MatchException rather than an IncompatibleClassChangeError should the selector expression yield an unexpected enum constant value. This can only happen if the enum class has been changed by adding a new enum constant after compilation of the switch.
This change is required to unify the treatment of erroneous exhaustive switches introduced by enhancing switch with pattern labels.
",,,
https://www.oracle.com/java/technologies/javase/20-relnote-issues.html,Other Notes,"
tools/javadoc(tool)
??Improved Preview API Page
 (JDK-8287597)

The Preview API page in the documentation generated by JavaDoc now provides detailed information about the JEPs the preview features belong to.
",,,
https://www.oracle.com/java/technologies/javase/20-relnote-issues.html,Other Notes,"
tools/javadoc(tool)
??Auto-Generated IDs in JavaDoc Headings
 (JDK-8289332)

JavaDoc now generates id attributes for all HTML headings in documentation comments that may be used as link anchors.
",,,
https://www.oracle.com/java/technologies/javase/20-relnote-issues.html,Other Notes,"
tools/javadoc(tool)
??Generalize 'see' and 'link' Tags for User-Defined Anchors
 (JDK-8200337)

The {@link}"","" {@linkplain}"","" and @see tags have been enhanced to allow linking to arbitrary anchors in the JavaDoc-generated documentation for an element. To distinguish these references from member references"","" a double hash mark (`##`) is used to separate the element name from the URI fragment. 
",,,
https://www.oracle.com/java/technologies/javase/20-relnote-issues.html,Other Notes,"
hotspot/runtime
??The JNI Specification Omits an Update to the JNI Version
 (JDK-8290482)

This bug updated the JNI Specification in relation to the DestroyJavaVM function. As part of that work"","" the JNI Specification version number was incremented. That change to the JNI Specification version should also have been reflected in the GetVersion function but was not. The GetVersion function for JDK 20 and later has been updated to read JNI_VERSION_20.
This new version has also been documented in jni.h as:

#define JNI_VERSION_20 0x00140000
",,,
https://www.oracle.com/java/technologies/javase/20-relnote-issues.html,Other Notes,"
core-libs/java.util.jar
??Weaken the InflaterInputStream Specification in Order to Allow Faster Zip Implementations
 (JDK-8282648)

The specification of the read methods defined by java.util.zip.InflaterInputStream"","" ZipInputStream"","" and GZIPInputStream have changed to allow these methods deviate from InputStream.read for the case that a Ågshort readÅh occurs.
A Ågshort readÅh is the case where the user provides a buffer with space for M bytes but only N bytes (where 0 < N < M) are read. The long standing specification for InputStream.read is that N bytes are stored in the buffer provided by the user and elements at offset off+N to off+M-1 are not changed.
The deviation allows the read method to use the elements at off+N to off+M-1 as temporary storage. Code using these APIs can no longer depend on these elements being unaffected when reading uncompressed data into a byte array. 
",,,
https://www.oracle.com/java/technologies/javase/20-relnote-issues.html,Other Notes,"
core-libs/java.net
??New System Property to Limit the Number of Open Connections to com.sun.net.httpserver.HttpServer (JDK-8286918 (not public))

A new system property named jdk.httpserver.maxConnections has been introduced to allow users to configure the com.sun.net.httpserver.HttpServer to limit the maximum number of open connections to the server at any given time. This system property takes an integer value and can be configured to be a positive integer. If the property is absent"","" set to 0"","" or a negative value"","" the server will not limit the number of open connections. By default"","" this system property is not set. 
",,,
https://www.oracle.com/java/technologies/javase/20-0-1-relnotes.html,Other Notes,"
client-libs/javax.swing
??System Property to Handle HTML ObjectView Creation
 (JDK-8296832 (Not Public))

Some Swing components"","" such as JLabels and JButtons"","" which display application text"","" will try to interpret that text as HTML"","" principally to enable styled text. The HTML processing of the text for these components will no longer recognize the <object> tag which allows for subclasses of java.awt.Component to be rendered on the component. To re-enable this"","" applications must specify -Dswing.html.object=true. 
",,,
https://www.oracle.com/java/technologies/javase/20-0-1-relnotes.html,Other Notes,"
security-libs/java.security
??Added Certigna(Dhimyotis) CA Certificate
 (JDK-8245654)

The following root certificate has been added to the cacerts truststore:


+ Certigna (Dhimyotis)
   + certignaca
      DN: CN=Certigna"","" O=Dhimyotis"","" C=FR

",,,
https://www.oracle.com/java/technologies/javase/20-0-1-relnotes.html,Other Notes,"
core-libs/java.io
??File::listRoots Changed to Return All Available Drives on Windows
 (JDK-8208077)

The behavior of the method java.io.File.listRoots() on Microsoft Windows has changed in this release so that the returned array includes a File object for all available disk drives. This differs from the behavior in JDK 10 to JDK 20"","" where this method filtered out disk drives that were not accessible or did not have media present. This change avoids performance issues observed in the previous releases and also ensures that the method is consistent with the root directories in the iteration returned by FileSystem.getDefault().getRootDirectories().
",,,
https://www.oracle.com/java/technologies/javase/20-0-2-relnotes.html,New Features,"
core-libs/java.nio.charsets
??Support for GB18030-2022
 (JDK-8307229)

The China National Standard body (CESI) has recently published GB18030-2022"","" which is an updated version of the GB18030 standard and brings GB18030 in sync with Unicode version 11.0. The Charset implementation for this new standard has now replaced the prior 2000 standard. However"","" this new standard has some incompatible changes from the prior implementation. For those who need to use the old mappings"","" a new system property"","" jdk.charset.GB18030"","" is introduced. By setting its value to 2000"","" the previous JDK releases' mappings for the GB18030 Charset are used"","" which are based on the 2000 standard.
",,,
https://www.oracle.com/java/technologies/javase/20-0-2-relnotes.html,Known Issues,"
install
??Problem Upgrading JDK on Windows if System User Is Using Shared Files
 (JDK-8310932 (not public))

Installing into the same"","" shared jdk-(family) directory is the default behavior for the JDK starting with the July 2023 CPU. It could lead to FilesInUse issues if JDK files are locked by the ""System User"". We recommend shutting down any apps using the JDK as the ""System User"" before upgrading. 
",,,
https://www.oracle.com/java/technologies/javase/20-0-2-relnotes.html,Other Notes,"
install/install
??Missing /usr/java/default Symlink on Linux Restored
 (JDK-8306690)

A regression where the /usr/java/default symlink is not created by RPM installers on Linux platforms has been fixed. Installers will create the /usr/java/default symlink if it doesn't exist"","" targeting the /usr/java/latest symlink.
",,,
https://www.oracle.com/java/technologies/javase/20-0-2-relnotes.html,Other Notes,"
install/install
??Installation of JDK RPM Corrupts Alternatives
 (JDK-8308244)

The JDK RPM installer will remove incorrectly constructed entries of ""java"" and ""javac"" groups registered by older Oracle JDK RPM installers from the alternatives before registering new ""java"" and ""javac"" entries.
An incorrectly constructed entry of the ""java"" group contains commands that are supposed to belong to the ""javac"" group.
An incorrectly constructed entry of the ""javac"" group contains commands that are supposed to belong to the ""java"" group.
All incorrectly constructed entries belonging to Oracle JDK RPM packages will be removed from the alternatives to avoid corruption of the alternatives internal data.
The removal has a potential side effect for users who have installed multiple JDK versions that are not updated to the latest release. Commands from a removed ""java"" or ""javac"" group are now unavailable for system Java switch"","" which potentially changes the current system Java without a warning. For example"","" if there is an out-of-date JDK RPM from an 11+ release"","" say 11.0.17"","" with an incorrectly constructed single ""java"" group installed and 8u381 RPM with this patch is installed"","" it will remove an entry from the ""java"" group belonging to the 11.0.17 RPM and thus will switch the current system Java from 11.0.17 to 8u381. The side effect will only happen when you install a lower JDK family with the fix"","" such as 8u381"","" and there is an out-of-date JDK from a higher family"","" such as 11.0.17"","" installed on the system. In that case"","" 8u381 will replace the older 11.0.17 as the latest. The remedy for the user is to install the latest JDK 11.
",,,
https://www.oracle.com/java/technologies/javase/20-0-2-relnotes.html,Other Notes,"
security-libs/java.security
??Added TWCA Root CA Certificate
 (JDK-8305975)

The following root certificate has been added to the cacerts truststore:
+ TWCA

  + twcaglobalrootca
    DN: CN=TWCA Global Root CA"","" OU=Root CA"","" O=TAIWAN-CA"","" C=TW
",,,
https://www.oracle.com/java/technologies/javase/20-0-2-relnotes.html,Other Notes,"
security-libs/java.security
??Added 4 GTS Root CA Certificates
 (JDK-8307134)

The following root certificates have been added to the cacerts truststore:
+ Google Trust Services LLC

 + gtsrootcar1
  DN: CN=GTS Root R1"","" O=Google Trust Services LLC"","" C=US

+ Google Trust Services LLC
 + gtsrootcar2
  DN: CN=GTS Root R2"","" O=Google Trust Services LLC"","" C=US

+ Google Trust Services LLC
 + gtsrootecccar3
  DN: CN=GTS Root R3"","" O=Google Trust Services LLC"","" C=US

+ Google Trust Services LLC
 + gtsrootecccar4
  DN: CN=GTS Root R4"","" O=Google Trust Services LLC"","" C=US
",,,
https://www.oracle.com/java/technologies/javase/20-0-2-relnotes.html,Other Notes,"
security-libs/java.security
??Added Microsoft Corporation's 2 TLS Root CA Certificates
 (JDK-8304760)

The following root certificates have been added to the cacerts truststore:
+ Microsoft Corporation

  + microsoftecc2017
    DN: CN=Microsoft ECC Root Certificate Authority 2017"","" O=Microsoft Corporation"","" C=US

+ Microsoft Corporation
  + microsoftrsa2017
    DN: CN=Microsoft RSA Root Certificate Authority 2017"","" O=Microsoft Corporation"","" C=US
",,,
https://www.oracle.com/java/technologies/javase/20-0-2-relnotes.html,Other Notes,"
hotspot/runtime
??ASLR Support for CDS Archive
 (JDK-8294323 (not public))

Starting with the July 2023 CPU"","" on operating systems where ASLR (Address Space Layout Randomization)  is enabled"","" the CDS archive will be placed at a random address picked by the operating system.
This change may have a minor performance impact: (a) Start-up time may increase because the JVM needs to patch pointers inside the CDS archive. (b) Memory usage may increase because the memory used by the CDS archive is no longer shareable across processes. We expect the impact to be small because such increases should be only a small fraction of the overall application usage.
In the unlikely event that you must disable ASLR for CDS"","" you can use the JVM flags -XX:+UnlockDiagnosticVMOptions -XX:ArchiveRelocationMode=0. The usage of such flags is not recommended.
",,,
https://www.oracle.com/java/technologies/javase/20-0-2-relnotes.html,Other Notes,"
security-libs/java.security
??New System Property to Control the Maximum Size of Signature Files
 (JDK-8300596 (not public))

A new system property"","" jdk.jar.maxSignatureFileSize"","" has been added to allow applications to control the maximum size of signature files in a signed JAR. The value of the system property is the desired size in bytes. The default value is 8000000 bytes.
",,,
https://www.oracle.com/java/technologies/javase/20-0-2-relnotes.html,Other Notes,"
core-libs/java.util.jar
??Improved ZIP64 Extra Field Validation
 (JDK-8302483 (not public))

java.util.zip.ZipFile has been updated to provide additional validation of ZIP64 extra fields when opening a ZIP file. This validation may be disabled by setting the system property jdk.util.zip.disableZip64ExtraFieldValidation to true.
",,,
https://www.oracle.com/java/technologies/javase/21-relnote-issues.html,New Features,"
core-libs/java.lang
??Runtime.exec and ProcessBuilder Logging of Command Arguments
 (JDK-8303392)

Processes started by Runtime.exec and ProcessBuilder can be enabled to log the command"","" arguments"","" directory"","" stack trace"","" and process id. The exposure of this information should be reviewed before implementation. Logging of the information is enabled when the logging level of the System#getLogger(String) named java.lang.ProcessBuilder is System.Logger.Level.DEBUG or Logger.Level.TRACE. When enabled for Level.DEBUG"","" only the process id"","" directory"","" command"","" and stack trace are logged. When enabled for Level.TRACE"","" the command arguments are included with the process id"","" directory"","" command"","" and stack trace.
",,,
https://www.oracle.com/java/technologies/javase/21-relnote-issues.html,New Features,"
core-libs/java.lang
??System.exit() and Runtime.exit() Logging
 (JDK-8301627)

Calls to java.lang.System.exit() and Runtime.exit() are logged to the logger named java.lang.Runtime with a logging level of System.Logger.DEBUG. When the configuration of the logger allows"","" the caller can be identified from the stack trace included in the log.
",,,
https://www.oracle.com/java/technologies/javase/21-relnote-issues.html,New Features,"
core-libs/java.lang
??Math.clamp() and StrictMath.clamp() Methods
 (JDK-8301226)

The methods Math.clamp() and StrictMath.clamp() are added to conveniently clamp the numeric value between the specified minimum and maximum values. Four overloads are provided in both Math and StrictMath classes for int"","" long"","" float"","" and double types. A clamp(long value"","" int min"","" int max) overload can also be used to safely narrow a long value to int.
",,,
https://www.oracle.com/java/technologies/javase/21-relnote-issues.html,New Features,"
core-libs/java.lang
??New String indexOf(int"",""int"",""int) and indexOf(String"",""int"",""int) Methods to Support a Range of Indices
 (JDK-8302590)

Two new methods indexOf(int ch"","" int beginIndex"","" int endIndex) and indexOf(String str"","" int beginIndex"","" int endIndex) are added to java.lang.String to support forward searches of character ch"","" and of String str"","" respectively"","" and limited to the specified range of indices.
Besides full control on the search range"","" they are safer to use than indexOf(int ch"","" int fromIndex) and indexOf(String str"","" int fromIndex)"","" respectively"","" because they throw an exception on illegal search ranges.
Method indexOf(int ch"","" int beginIndex"","" int endIndex) is covered by JDK-8302590"","" and method indexOf(String str"","" int beginIndex"","" int endIndex) is covered by JDK-8303648.
",,,
https://www.oracle.com/java/technologies/javase/21-relnote-issues.html,New Features,"
core-libs/java.lang
??Unicode Emoji Properties
 (JDK-8303018)

The following six new methods are added to java.lang.Character for obtaining Emoji character properties"","" which are defined in the Unicode Emoji Technical Standard (UTS #51) :


isEmoji(int codePoint)
isEmojiPresentation(int codePoint)
isEmojiModifier(int codePoint)
isEmojiModifierBase(int codePoint)
isEmojiComponent(int codePoint)
isExtendedPictographic(int codePoint)


",,,
https://www.oracle.com/java/technologies/javase/21-relnote-issues.html,New Features,"
core-libs/java.lang
??New splitWithDelimiters() Methods Added to String and java.util.regex.Pattern
 (JDK-8305486)

Unlike the split() methods"","" these new splitWithDelimiters() methods in java.lang.String and java.util.regex.Pattern return an alternation of strings and matching delimiters"","" rather than just the strings.
",,,
https://www.oracle.com/java/technologies/javase/21-relnote-issues.html,New Features,"
core-libs/java.net
??The java.net.http.HttpClient Is Now AutoCloseable
 (JDK-8267140)

The following methods have been added to the API:

void close(): closes the client gracefully"","" waiting for submitted requests to complete.
void shutdown(): initiates a graceful shutdown"","" then returns immediately without waiting for the client to terminate.
void shutdownNow(): initiates an immediate shutdown"","" trying to interrupt active operations"","" and returns immediately without waiting for the client to terminate.
boolean awaitTermination(Duration duration): waits for the client to terminate"","" within the given duration; returns true if the client is terminated"","" false otherwise.
boolean isTerminated(): returns true if the client is terminated.

The instances returned by HttpClient.newHttpClient()"","" and the instances built from HttpClient.newBuilder()"","" provide a best effort implementation for these methods. They allow the reclamation of resources allocated by the HttpClient early"","" without waiting for its garbage collection.
Note that an HttpClient instance typically manages its own pools of connections"","" which it may then reuse when necessary. Connection pools are typically not shared between HttpClient instances. Creating a new client for each operation"","" though possible"","" will usually prevent reusing such connections.
",,,
https://www.oracle.com/java/technologies/javase/21-relnote-issues.html,New Features,"
core-libs/java.nio.charsets
??Support for GB18030-2022
 (JDK-8301119)

China National Standard body (CESI) has recently published GB18030-2022 which is an updated version of the GB18030 standard and brings GB18030 in sync with Unicode version 11.0. The Charset implementation for this new standard has now replaced the prior 2000 standard. However"","" this new standard has some incompatible changes from the prior implementation. For those who need to use the old mappings"","" a new system property jdk.charset.GB18030 is introduced. By setting its value to 2000"","" the previous JDK releases' mappings for the GB18030 Charset are used which are based on the 2000 standard.
",,,
https://www.oracle.com/java/technologies/javase/21-relnote-issues.html,New Features,"
core-libs/java.util
??New StringBuilder and StringBuffer repeat Methods
 (JDK-8302323)

The methods public StringBuilder repeat(int codePoint"","" int count) and public StringBuilder repeat(CharSequence cs"","" int count) have been added to java.lang.StringBuilder and java.lang.StringBuffer to simplify the appending of multiple copies of characters or strings. For example"","" sb.repeat('-'"","" 80) will insert 80 hyphens into the value of the java.lang.StringBuilder sb object.
",,,
https://www.oracle.com/java/technologies/javase/21-relnote-issues.html,New Features,"
core-libs/java.util.regex
??Emoji Related Binary Properties in RegEx
 (JDK-8305107)

Emoji-related properties introduced in (JDK-8303018) can now be used as binary properties in the java.util.regex.Pattern class. One can match characters that have Emoji-related properties with the new \p{IsXXX} constructs.  For example"",""
Pattern.compile(""\\p{IsEmoji}"").matcher(""?"").matches()

returns true.
",,,
https://www.oracle.com/java/technologies/javase/21-relnote-issues.html,New Features,"
core-libs/java.util:collections
??Sequenced Collections
 (JEP 431)

The Sequenced Collection API introduces several new interfaces into the collections framework"","" providing enhancements to many existing collections classes. The new API facilitates access to elements at each end of a sequenced collection"","" and provides the ability to view and iterate such collections in reverse order. See JEP 431 for additional information.
The introduction of new collections interfaces"","" along with default methods"","" introduces some compatibility risk"","" including the possibility of both source and binary incompatibilities. The introduction of default methods in an interface hierarchy may cause conflicts with methods declared on existing classes or interfaces that extend collections interfaces - this could result in either source or binary incompatibilities. The introduction of new interfaces also introduces new types into the system"","" which can change the results of type inference"","" leading in turn to source incompatibilities.
For a discussion of potential incompatibilities and possible ways to mitigate them"","" please see the document JDK 21: Sequenced Collections Incompatibilities.
",,,
https://www.oracle.com/java/technologies/javase/21-relnote-issues.html,New Features,"
core-svc/tools
??Warning Printed When an Agent Is Loaded into a Running VM
 (JEP 451)

The Java Virtual Machine (JVM) now prints a warning to standard error when a JVM Tool Interface (JVM TI) agent or Java Agent is dynamically loaded into a running JVM. The warning is intended to prepare for a future release that disallows"","" by default"","" dynamic loading of agent code into a running JVM.
Agents are programs that run in the JVM process and make use of powerful JVM TI or java.lang.instrument APIs. These APIs are designed to support tooling such as profilers and debuggers. Agents are started via a command line option"","" for example -agentlib or -javaagent"","" or they can be started into a running VM using the JDK specific com.sun.tools.attach API or the jcmd command. Agents loaded into a running VM will now print a warning. There is no warning for agents that are loaded at startup via command line options.
The HotSpot VM option EnableDynamicAgentLoading controls dynamic loading of agents. This option has existed since JDK 9. The default"","" since JDK 9"","" is to allow dynamic loading of agents. Running with -XX:+EnableDynamicAgentLoading on the command line serves as an explicit  ""opt-in"" that allows agent code to be loaded into a running VM and thus suppresses the warning. Running with  -XX:-EnableDynamicAgentLoading disallows agent code from being loaded into a running VM and can be used to test possible future behavior.
In addition"","" the system property jdk.instrument.traceUsage can be used to trace uses of the java.lang.instrument API. Running with -Djdk.instrument.traceUsage or -Djdk.instrument.traceUsage=true causes usages of the API to print a trace message and stack trace. This can be used to identify agents that are dynamically loaded instead of being started on the command line with -javaagent.
More information on this change can be found in JEP 451.
",,,
https://www.oracle.com/java/technologies/javase/21-relnote-issues.html,New Features,"
hotspot/gc
??Generational ZGC
 (JEP 439)

Applications running with Generational ZGC should enjoy:

Lower risks of allocations stalls"",""
Lower required heap memory overhead"","" and
Lower garbage collection CPU overhead.

Enable Generational ZGC with command line options -XX:+UseZGC -XX:+ZGenerational
For further details"","" see JEP 439.
",,,
https://www.oracle.com/java/technologies/javase/21-relnote-issues.html,New Features,"
hotspot/gc
??Last Resort G1 Full GC Moves Humongous Objects
 (JDK-8191565)

A full garbage collection (GC) in the Garbage First (G1) collector now moves humongous objects to avoid Out-Of-Memory situations due to a lack of contiguous space in the Java heap when the application allocates humongous objects.
Previously"","" G1 failed to allocate those humongous objects"","" reporting an Out-Of-Memory exception in this situation.
This functionality is a last resort measure"","" causing a second full GC in the same pause after the previous full GC fails to clear out enough contiguous memory for the allocation.
",,,
https://www.oracle.com/java/technologies/javase/21-relnote-issues.html,New Features,"
hotspot/jfr
??New JFR View Command
 (JDK-8306703)

A new view command has been added to the JFR tool and jcmd. The command can aggregate and display event data in a tabular form without the need to dump a recording file or open JDK Mission Control. There are 70 predefined views"","" such as hot-methods"","" gc-pauses"","" pinned-threads"","" allocation-by-site"","" gc"","" memory-leaks-by-class"","" and more.  A list of available views can be found through using jcmd <pid> JFR.view or jfr view.
",,,
https://www.oracle.com/java/technologies/javase/21-relnote-issues.html,New Features,"
security-libs/java.security
??Enhanced OCSP"","" Certificate"","" and CRL Fetch Timeouts
 (JDK-8179502)

This feature delivers an enhanced syntax for properties related to certificate"","" CRL"","" and OCSP connect and read timeouts.  The new syntax allows the timeout values to be specified either in seconds or milliseconds.  This feature also delivers three new System properties related to connect and read timeouts.
New properties: The existing com.sun.security.ocsp.timeout property will now be paired with the new com.sun.security.ocsp.readtimeout property.  The former property will be used to set timeouts for the transport-layer connection while the latter will be used to manage timeouts for reading the data. The new com.sun.security.cert.timeout and com.sun.security.cert.readtimeout properties will be used to control connect and read timeouts"","" respectively"","" when following an X.509 certificate's AuthorityInfoAccess extension.  For the certificate fetching properties"","" the com.sun.security.enableAIAcaIssuers property must be set to true in order for fetching to occur and these property timeouts to be enabled.
Enhanced timeout syntax: The new syntax applies to the aforementioned properties"","" and also to the com.sun.security.crl.timeout and com.sun.security.crl.readtimeout properties as well.  The allowed syntax is as follows:

A decimal integer will be interpreted in seconds and ensures backward compatibility.
A decimal integer ending in ""s"" (case-insensitive"","" no space) appended to it. This will also be interpreted in seconds.
A decimal integer value with ""ms"" (case-insensitive"","" no space) appended to it. This will be interpreted as milliseconds. For example"","" a value of ""2500ms"" will be a 2.5 second timeout.
Negative"","" non-numeric"","" or non-decimal (for example"","" hexadecimal values prepended by ""0x"") values will be interpreted as illegal and will default to the 15 second timeout.
Whether the value is interpreted in seconds or milliseconds"","" a value of zero will disable the timeout.

",,,
https://www.oracle.com/java/technologies/javase/21-relnote-issues.html,New Features,"
security-libs/java.security
??Support for HSS/LMS Signature Verification
 (JDK-8298127)

A new standard signature algorithm named ""HSS/LMS"" has been introduced. The HSS/LMS algorithm is defined in RFC 8554: Leighton-Micali Hash-Based Signatures and NIST Special Publication 800-208. New KeyFactory and Signature implementations are available for the algorithm. The KeyFactory only operates on public keys and the Signature only covers the verification part.
",,,
https://www.oracle.com/java/technologies/javase/21-relnote-issues.html,New Features,"
security-libs/javax.crypto
??SunJCE Provider Now Supports SHA-512/224 and SHA-512/256 As Digests for the PBES2 Algorithms
 (JDK-8288050)

The SunJCE provider is enhanced with additional PBES2 Cipher and Mac algorithms"","" such as those using SHA-512/224 and SHA-512/256 message digests. To be more specific"","" callers can now use the SunJCE provider for PBEWithHmacSHA512/224AndAES_128"","" PBEWithHmacSHA512/256AndAES_128"","" PBEWithHmacSHA512/224AndAES_256"","" and PBEWithHmacSHA512/256AndAES_256 Ciphers and PBEWithHmacSHA512/224"","" and PBEWithHmacSHA512/256 Mac.
",,,
https://www.oracle.com/java/technologies/javase/21-relnote-issues.html,New Features,"
security-libs/javax.crypto:pkcs11
??Support for Password-Based Cryptography in SunPKCS11
 (JDK-8301553)

The SunPKCS11 security provider now supports Password-Based Cryptography algorithms for Cipher"","" Mac"","" and SecretKeyFactory service types. You will find the list of algorithms in JDK-8308719. As a result of this enhancement"","" SunPKCS11 can now be used for privacy and integrity in PKCS #12 key stores.
",,,
https://www.oracle.com/java/technologies/javase/21-relnote-issues.html,New Features,"
security-libs/javax.xml.crypto
??New System Property to Toggle XML Signature Secure Validation Mode
 (JDK-8301260)

A new system property named org.jcp.xml.dsig.secureValidation has been added. It can be used to enable or disable the XML Signature secure validation mode. The system property should be set to ""true"" to enable"","" or ""false"" to disable. Any other value for the system property is treated as ""false"". If the system property is set"","" it supersedes the XMLCryptoContext property value.
By default"","" the secure validation mode is enabled. Disabling the secure validation mode should be done at your own risk.
",,,
https://www.oracle.com/java/technologies/javase/21-relnote-issues.html,New Features,"
security-libs/javax.xml.crypto
??Update XML Security for Java to 3.0.2
 (JDK-8305972)

The XML Signature implementation has been updated to Santuario 3.0.2. The main"","" new feature is support for EdDSA. One difference is that the JDK still supports the here() function by default. However"","" we recommend avoiding the use of the here() function in new signatures and replacing existing signatures that use the here() function. Future versions of the JDK will likely disable"","" and eventually remove"","" support for this function"","" as it cannot be supported using the standard Java XPath API. Users can now disable the here() function by setting the security property jdk.xml.dsig.hereFunctionSupported to ""false"".
",,,
https://www.oracle.com/java/technologies/javase/21-relnote-issues.html,New Features,"
specification/language
??String Templates (Preview)
 (JEP 430)

String templates allow text and expressions to be composed without using the + operator. The result is often a string"","" but can also be an object of another type. Each string template has a template processor that validates the text and expressions before composing them"","" achieving greater safety than basic 'string interpolation' features in other languages.
",,,
https://www.oracle.com/java/technologies/javase/21-relnote-issues.html,New Features,"
specification/language
??Unnamed Classes and Instance Main Methods (Preview)
 (JEP 445)

Unnamed classes and instance main methods enable students to write streamlined declarations for single-class programs and then seamlessly expand their programs later to use more advanced features as their skills grow. Unnamed classes allow the user to provide class content without the full ceremony of the class declaration. The instance main method feature allows the user to drop the formality of public static void main(String[] args) and simply declare void main().
",,,
https://www.oracle.com/java/technologies/javase/21-relnote-issues.html,New Features,"
tools/javac
??New javac Warning When Calling Overridable Methods in Constructors
 (JDK-8015831)

The new lint option"","" this-escape"","" has been added to javac to warn about calls to overridable methods in the constructor body which might result in access to a partially constructed object from subclasses.
The new warning can be suppressed using SuppressWarnings(""this-escape"").
",,,
https://www.oracle.com/java/technologies/javase/21-relnote-issues.html,New Features,"
tools/javac
??Generate ""output file clash"" Warning when an Output File is Overwritten During Compilation
 (JDK-8287885)

Prior to JDK 21"","" the javac compiler was overwriting some output files during compilation. This can occur"","" for example"","" on case-insensitive file systems.
Starting from JDK 21 a new compiler option: -Xlint:output-file-clash has been added to the javac compiler. This new option should provide a way for users experiencing this problem to convert what is currently a runtime error into a compile-time warning (or error with -Werror). This new compiler option enables output file clash detection. The term ""output file"" covers class files"","" source files"","" and native header files.
",,,
https://www.oracle.com/java/technologies/javase/21-relnote-issues.html,New Features,"
tools/javadoc(tool)
??Support Searching for Section Headings in Generated Documentation
 (JDK-8286470)

API documentation generated by JavaDoc now supports searching for headings of sections within the documentation.
",,,
https://www.oracle.com/java/technologies/javase/21-relnote-issues.html,New Features,"
tools/jshell
??JDK Tool Access in JShell
 (JDK-8306560)

The JShell tool for interactive exploration of Java code has been enhanced with a new predefined script"","" TOOLING. The TOOLING script provides direct access to the JDK's command line tools"","" such as javac"","" javadoc"","" and javap"","" from within JShell.
Similar to the existing predefined DEFAULT and PRINTING scripts"","" the TOOLING script can be loaded when JShell starts by running: jshell TOOLING. Alternatively"","" it can be loaded within a JShell session by using: /open TOOLING. With the TOOLING script loaded"","" JDK tools can be run by passing a name and arguments to the method run(String name"","" String... args). The method tools() prints the names of available tools.
The TOOLING script defines convenience methods for the most commonly used tools"","" such as javac(String... args). Here is an example of running the javap tool that disassembles and prints an overview of a class or interface:
jshell> interface Empty {}

jshell> javap(Empty.class)
",,,
https://www.oracle.com/java/technologies/javase/21-relnote-issues.html,New Features,"
tools/launcher
??-XshowSettings:locale Output Now Includes Tzdata Version
 (JDK-8305950)

The -XshowSettings launcher option has been enhanced to print the tzdata version configured with the JDK. The tzdata version is displayed as part of the locale showSettings option.
Example output using -X:showSettings:locale:
.....

Locale settings:
    default locale = English
    default display locale = English
    default format locale = English
    tzdata version = 2023c
    .....
",,,
https://www.oracle.com/java/technologies/javase/21-relnote-issues.html,New Features,"
xml/jaxp
??Changes to JAXP Configuration Files
 (JDK-8303530)

The following changes have been made with regard to the JAXP configuration files:


Added the jaxp.properties file to the JDK at $JAVA_HOME/conf/jaxp.properties as the default JAXP configuration file. Property settings in the file reflect the current"","" built-in defaults for the JDK.


Added a new System Property"","" java.xml.config.file"","" for specifying the location of a custom configuration file. If it is set and the named file exists"","" the property settings contained in the file override those in the default JAXP configuration file. For more details"","" see the Configuration section of the module specification.


Deprecated the stax.properties file that was defined in the StAX API and used by the StAX factories. It had been made redundant after StAX's integration into JAXP since the function has been fully covered by the JAXP configuration file. It is recommended that applications migrate to the JAXP configuration file as the stax.properties file is deprecated and may no longer be supported in the future.


",,,
https://www.oracle.com/java/technologies/javase/21-relnote-issues.html,Removed Features and Options,"
core-libs/java.io
??java.io.File's Canonical Path Cache Is Removed
 (JDK-8300977)

java.io.File has historically cached canonical paths"","" and part paths"","" to help the performance of the File::getCanonicalFile and File::getCanonicalPath when running with a SecurityManager set.  The cache had correctness issues in environments with symbolic links and has been disabled by default since JDK 12.  The cache has been removed in this release"","" along with the system properties sun.io.useCanonCaches and sun.io.useCanonPrefixCache. Setting these properties no longer has any effect.
",,,
https://www.oracle.com/java/technologies/javase/21-relnote-issues.html,Removed Features and Options,"
core-libs/java.lang
??ThreadGroup.allowThreadSuspension Is Removed
 (JDK-8297295)

The method java.lang.ThreadGroup.allowThreadSuspension(boolean) has been removed in this release. The method was used for low memory handling in JDK 1.1 but was never fully specified. It was deprecated and changed to ""do nothing"" in JDK 1.2 (1998).
",,,
https://www.oracle.com/java/technologies/javase/21-relnote-issues.html,Removed Features and Options,"
core-libs/java.lang
??Removal of the java.compiler System Property
 (JDK-8041676)

The system property java.compiler has been removed from the list of standard system properties.
Running with this system property set on the command line will now print a warning to say that the system property is obsolete; it has no other effect. In previous releases"","" running with -Djava.compiler or -Djava.compiler=NONE on the command line selected interpreter only execution mode.  If needed"","" the -Xint option can be used to run in interpreter only mode.
",,,
https://www.oracle.com/java/technologies/javase/21-relnote-issues.html,Removed Features and Options,"
core-libs/java.lang
??The java.lang.Compiler Class Has Been Removed
 (JDK-8205129)

The java.lang.Compiler class has been removed. This under-specified API dates from JDK 1.0 and the ""Classic VM"" used in early JDK releases. Its implementation in the HotSpot VM does nothing but print a warning that it is not supported. The class has been deprecated and marked for removal since Java SE 9.
",,,
https://www.oracle.com/java/technologies/javase/21-relnote-issues.html,Removed Features and Options,"
core-libs/java.util.jar
??Remove the JAR Index Feature
 (JDK-8302819)

The ""JAR Index"" feature has been dropped from the JAR file specification. JAR Index was a legacy optimization in early JDK releases to allow downloading of JAR files to be postponed when loading applets or other classes over the network. The feature has been disabled since JDK 18"","" meaning the META-INF/INDEX.LIST entry in a JAR file is ignored at run-time.
The system property jdk.net.URLClassPath.enableJarIndex"","" introduced in JDK 18 to re-enable the feature"","" has been removed. Setting this property no longer has any effect.
As part of the change"","" the jar tool will now output a warning if the -i or --generate-index options are used.
",,,
https://www.oracle.com/java/technologies/javase/21-relnote-issues.html,Removed Features and Options,"
core-svc/javax.management
??javax.management.remote.rmi.RMIIIOPServerImpl Is Removed
 (JDK-8307244)

The class javax.management.remote.rmi.RMIIIOPServerImpl has been removed.  The IIOP transport was removed from the JMX Remote API in JDK 9. This class has been deprecated and its constructor changed to throw UnsupportedOperationException since Java SE 9.
",,,
https://www.oracle.com/java/technologies/javase/21-relnote-issues.html,Removed Features and Options,"
hotspot/gc
??Removal of G1 Hot Card Cache
 (JDK-8225409)

The G1 Hot Card Cache has been removed. Performance testing has shown that after improvements to the concurrent refinement control"","" it does not contribute to performance.
Removal reduces the memory footprint of the G1 garbage collector by around 0.2% of the Java heap size.
The associated configuration options G1ConcRSLogCacheSize and G1ConcRSHotCardLimit have been obsoleted. A warning will be issued at startup about these options if they are used.
",,,
https://www.oracle.com/java/technologies/javase/21-relnote-issues.html,Removed Features and Options,"
hotspot/runtime
??Obsolete Legacy HotSpot Parallel Class Loading Workaround Option -XX:+EnableWaitForParallelLoad Is Removed
 (JDK-8298469)

Some older"","" user-defined class loaders would workaround a deadlock issue by releasing the class loader lock during the loading process. To prevent these loaders from encountering a java.lang.LinkageError: attempted duplicate class definition while loading the same class by parallel threads"","" the HotSpot Virtual Machine introduced a workaround in JDK 6 that serialized the load attempts"","" causing the subsequent attempts to wait for the first to complete.
The need for class loaders to work this way was removed in JDK 7 when parallel-capable class loaders were introduced"","" but the workaround remained in the VM. The workaround was deprecated in JDK 20 and the option -XX:+EnableWaitForParallelLoad was introduced for users who relied on this legacy behavior.  The default for this option was off.
In JDK 21"","" the option -XX:+EnableWaitForParallelLoad"","" and the code to support it"","" has been removed.
See CSR JDK-8304056 for more details.
",,,
https://www.oracle.com/java/technologies/javase/21-relnote-issues.html,Removed Features and Options,"
hotspot/runtime
??The MetaspaceReclaimPolicy Flag has Been Obsoleted
 (JDK-8302385)

The option MetaspaceReclaimPolicy existed to fine-tune the memory reclamation behavior of metaspace after class unloading. In practice"","" this had limited effect and was rarely used.
The option has therefore been obsoleted. It now produces an obsolete warning and is ignored.
",,,
https://www.oracle.com/java/technologies/javase/21-relnote-issues.html,Removed Features and Options,"
security-libs/java.security
??Removed SECOM Trust System's RootCA1 Root Certificate
 (JDK-8295894)

The following root certificate from SECOM Trust System has been removed from the cacerts keystore:
+ alias name ""secomscrootca1 [jdk]""

  Distinguished Name: OU=Security Communication RootCA1"","" O=SECOM Trust.net"","" C=JP

",,,
https://www.oracle.com/java/technologies/javase/21-relnote-issues.html,Removed Features and Options,"
security-libs/jdk.security
??Removal of ContentSigner APIs and jarsigner -altsigner and -altsignerpath Options
 (JDK-8303410)

The jarsigner options -altsigner and -altsignerpath have been removed"","" along with the underlying ContentSigner API in the com.sun.jarsigner package. The mechanism was deprecated in JDK 9 and marked for removal in JDK 15.
",,,
https://www.oracle.com/java/technologies/javase/21-relnote-issues.html,Deprecated Features and Options,"
client-libs/java.awt
??Deprecate GTK2 for Removal
 (JDK-8280031)

Implementation support for AWT/Swing using GTK2 on Linux is now deprecated for removal.
With the announcement of the GTK4 release in December 2020"","" the GTK 2 toolkit is reaching its end of life. GTK2 support is therefore expected to be removed some time after no JDK supported platform needs it.
GTK3 is the current default and Swing applications which opt-in to using GTK2 on Linux by setting the System Property -Djdk.gtk.version=2 will now see the following warning printed:
WARNING: the GTK 2 library is deprecated and its support will be removed in a future release.
",,,
https://www.oracle.com/java/technologies/javase/21-relnote-issues.html,Deprecated Features and Options,"
core-libs/java.nio
??com.sun.nio.file.SensitivityWatchEventModifier Is Deprecated
 (JDK-8303175)

com.sun.nio.file.SensitivityWatchEventModifier has been deprecated and is marked for removal in a future release. The constants in this enum were used with the polling based WatchService implementation on macOS to set the interval when polling files for changes. The polling based WatchService has been changed to ignore these modifiers when registering files to be watched.
",,,
https://www.oracle.com/java/technologies/javase/21-relnote-issues.html,Deprecated Features and Options,"
core-libs/java.util:i18n
??Emit Warning for Removal of COMPAT Provider
 (JDK-8304982)

Users now see a warning message if they specify either COMPAT or JRE locale data with the java.locale.providers system property and call some locale-sensitive operations. COMPAT was provided for migration to the CLDR locale data at the time of JDK 9"","" where it became the default locale data (JEP 252). JDK 21 retains the legacy locale data of JDK 8 for compatibility"","" but some of the newer functionalities are not applied. The legacy locale data will be removed in a future release. Users are encouraged to migrate to the CLDR locale data.
",,,
https://www.oracle.com/java/technologies/javase/21-relnote-issues.html,Deprecated Features and Options,"
core-svc/javax.management
??Deprecate JMX Subject Delegation and the JMXConnector.getMBeanServerConnection(Subject) Method for Removal
 (JDK-8298966)

The JMX Subject Delegation feature is deprecated and marked for removal in a future release.  This feature is enabled by the method javax.management.remote.JMXConnector.getMBeanServerConnection(javax.security.auth.Subject) which is deprecated for removal.
If a client application needs to perform operations as"","" or on behalf of"","" multiple identities"","" it will need to make multiple calls to JMXConnectorFactory.connect() and to the getMBeanServerConnection() method on the returned JMXConnector.
",,,
https://www.oracle.com/java/technologies/javase/21-relnote-issues.html,Notable Issues Resolved,"
core-libs/java.lang
??Fixed Indefinite jspawnhelper Hangs
 (JDK-8307990)

Since JDK 13"","" executing commands in a sub-process uses the so-called POSIX_SPAWN launching mechanism (that is"","" -Djdk.lang.Process.launchMechanism=POSIX_SPAWN) by default on Linux. In cases where the parent JVM process terminates abnormally before the handshake between the JVM and the newly created jspawnhelper process has completed"","" jspawnhelper can hang indefinitely in JDK 13 to JDK 20. This issue is fixed in JDK 21. The issue was especially harmful if the parent process had open sockets"","" because in that case"","" the forked jspawnhelper process will inherit them and keep all the corresponding ports open"","" effectively preventing other processes from binding to them.
This misbehavior has been observed with applications which frequently fork child processes in environments with tight memory constraints. In such cases"","" the OS can kill the JVM in the middle of the forking process leading to the described issue. Restarting the JVM process after such a crash will be impossible if the new process tries to bind to the same ports as the initial application because they will be blocked by the hanging jspawnhelper child process.
The root cause of this issue is jspawnhelper's omission to close its writing end of the pipe"","" which is used for the handshake with the parent JVM. It was fixed by closing the writing end of the communication pipe before attempting to read data from the parent process. This way"","" jspawnhelper will reliably read an EOF event from the communication pipe and terminate once the parent process dies prematurely.
A second variant of this issue could happen because the handshaking code in the JDK didn't handle interrupts to write(2) correctly. This could lead to incomplete messages being sent to the jspawnhelper child process. The result is a deadlock between the parent thread and the child process which manifests itself in a jspawnhelper process being blocked while reading from a pipe and the following stack trace in the corresponding parent Java process:
java.lang.Thread.State: RUNNABLE

  at java.lang.ProcessImpl.forkAndExec(java.base@17.0.7/Native Method)
  at java.lang.ProcessImpl.<init>(java.base@17.0.7/ProcessImpl.java:314)
  at java.lang.ProcessImpl.start(java.base@17.0.7/ProcessImpl.java:244)
  at java.lang.ProcessBuilder.start(java.base@17.0.7/ProcessBuilder.java:1110)
  at java.lang.ProcessBuilder.start(java.base@17.0.7/ProcessBuilder.java:1073)
",,,
https://www.oracle.com/java/technologies/javase/21-relnote-issues.html,Notable Issues Resolved,"
core-libs/java.time
??Error Computing the Amount of Milli- and Microseconds between java.time.Instants
 (JDK-8307466)

The computation of the time between java.time.Instants using ChronoUnit.MILLIS.between(t1"","" t2)"","" ChronoUnit.MICROS.between(t1"","" t2)"","" t1.until(t2"","" MILLIS)"","" or t1.until(t2"","" MICROS) has been corrected. The implementation computing the number of units between Instants"","" as of JDK 18"","" did not propagate carry and borrow between seconds and nanoseconds when computing milliseconds and microseconds.
",,,
https://www.oracle.com/java/technologies/javase/21-relnote-issues.html,Notable Issues Resolved,"
install/install
??Installation of JDK RPM Corrupts Alternatives
 (JDK-8308244 (not public))

The JDK RPM installer will remove incorrectly constructed entries of ""java"" and ""javac"" groups registered by older Oracle JDK RPM installers from the alternatives before registering new ""java"" and ""javac"" entries.
An incorrectly constructed entry of the ""java"" group contains commands that are supposed to belong to the ""javac"" group.
An incorrectly constructed entry of the ""javac"" group contains commands that are supposed to belong to the ""java"" group.
All incorrectly constructed entries belonging to Oracle JDK RPM packages will be removed from the alternatives to avoid corruption of the alternatives internal data.
The removal has a potential side effect for users who have installed multiple JDK versions that are not updated to the latest release. Commands from a removed ""java"" or ""javac"" group are now unavailable for system Java switch"","" which potentially changes the current system Java without a warning. For example"","" if there is an out-of-date JDK RPM from an 11+ release"","" say 11.0.17"","" with an incorrectly constructed single ""java"" group installed and 8u381 RPM with this patch is installed"","" it will remove an entry from the ""java"" group belonging to the 11.0.17 RPM and thus will switch the current system Java from 11.0.17 to 8u381. The side effect will only happen when you install a lower JDK family with the fix"","" such as 8u381"","" and there is an out-of-date JDK from a higher family"","" such as 11.0.17"","" installed on the system. In that case"","" 8u381 will replace the older 11.0.17 as the latest. The remedy for the user is to install the latest JDK 11.
",,,
https://www.oracle.com/java/technologies/javase/21-relnote-issues.html,Notable Issues Resolved,"
security-libs/java.security
??Enhance Contents (Trusted Certificate Entries) of macOS KeychainStore
 (JDK-8303465)

The macOS KeychainStore implementation now exposes certificates with proper trust in the user domain"","" admin domain"","" or both. Before"","" only the user domain was considered. Furthermore"","" if there exists a ""deny"" entry for a particular purpose in a certificate's trust settings in either domain"","" the certificate will not be part of the macOS KeychainStore.
",,,
https://www.oracle.com/java/technologies/javase/21-relnote-issues.html,Notable Issues Resolved,"
security-libs/javax.crypto
??Allow Key/Nonce Reuse for DECRYPT_MODE ChaCha20 and ChaCha20-Poly1305 Cipher Objects
 (JDK-8305091)

The SunJCE implementation for Cipher objects using the ChaCha20 and ChaCha20-Poly1305 algorithms will now allow key/nonce reuse when in DECRYPT_MODE.  This change aligns these algorithms with the current SunJCE AES-GCM decrypt mode behavior as it pertains to key/nonce reuse.  All ENCRYPT_MODE key/nonce reuse prohibitions remain unchanged from their current behavior.
",,,
https://www.oracle.com/java/technologies/javase/21-relnote-issues.html,Notable Issues Resolved,"
tools/javac
??Disallow Extra Semicolons Between ""import"" Statements
 (JDK-8027682)

The Java Language Specification does not allow extra semicolons to appear between import statements"","" yet the compiler was allowing them; JDK-8027682 fixed this.
As a result"","" a program like this"","" which previously would have compiled successfully:
import java.util.Map;;;;

import java.util.Set;
class Test { }
will now generate an error:
Test.java:1: error: extraneous semicolon

import java.util.Map;;;;
                     ^
For backward compatibility"","" when compiling source versions prior to 21"","" a warning is generated instead of an error.
",,,
https://www.oracle.com/java/technologies/javase/21-relnote-issues.html,Known Issues,"
core-libs/java.util.jar
??Validations on ZIP64 Extra Fields
 (JDK-8313765)

A JDK enhancement has improved validation of the ZIP64 Extra Fields contained within zip files and jar files. Files which do not satisfy these new validation checks may result in ZipException : Invalid CEN header (invalid zip64 extra data field size).
The following third party tools have released patches to better adhere to the ZIP File Format Specification:

Apache Commons Compress fix for Empty CEN Zip64 Extra Headers fixed in Commons Compress release 1.11
Apache Ant fix for Empty CEN Zip64 Extra Headers fixed in Ant 1.10.14
BND issue with writing invalid Extra Headers fixed in BND 5.3
The maven-bundle-plugin 5.1.5 includes the BND 5.3 patch.

If these improved validation checks cause issues for deployed zip or jar files"","" check how the file was created and whether patches are available from the generating software to resolve the issue. The new validation checks can be disabled by adding -Djdk.util.zip.disableZip64ExtraFieldValidation=true to the runtime launcher arguments.
Further modification of validations on ZIP64 Extra Fields contained within zip and jar files will be made in the upcoming JDK release. See JDK-8313765.
",,,
https://www.oracle.com/java/technologies/javase/21-relnote-issues.html,Known Issues,"
core-libs/java.util.regex
??java.util.regex.MatchResult Might Throw StringIndexOutOfBoundsException on Regex Patterns Containing Lookaheads and Lookbehinds
 (JDK-8132995)

JDK-8132995 introduced an unintended regression when using instances returned by java.util.regex.Matcher.toMatchResult().
This happens on java.util.regex.Patterns containing lookaheads and lookbehinds that"","" in turn"","" contain groups. If these are located outside the match"","" it results in throwing StringIndexOutOfBoundsException when accessing these groups. See JDK-8312976 for an example.
",,,
https://www.oracle.com/java/technologies/javase/21-relnote-issues.html,Known Issues,"
hotspot/compiler
??JVM May Crash or Malfunction When Using ZGC and Non-Default ObjectAlignmentInBytes
 (JDK-8312749)

Running the JVM with -XX:+UseZGC and non-default value of -XX:ObjectAlignmentInBytes may lead to JVM crashes or incorrect execution. The issue is caused by an incorrect JIT compiler optimization of the java.lang.Object.clone() method for this configuration. If using ZGC with a non-default value of ObjectAlignmentInBytes is desired"","" JIT compilation of java.lang.Object.clone() can be disabled using the command-line options -XX:+UnlockDiagnosticVMOptions -XX:DisableIntrinsic=_clone.
",,,
https://www.oracle.com/java/technologies/javase/21-relnote-issues.html,Known Issues,"
hotspot/gc
??JVM May Hang When Using Generational ZGC if a VM Handshake Stalls on Memory
 (JDK-8311981)

The JVM can hang under an uncommon condition that involves the JVM running out of heap memory"","" the GC just starting a relocation phase to reclaim memory"","" and a JVM thread-local Handshake asking to relocate an object.
",,,
https://www.oracle.com/java/technologies/javase/21-relnote-issues.html,Known Issues,"
hotspot/gc
??Long Garbage Collection Pause Times in Stop-The-World Collectors
 (JDK-8326092)

Applications using early releases of JDK 21 may experience long pause times during stop-the-world (STW) garbage collection. This affects various phases of the collection pauses including Class Unloading"","" Root Scanning"","" and CodeCache Unloading in all STW garbage collectors (Serial"","" Parallel"","" and G1 GC).
These performance problems have been addressed in JDK 21.0.4.
",,,
https://www.oracle.com/java/technologies/javase/21-relnote-issues.html,Other Notes,"
security-libs/java.security
?? KeyFactory Will Reject EncodedKeySpec With Extra Bytes at the End
 (JDK-8308010)

If KeyFactory.generatePrivate or KeyFactory.generatePublic is called on a PKCS8EncodedKeySpec or X509EncodedKeySpec object that has extra bytes at the end of its ASN.1 encoding"","" an InvalidKeySpecException will be thrown. Before this code change"","" these extra bytes were ignored.
",,,
https://www.oracle.com/java/technologies/javase/21-relnote-issues.html,Other Notes,"
client-libs/javax.swing
??System Property to Handle HTML ObjectView Creation
 (JDK-8296832 (not public))

Some Swing components"","" such as JLabels and JButtons"","" which display application text"","" will try to interpret that text as HTML"","" principally to enable styled text. The HTML processing of the text for these components will no longer recognize the <object> tag which allows for subclasses of java.awt.Component to be rendered on the component. To re-enable this"","" applications must specify -Dswing.html.object=true.
",,,
https://www.oracle.com/java/technologies/javase/21-relnote-issues.html,Other Notes,"
core-libs/java.io
??File::listRoots Changed to Return All Available Drives on Windows
 (JDK-8208077)

The behavior of the method java.io.File.listRoots() on Microsoft Windows has changed in this release so that the returned array includes a File object for all available disk drives. This differs from the behavior in JDK 10 to JDK 20"","" where this method filtered out disk drives that were not accessible or did not have media present. This change avoids performance issues observed in the previous releases and also ensures that the method is consistent with the root directories in the iteration returned by FileSystem.getDefault().getRootDirectories().
",,,
https://www.oracle.com/java/technologies/javase/21-relnote-issues.html,Other Notes,"
core-libs/java.io:serialization
??ObjectInputStream::readObject() Should Handle Negative Array Sizes without Throwing NegativeArraySizeExceptions
 (JDK-8306461)

ObjectInputStream::readObject() now throws a StreamCorruptedException instead of a NegativeArraySizeException when reading an array with a negative array size from a corrupted object input stream. Collection classes with a custom readObject() method which previously threw a NegativeArraySizeException when the number of their elements read from the deserialization stream was negative will now throw a StreamCorruptedException instead.
",,,
https://www.oracle.com/java/technologies/javase/21-relnote-issues.html,Other Notes,"
core-libs/java.lang
??Thread.sleep(millis"","" nanos) Is Now Able to Perform Sub-Millisecond Sleeps
 (JDK-8305092)

The Thread.sleep(millis"","" nanos) method is now able to perform sub-millisecond sleeps on POSIX platforms. Before this change"","" a non-zero nanos argument would round up to a full millisecond. While the precision is improved on most POSIX systems"","" the actual sleep duration is still subject to the precision and accuracy of system facilities.
",,,
https://www.oracle.com/java/technologies/javase/21-relnote-issues.html,Other Notes,"
core-libs/java.net
??New Network Interface Names on Windows
 (JDK-8302659)

Maintainers of applications that do network multicasting or use the java.net.NetworkInterface API should note that the names that the JDK assigns to network interfaces on Windows have changed in this release. The JDK historically synthesized names for network interfaces on Windows. This has changed to use the names assigned by the Windows operating system. For example"","" the JDK may have historically assigned a name such as Ågeth0Åh for an Ethernet interface and ÅgloÅh for the loopback. The equivalent names that Windows assigns may be names such as Ågethernet_32768Åh and Ågloopback_0"".
This change may impact code that does a lookup of network interfaces with the NetworkInterace.getByName(String name) method. It also may also be surprising to code that enumerates all network interfaces with the NetworkInterfaces.networkInterfaces() or NetworkInterface.getNetworkInterfaces() methods as the names of the network interfaces will look different to previous releases. Depending on configuration"","" it is possible that enumerating all network interfaces will enumerate network interfaces that werenÅft previously enumerated because they didnÅft have an Internet Protocol address assigned. The display name returned by NetworkInterface::getDisplayName has not changed so this should facilitate the identification of network interfaces when using Windows native tools.
",,,
https://www.oracle.com/java/technologies/javase/21-relnote-issues.html,Other Notes,"
core-libs/java.nio
??FileChannel.transferFrom Extends File if Called to Transfer Bytes to the File
 (JDK-8303260)

FileChannel.transferFrom has changed in this release to support transferring bytes from a source channel to a file at a file position that is beyond the file's current size. FileChannel.transferFrom was previously specified to not transfer any bytes when called with a file position greater than the file's current size.
",,,
https://www.oracle.com/java/technologies/javase/21-relnote-issues.html,Other Notes,"
core-libs/java.nio.charsets
??Clarification of the Default Charset Initialization with file.encoding
 (JDK-8300916)

If the system property file.encoding is set on the command line to the name of a charset that is not in the java.base module"","" then the JDK will ignore it and default to UTF-8. In JDK 17 and older"","" the JDK would attempt to locate the charset"","" even though it was never supported or documented to change the value of this system property in these releases. Since JDK 18"","" it is possible to set the system property on the command line to the value UTF-8 (the default) or COMPAT. Setting it to any other value is not defined.
",,,
https://www.oracle.com/java/technologies/javase/21-relnote-issues.html,Other Notes,"
core-libs/java.text
??Support Unicode Extension for Collation Settings
 (JDK-8308108)

The BCP 47 Unicode extension for the strength and normalization collation settings are now supported in the java.text.Collator. If the locale passed to the getInstance(Locale) factory method contains ks and/or kk collation settings"","" the created Collator instance is set to have the strength and the decomposition modes corresponding to the specified strength and normalization settings.
",,,
https://www.oracle.com/java/technologies/javase/21-relnote-issues.html,Other Notes,"
core-libs/java.text
??Swedish Collation Rules
 (JDK-8306927)

Swedish collation rules have been modified to reflect the modern sorting for the language. Collation in Swedish now distinguishes 'v' and 'w' as well as sorting alphabetically. For example"","" {""wb"""","" ""va"""","" ""vc""} is sorted as {""va"""","" ""vc"""","" ""wb""} with this change"","" whereas previously it was sorted as {""va"""","" ""wb"""","" ""vc""}. In order to specify the old collation"","" use the co Unicode identifier in the locale. Refer to Support variant collations for more detail.
",,,
https://www.oracle.com/java/technologies/javase/21-relnote-issues.html,Other Notes,"
core-libs/java.text
??Support Variant Collations
 (JDK-8307547)

java.text.Collator now supports multiple collations for a locale. The type of collation may be specified with the Unicode collation identifier if the runtime provides an implementation. For example"","" the Collator instance created with the locale sv-u-co-trad"","" traditional collation in the Swedish language"","" may sort strings"","" treating v and w the same.
",,,
https://www.oracle.com/java/technologies/javase/21-relnote-issues.html,Other Notes,"
core-libs/java.util
??java.util.Formatter May Return Slightly Different Results on double and float
 (JDK-8300869)

The implementation of java.util.Formatter for double and float conversions to decimal ('e'"","" 'E'"","" 'f'"","" 'g'"","" 'G') is now aligned with the one in Double.toString(double)"","" which was changed in JDK 19.
As a consequence"","" in some rare circumstances"","" the outcomes may slightly differ from the ones in earlier releases.
One example is with double 2e23 and format ""%.16e"". With this change"","" the outcome is 2.0000000000000000e+23"","" while earlier releases produce 1.9999999999999998e+23. Any smaller precision in the format (e.g."","" ""%.15e"") on this value will produce outcomes that are equal to each other"","" though.
Another example is with double 9.9e-324 and format ""%.2g"". The new outcome is 9.9e-324"","" but earlier releases generate ""1.0e-323"".
",,,
https://www.oracle.com/java/technologies/javase/21-relnote-issues.html,Other Notes,"
core-libs/java.util.jar
??Improved ZIP64 Extra Field Validation
 (JDK-8302483 (not public))

java.util.zip.ZipFile has been updated to provide additional validation of ZIP64 extra fields when opening a ZIP file. This validation may be disabled by setting the  system property jdk.util.zip.disableZip64ExtraFieldValidation to true.
",,,
https://www.oracle.com/java/technologies/javase/21-relnote-issues.html,Other Notes,"
core-libs/java.util:i18n
??Support for CLDR Version 43
 (JDK-8296248)

Locale data based on the Unicode Consortium's CLDR has been upgraded to version 43. The JDK locale data now employs coverageLevels.txt"","" including the 'basic' and above level locale data"","" in addition to the data already existing in prior JDK releases for compatibility. For detailed locale data changes"","" please refer to the Unicode Consortium's CLDR release notes.
",,,
https://www.oracle.com/java/technologies/javase/21-relnote-issues.html,Other Notes,"
hotspot/jvmti
??JVM TI ThreadStart and ThreadEnd Events Not Sent for Virtual Threads
 (JDK-8307399)

Maintainers of JVM Tool Interface (JVM TI) agents should note that JVM TI now specifies that the ThreadStart and ThreadEnd events are not sent for virtual threads. This is different from when virtual threads were a preview feature in Java SE 19 and Java SE 20. When the feature was in preview"","" these events were sent for virtual threads even when the can_support_virtual_threads capability was not enabled. Agents that wish to be notified when virtual threads start or terminate need to add the can_support_virtual_threads capability and enable the VirtualThreadStart and VirtualThreadEnd events.
",,,
https://www.oracle.com/java/technologies/javase/21-relnote-issues.html,Other Notes,"
hotspot/runtime
??ASLR Support for CDS Archive
 (JDK-8294323 (not public))

Starting with the July 2023 CPU"","" on operating systems where ASLR (Address Space Layout Randomization)  is enabled"","" the CDS archive will be placed at a random address picked by the operating system.
This change may have a minor performance impact: (a) Start-up time may increase because the JVM needs to patch pointers inside the CDS archive; (b) Memory usage may increase because the memory used by the CDS archive is no longer shareable across processes. We expect the impact to be small because such increases should be only a small fraction of the overall application usage.
In the unlikely event that you must disable ASLR for CDS"","" you can use the JVM flags -XX:+UnlockDiagnosticVMOptions -XX:ArchiveRelocationMode=0. The usage of such flags is not recommended.
",,,
https://www.oracle.com/java/technologies/javase/21-relnote-issues.html,Other Notes,"
hotspot/runtime
??The JNI_GetCreatedJavaVMs Method Will Now Only Return a Fully Initialized VM
 (JDK-8308341)

In prior releases"","" JNI_GetCreatedJavaVMs:
jint JNI_GetCreatedJavaVMs(JavaVM **vmBuf"","" jsize bufLen"","" jsize *nVMs);

could return a JavaVM"","" via the vmBuf array"","" that was still in the process of being initialized and may not be ready for use. This has now changed so that it will only return fully initialized VMs. It is important that the programmer checks that the returned number of VMs"","" in nVMs"","" is greater than zero"","" before trying to use any vmBuf entries.
",,,
https://www.oracle.com/java/technologies/javase/21-relnote-issues.html,Other Notes,"
install/install
??Debian JDK Installer Changes
 (JDK-8284854 (not public))

The installation directory of Oracle JDK Debian packages has changed from /usr/lib/jvm/jdk-${FEATURE} to /usr/lib/jvm/jdk-${FEATURE}-oracle-${ARCH}.
The Oracle JDK Debian package registers jexec as an interpreter for launching .jar files from the command line.
The Oracle JDK Debian package configures storage for Java Preferences API in the /etc/.java/.systemPrefs directory.
The Oracle JDK Debian package registers JDK commands with the update-alternatives command and supplies the /usr/lib/jvm/.jdk-${FEATURE}-oracle-${ARCH}.jinfo file for the update-java-alternatives command.
",,,
https://www.oracle.com/java/technologies/javase/21-relnote-issues.html,Other Notes,"
security-libs/java.security
??Added Certigna(Dhimyotis) CA Certificate
 (JDK-8245654)

The following root certificate has been added to the cacerts truststore:
+ Certigna (Dhimyotis)

  + certignaca
    DN: CN=Certigna"","" O=Dhimyotis"","" C=FR
",,,
https://www.oracle.com/java/technologies/javase/21-relnote-issues.html,Other Notes,"
security-libs/java.security
??Added Microsoft Corporation's 2 TLS Root CA Certificates
 (JDK-8304760)

The following root certificates have been added to the cacerts truststore:
+ Microsoft Corporation

  + microsoftecc2017
    DN: CN=Microsoft ECC Root Certificate Authority 2017"","" O=Microsoft Corporation"","" C=US

+ Microsoft Corporation
  + microsoftrsa2017
    DN: CN=Microsoft RSA Root Certificate Authority 2017"","" O=Microsoft Corporation"","" C=US
",,,
https://www.oracle.com/java/technologies/javase/21-relnote-issues.html,Other Notes,"
security-libs/java.security
??Added TWCA Root CA Certificate
 (JDK-8305975)

The following root certificate has been added to the cacerts truststore:
+ TWCA

  + twcaglobalrootca
    DN: CN=TWCA Global Root CA"","" OU=Root CA"","" O=TAIWAN-CA"","" C=TW
",,,
https://www.oracle.com/java/technologies/javase/21-relnote-issues.html,Other Notes,"
security-libs/java.security
??Added 4 GTS Root CA Certificates
 (JDK-8307134)

The following root certificates have been added to the cacerts truststore:
+ Google Trust Services LLC

 + gtsrootcar1
  DN: CN=GTS Root R1"","" O=Google Trust Services LLC"","" C=US

+ Google Trust Services LLC
 + gtsrootcar2
  DN: CN=GTS Root R2"","" O=Google Trust Services LLC"","" C=US

+ Google Trust Services LLC
 + gtsrootecccar3
  DN: CN=GTS Root R3"","" O=Google Trust Services LLC"","" C=US

+ Google Trust Services LLC
 + gtsrootecccar4
  DN: CN=GTS Root R4"","" O=Google Trust Services LLC"","" C=US
",,,
https://www.oracle.com/java/technologies/javase/21-relnote-issues.html,Other Notes,"
security-libs/java.security
??Add final Keyword to Some Static Methods
 (JDK-8302696)

Added the final keyword to the static java.security.cert.CertStore::getDefaultType()"","" javax.net.ssl.KeyManagerFactory::getDefaultAlgorithm() and javax.net.ssl.TrustManagerFactory::getDefaultAlgorithm() methods.
This reverts changes made in JDK 19 and JDK 20.
",,,
https://www.oracle.com/java/technologies/javase/21-relnote-issues.html,Other Notes,"
security-libs/java.security
??keytool -genseckey And -importpass Commands Warn if Weak PBE Algorithms Are Used
 (JDK-8286907)

The keytool -genseckey and -importpass commands have been updated to warn users when weak password-based encryption algorithms are specified by the -keyalg option.
",,,
https://www.oracle.com/java/technologies/javase/21-relnote-issues.html,Other Notes,"
security-libs/java.security
??New System Property to Control the Maximum Size of Signature Files
 (JDK-8300596 (not public))

A new system property"","" jdk.jar.maxSignatureFileSize"","" has been added to allow applications to control the maximum size of signature files in a signed JAR. The value of the system property is the desired size in bytes. The default value is 8000000 bytes.
",,,
https://www.oracle.com/java/technologies/javase/21-relnote-issues.html,Other Notes,"
security-libs/javax.crypto:pkcs11
??SunPKCS11 Provider Now Uses the Same DH Private Exponent Length as Other JDK Providers
 (JDK-8295425)

When initializing the DH KeyPairGenerator implementation of the SunPKCS11 provider with the keysize argument"","" it looks up the default DH parameters"","" including the default private exponent length used by other JDK providers"","" to initialize the underlying native PKCS11 implementation. If the KeyPairGenerator implementation is initialized with the DHParameterSpec object having a negative private exponent length"","" this invalid negative value will also be overridden with a default value matching the DH prime size.
",,,
https://www.oracle.com/java/technologies/javase/21-relnote-issues.html,Other Notes,"
security-libs/javax.net.ssl
??The Default TLS Diffie-Hellman Group Size Has Been Increased from 1024-bit to 2048-bit
 (JDK-8301700)

The JDK implementation of TLS 1.2 now uses a default Diffie Hellman keysize of 2048 bits when a TLS_DHE cipher suite is negotiated and either the client or server does not support FFDHE"","" which can negotiate a stronger keysize. The JDK TLS implementation supports FFDHE and it is enabled by default.
As a workaround"","" users can revert to the previous size by setting the jdk.tls.ephemeralDHKeySize system property to 1024 (at their own risk).
This change does not affect TLS 1.3 as the minimum DH group size is already 2048 bits.
",,,
https://www.oracle.com/java/technologies/javase/21-relnote-issues.html,Other Notes,"
tools/javac
??javac Message If Implicit Annotation Processors Are Being Used
 (JDK-8310061)

Annotation processing by javac is enabled by default"","" including when no annotation processing configuration options are present. Implicit annotation processing by default may be disabled in a future release"","" possibly as early as JDK 22. To alert javac users of this possibility"","" in JDK 21 javac prints a note if implicit annotation processing is being used. The text of the note is:
 Annotation processing is enabled because one or more processors were
found on the class path. A future release of javac may disable
annotation processing unless at least one processor is specified by
name (-processor)"","" or a search path is specified (--processor-path"",""
--processor-module-path)"","" or annotation processing is enabled
explicitly (-proc:only"","" -proc:full).
Use -Xlint:-options to suppress this message.
Use -proc:none to disable annotation processing.

Good build hygiene includes explicitly configuring annotation processing. To ease the transition to a different default policy in the future"","" the new-in-JDK-21 -proc:full javac option requests the current default behavior of looking for annotation processors on the class path.
",,,
https://www.oracle.com/java/technologies/javase/21-relnote-issues.html,Other Notes,"
tools/javac
??Detection for Output File Clashes
 (JDK-8296656)

A new compiler lint flag"","" output-file-clash"","" enables detection of output file clashes. An output file clash is when the compiler intends to write two different output files"","" but due to the behavior of the operating system"","" these files end up being written to the same underlying file.
This usually happens due to case-insensitive file systems. For example"","" a class like this would cause two class files to be written to the same file"","" Test$Inner.class:
public class Test {

    class Inner {
    }
    class INNER {
    }
}
However"","" this problem can also happen when the file system ""normalizes"" file names. For example"","" on macOS"","" compiling this class will generate such a clash:
public class Test {

    interface Cafe\u0301 {
    }
    interface Caf\u00e9 {
    }
}
The reason is that \u0301 is the Unicode character ""Combining Acute Accent"" which means ""add an accent over the previous character"". MacOS normalizes the letter e followed by a \u0301 into a Unicode \u00e9"","" that is"","" ?. However"","" the Java language treats these the two names"","" Cafe\u0301 and Caf\u00e9"","" as distinct.
Compiling the example above on macOS with -Xlint:output-file-clash will now generate a warning like this:
    warning: [output-file-clash] output file written more than once: /home/test/Test$Caf?.class

",,,
https://www.oracle.com/java/technologies/javase/21-relnote-issues.html,Other Notes,"
tools/javac
??Generate ""potentially ambiguous overload"" Warning for Inherited Methods
 (JDK-8026369)

Prior to JDK 21"","" the javac compiler was omitting some ""potentially ambiguous overload"" warnings enabled by the -Xlint:overloads option.
If the -Xlint:overloads option is enabled"","" the compiler warns when the methods in a class create a potential ambiguity for method invocations containing an implicit lambda expression parameter like x -> { ... }. An ambiguity can occur if two or more methods could match such a method call"","" like when one method takes a Consumer<Integer> parameter where the other takes an IntConsumer. For example"","" the javac compiler should issue a warning for code such as:
    interface I {

        void foo(Consumer<Integer> c);
        void foo(IntConsumer c);
    }
Prior to JDK 21"","" the warning was only issued for a class if one of the methods was declared in the class. The javac compiler now also warns when neither method is declared in the class. That is"","" both methods are inherited from supertypes. For example"","" for code like:
    interface I {

        void foo(Consumer<Integer> c);
    }

    interface J {
        void foo(IntConsumer c);
    }

    interface K extends I"","" J {}
",,,
https://www.oracle.com/java/technologies/javase/21-relnote-issues.html,Other Notes,"
tools/javac
??Emit synthetic and mandated Flags for Parameters by Default
 (JDK-8292275)

Prior to JDK 21"","" the javac compiler did not always mark method parameters as synthetic or mandated when applicable. Starting with JDK 21"","" the javac compiler emits the MethodParameters attribute in the class file when applicable. This attribute stores information on whether or not parameters are synthetic or mandated. This change applies to all release and target versions supported by javac  since all currently supported releases and targets have the MethodParameters attribute defined.
This change is justified by JLS Åò 13.1"","" in particular:
A binary representation for a class or interface must also contain all of the following:


[...]

11. A construct emitted by a Java compiler must be marked as synthetic if it does not
    correspond to a construct declared explicitly or implicitly in source code"","" unless
    the emitted construct is a class initialization method (JVMS Åò2.9).
12. A construct emitted by a Java compiler must be marked as mandated if it corresponds
    to a formal parameter declared implicitly in source code (Åò8.8.1"","" Åò8.8.9"","" Åò8.9.3"",""
    Åò15.9.5.1).
",,,
https://www.oracle.com/java/technologies/javase/21-relnote-issues.html,Other Notes,"
tools/javac
??Annotations with No @Target Annotation Should Be Applicable to Type Parameter Declarations
 (JDK-8303784)

Prior to JDK 21"","" the javac compiler was not allowing annotations with no @Target annotation to be applied to type parameter declarations.
This is a bug in the javac compiler in versions prior to JDK21. JLS 9.6.4.1 specifies that annotations without an @Target annotation are applicable in 'all declaration contexts'"","" which includes type parameter declarations.
Starting from JDK21"","" the javac compiler will accept code like:
import java.lang.annotation.Retention;

import java.lang.annotation.RetentionPolicy;

@Retention(RetentionPolicy.RUNTIME)
@interface Anno {}

class C<@Anno T> {}
This change affects compilations targeting -source/--release 14 and higher.
",,,
https://www.oracle.com/java/technologies/javase/21-relnote-issues.html,Other Notes,"
client-libs
??Relax the java.awt.Robot Specification
 (JDK-8307779)

This JDK release relaxes the specification of java.awt.Robot to account for possible platform and desktop environment access restrictions or limitations.
",,,
https://www.oracle.com/java/technologies/javase/21-relnote-issues.html,Other Notes,"hotspot/runtime??NMT: Make Peak Values Available in Release Builds
NMT reports will now show peak values for all categories. Peak values contain the highest value for committed memory in a given NMT category over the lifetime of the JVM process.
If the committed memory for an NMT category is currently at peak"","" NMT prints ""at peak""; otherwise"","" it prints the peak value.
For example:
- Compiler (reserved=230KB"","" committed=230KB)
                            (malloc=34KB #64) (peak=49KB #71)
                            (arena=196KB #4) (peak=6126KB #16)
							
This shows Compiler arena memory peaked at a bit more than 6MB"","" whereas it now hovers around 200 KB.
See JDK-8317772
",,,
https://www.oracle.com/java/technologies/javase/21-relnote-issues.html,Differences Between Oracle JDK and OpenJDK,"Although we have stated the goal to have Oracle JDK and OpenJDK binaries be as close to each other as possible"","" there remain several differences between the two options.
The current differences are:

Oracle JDK offers ""installers"" (msi"","" rpm"","" deb"","" etc.) which not only place the JDK binaries in your system but also contain update rules and in some cases handle some common configurations like set common environmental variables (such as"","" JAVA_HOME in Windows) and establish file associations (such as"","" use java to launch .jar files). OpenJDK is offered only as compressed archive (tar.gz or .zip).
Usage Logging is only available in Oracle JDK.
Oracle JDK requires that third-party cryptographic providers be signed with a Java Cryptography Extension (JCE) Code Signing Certificate. OpenJDK continues allowing the use of unsigned third-party crypto providers.
The output of java -version is different. Oracle JDK returns java and includes the Oracle-specific identifier. OpenJDK returns OpenJDK and does not include the Oracle-specific identifier.
Oracle JDK will be released under the Oracle No-Fee Terms and Conditions License. OpenJDK is released under GPLv2wCP. License files included with each will therefore be different.
Oracle JDK distributes FreeType under the FreeType license and OpenJDK does so under GPLv2. The contents of \legal\java.desktop\freetype.md is therefore different.
Oracle JDK has Java cup and steam icons and OpenJDK has Duke icons.
Oracle JDK source code includes ""ORACLE PROPRIETARY/CONFIDENTIAL. Use is subject to license terms."" Source code distributed with OpenJDK refers to the GPL license terms instead.

",,,
https://www.oracle.com/java/technologies/javase/21-0-1-relnotes.html,Known Issues,"
security-libs/java.security
??RSA Signature Verification Fails on Signed Data that Does Not Encode Parameters Correctly
 (JDK-8313793)

The fix for JDK-8302017 updated the RSA signature verification algorithm for compliance with RFC 8017. However"","" this modification introduced a regression: signatures not strictly conforming to RFC 8017 may fail verification. This issue will be addressed in a forthcoming update. For further information"","" refer to JDK-8320597.
",,,
https://www.oracle.com/java/technologies/javase/21-0-1-relnotes.html,Other Notes,"
security-libs/java.security
??Added Certigna Root CA Certificate
 (JDK-8314960)

The following root certificate has been added to the cacerts truststore:
+ Certigna (Dhimyotis)

  + certignarootca
    DN: CN=Certigna Root CA"","" OU=0002 48146308100036"","" O=Dhimyotis"","" C=FR
",,,
https://www.oracle.com/java/technologies/javase/21-0-1-relnotes.html,Other Notes,"
security-libs/java.security
??Increase Default Value of the System Property jdk.jar.maxSignatureFileSize
 (JDK-8312489)

The system property"","" jdk.jar.maxSignatureFileSize"","" allows applications to control the maximum size of signature files in a signed JAR. Its default value has been increased from 8000000 bytes (8 MB) to 16000000 bytes (16 MB).
",,,
https://www.oracle.com/java/technologies/javase/21-0-2-relnotes.html,New Features,"
core-libs/java.net
??TCP_KEEPxxxx Extended Socket Options Are Now Supported on the Windows Platform
 (JDK-8308593)

The java.net.ExtendedSocketOptions TCP_KEEPIDLE and TCP_KEEPINTERVAL are supported on Windows platforms starting from Windows 10 version 1709 and onwards. TCP_KEEPCOUNT is supported starting from Windows 10 version 1703 and onwards.
",,,
https://www.oracle.com/java/technologies/javase/21-0-2-relnotes.html,New Features,"
core-libs/java.nio
??BasicFileAttributes.creationTime Returns Birth Time on Linux
 (JDK-8316304)

On Linux (kernel version 4.11 or newer"","" glibc version 2.28 or newer)"","" BasicFileAttributes.creationTime now returns the creation or birth time of the file through the stx_btime element of struct statx. In previous JDK releases"","" the last modified time was returned. If the birth time is supported by the platform but not by the file system"","" then the epoch 1970-01-01T00:00:00Z is returned.
",,,
https://www.oracle.com/java/technologies/javase/21-0-2-relnotes.html,Known Issues,"
hotspot/compiler
??Potential Performance Regression Due to Limited Range Check Elimination
 (JDK-8314468 (not public))

When the C1 compiler is the only compiler available to the VM"","" it applies loop predication to remove array access range checks from loop bodies. Due to a defect"","" this optimization was disabled"","" potentially leading to a performance regression.
This only affects the client VM or VM's running with the non-default command line flags -XX:+NeverActAsServerClassMachine or -XX:TieredStopAtLevel=[1"",""2"",""3].
",,,
https://www.oracle.com/java/technologies/javase/21-0-2-relnotes.html,Issues Fixed,"
hotspot/compiler
??ZGC: Reintroduced Support for Non-Default ObjectAlignmentInBytes
 (JDK-8315082)

The JDK 21 issue that could potentially lead to JVM crashes or incorrect execution when running the JVM with -XX:+UseZGC and non-default value of -XX:ObjectAlignmentInBytes has been resolved"","" and it is possible again to use this combination of JVM options.
",,,
https://www.oracle.com/java/technologies/javase/21-0-2-relnotes.html,Other Notes,"
security-libs/java.security
??Added Four Root Certificates from DigiCert"","" Inc.
 (JDK-8318759)

The following root certificates have been added to the cacerts truststore:
+ DigiCert"","" Inc.

  + digicertcseccrootg5
    DN: CN=CN=DigiCert CS ECC P384 Root G5"","" O=""DigiCert"","" Inc."""","" C=US

+ DigiCert"","" Inc.
  + digicertcsrsarootg5
    DN: CN=DigiCert CS RSA4096 Root G5"","" O=""DigiCert"","" Inc."""","" C=US

+ DigiCert"","" Inc.
  + digicerttlseccrootg5
    DN: DigiCert TLS ECC P384 Root G5"","" O=""DigiCert"","" Inc."""","" C=US

+ DigiCert"","" Inc.
  + digicerttlsrsarootg5
    DN: DigiCert TLS RSA4096 Root G5"","" O=""DigiCert"","" Inc."""","" C=US
",,,
https://www.oracle.com/java/technologies/javase/21-0-2-relnotes.html,Other Notes,"
security-libs/java.security
??Added Three Root Certificates from eMudhra Technologies Limited
 (JDK-8319187)

The following root certificates have been added to the cacerts truststore:
+ eMudhra Technologies Limited

  + emsignrootcag1
    DN: CN=emSign Root CA - G1"","" O=eMudhra Technologies Limited"","" OU=emSign PKI"","" C=IN

+ eMudhra Technologies Limited
  + emsigneccrootcag3
    DN: CN=emSign ECC Root CA - G3"","" O=eMudhra Technologies Limited"","" OU=emSign PKI"","" C=IN

+ eMudhra Technologies Limited
  + emsignrootcag2
    DN: CN=emSign Root CA - G2"","" O=eMudhra Technologies Limited"","" OU=emSign PKI"","" C=IN
",,,
https://www.oracle.com/java/technologies/javase/21-0-2-relnotes.html,Other Notes,"
security-libs/java.security
??Added Telia Root CA v2 Certificate
 (JDK-8317373)

The following root certificate has been added to the cacerts truststore:
+ Telia Root CA v2

  + teliarootcav2
    DN: CN=Telia Root CA v2"","" O=Telia Finland Oyj"","" C=FI
",,,
https://www.oracle.com/java/technologies/javase/21-0-2-relnotes.html,Other Notes,"
security-libs/java.security
??Added ISRG Root X2 CA Certificate from Let's Encrypt
 (JDK-8317374)

The following root certificate has been added to the cacerts truststore:
+ Let's Encrypt

  + letsencryptisrgx2
    DN: CN=ISRG Root X2"","" O=Internet Security Research Group"","" C=US
",,,
https://www.oracle.com/java/technologies/javase/21-0-2-relnotes.html,Other Notes,"hotspot/runtime??NMT: Make Peak Values Available in Release Builds
 (JDK-8317772)
NMT reports will now show peak values for all categories. Peak values contain the highest value for committed memory in a given NMT category over the lifetime of the JVM process.
If the committed memory for an NMT category is currently at peak"","" NMT prints ""at peak""; otherwise"","" it prints the peak value.
For example:
- Compiler (reserved=230KB"","" committed=230KB)
                            (malloc=34KB #64) (peak=49KB #71)
                            (arena=196KB #4) (peak=6126KB #16)
							
This shows Compiler arena memory peaked at a bit more than 6MB"","" whereas it now hovers around 200 KB.
",,,
https://www.oracle.com/java/technologies/javase/21-0-2-relnotes.html,Other Notes,"hotspot/runtime??Add User Facing Warning If THPs Are Enabled but Cannot Be Used
 (JDK-8313782)
On Linux"","" if the JVM is started with +UseTransparentHugePages but the system does not support Transparent Huge Pages"","" a warning will now be printed to stdout:
UseTransparentHugePages disabled; transparent huge pages are not supported by the operating system.
",,,
https://www.oracle.com/java/technologies/javase/21-0-2-relnotes.html,Other Notes,"
hotspot/runtime
??Hotspot hs_err Files Now Print the Lock Stack
 (JDK-8316735)

A section containing the thread local lock stack has been added to hs_err report files. It only gets printed when the new lightweight locking mode is enabled (-XX:LockingMode=2).
An example is given here with details about the locked objects omitted:
Lock stack of current Java thread (top to bottom):

LockStack[1]: nsk.share.jdi.EventHandler 
...
LockStack[0]: java.util.Collections$SynchronizedRandomAccessList
...
It lists objects which are lightweight locked"","" through synchronized methods or statements"","" by the Java thread which is being analyzed. The object which has been locked most recently is printed first. Objects which are not lightweight locked are not displayed in this section.
",,,
https://www.oracle.com/java/technologies/javase/21-0-3-relnotes.html,New Features,"
security-libs/javax.crypto
??Update XML Security for Java to 3.0.3
 (JDK-8319124)

The XML Signature implementation has been updated to Santuario 3.0.3. Support for four new SHA-3 based RSA-MGF1 signature methods have been added: SHA3_224_RSA_MGF1"","" SHA3_256_RSA_MGF1"","" SHA3_384_RSA_MGF1"","" and SHA3_512_RSA_MGF1. While these new algorithm URIs are not defined in javax.xml.crypto.dsig.SignatureMethod in the JDK update releases"","" they may be represented as string literals in order to be functionally equivalent. SHA-3 hash algorithm support was delivered to JDK 9 via JEP 287. Releases earlier than that may use third party security providers.
",,,
https://www.oracle.com/java/technologies/javase/21-0-3-relnotes.html,New Features,"
tools/jpackage
??jpackage Apps May Fail to Build on Debian Linux Distros Due to Missing Shared Libraries
 (JDK-8295111)

There is an issue on Debian Linux distros where jpackage could not always build an accurate list of required packages from shared libraries with symbolic links in their paths"","" causing installations to fail due to missing shared libraries.
",,,
https://www.oracle.com/java/technologies/javase/21-0-3-relnotes.html,Other Notes,"
client-libs/java.awt
??AWT SystemTray API Is Not Supported on Most Linux Desktops
 (JDK-8322750)

The java.awt.SystemTray API is used for notifications in a desktop taskbar and may include an icon representing an application. On Linux"","" the Gnome desktop's own icon support in the taskbar has not worked properly for several years due to a platform bug. This"","" in turn"","" has affected the JDK's API"","" which relies upon that.
Therefore"","" in accordance with the existing Java SE specification"","" java.awt.SystemTray.isSupported() will return false where ever the JDK determines the platform bug is likely to be present.
The impact of this is likely to be limited since applications always must check for that support anyway. Additionally"","" some distros have not supported the SystemTray for several years unless the end-user chooses to install non-bundled desktop extensions.
",,,
https://www.oracle.com/java/technologies/javase/21-0-3-relnotes.html,Other Notes,"
security-libs/java.security
??Added Certainly R1 and E1 Root Certificates
 (JDK-8321408)

The following root certificates have been added to the cacerts truststore:
+ Certainly

  + certainlyrootr1
    DN: CN=Certainly Root R1"","" O=Certainly"","" C=US

+ Certainly
  + certainlyroote1
    DN: CN=Certainly Root E1"","" O=Certainly"","" C=US
",,,
https://www.oracle.com/java/technologies/javase/21-0-3-relnotes.html,Other Notes,"
tools/javac
??Align javac with the Java Language Specification by Rejecting final in Record Patterns
 (JDK-8317300)

JDK 21 introduced pattern matching in the Java language. However"","" javac allowed final in front of a record pattern"","" such as (case final R(...) ->)"","" something which is not allowed by the Java Language Specification.
Programs that could be compiled erroneously in JDK21 with final will now fail to compile. This change fixes the issue in the compiler. Impacted users will need to remove the final keyword.
",,,
https://www.oracle.com/java/technologies/javase/21-0-4-relnotes.html,New Features,"
security-libs/java.security
??New Security Category for -XshowSettings Launcher Option
 (JDK-8281658)

The -XshowSettings launcher has a new security category. Settings from security properties"","" security providers and TLS related settings are displayed with this option. A security sub-category can be passed as an argument to the security category option. See the output from java -X:
   -XshowSettings:security

       show all security settings and continue
   -XshowSettings:security:*sub-category*
       show settings for the specified security sub-category and continue. Possible *sub-category* arguments for this option include:
       all: show all security settings and continue
       properties: show security properties and continue
       providers: show static security provider settings and continue
       tls: show TLS related security settings and continue
Third party security provider details will be reported if they are included in the application class path or module path and such providers are configured in the java.security file.
",,,
https://www.oracle.com/java/technologies/javase/21-0-4-relnotes.html,New Features,"
hotspot/gc
??G1: Balance Code Root Scan Phase During Garbage Collection
 (JDK-8315503)

The Code Root Scan Phase during garbage collection finds references to Java objects in compiled code. To speed up this process"","" G1 maintains a remembered set for compiled code that contains references into the Java heap. That is"","" every region contains a set of compiled code that contains references into it.
Assuming that such references are few"","" previous code used a single thread per region to iterate over a particular region's references"","" which poses a scalability bottleneck if the distribution of these references is very unbalanced.
G1 now distributes this code root scan work across multiple threads within regions"","" removing this bottleneck.
",,,
https://www.oracle.com/java/technologies/javase/21-0-4-relnotes.html,New Features,"
hotspot/gc
??Parallel: Precise Parallel Scanning of Large Object Arrays for Young Collection Roots
 (JDK-8310031)

During a young collection"","" ParallelGC partitions the old generation into 64kB stripes when scanning it for references into the young generation. These stripes are assigned to worker threads that do the scanning in parallel as work units.
Before this change"","" Parallel GC always scanned these stripes completely even if only a small part had been known to contain interesting references. Additionally"","" every worker thread processed the objects that start in that stripe by itself"","" including parts of objects that extend into other stripes.  This behavior limited parallelism when processing large objects. A single large object"","" potentially containing thousands of references"","" had been scanned by a single thread only and in full. This would cause bad scaling due to memory sharing and cache misses in the subsequent long"","" work stealing phase.
With this change"","" Parallel GC workers limit work to their stripe and only process interesting parts of large object arrays. This reduces the work done by a single thread for a stripe"","" improves parallelism"","" and reduces the amount of work stealing. Parallel GC pauses are now on par with G1 in presence of large object arrays"","" reducing pause times by 4-5 times in some cases.
",,,
https://www.oracle.com/java/technologies/javase/21-0-4-relnotes.html,New Features,"
tools/jpackage
??jpackage May Produce an Inaccurate List of Required Packages on Debian Linux Distros
 (JDK-8295111)

Fixed an issue on Debian Linux distros where jpackage could not always build an accurate list of required packages from shared libraries with symbolic links in their paths"","" causing installations to fail due to missing shared libraries.
",,,
https://www.oracle.com/java/technologies/javase/21-0-4-relnotes.html,New Features,"
install/install
??Remove Obsolete Desktop Integration from Linux Installers
 (JDK-8322234 (not public))

Delete nonfunctional desktop integration functionality from Linux installers. The installers will stop depositing files in /usr/share/icons"","" /usr/share/mime"","" and /usr/share/applications subtrees.
",,,
https://www.oracle.com/java/technologies/javase/21-0-4-relnotes.html,Other Notes,"
security-libs/java.security
??Added GlobalSign R46 and E46 Root CA Certificates
 (JDK-8316138)

The following root certificates have been added to the cacerts truststore:
+ GlobalSign

  + globalsignr46
    DN: CN=GlobalSign Root R46"","" O=GlobalSign nv-sa"","" C=BE

+ GlobalSign
  + globalsigne46
    DN: CN=GlobalSign Root E46"","" O=GlobalSign nv-sa"","" C=BE
",,,
https://www.oracle.com/java/technologies/javase/21-0-4-relnotes.html,Other Notes,"
infrastructure/build
??Native Executables and Libraries on Linux Use RPATH Instead of RUNPATH
 (JDK-8326891)

Native executables and libraries on Linux have switched to using RPATH instead of RUNPATH in this release.
JDK native executables and libraries use embedded runtime search paths to locate other internal JDK native libraries. On Linux these can be defined as either RPATH or RUNPATH. The main difference is that the dynamic linker considers RPATH before the LD_LIBRARY_PATH environment variable"","" while RUNPATH is only considered after LD_LIBRARY_PATH.
By making the change to using RPATH"","" it is no longer possible to replace JDK internal native libraries using LD_LIBRARY_PATH.
",,,
https://www.oracle.com/java/technologies/javase/21-0-4-relnotes.html,Other Notes,"
install/install
??Install DEB and RPM Java Packages in Version Directory
 (JDK-8325265 (not public))

The installation directory name of the Oracle JDK in RPM and DEB packages has changed from /usr/lib/jvm/jdk-${FEATURE}-oracle-${ARCH} to /usr/lib/jvm/jdk-${VERSION}-oracle-${ARCH}.
Every update release will be installed in a separate directory on Linux platform.
Installers will create a /usr/java/jdk-${FEATURE}-oracle-${ARCH} link pointing to the installation directory to allow programs to find the latest JDK version in the ${FEATURE} release train.
",,,
https://www.oracle.com/java/technologies/javase/21-0-5-relnotes.html,New Features,"
security-libs/java.security
??Thread and Timestamp Options for java.security.debug System Property
 (JDK-8051959)

The java.security.debug system property now accepts arguments which add thread ID"","" thread name"","" caller information"","" and timestamp information to debug statements for all components or a specific component.
+timestamp can be appended to debug options to print a timestamp for that debug option. +thread can be appended to debug options to print thread and caller information for that debug option.
Examples: -Djava.security.debug=all+timestamp+thread adds timestamp and thread information to every debug statement generated.
-Djava.security.debug=properties+timestamp adds timestamp information to every debug statement generated for the properties component.
You can also specify -Djava.security.debug=help which will display a complete list of supported components and arguments.
See Printing Thread and Timestamp Information for more information.
",,,
https://www.oracle.com/java/technologies/javase/21-0-5-relnotes.html,New Features,"
install/install
??JDK RPM Upgrade Leaves Orphan Alternatives Entry
 (JDK-8336107 (not public))

Fixed the issue with entries in the ""java"" and ""javac"" groups not being properly managed during an RPM upgrade.
Upgrading from an older Java RPM installed into a shared directory (/usr/lib/jvm/jdk-${FEATURE}-oracle-${ARCH}) to a Java RPM installing into a version-specific directory (/usr/lib/jvm/jdk-${VERSION}-oracle-${ARCH})"","" results in the older Java entries in the ""java"" and ""javac"" groups not being deleted.
The issue does not manifest until the new Java is uninstalled. When it is uninstalled and Java from the lower release is installed"","" running Java commands like java or keytool without the full path specified will result in the ""command not found"" error. For example"","" install 21.0.3; upgrade it to 21.0.4; uninstall 21.0.4; install any Java update of 17 or 11 or 8 release; run ""java"" from the command line. The command will fail with the ""command not found"" error.
Manually delete orphan Java entries in the ""java"" and ""javac"" groups to workaround the issue.
",,,
https://www.oracle.com/java/technologies/javase/21-0-5-relnotes.html,Other Notes,"
core-libs/java.net
??New Default Limits in the JDK HTTP Implementations
 (JDK-8328286 (not public))

New Default limits have been added to HTTP in the JDK.
The JDK built-in implementation of the legacy URL protocol handler for HTTP"","" HttpURLConnection"","" and the new HttpClient"","" in the module java.net.http"","" now have a default limit on the maximum response headers size they will accept from a remote party. The limit is set by default at 384kB (393216 bytes) and is computed as the cumulative size of all header names and header values plus an overhead of 32 bytes per header name value pair.
The default value of the limit can be changed by specifying a positive value with the jdk.http.maxHeaderSize system property on the command line"","" or in the appropriate conf.properties or net.properties file. A negative or zero value is interpreted as no limit.  If the limit is exceeded"","" the request will fail with a protocol exception.
The JDK built-in implementation of the com.sun.net.httpserver.HttpServer (jdk.httpserver) implements a similar limit for the maximum request header size the server is prepared to accept. The HttpServer limit can be changed by specifying a positive value with the sun.net.httpserver.maxReqHeaderSize system property on the command line. A negative or zero value is interpreted as no limit.  The limit is set by default at 384kB (393216 bytes) and the size is computed in the same way as explained above. If the limit is exceeded"","" the connection is closed.
In addition"","" the JDK built-in implementation of the new java.net.http.HttpClient enforces two additional limits:
The system property jdk.httpclient.maxNonFinalResponses can be specified with a positive value on the java command line"","" or in the conf.properties or net.properties file"","" to control how many interim responses the client will accept before receiving a final response. An interim response is considered informational and is a response whose status is in the range [100"","" 199]. These responses are typically either handled internally or simply discarded by the implementation. The default limit is now set at a maximum of 8 interim responses before receiving the final response. A negative or zero value is interpreted as no limit. If the limit is exceeded"","" the request will fail with a protocol exception.
The system property jdk.httpclient.maxLiteralWithIndexing can be specified with a positive value on the java command line"","" or in the conf.properties or net.properties file"","" to control how many additions a server may request a client to make to the HPack dynamic table when decoding a set of headers. The default maximum value is now set to 512. A negative or zero value is interpreted as no limit.  If the limit is exceeded"","" the request will fail with a protocol exception.
",,,
https://www.oracle.com/java/technologies/javase/21-0-5-relnotes.html,Other Notes,"
security-libs/java.security
??Added SSL.com TLS Root CA Certificates Issued in 2022
 (JDK-8341057)

The following root certificates have been added to the cacerts truststore:
+ SSL.com

  + ssltlsrootecc2022
    DN: CN=SSL.com TLS ECC Root CA 2022"","" O=SSL Corporation"","" C=US

+ SSL.com
  + ssltlsrootrsa2022
    DN: CN=SSL.com TLS RSA Root CA 2022"","" O=SSL Corporation"","" C=US
",,,
https://www.oracle.com/java/technologies/javase/21-0-5-relnotes.html,Other Notes,"
security-libs/javax.net.ssl
??Distrust TLS Server Certificates Anchored by Entrust Root Certificates and Issued After Nov 11"","" 2024
 (JDK-8337664)

The JDK will stop trusting TLS server certificates issued after November 11"","" 2024 and anchored by Entrust root certificates"","" in line with similar plans recently announced by Google and Mozilla. The list of affected certificates includes certificates branded as AffirmTrust"","" which are managed by Entrust.
TLS server certificates issued on or before November 11"","" 2024 will continue to be trusted until they expire. Certificates issued after that date"","" and anchored by any of the Certificate Authorities in the table below"","" will be rejected.
The restrictions will be enforced in the JDK implementation (the SunJSSE Provider) of the Java Secure Socket Extension (JSSE) API. A TLS session will not be negotiated if the server's certificate chain is anchored by any of the Certificate Authorities in the table below and the certificate has been issued after November 11"","" 2024.
An application will receive an Exception with a message indicating the trust anchor is not trusted"","" for example:
TLS server certificate issued after 2024-11-11 and anchored by a distrusted legacy Entrust root CA: CN=Entrust.net Certification Authority (2048)"",""

OU=(c) 1999 Entrust.net Limited"","" OU=www.entrust.net/CPS_2048 incorp. by ref. (limits liab.)"","" O=Entrust.net
If necessary"","" and at your own risk"","" you can work around the restrictions by removing ""ENTRUST_TLS"" from the jdk.security.caDistrustPolicies security property in the java.security configuration file.
The restrictions are imposed on the following Entrust Root certificates included in the JDK:

Root Certificates distrusted after 2024-11-11


Distinguished Name
SHA-256 Fingerprint




CN=Entrust Root Certification Authority"","" OU=(c) 2006 Entrust"","" Inc."","" OU=www.entrust.net/CPS is incorporated by reference"","" O=Entrust"","" Inc."","" C=US

73:C1:76:43:4F:1B:C6:D5:AD:F4:5B:0E:76:E7:27:28:7C:8D:E5:76:16:C1:E6:E6:14:1A:2B:2C:BC:7D:8E:4C



CN=Entrust Root Certification Authority - EC1"","" OU=(c) 2012 Entrust"","" Inc. - for authorized use only"","" OU=See www.entrust.net/legal-terms"","" O=Entrust"","" Inc."","" C=US

02:ED:0E:B2:8C:14:DA:45:16:5C:56:67:91:70:0D:64:51:D7:FB:56:F0:B2:AB:1D:3B:8E:B0:70:E5:6E:DF:F5



CN=Entrust Root Certification Authority - G2"","" OU=(c) 2009 Entrust"","" Inc. - for authorized use only"","" OU=See www.entrust.net/legal-terms"","" O=Entrust"","" Inc."","" C=US

43:DF:57:74:B0:3E:7F:EF:5F:E4:0D:93:1A:7B:ED:F1:BB:2E:6B:42:73:8C:4E:6D:38:41:10:3D:3A:A7:F3:39



CN=Entrust Root Certification Authority - G4"","" OU=(c) 2015 Entrust"","" Inc. - for authorized use only"","" OU=See www.entrust.net/legal-terms"","" O=Entrust"","" Inc."","" C=US

DB:35:17:D1:F6:73:2A:2D:5A:B9:7C:53:3E:C7:07:79:EE:32:70:A6:2F:B4:AC:42:38:37:24:60:E6:F0:1E:88



CN=Entrust.net Certification Authority (2048)"","" OU=(c) 1999 Entrust.net Limited"","" OU=www.entrust.net/CPS_2048 incorp. by ref. (limits liab.)"","" O=Entrust.net

6D:C4:71:72:E0:1C:BC:B0:BF:62:58:0D:89:5F:E2:B8:AC:9A:D4:F8:73:80:1E:0C:10:B9:C8:37:D2:1E:B1:77



CN=AffirmTrust Commercial"","" O=AffirmTrust"","" C=US

03:76:AB:1D:54:C5:F9:80:3C:E4:B2:E2:01:A0:EE:7E:EF:7B:57:B6:36:E8:A9:3C:9B:8D:48:60:C9:6F:5F:A7



CN=AffirmTrust Networking"","" O=AffirmTrust"","" C=US

0A:81:EC:5A:92:97:77:F1:45:90:4A:F3:8D:5D:50:9F:66:B5:E2:C5:8F:CD:B5:31:05:8B:0E:17:F3:F0B4:1B



CN=AffirmTrust Premium"","" O=AffirmTrust"","" C=US

70:A7:3F:7F:37:6B:60:07:42:48:90:45:34:B1:14:82:D5:BF:0E:69:8E:CC:49:8D:F5:25:77:EB:F2:E9:3B:9A



CN=AffirmTrust Premium ECC"","" O=AffirmTrust"","" C=US

BD:71:FD:F6:DA:97:E4:CF:62:D1:64:7A:DD:25:81:B0:7D:79:AD:F8:39:7E:B4:EC:BA:9C:5E:84:88:82:14:23




You can also use the keytool utility from the JDK to print out details of the certificate chain"","" as follows:
keytool -v -list -alias <your_server_alias> -keystore <your_keystore_filename>

If any of the certificates in the chain are issued by one of the root CAs in the table above are listed in the output you will need to update the certificate or contact the organization that manages the server.
",,,
https://www.oracle.com/java/technologies/javase/21-0-5-relnotes.html,Other Notes,"
core-libs/java.text
??MessageFormat ArgumentIndex Now Has a Limit
 (JDK-8331446 (not public))

In the JDK"","" java.text.MessageFormat now has an implementation limit for the ArgumentIndex pattern element. The hard limit for the value is 10"",""000.
If an ArgumentIndex value is equal to or exceeds the upper limit"","" an IllegalArgumentException will now be thrown by

MessageFormats constructors
applyPattern(String pattern) instance method
format(String pattern"","" Object... arguments) static method

De-serializing a MessageFormat object with an ArgumentIndex value at or over the limit will throw an InvalidObjectException.
",,,
https://www.oracle.com/java/technologies/javase/21-0-5-relnotes.html,Other Notes,"
core-svc/java.lang.management
??The ClassLoadingMXBean and MemoryMXBean isVerbose Methods Are Now Consistent with Their setVerbose Methods
 (JDK-8338139)

The ClassLoadingMXBean::setVerbose(boolean enabled) method will set class+load* logging on log output stdout to level info if enabled is true"","" and to level off otherwise. In contrast"","" the isVerbose method would check if exactly class+load logging was enabled at the info level on any log output. This could result in counter-intuitive behavior when logging class+load=info to a file via the command-line"","" as it caused isVerbose to return true"","" even after a call to setVerbose(false) had been made. A similar problem existed for the MemoryMXBean::isVerbose method. Starting with this release"","" the behavior is as follows:

ClassLoadingMXBean::isVerbose will return true only if class+load* logging (note the wildcard use) has been enabled at the info level (or above) on the stdout log output.
MemoryMXBean::isVerbose will return true only if gc logging has been enabled at the info level (or above) on the stdout log output.

",,,
https://www.oracle.com/java/technologies/javase/21-0-5-relnotes.html,Other Notes,"
security-libs/javax.crypto
??KEM.getInstance() Should Check If a Third-Party Security Provider Is Signed
 (JDK-8322971)

When instantiating a third-party security provider's implementation (class) of a KEM algorithm"","" the framework will determine the provider's codebase (JAR file) and verify its signature. In this way"","" JCA authenticates the provider and ensures that only providers signed by a trusted entity can be plugged into the JCA. This is consistent with other JCE service classes"","" such as Cipher"","" Mac"","" KeyAgreement"","" and others.
",,,
https://www.oracle.com/java/technologies/javase/21-0-5-relnotes.html,Other Notes,"
tools/launcher
??Available Locales Information Now Listed with -XshowSettings:locale Option
 (JDK-8310201)

The showSettings launcher option no longer prints available locales information by default"","" when -XshowSettings is used. The -XshowSettings:locale option will continue to print all settings related to available locales.
",,,
https://www.oracle.com/java/technologies/javase/21-0-6-relnotes.html,Other Notes,"
core-libs/java.lang
??ProcessBuilder on Windows Quotes Argument Strings Containing Any Space Character
 (JDK-8335428 (not public))

On Windows"","" the ProcessBuilder has expanded the quoting of argument strings when starting a process to ensure they are recognized by the application as a single command argument. The set of space characters has been expanded from space (0x20) to include all space characters as defined by java.lang.Character.isSpaceChar"","" which includes all Unicode space separator characters"","" such as EN-SPACE (0x2002)"","" and line separator and paragraph separator characters.
",,,
https://www.oracle.com/java/technologies/javase/21-0-6-relnotes.html,Other Notes,"
core-libs/java.time
??Support for Time Zone Database 2024b
 (JDK-8339637)

IANA Time Zone Database has been upgraded to 2024b. This version mainly includes changes to improve historical data for Mexico"","" Mongolia"","" and Portugal. It also changes one timestamp abbreviation"","" for the time zone 'MET'. Also Asia/Choibalsan is now an alias for Asia/Ulaanbaatar.
The new tzdata changes also impact some legacy time zone IDs. As per 2024b changes ""EST""  links to ""America/Panama"""","" ""HST"" links to ""Pacific/Honolulu"" and ""MST"" links to ""America/Phoenix"". To maintain compatibility with the Java SE specification"","" the java.time.ZoneId.SHORT_IDS Map has not changed. Further details are available at JDK-8342331
",,,
