https://www.postgresql.jp/docs/14/release-14-1.html,RELEASE-14-1,E.5.2. 変更点,,,"

PostgreSQLサーバがSSL暗号化またはGSS暗号化においてハンドシェイクが完了するまでは外来データを拒絶するようになりました。
(Tom Lane)
     

これまでTCP接続にデータを挿入できる中間者は、暗号化で保護されているはずのデータベースセッションの冒頭に平文データを投入可能でした。
サーバが認証データを要求してこない場合（例えばSSL証明書認証のみを使っている場合）に限られますが、これを悪用して偽のSQLコマンドをサーバに送ることができました。
     

PostgreSQLプロジェクトは本問題を報告してくれたJacob Championに感謝します。 
(CVE-2021-23214)
     "
https://www.postgresql.jp/docs/14/release-14-1.html,RELEASE-14-1,E.5.2. 変更点,,,"

libpqがSSL暗号化またはGSS暗号化のハンドシェイクが完了する前は、外来データを拒絶するようになりました。
(Tom Lane)
     

これまでTCP接続にデータを挿入できる中間者は、暗号化で保護されているはずのデータベースセッションの冒頭に平文データを投入可能でした。
libpqの問い合わせ応答以外の細かい振る舞いのために実現は容易ではありませんが、これを悪用してクライアントの最初の問い合わせに偽の応答を挿入することがおそらく可能でした。
別の攻撃は、セッションの初期に送られたクライアントのパスワードやその他の機微データを抜き出すことです。
これはCVE-2021-23214のサーバ側脆弱性と組み合わせて可能となります。
(CVE-2021-23222)
     

PostgreSQLプロジェクトは本問題を報告してくれたJacob Championに感謝します。
(CVE-2021-23222)
     "
https://www.postgresql.jp/docs/14/release-14-1.html,RELEASE-14-1,E.5.2. 変更点,,,"

物理レプリケーションで、プライマリが部分的なWALレコードで終わっているWALセグメントを渡した後にクラッシュした場合について、修正されました。
(?lvaro Herrera)
     

ダウンするプライマリが不完全なWALレコードの残りを書き込み完了できなかった場合、以前のクラッシュリカバリロジックでは、それをバックアップして、不完全なWALレコードの最初からWALを上書きしました。
スタンバイサーバは既にそのWALセグメントのコピーを持っているかもしれないので、これは問題がありました。
不整合な次セグメントに遭遇して、手動の介入なしにはリカバリできないことになりました。
クラッシュ後の再起動時にWALセグメント境界を越えたバックアップをしないように修正されました。
その代わりに、次のWALセグメントの始めに新しいタイプのWALレコードを書いて、不完全なWALレコードは決して終了せず無視しなければならないことを知らせるようになりました。
     

この修正を適用する場合、新しいWALレコードタイプが生じるようになるため、プライマリより先にスタンバイサーバをアップデートするのが良いです。
     "
https://www.postgresql.jp/docs/14/release-14-1.html,RELEASE-14-1,E.5.2. 変更点,,,"

並列VACUUMがインデックスを取りこぼさないように修正されました。
(Peter Geoghegan"","" Masahiko Sawada)
     

テーブルがmin_parallel_index_scan_sizeを上回る2つ以上のインデックスを持つ場合に、並列VACUUMがmin_parallel_index_scan_sizeを下回るインデックスを処理していませんでした。
この結果、これらのインデックスはVACUUMで除去済みのヒープ上のエントリに対する参照を持つことになって、破損した状態となる可能性があります。
この問題は並列VACUUMを行わないautovacuumには影響しません。
適切なインデックスサイズの組み合わせを持つ手動VACUUMを行ったことがあるテーブルについて、REINDEXを行うことが推奨されます。
     "
https://www.postgresql.jp/docs/14/release-14-1.html,RELEASE-14-1,E.5.2. 変更点,,,"

CREATE INDEX CONCURRENTLYが直近の準備されたトランザクションを待つように修正されました。
(Andrey Borodin)
     

準備されたトランザクションから直近に挿入された行が、新たなインデックスから無視されるかもしれませんでした。その結果、インデックスに依存する問い合わせが、その行を取りこぼすおそれがありました。
この問題に対する以前の修正は、CREATE INDEX CONCURRENTLYが検査したときに進行中のPREPARE TRANSACTIONコマンドを考慮できていませんでした。
max_prepared_transactions>0の準備されたトランザクション（二相コミット）が有効なサーバでは、CONCURRENTLY指定で作成されたインデックスを全てREINDEXすることが推奨されます。
     "
https://www.postgresql.jp/docs/14/release-14-1.html,RELEASE-14-1,E.5.2. 変更点,,,"

同時作成をしているインデックスで、新たな行に対するエントリ追加の失敗を引き起こす可能性のある競合状態が回避されました。
(Noah Misch"","" Andrey Borodin)
     

これにより破損したインデックスが生じる可能性があります。
実際には稀にしか発生しないとみられますが、この誤りは潜在的にCONCURRENTLY指定を付けたあらゆるインデックス構築または再構築に影響する可能性があります。
同時作成したインデックスの全てをREINDEXすることが推奨されます。
     "
https://www.postgresql.jp/docs/14/release-14-1.html,RELEASE-14-1,E.5.2. 変更点,,,"

対象インデックスに付加された演算子クラスのパラメータを維持するようにREINDEX CONCURRENTLYが修正されました。
(Michael Paquier)
     "
https://www.postgresql.jp/docs/14/release-14-1.html,RELEASE-14-1,E.5.2. 変更点,,,"

組込オブジェクト以外を含んだデータベースを複製するときの共有依存関係の誤作成が修正されました。
(Aleksander Alekseev)
     

このエラーの影響は、おそらく実際には限定的です。 
原理的には、ロールがまだオブジェクトを所有している間、ロールを削除することができます。 
しかし、ほとんどのインストレーションでは、template1に追加したオブジェクトに使用されていたロールを削除することはないでしょう。
     "
https://www.postgresql.jp/docs/14/release-14-1.html,RELEASE-14-1,E.5.2. 変更点,,,"

パーティションテーブルにアタッチあるいはデタッチしているテーブルについて、リレーションキャッシュが確実に無効化されるようになりました。 
(Amit Langote"","" ?lvaro Herrera)
     

本障害により、アタッチ/デタッチの後に既存のセッションからそのパーティションに対する直接の挿入/更新を行ったときに、アタッチ/デタッチ操作がリレーションキャッシュに反映されていないことによる、不適切な制約の適用等の誤動作を起こす可能性がありました。
     "
https://www.postgresql.jp/docs/14/release-14-1.html,RELEASE-14-1,E.5.2. 変更点,,,"

範囲型の作成時にパースツリーが破損する障害が、修正されました。
(Alex Kozhemyakin"","" Sergey Shinderuk)
     

CREATE TYPEがパースツリーの要素を誤って解放していて、続くイベントトリガやCREATE TYPEコマンドがプランキャッシュに格納されて後に再使用される場合に、（クラッシュや予期せぬエラー等の）問題が起きる可能性がありました。
     "
https://www.postgresql.jp/docs/14/release-14-1.html,RELEASE-14-1,E.5.2. 変更点,,,"

複合型のドメインの配列の要素の更新について修正されました。
(Tom Lane)
     

UPDATE tab SET fld[1].subfld = valのようなコマンドが、配列要素が複合型ではなく複合型のドメインである場合に失敗して、クラッシュや誤った更新結果を引き起こしました。
     "
https://www.postgresql.jp/docs/14/release-14-1.html,RELEASE-14-1,E.5.2. 変更点,,,"

FETCH FIRST WITH TIESとFOR UPDATE SKIP LOCKEDの組み合わせが禁止されました。
(David Christensen)
     

FETCH FIRST WITH TIESは同順位でない行を見つけるまで停止しないため、返すべき行数に加えてもう1行を取り出す必要があります。
また、現在の実装ではFOR UPDATEが使われた場合は返さない行についてもロックを取得します。
その結果、SKIP LOCKEDオプションが指定された場合に望ましくない振る舞いが生じました。
別の一連の望ましくない動作を導入せずにこれを変更することは難しいため、当面の対処として、この組み合わせが禁止されました。
     "
https://www.postgresql.jp/docs/14/release-14-1.html,RELEASE-14-1,E.5.2. 変更点,,,"

ALTER INDEX index ALTER COLUMN col SET (options)でのオプション指定が禁止されました。
(Nathan Bossart"","" Michael Paquier)
     

パーサはこれを受け入れていましたが、文書記載がなく、実際には機能しませんでした。
     "
https://www.postgresql.jp/docs/14/release-14-1.html,RELEASE-14-1,E.5.2. 変更点,,,"

numeric型のpower()関数で稀な場合の精度損失が修正されました。
(Dean Rasheed)
     

第一引数が1に非常に近い場合に不正確な結果が生じる可能性がありました。
     "
https://www.postgresql.jp/docs/14/release-14-1.html,RELEASE-14-1,E.5.2. 変更点,,,"

Memoizeプランでハッシュ等価演算子の誤選択が回避されました。
(David Rowley)
     

本障害により、クラッシュまたは誤った問い合わせ結果が生じるおそれがありました。
     "
https://www.postgresql.jp/docs/14/release-14-1.html,RELEASE-14-1,E.5.2. 変更点,,,"

副問い合わせの式を関数にプルアップする際のプランナエラーが修正されました。
(Tom Lane)
     

FROMにある関数がFROM句のsub-SELECTの出力をラテラル参照する場合で、sub-SELECTを外側の問い合わせに平坦化が可能である場合、関数の式へコピーされた式は完全には処理されませんでした。
その結果、プランの実行時にクラッシュを引き起こすおそれがありました。
     "
https://www.postgresql.jp/docs/14/release-14-1.html,RELEASE-14-1,E.5.2. 変更点,,,"

列の範囲の見積に不完全なMCVのみのプランナ統計情報を信用して使わないように修正されました。
(Tom Lane)
     

ANALYZEで稀にMCV（most-common-values、最頻値）リストが作られてヒストグラムは作られないことがあります。
このような場合、MCVリストのみでデータ全体をあらわせそうな場合に限って、MCVリストのみで列値の範囲を見積をするようになりました。
     "
https://www.postgresql.jp/docs/14/release-14-1.html,RELEASE-14-1,E.5.2. 変更点,,,"

サブトランザクション内でのポータルのスナップショット復旧について修正されました。
(Bertrand Drouvot)
     

プロシージャがあるトランザクションをコミットやロールバックして、その次の明示的な動作が新たなサブトランザクション内である場合にスナップショット管理を誤っていました。
その結果、不正なポインタが生じて、クラッシュを引き起こす可能性がありました。
PL/pgSQLにおける典型的な例は、クエリを実行するBEGIN ... EXCEPTIONブロックの直後にあるCOMMITです。
     "
https://www.postgresql.jp/docs/14/release-14-1.html,RELEASE-14-1,E.5.2. 変更点,,,"

スナップショットのエクスポート後にトランザクションが失敗した場合に、正しくクリーンアップするようになりました。
(Dilip Kumar)
     

この誤りは、同じセッションがスナップショットを再びエクスポートしようとした場合に限って問題を引き起こします。
ありそうな該当シナリオは、レプリケーションスロットを作成（その後ロールバック）、そして別のレプリケーションスロットを作成しようとすることです。
     "
https://www.postgresql.jp/docs/14/release-14-1.html,RELEASE-14-1,E.5.2. 変更点,,,"

スタンバイサーバでオーバーフローしたサブトランザクション追跡の周回を防止しました。
(Kyotaro Horiguchi"","" Alexander Korotkov)
     

この誤りにより、スタンバイサーバで顕著な性能低下をもたらすおそれがあります。
該当した場合、SubtransSLRUについての過大な処理量がはっきり現れました。
     "
https://www.postgresql.jp/docs/14/release-14-1.html,RELEASE-14-1,E.5.2. 変更点,,,"

スタンバイサーバの昇格中に、（二相コミット機能の）準備されたトランザクションが適切に考慮されるようになりました。
(Michael Paquier"","" Andres Freund)
     

同時実行中のセッションが取得したスナップショットで、準備されたトランザクションが省略される可能性がある限られた時間帯がありました。
その後、そのセッションがスナップショットを使用してデータを更新すると、誤った結果やデータの破損が発生する可能性がありました。
     "
https://www.postgresql.jp/docs/14/release-14-1.html,RELEASE-14-1,E.5.2. 変更点,,,"

EXPLAINがWorkTableScanノードにアタッチされたフィルタ条件を表示しようとした時に発生する「could not find RecursiveUnion」エラーが修正されました。
(Tom Lane)
     "
https://www.postgresql.jp/docs/14/release-14-1.html,RELEASE-14-1,E.5.2. 変更点,,,"

ALTER INDEXコマンドを使ってテーブルの名前を変更する際に、正しいロックレベルを使用するように修正されました。
(Nathan Bossart"","" ?lvaro Herrera)
     

歴史的な理由から、ALTER INDEX ... RENAMEはあらゆる種類のリレーションに適用できます。
インデックス名を変更するのに必要なロックレベルは、テーブル等その他のリレーション名を変更する場合より低いのですが、ALTER INDEXを使った場合には対象がインデックス以外であっても、誤って低いロックレベルが使用されていました。
     "
https://www.postgresql.jp/docs/14/release-14-1.html,RELEASE-14-1,E.5.2. 変更点,,,"

オブジェクトとそのオブジェクトを所有するロールが並行して同時に削除された場合にnull-pointer-dereferenceによるクラッシュが発生することがあり、回避されました。
(?lvaro Herrera)
     "
https://www.postgresql.jp/docs/14/release-14-1.html,RELEASE-14-1,E.5.2. 変更点,,,"

lo_export()または関連する関数が失敗した場合の「snapshot reference leak」警告が防止されました。
(Heikki Linnakangas)
     "
https://www.postgresql.jp/docs/14/release-14-1.html,RELEASE-14-1,E.5.2. 変更点,,,"

CoerceToDomain式ノードの非効率なコード生成が修正されました。
(Ranier Vilela)
     "
https://www.postgresql.jp/docs/14/release-14-1.html,RELEASE-14-1,E.5.2. 変更点,,,"

いくつかのリスト操作でO(N^2)の動作が回避されるようになりました。
(Nathan Bossart"","" Tom Lane)
     

これにより、プライマリ上で多数の排他ロックを保持しているトランザクションをスタンバイでリプレイする場合、チェックポイント後に削除(unlink)されることになっているファイルが多数ある場合、ハッシュ集約に多くのバッチ(ディスク書き出し)が含まれる場合、pg_trgmが複雑な正規表現からインデックス可能な条件を抽出する場合を含むいくつかのシナリオで処理速度低下が修正されました。 
これらのうち、実際にユーザから報告されたのは1番目の項目だけですが、それ以外も非効率なリスト削除により該当すると見られます。
     "
https://www.postgresql.jp/docs/14/release-14-1.html,RELEASE-14-1,E.5.2. 変更点,,,"

B-treeのポスティングリスト分割に関するより防御的な検査が追加されました。
(Peter Geoghegan)
     

この変更により、テーブルのTIDの重複を含むインデックスの破損を検出できるようになります。
     "
https://www.postgresql.jp/docs/14/release-14-1.html,RELEASE-14-1,E.5.2. 変更点,,,"

BRINのfloat8またはfloat4のminmax_multi_opsインデックスにNaNを挿入する時のアサート失敗が回避されました。
(Tomas Vondra)
     

実運用むけビルドにおいては、このような場合、いくらか非効率的ですが間違ってはいないインデックスになります。
     "
https://www.postgresql.jp/docs/14/release-14-1.html,RELEASE-14-1,E.5.2. 変更点,,,"

自動VACUUMのランチャープロセスがpg_log_backend_memory_contexts()の要求に対してより迅速に応答できるようになりました。
(Koyu Tanigawa)
     "
https://www.postgresql.jp/docs/14/release-14-1.html,RELEASE-14-1,E.5.2. 変更点,,,"

HMACハッシュ計算におけるメモリリークが修正されました。
(Sergey Shinderuk)
     "
https://www.postgresql.jp/docs/14/release-14-1.html,RELEASE-14-1,E.5.2. 変更点,,,"

shared_memory_typeがsysvの場合、huge_pagesをonに設定することが禁止されました。 
(Thomas Munro)
     

以前はこの設定は受け入れられていましたが、実装がないため何もしませんでした。
     "
https://www.postgresql.jp/docs/14/release-14-1.html,RELEASE-14-1,E.5.2. 変更点,,,"

PL/pgSQLのRETURN QUERY文における、クエリ型のチェックが修正されました。
(Tom Lane)
     

RETURN QUERYは、UPDATE RETURNINGのようにタプルを返すことができる任意のクエリを受け入れるべきです。
v14では誤ってSELECT以外のものを禁止していました。
さらに、異形のRETURN QUERY EXECUTEでは、クエリ型チェックがまったく適用されていませんでした。
     "
https://www.postgresql.jp/docs/14/release-14-1.html,RELEASE-14-1,E.5.2. 変更点,,,"

大域的でないデフォルト権限を正しくダンプするように、pg_dumpが修正されました。
(Neil Chen"","" Masahiko Sawada)
     

大域的な（限定なしの）ALTER DEFAULT PRIVILEGESコマンドが関数のEXECUTEなどデフォルトである権限を取り消した後、限定付きのALTER DEFAULT PRIVILEGESコマンドが選択されたロールやスキーマに対してその権限を再び付与した場合、pg_dumpは制限付きの権限付与を正しくダンプできませんでした。
     "
https://www.postgresql.jp/docs/14/release-14-1.html,RELEASE-14-1,E.5.2. 変更点,,,"

ダンプされるパーティションテーブルに対して、pg_dumpが共有ロックを取得するようになりました。
(Tom Lane)
     

pg_dumpがリーフパーティションのいずれかをロックすれば、パーティションテーブル自体に対する重要なDDLを防ぐのに十分であるためこの見落としはたいていの場合は無害でした。
しかし関連するロックが保持されないため、子のないパーティションテーブルをダンプするときに問題が発生する可能性がありました。
     "
https://www.postgresql.jp/docs/14/release-14-1.html,RELEASE-14-1,E.5.2. 変更点,,,"

PostgreSQL8.3より前のサーバからトリガ定義をダンプしようとした際のpg_dumpのクラッシュが修正されました。
(Tom Lane)
     "
https://www.postgresql.jp/docs/14/release-14-1.html,RELEASE-14-1,E.5.2. 変更点,,,"

pg_restoreの無効なラージオブジェクトのTOCファイルに関するエラーメッセージ中の誤ったファイル名が修正されました。
(Daniel Gustafsson)
     "
https://www.postgresql.jp/docs/14/release-14-1.html,RELEASE-14-1,E.5.2. 変更点,,,"

ソケットレベルの障害発生後、pgbenchがゼロ以外のステータスで終了するようになりました。
(Yugo Nagata"","" Fabien Coelho)
     

望ましい動作は実行を完了した後、ステータス2で終了することで、そのように修正されました。
また、ソケットレベル障害のエラー報告が修正されました。
     "
https://www.postgresql.jp/docs/14/release-14-1.html,RELEASE-14-1,E.5.2. 変更点,,,"

pg_amcheckが一時的なリレーションや、無効または準備ができていないインデックスをチェックしないようにしました。
(Mark Dilger)
     

これにより、ほぼ確実に矛盾しているように見える、役に立たないリレーションのチェックが回避されます。
     "
https://www.postgresql.jp/docs/14/release-14-1.html,RELEASE-14-1,E.5.2. 変更点,,,"

contrib/amcheckがスタンバイサーバで実行される際に、UNLOGGEDテーブルをスキップするようになりました。
(Mark Dilger)
     

このようなテーブルは空になりますし、UNLOGGEDインデックスもすでにスキップするようになっているため、このようにするのが適切です。
     "
https://www.postgresql.jp/docs/14/release-14-1.html,RELEASE-14-1,E.5.2. 変更点,,,"

contrib/pg_stat_statementsが最大1GB単位で「問い合わせテキスト」ファイルを読み込むようになりました。
(Tom Lane)
     

そのような大きな問い合わせテキストファイルは非常にまれですが、もし発生した場合、以前のコードでは（一度に2GB以上の読み込みを拒否しますので）64ビット版Windowsでは失敗していたでしょう。
     "
https://www.postgresql.jp/docs/14/release-14-1.html,RELEASE-14-1,E.5.2. 変更点,,,"

contrib/postgres_fdwがデータ変換エラーを報告しようとする際に発生しうるNULLポインタのクラッシュが修正されました。
(Tom Lane)
     "
https://www.postgresql.jp/docs/14/release-14-1.html,RELEASE-14-1,E.5.2. 変更点,,,"

GetSharedSecurityLabel()が、クリティカルなリレーションキャッシュエントリがまだ構築されていない新たに開始したセッションでも使用できるようになりました。
(Jeff Davis)
     "
https://www.postgresql.jp/docs/14/release-14-1.html,RELEASE-14-1,E.5.2. 変更点,,,"

TAPテストを実行する際、モジュール自体のディレクトリをPATHに含めるようになりました。
(Andrew Dunstan)
     

これにより、カスタムテストドライバなどのインストールされていないプログラムを検出できるようになりました。
     "
https://www.postgresql.jp/docs/14/release-14-1.html,RELEASE-14-1,E.5.2. 変更点,,,"

Windowsのタイムゾーン名をIANAタイムゾーンに割り当てるのにCLDRプロジェクトのデータを利用するようになりました。
(Tom Lane)
     

Windowsで実行する場合、initdbは新たなクラスタのtimezoneパラメータに、システムのタイムゾーンに対応したIANAタイムゾーンを設定しようとします。
これまでWindowsで利用していたマッピングテーブルは何年も前に生成され、更新も散発的にしか行われないため、数多くのエラーが含まれていたり、最近追加されたゾーンが存在していなかったりと問題がありました。
CLDRが最も適切なマッピングを追跡していることが判明したため、これらのデータを使用するようになりました。
既存インストレーションには影響はなく、新しく初期化されたデータベースクラスタにのみ影響します。
     "
https://www.postgresql.jp/docs/14/release-14-1.html,RELEASE-14-1,E.5.2. 変更点,,,"

タイムゾーンデータファイルがtzdatarelease 2021eに更新されました。
フィジー、ヨルダン、パレスチナ、サモアで夏時間法が変更され、バルバドス、クック諸島、ガイアナ、ニウエ、ポルトガル、トンガの歴史的修正が行われています。
     

また、Pacific/EnderburyはPacific/Kantonに名称変更されました。
また、Africa/Accra、America/Atikokan、America/Blanc-Sablon、America/Creston、America/Curacao、America/Nassau、America/Port_of_Spain、Antarctica/DumontDUrville、Antarctica/Syowaの各ゾーンは、1970年以降時計が一致している近くのより人口の多いゾーンに統合されました。
これらの名前はエイリアスとして残されています。
     "
https://www.postgresql.jp/docs/14/release-14-2.html,RELEASE-14-2,E.4.2. 変更点,,,"

REINDEX CONCURRENTLYの問題を防止するため、TOASTテーブルの更新に標準のロックプロトコルが適用されました。
(Michael Paquier)
     

REINDEX CONCURRENTLYを TOASTテーブルまたはTOASTテーブルのインデックスに適用した場合、破損したインデックスを生成することがよくありました。
これはTOASTエントリを更新するセッションが、他の更新の動作と同様にトランザクションがコミットされるまでROW EXCLUSIVEロックを保持するのではなく、ROW EXCLUSIVEロックをすぐに解放したために発生しました。
今回TOAST更新が通常のルールに従ってテーブルロックを保持するよう修正されました。
既存の破損したインデックスは、再度REINDEXを実行することで修復できます。
     "
https://www.postgresql.jp/docs/14/release-14-2.html,RELEASE-14-2,E.4.2. 変更点,,,"

ページプルーニング中にRECENTLY_DEADタプルが状態を完全にDEADに変更した時のHOTチェーンの破損が修正されました。
(Andres Freund)
     

VACUUMでは、それを指すリダイレクトアイテムが残っている状態でRECENTLY_DEADのタプルを削除することがありえました。
そのようなタプルのアイテムスロットが後に新しいタプルで再利用されると、既存のHOTチェーンの一部とみなされ、インデックス破損が形成されます。
発生した場合はテーブルのインデックス再作成で修復できます。
しかし、これは非常に確率の低いシナリオであるため、発生したかもしれないという可能性だけでインデックスを再作成することは推奨されません。
     "
https://www.postgresql.jp/docs/14/release-14-2.html,RELEASE-14-2,E.4.2. 変更点,,,"

ローカルパーミッションと外部パーティションが混在するテーブルのEvalPlanQual再チェックでのクラッシュが修正されました。
(Etsuro Fujita)
     "
https://www.postgresql.jp/docs/14/release-14-2.html,RELEASE-14-2,E.4.2. 変更点,,,"

COPY TOでのメモリ処理の誤りが修正されました。
(Bharath Rupireddy)
     

この見落としにより、COPYでエラーが発生した後、誤ったエラーメッセージやクラッシュが発生することがありました。
     "
https://www.postgresql.jp/docs/14/release-14-2.html,RELEASE-14-2,E.4.2. 変更点,,,"

同時に統計オブジェクトが削除された時に発生するALTER STATISTICSでのNULLポインタ参照によるクラッシュが回避されました。
(Tomas Vondra)
     "
https://www.postgresql.jp/docs/14/release-14-2.html,RELEASE-14-2,E.4.2. 変更点,,,"

多重範囲型データから範囲を抽出する際に、アライメントのパディングが正しく処理されるようになりました。
(Alexander Korotkov)
     

この誤りは可変長データ型の多重範囲を処理する際にクラッシュを引き起こす可能性がありました。
     "
https://www.postgresql.jp/docs/14/release-14-2.html,RELEASE-14-2,E.4.2. 変更点,,,"

無名RECORDデータ型に対するハッシュの過度な楽観的使用が修正されました。
(Tom Lane)
     

これにより、「could not identify a hash function for type record」（型レコードのハッシュ関数を識別できない）のエラーが防止されます。
     "
https://www.postgresql.jp/docs/14/release-14-2.html,RELEASE-14-2,E.4.2. 変更点,,,"

パラレルで単一の子ノードを持つAppendノードに対する誤ったプラン作成が修正されました。
(David Rowley)
     

場合によっては、Appendが単純化されるべきではない時に単純化され、誤った問い合わせ結果（重複した行）が発生することがありました。
     "
https://www.postgresql.jp/docs/14/release-14-2.html,RELEASE-14-2,E.4.2. 変更点,,,"

インデックスに返却不能の列が含まれる場合について、インデックスオンリースキャンプランが修正されました。
(Tom Lane)
     

インデックスの列にはインデックスオンリースキャンで返すことができるか（返却可能列か返却不能列か）を示す、returnable属性があります。
インデックスが返却可能列と返却不能列の両方を持ち、返却不能列の1つが返却可能列にあらわれるテーブル列を使用した式である場合、その式を使用した問い合わせは、返却可能列から式を再計算するのではなく、返却不能列を読もうとするインデックスオンリースキャンプランとなる可能性がありました。
返却不能列はNULLとして読み込まれるため、誤った問い合わせ結果が発生しました。
     "
https://www.postgresql.jp/docs/14/release-14-2.html,RELEASE-14-2,E.4.2. 変更点,,,"

Memoizeの上位からきたパラメータを使用するサブプランを処理できるように、Memoizeプランノードが修正されました。
(David Rowley)
     "
https://www.postgresql.jp/docs/14/release-14-2.html,RELEASE-14-2,E.4.2. 変更点,,,"

Memoizeプランノードがハッシュ不可能な結合の演算子で正しく動作するように修正されました。
(David Rowley)
     "
https://www.postgresql.jp/docs/14/release-14-2.html,RELEASE-14-2,E.4.2. 変更点,,,"

指定されていない型修飾へのキャストにより、長さの強制関数の呼び出しではなく、RelabelTypeノードが生成されるようになりました。
(Tom Lane)
     

強制関数は正しい動作（何もしないこと）を実行しますが、この変換は非効率で望ましくありません。
     "
https://www.postgresql.jp/docs/14/release-14-2.html,RELEASE-14-2,E.4.2. 変更点,,,"

anycompatibleで始まる名前の疑似データ型について一致判定が修正されました。
(Tom Lane)
     

anycompatibleで始まる名前の疑似データ型の多相パラメータを持つ関数や演算子が、実際には本当は一致しないはずの引数の集合に一致したとパーサが誤判断することがありました。
報告されたケースでは、一つの呼び出しに複数の演算子を一致させることになり、あいまいな演算子だというエラーを引き起こしました。
一方、より後の処理段階でエラーを起こすこともあり得ました。
     "
https://www.postgresql.jp/docs/14/release-14-2.html,RELEASE-14-2,E.4.2. 変更点,,,"

ちょうどWALページの境界でデータベースが整合性を持つ状態に到達した場合の、WALリプレイ失敗が修正されました。
(?lvaro Herrera)
     "
https://www.postgresql.jp/docs/14/release-14-2.html,RELEASE-14-2,E.4.2. 変更点,,,"

物理ストリーミングレプリケーションのスタンバイサーバのstartup処理がトランザクションID周回を許容するように修正されました。
(Abhijit Menon-Sen"","" Tomas Vondra)
     

プライマリ上のアクティブなトランザクションのセットが周回境界を越えている間にレプリカサーバが起動すると（古いトランザクションよりも小さいXIDを持つ新しいトランザクションがいくつか存在するため）、「out-of-order XID insertion in KnownAssignedXids」エラーが生じました。
レプリカは再試行されますがこのエラーを乗り越えることはできません。
     "
https://www.postgresql.jp/docs/14/release-14-2.html,RELEASE-14-2,E.4.2. 変更点,,,"

ロジカルレプリケーションで子テーブルのデータの二重送信が回避されるようになりました。
(Hou Zhijie)
     

パブリケーションに子テーブルと親テーブルの両方が含まれ、publish_via_partition_rootオプションが設定されている場合、サブスクライバは子テーブルと親テーブルの両方で無駄な同期を開始していました。
このような場合は親テーブルのみが同期されるようになりました。
     "
https://www.postgresql.jp/docs/14/release-14-2.html,RELEASE-14-2,E.4.2. 変更点,,,"

ロジカルレプリケーション接続で発行されるSQLコマンドの字句制限が撤廃されました。
(Tom Lane)
     

これまでは、引用符で囲まれていないセミコロンを含むSQLコマンド、奇数の一重引用符または二重引用符を含むドル引用符で囲まれたリテラル、またはSQLコマンドがコメントで始まる場合、walsenderプロセスがエラーを起こしました。
さらに、不完全なエラーからの回復処理により以降のコマンドでも予期せぬエラーが発生する可能性がありました。
     "
https://www.postgresql.jp/docs/14/release-14-2.html,RELEASE-14-2,E.4.2. 変更点,,,"

ROLLBACK PREPARED操作のレプリケーションに際して、レプリケーション元のタイムスタンプが確実に設定されるようになりました。
(Masahiko Sawada)
     "
https://www.postgresql.jp/docs/14/release-14-2.html,RELEASE-14-2,E.4.2. 変更点,,,"

トランザクションの最後のサブトランザクションのコミットタイムスタンプが記録されない可能性があり、修正されました。
(Alex Kingsborough"","" Kyotaro Horiguchi)
     "
https://www.postgresql.jp/docs/14/release-14-2.html,RELEASE-14-2,E.4.2. 変更点,,,"

チェックポイントに際して、pg_logical/mappingsサブディレクトリを必ずfsyncするようになりました。 
(Nathan Bossart)
     

一部のファイルシステムでは、この見落としによりシステムクラッシュ後に論理書き換えの状態ファイルが失われる可能性がありました。
     "
https://www.postgresql.jp/docs/14/release-14-2.html,RELEASE-14-2,E.4.2. 変更点,,,"

パーティションテーブルの拡張統計情報が作成されるようになりました。
(Justin Pryzby)
     

以前のバグ修正により、古い形式の継承ツリーに対する拡張統計の構築が無効になりましたが、パーティションテーブルに対する構築も無効になっており、不要な制限となっていました。
今回の変更により、ANALYZEはパーティションテーブルの統計オブジェクトの値を計算できるようになりました。
（しかし、autovacuumはパーティションテーブルを自動処理しないので、パーティションテーブルの統計情報を維持したい場合は、パーティションテーブルに対して定期的に手動ANALYZEを実行する必要があることに注意してください。）
     "
https://www.postgresql.jp/docs/14/release-14-2.html,RELEASE-14-2,E.4.2. 変更点,,,"

継承ツリーの拡張統計情報を無視するようになりました。
(Justin Pryzby)
     

現在、拡張統計情報の値は継承ツリー全体ではなく各テーブルに対してローカルでのみ計算されます。
しかし、この値が継承ツリーをまたがる問い合わせを計画する際に誤って参照されたため、デフォルトよりも悪い推定値になる可能性がありました。
     "
https://www.postgresql.jp/docs/14/release-14-2.html,RELEASE-14-2,E.4.2. 変更点,,,"

パーティションテーブルの行型が他の場所で複合型として使用されている場合、パーティションテーブルの列のデータ型を変更することが禁止されました。
(Tom Lane)
     

この制限は通常のテーブルでは長い間存在していましたが、見落としによりパーティションテーブルではチェックされていませんでした。
     "
https://www.postgresql.jp/docs/14/release-14-2.html,RELEASE-14-2,E.4.2. 変更点,,,"

レプリカアイデンティティ(REPLICA IDENTITY) のインデックスの一部である列に対するALTER TABLE ... DROP NOT NULLが禁止されました。
(Haiying Tang"","" Hou Zhijie)
     

同じ禁止事項はすでに主キーインデックスに存在していました。
     "
https://www.postgresql.jp/docs/14/release-14-2.html,RELEASE-14-2,E.4.2. 変更点,,,"

ALTER TABLE ADD PRIMARY KEY USING INDEXの実行に際して、キャッシュされたテーブルの状態が正しく更新されるようになりました。
(Hou Zhijie)
     

同時実行中のセッションが、テーブルに主キーがあるかどうかに関する判定を更新できなかったため、不正なロジカルレプリケーションの動作が発生する可能性がありました。
     "
https://www.postgresql.jp/docs/14/release-14-2.html,RELEASE-14-2,E.4.2. 変更点,,,"

REPLICA IDENTITYインデックスから切り替えを行う際、キャッシュされたテーブルの状態が正しく更新されるようになりました。
(Tang Haiying"","" Hou Zhijie)
     

同時実行中のセッションが、どのインデックスがREPLICA IDENTITYであるかの判定を更新できなかったため、不正なロジカルレプリケーションの動作が発生する可能性がありました。
     "
https://www.postgresql.jp/docs/14/release-14-2.html,RELEASE-14-2,E.4.2. 変更点,,,"

SP-GiSTインデックス作成で、インデックス対象列のデータ型が演算子クラスの宣言された入力型とバイナリ互換性がある場合でもエラーとなっていたのが修正されました。
(Tom Lane)
     

このような場合は動作すべきでしたが「compress method must be defined when leaf type is different from input type」エラーが発生していました。
     "
https://www.postgresql.jp/docs/14/release-14-2.html,RELEASE-14-2,E.4.2. 変更点,,,"

最も古いxmin値を計算する際、並列のバキュームとインデックス同時構築を無視できるようにようになりました。
(Masahiko Sawada)
     

並列化されていない処理では既に無視されていましたが、並列化されたロジックでは機能していませんでした。
その結果、xminの限界値の前進が抑えられることで、バキュームのクリーンアップが遅れるなどの望ましくない影響がありました。
     "
https://www.postgresql.jp/docs/14/release-14-2.html,RELEASE-14-2,E.4.2. 変更点,,,"

式インデックスを更新するときのメモリリークが修正されました。
(Peter Geoghegan)
     

式インデックスを持つテーブルの多くの行を更新するUPDATE文は、大量のメモリを消費する可能性がありました。
     "
https://www.postgresql.jp/docs/14/release-14-2.html,RELEASE-14-2,E.4.2. 変更点,,,"

多数のオブジェクトの所有権を変更するREASSIGN OWNED BYコマンド実行中にメモリリークが発生しないように修正されました。
(Justin Pryzby)
     "
https://www.postgresql.jp/docs/14/release-14-2.html,RELEASE-14-2,E.4.2. 変更点,,,"

不要なキャッシュアクセスを回避することにより、ロジカル変更を送信するwalsenderのパフォーマンスが向上しました。
(Hou Zhijie)
     "
https://www.postgresql.jp/docs/14/release-14-2.html,RELEASE-14-2,E.4.2. 変更点,,,"

pg_hba_file_rulesビューでのcert認証方式のオプションの表示が修正されました。
(Magnus Hagander)
     

認証方式がcertの場合、clientcert=verify-fullが暗黙的に指定されますが、pg_hba_file_rulesビューは誤ってclientcert=verify-caと報告していました。
     "
https://www.postgresql.jp/docs/14/release-14-2.html,RELEASE-14-2,E.4.2. 変更点,,,"

pg_log_backend_memory_contexts()で対象とされるセッションが、結果をサーバのログのみに送信するよう修正されました。
(Fujii Masao)
     

以前は、client_min_messagesのレベルを高く設定すると、接続しているクライアントにもログメッセージが送信される可能性がありました。
これはクライアントが要求していない動作です（そしておそらくワイヤープロトコル違反でした）。
     "
https://www.postgresql.jp/docs/14/release-14-2.html,RELEASE-14-2,E.4.2. 変更点,,,"

INSERT ... VALUESのルールにおける行全体の変数の表示方法が修正されました。
(Tom Lane)
     

行全体の変数は、「var.*」として出力されますが、ルールが再ロードされたときに個々の列に展開されるため、異なるセマンティクスとなっていました。
これを防ぐために他の場所と同様に明示的なキャストが行われるようになりました。
     "
https://www.postgresql.jp/docs/14/release-14-2.html,RELEASE-14-2,E.4.2. 変更点,,,"

SQL標準の関数本体を逆コンパイルによって再構築したときに、INSERT ... SELECT内の関数パラメータが適切に表示されるようになりました。
(Tom Lane)
     

これまでは、パラメータに名前が付いていても$Nと出力されていました。
     "
https://www.postgresql.jp/docs/14/release-14-2.html,RELEASE-14-2,E.4.2. 変更点,,,"

空文字列に対してUnicode文字列正規化を適用する場合の1バイトのバッファオーバーランが修正されました。
(Michael Paquier)
     

これによる実際の影響は、アライメントを考慮すれば限定的なものですが、デバッグビルドでは警告が発生していました。
     "
https://www.postgresql.jp/docs/14/release-14-2.html,RELEASE-14-2,E.4.2. 変更点,,,"

いくつかの誤ったアサートが修正または削除されました。
(Simon Riggs"","" Michael Paquier"","" Alexander Lakhin)
     

これらの誤りは、製品ビルドではなく、デバッグビルドのみ影響を受けました。
     "
https://www.postgresql.jp/docs/14/release-14-2.html,RELEASE-14-2,E.4.2. 変更点,,,"

libpqとecpglibでマルチスレッド使用時におけるgettext()初期化の競合状態が修正されました。
エラーメッセージのローカライズに失敗する可能性がありました。
(Tom Lane)
     "
https://www.postgresql.jp/docs/14/release-14-2.html,RELEASE-14-2,E.4.2. 変更点,,,"

libpqのPQcancel関数からstrerrorを呼び出さないようになりました。
(Tom Lane)
     

PQcancelはシグナルハンドラから安全に呼び出すことができるはずですが、strerrorは安全ではありません。
誤った使用法は、サーバへのキャンセルメッセージ送信に失敗した場合にのみ発生しますので、そのためおそらくこれまで報告がありませんでした。
     "
https://www.postgresql.jp/docs/14/release-14-2.html,RELEASE-14-2,E.4.2. 変更点,,,"

psqlの\passwordコマンドで設定するパスワードは、接続元のユーザのものではなく、CURRENT_USERのものがデフォルトとなりました。
(Tom Lane)
     

これはドキュメントの動作と一致し、セッション開始後のSET ROLEまたはSET SESSION AUTHORIZATIONを実行した場合に発生し得るパーミッションエラーを避けます。
また、混乱を防ぐために操作対象のロール名がパスワードプロンプトに含まれるようになりました。
     "
https://www.postgresql.jp/docs/14/release-14-2.html,RELEASE-14-2,E.4.2. 変更点,,,"

親テーブルのトリガを識別するようにpsqlの\dコマンドのクエリが修正されました。
(Justin Pryzby)
     

パーティションにトリガがあり、親テーブルにも同じ名前の無関係な文レベルトリガが存在した場合、以前のコードでは「more than one row returned by a subquery used as an expression」というエラーが発生していました。
     "
https://www.postgresql.jp/docs/14/release-14-2.html,RELEASE-14-2,E.4.2. 変更点,,,"

psqlの\dコマンドで、テーブルの拡張統計オブジェクトがOIDでなく名前でソートされるようになりました。
(Justin Pryzby)
     "
https://www.postgresql.jp/docs/14/release-14-2.html,RELEASE-14-2,E.4.2. 変更点,,,"

psqlの列挙型のラベルをタブを使って補完する機能が修正されました。
(Tom Lane)
     "
https://www.postgresql.jp/docs/14/release-14-2.html,RELEASE-14-2,E.4.2. 変更点,,,"

Windowsの標準入力からの読み込みをデータソースまたは宛先に使用したときの障害が修正されました。
(Dmitry Koval"","" Juan Jos? Santamar?a Flecha"","" Michael Paquier)
     

これは、psqlの\copyコマンド、またはpg_recvlogicalで-f -を付けた場合に影響がありました。
     "
https://www.postgresql.jp/docs/14/release-14-2.html,RELEASE-14-2,E.4.2. 変更点,,,"

psqlや他のクライアントプログラムでは、Ctrl+Cシグナルハンドラからのgettext()呼び出しを避けるようになりました。
(Tom Lane)
     

この誤りに起因する障害報告は確認されていませんが、非同期シグナル安全な関数ではないため安全とは言えません。
     "
https://www.postgresql.jp/docs/14/release-14-2.html,RELEASE-14-2,E.4.2. 変更点,,,"

pg_receivewalとpg_recvlogicalの初期パスワード入力がキャンセルできるようになりました。
(Tom Lane"","" Nathan Bossart)
     

以前は、パスワード入力を求められている間、Ctrl+Cでこれらのプログラムを終了することができませんでした。
     "
https://www.postgresql.jp/docs/14/release-14-2.html,RELEASE-14-2,E.4.2. 変更点,,,"

pg_dumpがユーザ定義キャストをダンプするときの順序が修正されました。
(Tom Lane)
     

まれに、出力スクリプトがユーザ定義キャストを作成する前に参照してしまう場合がありました。
     "
https://www.postgresql.jp/docs/14/release-14-2.html,RELEASE-14-2,E.4.2. 変更点,,,"

pg_dumpの--insertsと--column-insertsモードが修正され、以前削除された列と生成列の両方を含むテーブルを扱えるようになりました。
(Tom Lane)
     "
https://www.postgresql.jp/docs/14/release-14-2.html,RELEASE-14-2,E.4.2. 変更点,,,"

pg_dumpとpg_basebackupでの誤ったエラー報告の可能性が修正されました。
(Tom Lane)
     

以前のコードでは、一部のカーネル呼び出しからのエラーをチェックできず、他のケースでは誤ったerrno値を報告する可能性がありました。
     "
https://www.postgresql.jp/docs/14/release-14-2.html,RELEASE-14-2,E.4.2. 変更点,,,"

char(N)列に対するcontrib/btree_gistのインデックスによるインデックスオンリースキャン結果が修正されました。
(Tom Lane)
     

インデックスオンリースキャンでは末尾の空白が削除された列値が返されましたが、これは想定の動作ではありませんでした。
これはデータがインデックスに格納される方法に起因したものです。
予想される空白埋めをしたchar(N)値を格納するようにコードが修正されました。
インデックスの動作はREINDEX（インデックス再作成）をしない限りすぐには反映されません。 
REINDEXをしない場合、空白が削除された値は、更新を行っていくなかで徐々に置き換えられていきます。
インデックスオンリースキャン実行計画を使用しない問い合わせは、どの場合でも影響を受けません。 
     "
https://www.postgresql.jp/docs/14/release-14-2.html,RELEASE-14-2,E.4.2. 変更点,,,"

postgres_fdwの非同期クエリの処理における稀なケースが修正されました。
(Etsuro Fujita)
     

これらのエラーは、外部テーブルのスキャンを並列化しようとすると、クラッシュまたは誤った問い合わせ結果を引き起こす可能性がありました。 
     "
https://www.postgresql.jp/docs/14/release-14-2.html,RELEASE-14-2,E.4.2. 変更点,,,"

PL/Pythonのビルド方法を決定するために、非推奨のdistutilsモジュールではなく、Pythonのsysconfigモジュールを使用するようにconfigureが変更されました。
(Peter Eisentraut"","" Tom Lane"","" Andres Freund) 
     

これによりPython 3.10ではdistutilsが非推奨になりPython 3.12での削除が予定されているconfigure-timeの警告が回避されます。 
おそらく、Python 3.12以降ではconfigure --with-pythonは完全に失敗します。
sysconfigがPython 2.7より前、また、Python 3.2より前にも存在しなかったため、古くなったPythonバージョンでのPL/Pythonのビルドはもはやできなくなります。
     "
https://www.postgresql.jp/docs/14/release-14-2.html,RELEASE-14-2,E.4.2. 変更点,,,"

OpenSSLなしでクロスコンパイルが再度可能となりました。
(Tom Lane)
     

configureではターゲットシステムで/dev/urandomが使用可能であるはずと想定すべきでしたが、代わりにconfigureが失敗していました。
     "
https://www.postgresql.jp/docs/14/release-14-2.html,RELEASE-14-2,E.4.2. 変更点,,,"

Windows環境でPerl 5.28以降を使用するPL/Perlコンパイルの失敗が修正されました。
(Victor Wagner)
     "
https://www.postgresql.jp/docs/14/release-14-2.html,RELEASE-14-2,E.4.2. 変更点,,,"

Python 3.11以降でのPL/Pythonコンパイルの失敗が修正されました。
(Peter Eisentraut)
     "
https://www.postgresql.jp/docs/14/release-14-2.html,RELEASE-14-2,E.4.2. 変更点,,,"

Visual Studio 2022を使用したビルドがサポートされました。
(Hans Buschmann)
     "
https://www.postgresql.jp/docs/14/release-14-2.html,RELEASE-14-2,E.4.2. 変更点,,,"

MSVCビルドシステムで.batラッパースクリプトを事前にディレクトリに移動することなく呼び出せるようになりました。
(Anton Voloshin"","" Andrew Dunstan)
     "
https://www.postgresql.jp/docs/14/release-14-3.html,RELEASE-14-3,E.3.2. 変更点,,,"

「セキュリティ限定された操作」のサンドボックス内では追加操作を制限するようにしました。
(Sergey Shinderuk"","" Noah Misch)
     

自動VACUUM、CLUSTER、CREATE INDEX、REINDEX、REFRESH MATERIALIZED VIEW、pg_amcheckでは「セキュリティ限定された操作」による保護が有効化されるのが遅すぎたり、全く働かなかったりしていました。
データベース内に永続オブジェクトを作成する権限を持ったユーザは、スーパーユーザ権限で任意のSQLコードを実行するオブジェクトを定義できました。
仕込まれたSQLコードは、次に自動VACUUMが行われるときに、あるいは、スーパーユーザがそのオブジェクトに作用するいずれかのコマンドを実行したときに、実行されます。
     

PostgreSQLプロジェクトは本問題を報告してくれたAlexander Lakhinに感謝します。
(CVE-2022-1552)
     "
https://www.postgresql.jp/docs/14/release-14-3.html,RELEASE-14-3,E.3.2. 変更点,,,"

gist_ltree_opsのインデックスについて、デフォルトのシグネチャ長が修正されました。
(Tomas Vondra"","" Alexander Korotkov)
     

演算子クラスパラメータをサポートするように演算子クラスをアップグレードするときに、ltree列に対するGiSTインデックスのデフォルトのシグネチャ長（ハッシュサイズ）が、意図せず変更されてしまいました。
最初からltree拡張をバージョン1.2にアップグレードしている場合を除き、このようなインデックスに何らか操作が行われた場合、シグネチャ長が8バイトではなく28バイトと見做されて動作します。
したがって、おそらくそのインデックスは壊れています。
安全のためバージョンアップ後に全てのltreeの列に対するGiSTインデックスを再作成（REINDEX）することを推奨します。
なお、ltree[]列、つまりltreeの配列のGiSTインデックスには影響しません。
     "
https://www.postgresql.jp/docs/14/release-14-3.html,RELEASE-14-3,E.3.2. 変更点,,,"

素のテーブルを参照する行全体の値の列に対して、問い合わせで指定された列の別名を使わないようにしました。
(Tom Lane)
     

SELECTリストの最上位以外でのtbl.*などの行全体変数から作られたタプルの列名は、今後は、もしあるなら常に関連して名前付けされた複合型の要素名になります。
これまではFROMのエントリに適用された全ての列の別名を追跡させるように試みていました。
しかし、それは意味的に非常に疑わしいもので、実際には変数の出力はそれが主張する複合型とは全く異なるからです。
この矛盾に対処するための以前の試みは、読み取り不可能なデータをディスクに保存することを含めて悪い結果をもたらしたので、このアイデア全体をあきらめました。
     

列名を付け直したい場合の本障害の回避策は、sub-SELECTの階層を追加して、行全体の変数がsub-SELECTの出力を参照して、素のテーブルを参照しないようにすることです。
そうすれば、変数は最初からrecord型であり、問題は発生しません。
     "
https://www.postgresql.jp/docs/14/release-14-3.html,RELEASE-14-3,E.3.2. 変更点,,,"

interval型からエポック値を抽出するときの誤った丸めが修正されました。
(Peter Eisentraut)
     

numeric型を返すようになった新しいEXTRACT()の実装コードで、誤ってDAYS_PER_YEAR定数を整数型に変換して切り捨てていたため、13.xバージョン以前のfloat型を返すコードと戻り値が異なっていました。
     "
https://www.postgresql.jp/docs/14/release-14-3.html,RELEASE-14-3,E.3.2. 変更点,,,"

pg_stat_get_replication_slot(NULL)実行時のクラッシュが防止されました。
(Andres Freund)
     

この関数はカタログデータでSTRICTと定義されるべきでしたが、バージョン14ではこれが指定されていなかったため、代替策として実行時のチェックが追加されました。
     "
https://www.postgresql.jp/docs/14/release-14-3.html,RELEASE-14-3,E.3.2. 変更点,,,"

table_to_xmlschema()などのXML関数におけるtimestamptz型、timetz型の誤った出力が修正されました。
(Renan Soares Lopes)
     

これらのデータ型に対するXMLスキーマ出力では文字列パターンの正規表現が壊れていました。
     "
https://www.postgresql.jp/docs/14/release-14-3.html,RELEASE-14-3,E.3.2. 変更点,,,"

列数がゼロのVALUES句のパーサ処理のクラッシュが回避されました。
(Tom Lane)
     "
https://www.postgresql.jp/docs/14/release-14-3.html,RELEASE-14-3,E.3.2. 変更点,,,"

プランノードのResultがAppendノードのすぐ下にあらわれる場合のプランナのエラーやクラッシュが修正されました。
(Etsuro Fujita)
     

非同期リモートクエリをサポートするために最近追加されたコードはこのケースを処理できず、クラッシュや認識されないノードタイプに関するエラーが引き起こされました。
     "
https://www.postgresql.jp/docs/14/release-14-3.html,RELEASE-14-3,E.3.2. 変更点,,,"

SEARCH句またはCYCLE句を使用するクエリに重複するテーブル式の名前が含まれている場合のプランナのエラーやクラッシュが修正されました。
(Tom Lane"","" Kyotaro Horiguchi)
     

再帰的なWITHクエリの名前が自身の中で再利用されると、プランナがクラッシュしたり、「could not find attribute 2 in subquery targetlist」などの奇妙なエラーを報告したりする可能性がありました。
     "
https://www.postgresql.jp/docs/14/release-14-3.html,RELEASE-14-3,E.3.2. 変更点,,,"

外側のクエリ階層を参照するGROUPING()構文のプランナエラーが修正されました。
(Richard Guo"","" Tom Lane)
     "
https://www.postgresql.jp/docs/14/release-14-3.html,RELEASE-14-3,E.3.2. 変更点,,,"

返却可能な列と返却不可能な列の両方を持つインデックスに対するインデックスオンリースキャンのプラン生成が修正されました。
(Tom Lane)
     

以前のコーディングでは、返却可能な列に加え、返却不可能な列も読み取ろうとする可能性がありました。
これは実際には無効な値に対して何も行わなかったためおよそ無害でしたが、最近追加されたエラーチェックでそのようなプランを拒否していました。
     "
https://www.postgresql.jp/docs/14/release-14-3.html,RELEASE-14-3,E.3.2. 変更点,,,"

EvalPlanQualの実行中に古いタプルをロックしようとする際に、ピン(PIN)で固定されなくなった共有バッファにアクセスしないようになりました。
(Tom Lane)
     

従来コードはピンを解放した後、さらに数回バッファにアクセスしていました。
理論的には別プロセスがピンがなくなった時点ですぐにバッファを再利用し（あるいは、より可能性が高いのは、その空き領域をデフラグしようとし）、タプルの新しいバージョンを見つけるのに失敗する可能性があります。
     "
https://www.postgresql.jp/docs/14/release-14-3.html,RELEASE-14-3,E.3.2. 変更点,,,"

再並べ替えを実行しているIndexScanノードでの、クエリ存続期間におけるメモリリークが修正されました。
(Aliaksandr Kalenik)
     "
https://www.postgresql.jp/docs/14/release-14-3.html,RELEASE-14-3,E.3.2. 変更点,,,"

関数の並列性属性とSET変数リストを同じコマンドで変更できるようにALTER FUNCTIONが修正されました。
(Tom Lane)
     

一つのALTER FUNCTIONコマンドで関数のSET句も更新した場合、並列性属性の変更が失われていました。
     "
https://www.postgresql.jp/docs/14/release-14-3.html,RELEASE-14-3,E.3.2. 変更点,,,"

制約に「所有されている」インデックスの検出が厳格化されました。
(Tom Lane"","" Japin Li)
     

一部のコードパスで、外部キー制約が依存しているインデックスを、ユニーク制約または主キー制約によって所有されているインデックスと取り違えていました。
その結果、外部キー制約を持つテーブルに対する特定のALTER TABLE操作に際して、奇妙なエラーが発生していました。
     "
https://www.postgresql.jp/docs/14/release-14-3.html,RELEASE-14-3,E.3.2. 変更点,,,"

テーブルのシステム列を変更しようとすると、間違ったエラーが発生する問題が修正されました。
(Tom Lane)
     

システムはそれができないことを通知するべきですが、代わりに「no owned sequence found」を報告する場合がありました。
     "
https://www.postgresql.jp/docs/14/release-14-3.html,RELEASE-14-3,E.3.2. 変更点,,,"

先頭キーが式であるインデックスを使用してCLUSTER処理を行った場合に、テーブルの行が誤った並べ替えになる問題が修正されました。
(Peter Geoghegan"","" Thomas Munro)
     

テーブルは正しいデータで再構築されますが、インデックスの順序とはほとんど関係のない順序になりました。
     "
https://www.postgresql.jp/docs/14/release-14-3.html,RELEASE-14-3,E.3.2. 変更点,,,"

ソートされたGiSTインデックスのビルド直後にシステムクラッシュが発生した場合のデータ損失が防止されました。
(Heikki Linnakangas)
     

ソートを使用してGiSTインデックスを構築するコードパスは、完了時にファイルのfsyncを怠っていました。
このため、その後すぐにオペレーティングシステムがクラッシュした場合、インデックスが破損する可能性がありました。
     "
https://www.postgresql.jp/docs/14/release-14-3.html,RELEASE-14-3,E.3.2. 変更点,,,"

パーティション化されたインデックスを削除する際にデッドロックエラーのリスクがあり、修正されました。
(Jimmy Yih"","" Gaurab Dey"","" Tom Lane)
     

必要なテーブルとインデックスのロックが確実に標準的な順序（子の前に親、インデックスの前にテーブル）で取られるようになりました。
DROP INDEXの以前のコーディングでは、これとは異なる方法でロックを取っていたため、標準的な順序でこれらのロックを取る同時実行の問い合わせに対してデッドロックが発生する可能性がありました。
     "
https://www.postgresql.jp/docs/14/release-14-3.html,RELEASE-14-3,E.3.2. 変更点,,,"

DROP TABLESPACEとチェックポイントの間の競合状態が修正されました。
(Nathan Bossart)
     

DROP TABLESPACEによって強制されるチェックポイントが、テーブルスペースのディレクトリからすべてのデッドファイルを削除することに失敗して、「tablespace is not empty」のような偽のエラーが発生する場合がありました。
     "
https://www.postgresql.jp/docs/14/release-14-3.html,RELEASE-14-3,E.3.2. 変更点,,,"

チェックポイント実行と並行してTRUNCATEコマンドを実行した後に、クラッシュリカバリが失敗する可能性があり、修正されました。
(Kyotaro Horiguchi"","" Heikki Linnakangas"","" Robert Haas)
     

チェックポイントが完了できるようになる前に、テーブルのディスクファイルが全削除されることをTRUNCATEは保証しなければなりません。
そうでないと、そのチェックポイントから開始したリプレイが、削除されているはずのページの予期せぬデータを見つけて、リプレイ失敗を引き起こすおそれがありました。
     "
https://www.postgresql.jp/docs/14/release-14-3.html,RELEASE-14-3,E.3.2. 変更点,,,"

一時オブジェクト削除中における安全でないTOASTデータアクセスが修正されました。
(Andres Freund)
     

サーバプロセス終了時に「FATAL: cannot fetch toast data without an active snapshot」のエラーを出して、一時オブジェクトの削除に失敗することがありました。
次に一時スキーマを使う際に正常にクリーンアップされるため、通常は無害です。
     "
https://www.postgresql.jp/docs/14/release-14-3.html,RELEASE-14-3,E.3.2. 変更点,,,"

カスタム設定名の最初の文字に_(アンダースコア)が再度使えるようになりました。
(Japin Li)
     

バージョン14ではそのような名前が意図せず使えなくなってしまっていました。
     "
https://www.postgresql.jp/docs/14/release-14-3.html,RELEASE-14-3,E.3.2. 変更点,,,"

compute_query_id設定に指定可能な値としてregressが追加されました。
(Michael Paquier)
     

これはテストを容易にすることを目的としており、クエリIDが計算されるけれどもEXPLAINの出力には表示されません。
     "
https://www.postgresql.jp/docs/14/release-14-3.html,RELEASE-14-3,E.3.2. 変更点,,,"

RegisterSyncRequestの待機ロジックが改善されました。
(Thomas Munro)
     

その中でcheckpointerプロセスへの同期要求キューが溢れた場合（実際のシステムでは滅多に発生しないことを願っていますが、非常に小さいバッファプールでテストする場合は一般的です）、その待ち行列が無くなるのを待ちます。
待機中は、ユーザーが何が起こっているかを知るために待機イベントとして報告する必要があります。
また、checkpointerプロセスが既に終了している場合にループが終了しない可能性があるためpostmasterプロセスの終了を監視する必要があります。
     "
https://www.postgresql.jp/docs/14/release-14-3.html,RELEASE-14-3,E.3.2. 変更点,,,"

書き込みと書き込みの間でcheckpointerプロセスが待機しているときにはラッチイベントを起こすようになりました。
(Thomas Munro)
     

これは同期リクエストを送信するバックエンドの反応性を改善します。
更にこの待機に対応した適切な待機イベントクラスも追加されました。
     "
https://www.postgresql.jp/docs/14/release-14-3.html,RELEASE-14-3,E.3.2. 変更点,,,"

WALの後続レコードが欠けている時にスタンバイを昇格すると「PANIC: xlog flush request is not satisfied」が発生する問題が修正されました。
(Sami Imseih)
     "
https://www.postgresql.jp/docs/14/release-14-3.html,RELEASE-14-3,E.3.2. 変更点,,,"

ホットスタンバイのコンフリクトを処理する際に自己デッドロックが起きる可能性があり、修正されました。
(Andres Freund)
     

不運なタイミングのとき、WALを適用するプロセスが他プロセスのバッファロックの解放を待って、動作が止まってしまう可能性がありました。
     "
https://www.postgresql.jp/docs/14/release-14-3.html,RELEASE-14-3,E.3.2. 変更点,,,"

ロジカルレプリケーションの変更を送信する際、パーティションの先祖関係を間違ってしまう可能性があり、修正されました。
(Tomas Vondra"","" Hou zj"","" Amit Kapila)
     

publish_via_partition_rootオプションが有効に指定されていて、更新するリレーションに対する異なる先祖で指定された複数のパブリケーションがある場合（即ち親子関係にあるリレーション各々にパブリケーションを作っている場合）、サブスクリプションへの変更の報告に際して間違った先祖リレーションを選択することがありました。
     "
https://www.postgresql.jp/docs/14/release-14-3.html,RELEASE-14-3,E.3.2. 変更点,,,"

max_sync_workers_per_subscription設定の制限に抵触する場合でもロジカルレプリケーションのapply workerプロセスが再起動されるようになりました。
(Amit Kapila)
     

本設定に対する上限検査コードの欠陥により、これまでは再起動されたワーカを直ぐに終了してしまっていて、ほとんどのワーカが存続できませんでした。
     "
https://www.postgresql.jp/docs/14/release-14-3.html,RELEASE-14-3,E.3.2. 変更点,,,"

UPDATEに対して、変更されていないレプリカアイデンティティ（REPLICA IDENTITY）のキー列を、それが外部TOAST格納されている場合にはWALログに含めるようになりました。
(Dilip Kumar"","" Amit Kapila)
     

この対処をしないと、サブスクライバはその値を見ることができないので、更新を正しく複製できないことになります。
     "
https://www.postgresql.jp/docs/14/release-14-3.html,RELEASE-14-3,E.3.2. 変更点,,,"

ps(1)コマンドにおけるサーバプロセス表示の置き換えに対応していないプラットフォームを適切に処理できるようになりました。
(Andrew Dunstan)
     

このようなプラットフォームはほとんど無かったため、これまでリファクタリングが潜在的なメモリ破壊をもたらすことに気づかれませんでした。
サポートされているプラットフォームで該当する唯一のものはCygwinで、バックエンドプロセスのクラッシュが報告されました。
     "
https://www.postgresql.jp/docs/14/release-14-3.html,RELEASE-14-3,E.3.2. 変更点,,,"

タイマ割り込みの見逃しに対して、サーバがより頑健になりました。
(Michael Harris"","" Tom Lane)
     

バージョン14で追加された最適化は、なんらかの理由でサーバプロセスがタイマ割り込みを逃してしまった場合は他についてもカーネルに要求を繰り返さないというもので、セッションの以降においてタイムアウト検出に失敗することになりました。
これでは脆弱すぎると判断され、リカバリパスが追加されました。
     "
https://www.postgresql.jp/docs/14/release-14-3.html,RELEASE-14-3,E.3.2. 変更点,,,"

PL/Perl関数のコンパイル時にSPI関数は実行できないようになりました。
(Tom Lane)
     

PL/Perl関数のコンパイル時にはPerlはユーザ定義コードを実行すると考えられます。
しかしながら、SPI経由のSQL操作を行うコードは望ましくありません。
関数の検証に際して本当にコード実行をしたくないので、クラッシュしなければセキュリティ上の危険がありました。
そこで、代わりに親切なエラーメッセージを出す検査が加えられました。
     "
https://www.postgresql.jp/docs/14/release-14-3.html,RELEASE-14-3,E.3.2. 変更点,,,"

libpqがroot所有のSSL秘密鍵ファイルを受け入れるようになりました。
(David Steele)
     

この変更により、libpqのSSL鍵ファイルの所有者とアクセス許可の安全チェックが、バージョン9.6以降のサーバと統一されます。
すなわち、現在のルールに加え、鍵ファイルの所有者がrootであって、パーミッションがrw-r-----以下の場合を許容するようになりました。
これは、鍵ファイルのシステム全体での管理に役立ちます。
     "
https://www.postgresql.jp/docs/14/release-14-3.html,RELEASE-14-3,E.3.2. 変更点,,,"

libpqのPQisBusy()関数の接続エラー後の動作が修正されました。
(Tom Lane)
     

書き込みエラーを検出した場合、PQisBusy()は常に真を返しましたが、これは誤りでした。
サーバから何か読み取れるまで、通常は入力処理を継続したいところでした。
この障害の実際の影響は、libpqの非同期クエリAPIを使用するアプリケーションが、PQconsumeInput()が致命的なエラーを返した場合にしか接続断を検出しないことです。
この修正により、接続断が順当にエラーのPGresultオブジェクトを介して報告されるようになりました。
これはほとんどのアプリケーションにとって相応しい動作です。
     "
https://www.postgresql.jp/docs/14/release-14-3.html,RELEASE-14-3,E.3.2. 変更点,,,"

psql、pg_dump、およびpg_amcheckでデータベース.スキーマ.テーブルという構文を再度許容するようになりました
(Mark Dilger)
     

14より前のバージョンは、2つ以上の.(ドット)を含むパターンにおけるスキーマとテーブル以外の全ての修飾名を黙って無視していました。
バージョン14でのリファクタリングの誤りで、そのユースケースがエラーになるようになってしまいました。
本バージョンで復活しましたが、先頭の修飾名がカレントデータベースの名前と一致しない場合にはエラーが発生します。
     "
https://www.postgresql.jp/docs/14/release-14-3.html,RELEASE-14-3,E.3.2. 変更点,,,"

pg_ctlは、stop/restart/promoteの動作を待機している間、postmasterプロセスが動作していることを再チェックするようになりました。
(Tom Lane)
     

pg_ctlは、stopまたはpromoteシグナルを送信する一方でpostmasterプロセスが動作していること（PIDが有効であるか）を1回確認しますが、その後は単純にPIDファイルが削除されるまで待機していました。
postmasterがPIDファイルを削除したり、制御ファイルを更新したりせず、非正常に終了した場合、pg_ctlはタイムアウトになるまで待機していました。
これに替えてpostmasterプロセスがまだ存在しているかをときどき再チェックするようになりました。
     "
https://www.postgresql.jp/docs/14/release-14-3.html,RELEASE-14-3,E.3.2. 変更点,,,"

pg_waldumpのエラー処理が修正されました。
(Kyotaro Horiguchi"","" Andres Freund)
     

WALセグメントサイズを知るためにWALファイルを読み取ったとき、短すぎるファイルの場合にpg_waldumpは誤ったエラー報告をしていました。
また、このエラーメッセージおよび関連するエラーメッセージで報告されるファイル名は無効である可能性がありました。
     "
https://www.postgresql.jp/docs/14/release-14-3.html,RELEASE-14-3,E.3.2. 変更点,,,"

contrib/pageinspectの関数が全てゼロのページに対応するようになりました。
(Michael Paquier)
     

これは正当な境界条件的ケースでしたが、このモジュールではほぼ想定されていませんでした。
必要に応じて、NULLを返すか、行を返さないように変更されました。
これは、エラーを発生させるよりも有効です。
     "
https://www.postgresql.jp/docs/14/release-14-3.html,RELEASE-14-3,E.3.2. 変更点,,,"

contrib/pageinspectで、破損したページの「特別な領域」に対する保護を追加し、正しいページサイズのチェックを強化し、不足していたインデックスの型チェックが追加されました。
(Michael Paquier"","" Justin Pryzby"","" Julien Rouhaud)
     

これらの変更により、モジュールが不良データでクラッシュする可能性が低くなりました。
     "
https://www.postgresql.jp/docs/14/release-14-3.html,RELEASE-14-3,E.3.2. 変更点,,,"

contrib/postgres_fdwでBEFORE INSERT ... FOR EACH ROWトリガが外部テーブルに存在する場合、バッチ挿入が無効にされました。
(Etsuro Fujita)
     

このようなトリガはテーブルを照会する際、手前で挿入した行を参照するかもしれません。
バッチ挿入では、これらの行がまだ可視となってない可能性があるため、予期せぬ動作を回避するため、無効にされました。
     "
https://www.postgresql.jp/docs/14/release-14-3.html,RELEASE-14-3,E.3.2. 変更点,,,"

contrib/postgres_fdwで、リモートで順序付けされたクエリを要求する前にORDER BY句が安全に渡せることを検証し、必要に応じてUSING句を含めるようになりました。
(Ronan Dunklau)
     

この修正はリモートサーバが意図と異なる順序で並べ替えるケースを防止します。
これは見た目だけの場合もありますが、リモートデータがローカルで実行されるマージ結合の入力として使用されると、完全に間違った結果が生じる可能性がありました。
     "
https://www.postgresql.jp/docs/14/release-14-3.html,RELEASE-14-3,E.3.2. 変更点,,,"

sys/epoll.hがあり、sys/signalfd.hはないプラットフォームを扱えるようにconfigureが修正されました。
(Tom Lane)
     "
https://www.postgresql.jp/docs/14/release-14-3.html,RELEASE-14-3,E.3.2. 変更点,,,"

LLVM 14で動作するようにJITコードが更新されました。
(Thomas Munro)
     "
https://www.postgresql.jp/docs/14/release-14-3.html,RELEASE-14-3,E.3.2. 変更点,,,"

clangの-fsanitize=undefinedオプションで様々な障害をクリーンアップするようになりました。
(Tom Lane"","" Andres Freund"","" Zhihong Yu)
     

これらの変更のほとんどは、CおよびPOSIX標準の文書に型通りに準拠するためのものであり、本番ビルドに影響を与える可能性はほとんどありません。
     "
https://www.postgresql.jp/docs/14/release-14-3.html,RELEASE-14-3,E.3.2. 変更点,,,"

OpenSSLなしでビルドする場合は、libpqのpkg-configファイルにOpenSSLの依存関係を追加しないように修正されました。
(Fabrice Fontaine)
     "
https://www.postgresql.jp/docs/14/release-14-3.html,RELEASE-14-3,E.3.2. 変更点,,,"

式の中にネストされたステートメントをサポートしないCコンパイラでビルドできるようにPL/Perlが修正されました。
(Tom Lane)
     
     "
https://www.postgresql.jp/docs/14/release-14-3.html,RELEASE-14-3,E.3.2. 変更点,,,"

WindowsでビルドにMSVCを使用していない場合に、pg_dumpallのビルドエラーが発生する可能性があり、修正されました。
(Andres Freund)
     "
https://www.postgresql.jp/docs/14/release-14-3.html,RELEASE-14-3,E.3.2. 変更点,,,"

Windowsビルドでは、pexportsの代わりにgendefを使用してDEFファイルを作るようになりました。
(Andrew Dunstan)
     

これにより、ビルドプロセスが最新のMSysツールチェーンで機能するように調整されました。
     "
https://www.postgresql.jp/docs/14/release-14-3.html,RELEASE-14-3,E.3.2. 変更点,,,"

MinGWでビルドされたプログラムでの余分なワイルドカードパターンの展開が防止されました。
(Andrew Dunstan)
     

何らかの理由で、MinGWによって提供されるCライブラリは、デフォルトでプログラムのコマンドライン引数のシェルワイルドカード文字を展開してしまいます。
MSVCでは特に発生しないため、これは混乱を招くのでパターン展開が無効化されました。
     "
https://www.postgresql.jp/docs/14/release-14-3.html,RELEASE-14-3,E.3.2. 変更点,,,"

タイムゾーンデータファイルがtzdatarelease 2022aに更新されました。
パレスチナでの夏時間法の変更に加えて、チリ、ウクライナの歴史的修正が含まれます。
     "
https://www.postgresql.jp/docs/14/release-14-4.html,RELEASE-14-4,E.2.2. 変更点,,,"

CONCURRENTLYオプションを付与したインデックス作成または再作成で、インデックス破損の可能性があり、防止されました。
(?lvaro Herrera)
     

バージョン14で追加された最適化のため、CREATE INDEX ... CONCURRENTLYとREINDEX ... CONCURRENTLYが時々インデックスエントリ作成に失敗していました。
その結果、誤った問い合わせ結果が生じる可能性があります。
本修正でこの最適化が取り消されました。
CONCURRENTLYオプションを付与して作成された全てのインデックスをバージョンアップ後に再作成することが推奨されています。
（または、CONCURRENTLYなしで再構築してください。）
     "
https://www.postgresql.jp/docs/14/release-14-4.html,RELEASE-14-4,E.2.2. 変更点,,,"

非決定的な等価関数に対してMemoizeプランノードが堅牢になりました。
(David Rowley)
     

データ型の等価関数またはハッシュ関数が各呼び出しで一貫性に欠ける結果を返す場合に、Memoizeがクラッシュを起こす可能性がありました。
代わりにランタイムエラーが出るようになりました。
     "
https://www.postgresql.jp/docs/14/release-14-4.html,RELEASE-14-4,E.2.2. 変更点,,,"

Memoizeプランの誤ったコスト見積もりが修正されました。
(David Rowley)
     

この誤りにより、それが最善でない場合でも Memoizeが使われたり、Memoizeノードにおける巨大なハッシュ表の初期化のためにエグゼキュータの起動時間が非常に長くなったりしました。
     "
https://www.postgresql.jp/docs/14/release-14-4.html,RELEASE-14-4,E.2.2. 変更点,,,"

複合型に対するドメインを返す関数の結果を「行全体の変数」で参照する問い合わせ処理が修正されました。
(Tom Lane)
     "
https://www.postgresql.jp/docs/14/release-14-4.html,RELEASE-14-4,E.2.2. 変更点,,,"

プランナでGROUPING関数で参照されているsub-SELECTをプルアップする（上位の問い合わせに統合する）ときに、「variable not found in subplan target list」が生じる問題が修正されました。
(Richard Guo)
     "
https://www.postgresql.jp/docs/14/release-14-4.html,RELEASE-14-4,E.2.2. 変更点,,,"

pg_stat_get_subscription()関数がゴミデータを含んだ追加の行を返す可能性があり、防止されました。
(Kuntal Ghosh)
     "
https://www.postgresql.jp/docs/14/release-14-4.html,RELEASE-14-4,E.2.2. 変更点,,,"

クライアント文字エンコーディングがマルチバイト文字エンコーディングで、データベースの文字エンコーディングがSQL_ASCIIの場合における、COPY FROMのエラー検査が修正されました。
(Heikki Linnakangas)
     

このバグにより、正しいデータに対しても入力データが不正にエンコードされているという偽性のエラーが生じる可能性がありました。
     "
https://www.postgresql.jp/docs/14/release-14-4.html,RELEASE-14-4,E.2.2. 変更点,,,"

XMLTABLEやJSON_TABLEに多すぎる列別名を付加した場合のクラッシュが回避されました。
(?lvaro Herrera)
     "
https://www.postgresql.jp/docs/14/release-14-4.html,RELEASE-14-4,E.2.2. 変更点,,,"

ビューやルールを（ダンプ出力やpsqlでの表示のため）逆コンパイルする際、それが他で参照されうる場合には、SELECT出力列のAS ""?column?""別名句を見せるようになりました。
(Tom Lane)
     

これまでは、自動生成されたこの別名は常に隠されていましたが、結果としてビューやルールがリストア不能になる稀なケースがありました。
     "
https://www.postgresql.jp/docs/14/release-14-4.html,RELEASE-14-4,E.2.2. 変更点,,,"

暗黙的に作成された演算子族がイベントトリガに通知されるようになりました。
(Masahiko Sawada)
     

以前は、CREATE OPERATOR CLASSによって演算子族が暗黙的に作成された場合、イベントトリガに通知されませんでした。
     "
https://www.postgresql.jp/docs/14/release-14-4.html,RELEASE-14-4,E.2.2. 変更点,,,"

スタンバイサーバの昇格中にリスタートポイントが実行されている時に行われるコントロールファイルの更新が、修正されました。
(Kyotaro Horiguchi)
     

以前は、リスタートポイント完了時にコントロールファイルの最終チェックポイントのフィールドが誤って更新される可能性があり、次の通常チェックポイント完了前にサーバがクラッシュした場合、PANICが発生して再起動に失敗する可能性がありました。
     "
https://www.postgresql.jp/docs/14/release-14-4.html,RELEASE-14-4,E.2.2. 変更点,,,"

大規模トランザクションの論理レプリケーション中に、スタンバイのwal_receiver_timeoutを発動させないようになりました。
(Wang Wei"","" Amit Kapila)
     

以前は、プライマリサーバ上の大規模トランザクションが（おそらく変更されたテーブルがパブリッシュされていないために）スタンバイにデータを送信しない場合、スタンバイがタイムアウトする可能性がありました。
このような状況でも確実にキープアライブメッセージを定期的に送信することで修正されました。
     "
https://www.postgresql.jp/docs/14/release-14-4.html,RELEASE-14-4,E.2.2. 変更点,,,"

無効なタイムゾーン省略形ファイルを読み取る際のファイルクローズ漏れが防止されました。
(Kyotaro Horiguchi)
     

このような場合には無害な警告メッセージが生じることがありました。
     "
https://www.postgresql.jp/docs/14/release-14-4.html,RELEASE-14-4,E.2.2. 変更点,,,"

カスタムサーバパラメータの短い説明にNULLを指定できるようになりました。
(Steve Chavez)
     

拡張はそのような設定を選ぶことができましたが、以前は、それらを扱う際にコードパスによってはクラッシュしていました。
     "
https://www.postgresql.jp/docs/14/release-14-4.html,RELEASE-14-4,E.2.2. 変更点,,,"

libpqでSSL秘密鍵の誤った所有者チェックが削除されました。
(Tom Lane)
     

以前のマイナーリリースで、サーバでのSSL秘密鍵のアクセス権チェック方式をlibpqにも適用しましたが、所有者チェックまで同様に行うべきではありませんでした。
鍵ファイルにアクセス可能であるけれども所有者と異なるユーザでクライアントを実行するときに、予期せぬエラーが生じることがありました。
     "
https://www.postgresql.jp/docs/14/release-14-4.html,RELEASE-14-4,E.2.2. 変更点,,,"

ecpgでサーバ接続が失われた場合のエラーを適切に報告するようになりました。
(Tom Lane)
     

接続が失われた場合などに、libpqで生成されたエラー結果を誤って処理していたため、有用なエラーメッセージではなく「(null)」と出力されていました。
また、古いリリースではクラッシュする可能性がありました（本修正は 10.x 以降に適用されています）。
     "
https://www.postgresql.jp/docs/14/release-14-4.html,RELEASE-14-4,E.2.2. 変更点,,,"

pg_amcheckでサーバ接続が失われた場合のクラッシュが修正されました。
(Tom Lane)
     

接続が失われた場合などに、libpqで生成されたエラー結果を誤って処理していたため、クラッシュが生じていました。
     "
https://www.postgresql.jp/docs/14/release-14-4.html,RELEASE-14-4,E.2.2. 変更点,,,"

PL/PerlのテストケースがPerl 5.36で動作するように調整されました。
(Dagfinn Ilmari Manns?ker)
     "
https://www.postgresql.jp/docs/14/release-14-4.html,RELEASE-14-4,E.2.2. 変更点,,,"

PostgreSQLビルド中に複数のOpenLDAPがインストールされている場合に、古いlibldap_rライブラリを誤って使用しないよう修正されました。
(Tom Lane)
     "
https://www.postgresql.jp/docs/14/release-14-5.html,RELEASE-14-5,E.1.2. 変更点,,,"

拡張のスクリプトが、拡張に属していないオブジェクトを置換しないようになりました。
(Tom Lane)
     

この変更は、拡張に属さない既存オブジェクトがある場合に、拡張のスクリプトがCREATE OR REPLACEを行うことを防止します。
また、同じ状況でのCREATE IF NOT EXISTSも防止します。 
これにより、敵対的なデータベースユーザが拡張のオブジェクトの所有者になって、それを変更して将来の他ユーザによるオブジェクト使用を危機にさらすという、トロイの木馬型の攻撃を防ぐことができます。 
副次的な利点として、意図しないオブジェクトを誤って置換してしまうリスクも軽減されます。
     

PostgreSQLプロジェクトは本問題を報告してくれたSven Klemmに感謝します。
(CVE-2022-2625)
     "
https://www.postgresql.jp/docs/14/release-14-5.html,RELEASE-14-5,E.1.2. 変更点,,,"

スタンバイサーバでのCREATE DATABASEのWALレコードリプレイが修正されました。
(Kyotaro Horiguchi"","" Asim R Praveen"","" Paul Guo)
     

スタンバイサーバがデータベース作成のWALレコードをリプレイする時に、テーブルスペースのディレクトリが見つからないことがあります。 
本パッチ適用前は、このような場合、スタンバイはリカバリに失敗していましたが、このようなディレクトリが合法的に欠落している可能性がありました。
テーブルスペースを（通常のディレクトリとして）作成し、リプレイが一貫した状態に達したら、再び削除されていることを確認する動作に変更されました。
     "
https://www.postgresql.jp/docs/14/release-14-5.html,RELEASE-14-5,E.1.2. 変更点,,,"

「構内(in place)」テーブルスペースがサポートされました。
(Thomas Munro"","" Michael Paquier"","" ?lvaro Herrera)
     

通常、PostgreSQLのテーブルスペースは、他のファイルシステム上のディレクトリへのシンボリックリンクですが、この変更により、データベースクラスタディレクトリ内の単なるディレクトリにすることができます。 
これはテーブルを異なるファイルシステム上に分離するのには役に立ちませんが、テストには便利な仕組みです。
さらに、CREATE DATABASEリプレイの修正（前項の修正）で、欠落しているテーブルスペースを「構内」テーブルスペースとして一時的に作成するために必要となります。
     "
https://www.postgresql.jp/docs/14/release-14-5.html,RELEASE-14-5,E.1.2. 変更点,,,"

CREATE INDEXにおける権限チェックが修正されました。
(Nathan Bossart"","" Noah Misch)
     

CVE-2022-1552むけの修正により、CREATE INDEXが演算子クラスやその他のオブジェクトの検索を実行する際に、以前は呼び出しユーザのパーミッションを適用していたところで、テーブル所有者のパーミッションを適用するようになっていました。
pg_dumpはパーミッションを再度付与する前にCREATE INDEXを発行するため、これによりダンプ/リストアのシナリオが壊れていました。
     "
https://www.postgresql.jp/docs/14/release-14-5.html,RELEASE-14-5,E.1.2. 変更点,,,"

拡張問い合わせプロトコルでは、トランザクションブロック内で実行できないCREATE DATABASE等のコマンド後に、即時コミットを強制するようになりました。
(Tom Lane)
     

クライアントがそのようなコマンドの直後にSyncメッセージを送信せず、代わりに別のコマンドを送信した場合、そのコマンドで障害が発生すると、直前のコマンドがロールバックされ、通常ディスク上に矛盾した状態が残りました（欠落しているデータベースディレクトリや余分なデータベースディレクトリなど）。
そのような状況を防ぐためのメカニズムは、簡易問い合わせメッセージ内の複数コマンドに対しては機能しますが、拡張問い合わせの一連のメッセージに対しては機能しません。
現在動作しているユースケースを壊さずに矛盾を防ぐため、そのようなコマンドの後に暗黙のコミットを強制するものとなりました。
     "
https://www.postgresql.jp/docs/14/release-14-5.html,RELEASE-14-5,E.1.2. 変更点,,,"

トランザクションの可視性をチェックする際の競合状態が修正されました。
(Simon Riggs)
     

内部実装関数TransactionIdIsInProgress(xid)が、対象のトランザクションが可視とみなされる前にfalseを報告し、さまざまな誤動作を引き起こす可能性がありました。
競合状態のウィンドウは通常、非常に狭いですが、同期レプリケーションを使用すると同期レプリカの待機がそのウィンドウ内で発生するため、より広くなります。
     "
https://www.postgresql.jp/docs/14/release-14-5.html,RELEASE-14-5,E.1.2. 変更点,,,"

最上位以外に集合を返す関数を含む式でソートした場合の誤った計画が修正されました。
(Richard Guo"","" Tom Lane)
     "
https://www.postgresql.jp/docs/14/release-14-5.html,RELEASE-14-5,E.1.2. 変更点,,,"

拡張統計情報の誤った権限検査コードが修正されました。
(Richard Guo)
     

ユーザが不十分なSELECT権限しか持たないテーブルに拡張統計情報がある場合、一部の問い合わせが「unrecognized node type」で失敗していました。
     "
https://www.postgresql.jp/docs/14/release-14-5.html,RELEASE-14-5,E.1.2. 変更点,,,"

ブール値式の MCV（最頻値）型の統計情報を処理するために、拡張統計情報の仕組みが修正されました。
(Tom Lane)
     

統計収集は正常に動作しますが、WHEREにその式を含む問い合わせは、プラン作成時に「unknown clause type」で失敗していました。
     "
https://www.postgresql.jp/docs/14/release-14-5.html,RELEASE-14-5,E.1.2. 変更点,,,"

配列変数に MCV（最頻値）タイプの拡張統計情報がある場合にconstant = ANY(array)句に対してプランナでクラッシュが生じていて、修正されました。
(Tom Lane)
     "
https://www.postgresql.jp/docs/14/release-14-5.html,RELEASE-14-5,E.1.2. 変更点,,,"

ALTER TABLE ... ENABLE/DISABLE TRIGGERがパーティションテーブル上のトリガの再帰を正しく処理するように修正されました。
(?lvaro Herrera"","" Amit Langote)
     

場合によっては、コマンドがトリガを持たない子パーティションでトリガを調整しようとするため、「trigger does not exist」が発生することがありました。
     "
https://www.postgresql.jp/docs/14/release-14-5.html,RELEASE-14-5,E.1.2. 変更点,,,"

拡張統計情報の計算中にANALYZEをキャンセルできるようになりました。
(Tom Lane"","" Justin Pryzby)
     

高コストな統計情報対象を伴うシナリオでは、キャンセルできないソート操作に何秒も費やす可能性がありました。
     "
https://www.postgresql.jp/docs/14/release-14-5.html,RELEASE-14-5,E.1.2. 変更点,,,"

jsonpath型の構文エラーメッセージが改善されました。
(Andrew Dunstan)
     "
https://www.postgresql.jp/docs/14/release-14-5.html,RELEASE-14-5,E.1.2. 変更点,,,"

pg_stop_backup()がセッションの状態を適切にクリーンアップするようになりました。
(Fujii Masao)
     

これまで省略されていたため、セッションの後半でアサート失敗やクラッシュを引き起こす可能性がありました。
     "
https://www.postgresql.jp/docs/14/release-14-5.html,RELEASE-14-5,E.1.2. 変更点,,,"

ゼロ次元の配列の引数を適切に処理するようにtrim_array()が修正されました。
不正メモリアクセスにより、潜在的にクラッシュが生じる可能性がありました。
(Martin Kalcher)
     "
https://www.postgresql.jp/docs/14/release-14-5.html,RELEASE-14-5,E.1.2. 変更点,,,"

FOR [KEY] UPDATE/SHARE句における結合エイリアスのマッチングが修正されました。
(Dean Rasheed)
     

稀なケースでは、誤解を招くエラーが報告されることがありました。
     "
https://www.postgresql.jp/docs/14/release-14-5.html,RELEASE-14-5,E.1.2. 変更点,,,"

多すぎる列を持つFROMの中のROW()表現と関数をリジェクトします。
(Tom Lane)
     

おおよそ1600列を超えるケースはサポートされておらず、必ず実行は失敗します。
しかしながら、32Kを超える列を持った問い合わせによってアサート失敗またはクラッシュが発生する以前のコードが一部ありました。
これを避けるために、パースする際にチェックするようになりました。
     "
https://www.postgresql.jp/docs/14/release-14-5.html,RELEASE-14-5,E.1.2. 変更点,,,"

ビューが作られて複合型の列がドロップされた場合、複合型を返すFROMの中の関数を使っているビューのダンプが修正されました。
(Tom Lane)
     

ダンプされるビューはこの関数のためにたくさんの列へのエイリアスを持っているため、この見過ごしはdump/reloadまたはpg_upgradeの障害を引き起こします。
     "
https://www.postgresql.jp/docs/14/release-14-5.html,RELEASE-14-5,E.1.2. 変更点,,,"

論理レプリケーションのwalsenderで入れ子のバックアップ処理を禁止するようになりました。
(Fujii Masao)
     "
https://www.postgresql.jp/docs/14/release-14-5.html,RELEASE-14-5,E.1.2. 変更点,,,"

論理レプリケーションのサブスクライバのメモリリークが修正されました。
(Hou Zhijie)
     "
https://www.postgresql.jp/docs/14/release-14-5.html,RELEASE-14-5,E.1.2. 変更点,,,"

ターゲットテーブルがパーテション化されている場合、論理レプリケーションのレプリカアイデンティティのチェックが修正されました。
(Shi Yu"","" Hou Zhijie)
     

レプリカアイデンティティ列は子パーティションのために再度識別される必要があります。
     "
https://www.postgresql.jp/docs/14/release-14-5.html,RELEASE-14-5,E.1.2. 変更点,,,"

論理レプリケーションのパブリッシャーのスキーマを変更した後、サブスクライバでキャッシュされたスキーマデータ更新に失敗する障害が修正されました。
(Shi Yu"","" Hou Zhijie)
     "
https://www.postgresql.jp/docs/14/release-14-5.html,RELEASE-14-5,E.1.2. 変更点,,,"

BRIN_EVACUATE_PAGEフラグを正しく処理するためのWAL一貫性チェックロジックが修正されました。
(Haiyang Wang)
     "
https://www.postgresql.jp/docs/14/release-14-5.html,RELEASE-14-5,E.1.2. 変更点,,,"

共有ハッシュテーブル管理における誤ったアサートチェックが修正されました。
(Thomas Munro)
     "
https://www.postgresql.jp/docs/14/release-14-5.html,RELEASE-14-5,E.1.2. 変更点,,,"

min_dynamic_shared_memoryがデフォルトでない値にセットされた時に起きるアサート失敗が修正されました。
(Thomas Munro)
     "
https://www.postgresql.jp/docs/14/release-14-5.html,RELEASE-14-5,E.1.2. 変更点,,,"

SPI_commit()のなかでコミット時のエラーが起きた時、呼び出し元がクリーンアップしてくれることを期待せずに自動で行うようになりました。
(Peter Eisentraut"","" Tom Lane)
     

適切なクリーンアップには複雑で低レベルな機能を必要とします。
従って、どの既知の呼び出し元もクリーンアップしないことがあり得ます。
このために、手続き言語のプロシージャがCOMMITを発行したが（例えば遅延制約検査などで）エラーが起きてしまった場合に誤動作を招きます。
これを改善するためにSPI_commit()を次のように再定義しました。
即ち、前トランザクションの特性を保存せずに新しいデフォルトトランザクションの特性を取ること以外は、SPI_commit_and_chain()と等価な新しいトランザクションを開始するものとしました。
この変更をAPIの観点からある程度透過的にするため、SPI_start_transaction()をno-op（何もしない動作）に再定義しました。
全てのSPI_commit()の既知の呼び出し元は直後にSPI_start_transaction()を呼びます。
これにより全ての呼び出し元は本変更の影響を受けません。
同じ変更はSPI_rollback()にも行われています。
     

PL/Pythonの修正も行われました。
PL/Pythonでは、このようなエラー処理が完全に省略されていて、Python 3.11ではクラッシュすると報告されています。
古いPythonリリースでは何も問題ないように見えますがメモリリークが起きます。
     "
https://www.postgresql.jp/docs/14/release-14-5.html,RELEASE-14-5,E.1.2. 変更点,,,"

パイプラインモードでのlibpqのアイドル状態の処理が改善されました。
(?lvaro Herrera"","" Kyotaro Horiguchi)
     

これにより、「message type 0x33 arrived from server while idle」という警告が修正され、PQgetResult()からのクエリ終了を表す結果のNULLが失われる可能性が修正されます。
     "
https://www.postgresql.jp/docs/14/release-14-5.html,RELEASE-14-5,E.1.2. 変更点,,,"

予想外の順序で操作を呼び出した場合のecpglibのコアダンプが回避されました。
(Tom Lane)
     

EXEC SQL PREPAREなどの特定の操作をデータベース接続を確立する前に呼び出すと、(予想どおりにエラーを報告するのではなく) クラッシュします。
     "
https://www.postgresql.jp/docs/14/release-14-5.html,RELEASE-14-5,E.1.2. 変更点,,,"

ecpglibで、冗長なnewlocale()呼び出しが回避されました。
(Noah Misch)
     

問い合わせごとにロケールオブジェクトを作成して解放するのではなく、最初の接続時にプロセスごとにCロケールオブジェクトを割り当てます。
これにより、AIXでのlibcメモリリークが軽減され、あらゆるプラットフォームでパフォーマンスが向上する可能性があります。
     "
https://www.postgresql.jp/docs/14/release-14-5.html,RELEASE-14-5,E.1.2. 変更点,,,"

psqlの\watchコマンドで、Ctrl+Cでキャンセルした後に改行をエコーするようになりました。
(Pavel Stehule)
     

これにより、libedit(およびおそらくlibreadline)でカーソルがどの列にあるかについて混乱するのを防ぎます。
     "
https://www.postgresql.jp/docs/14/release-14-5.html,RELEASE-14-5,E.1.2. 変更点,,,"

pg_upgradeがアップグレード不可能なanyarrayを取る関数を検出するように修正されました。
(Justin Pryzby)
     

バージョン14では、いくつかの組み込み関数が、anyarrayではなくanycompatiblearray型を取るように変更されました。
これはほとんど透過的ですが、これらの関数の上に構築されたユーザ定義の集約関数と演算子は、正確に一致する型で宣言する必要があります。
古いシグネチャを参照するオブジェクトが存在すると、pg_upgradeが失敗する原因となるため、アップグレードを開始する前に、そのようなケースを検出して報告するように変更されました。
     "
https://www.postgresql.jp/docs/14/release-14-5.html,RELEASE-14-5,E.1.2. 変更点,,,"

pg_upgradeで--cloneオプションを使用した場合にclone()が失敗した後に誤ったエラー状態が報告される可能性がある問題が修正されました。
(Justin Pryzby)
     "
https://www.postgresql.jp/docs/14/release-14-5.html,RELEASE-14-5,E.1.2. 変更点,,,"

contrib/pg_stat_statementsが32ビットプラットフォームでの非常に大きなクエリテキストファイルでの問題を回避するように修正されました。
(Tom Lane)
     "
https://www.postgresql.jp/docs/14/release-14-5.html,RELEASE-14-5,E.1.2. 変更点,,,"

contrib/postgres_fdwで、WITH CHECK OPTION制約がある場合に一括挿入を防止するようになりました。
(Etsuro Fujita)
     

一度に複数の行が挿入されると、そのような制約は適切にチェックすることができませんでした。
     "
https://www.postgresql.jp/docs/14/release-14-5.html,RELEASE-14-5,E.1.2. 変更点,,,"

contrib/postgres_fdwが非同期データフェッチクエリの送信失敗を検出するように修正されました。
(Fujii Masao)
     "
https://www.postgresql.jp/docs/14/release-14-5.html,RELEASE-14-5,E.1.2. 変更点,,,"

contrib/postgres_fdwがregconfigおよびその他のreg*タイプの定数を適切なスキーマ修飾で送信するようになりました。
(Tom Lane)
     "
https://www.postgresql.jp/docs/14/release-14-5.html,RELEASE-14-5,E.1.2. 変更点,,,"

Linuxで動的共有メモリの割り当て中にシグナルをブロックするようになりました。
(Thomas Munro)
     

これにより、シグナルがposix_fallocate()に割り込むときの問題が回避されます。
     "
https://www.postgresql.jp/docs/14/release-14-5.html,RELEASE-14-5,E.1.2. 変更点,,,"

shm_open()からの予期しないEEXISTエラーを検出するようになりました。
(Thomas Munro)
     

これにより、Solarisで発生する可能性のあるクラッシュが回避されます。
     "
https://www.postgresql.jp/docs/14/release-14-5.html,RELEASE-14-5,E.1.2. 変更点,,,"

illumosではsignalfd()を使用しないようになりました。
(Thomas Munro)
     

これにより、ハングやカーネルパニックが発生するように見えるため、修正が利用可能になるまでこの機能は使用されません。
     "
https://www.postgresql.jp/docs/15/release-15.html,RELEASE-15,E.5.1. 概要,,,"

SQLのMERGEコマンドがサポートされました。
     "
https://www.postgresql.jp/docs/15/release-15.html,RELEASE-15,E.5.1. 概要,,,"

列リストと行フィルタ条件を指定する機能により、論理レプリケーションパブリケーション内でテーブルの内容を選択的にパブリッシュできるようになりました。
     "
https://www.postgresql.jp/docs/15/release-15.html,RELEASE-15,E.5.1. 概要,,,"

Zstandard(zstd)圧縮のサポートを含む、圧縮のオプションが増えました。
これには、pg_basebackup中にサーバ側で圧縮を実行するサポートが含まれます。
     "
https://www.postgresql.jp/docs/15/release-15.html,RELEASE-15,E.5.1. 概要,,,"

JSON形式を使用した構造化サーバログ出力がサポートされました。
     "
https://www.postgresql.jp/docs/15/release-15.html,RELEASE-15,E.5.1. 概要,,,"

特にメモリ内およびディスク上のソートのパフォーマンスが改善しました。
     "
https://www.postgresql.jp/docs/15/release-15.html,RELEASE-15,E.5.2. バージョン15への移行,,,"

publicスキーマのPUBLIC作成権限を削除しました。
(Noah Misch)
     

新しいデフォルトは、CVE-2018-1058対応のセキュリティリリース以降5.9.6で推奨している安全なスキーマ使用パターンの1つです。
この変更は、新しいデータベースクラスタと、既存のクラスタで新しく作成されたデータベースに適用されます。
クラスタをアップグレードするか、データベースダンプを復元すると、publicの既存の権限が保持されます。
     

既存のデータベース、特に複数のユーザーが存在するデータベースでは、publicスキーマに対するCREATE権限を取り消して、この新しいデフォルトを採用することを検討してください。
内部者の脅威に対して防御する必要のない新しいデータベースでは、CREATE権限を付与すると、以前のリリースと同じ動作になります。
     "
https://www.postgresql.jp/docs/15/release-15.html,RELEASE-15,E.5.2. バージョン15への移行,,,"

publicスキーマの所有者を新しいpg_database_ownerロールに変更しました。
(Noah Misch)
     

これにより、各データベースの所有者は、データベース内のpublicスキーマに対する所有者権限を持つことができます。
以前はブートストラップのスーパーユーザが所有していたため、スーパーユーザ以外のデータベース所有者は何もできませんでした。
     

この変更は、新しいデータベースクラスタ、および既存のクラスタに新しく作成されたデータベースに適用されます。
クラスタをアップグレードするか、データベースダンプを復元すると、publicの既存の所有者設定が保持されます。
     "
https://www.postgresql.jp/docs/15/release-15.html,RELEASE-15,E.5.2. バージョン15への移行,,,"

長らく非推奨となっていた排他バックアップモードを削除しました。
(David Steele"","" Nathan Bossart)
     

このモードでデータベースサーバが突然停止すると、サーバの起動に失敗する可能性があります。
非排他バックアップモードは、すべての目的に対して優れていると考えられます。
関数pg_start_backup()/pg_stop_backup()はpg_backup_start()/pg_backup_stop()に名前が変更され、関数pg_backup_start_time()pg_is_in_backup()は削除されました。
     "
https://www.postgresql.jp/docs/15/release-15.html,RELEASE-15,E.5.2. バージョン15への移行,,,"

hash_mem_multiplierのデフォルトを2.0に増やしました。
(Peter Geoghegan)
     

これにより、問い合わせハッシュ操作は他の操作より多くのwork_memメモリを使用することができます。
     "
https://www.postgresql.jp/docs/15/release-15.html,RELEASE-15,E.5.2. バージョン15への移行,,,"

サーバサイド言語plpython2uと汎用Python言語plpythonuを削除しました。
(Andres Freund)
     

Python 2.xはサポートされなくなりました。
plpythonuの当初の意図は、最終的にplpython3uを参照できるようにすることでしたが、変更すると問題を解決するよりも問題を引き起こす可能性が高くなるため、削除されました。
     "
https://www.postgresql.jp/docs/15/release-15.html,RELEASE-15,E.5.2. バージョン15への移行,,,"

array_to_tsvector()に空文字列の配列要素が渡された場合にエラーが発生するようになりました。
(Jean-Christophe Arnu)
     

語彙素は決して空であってはならないので、これは禁止されています。
以前のPostgresリリースのユーザは、空の語彙素が格納されていないことを確認する必要があります。
なぜなら、空の語彙素はダンプ/リストアの失敗や矛盾した結果を引き起こす可能性があるからです。
     "
https://www.postgresql.jp/docs/15/release-15.html,RELEASE-15,E.5.2. バージョン15への移行,,,"

chr()に負の引数が与えられた場合にエラーが発生するようになりました。
(Peter Eisentraut)
     "
https://www.postgresql.jp/docs/15/release-15.html,RELEASE-15,E.5.2. バージョン15への移行,,,"

CREATE OR REPLACE VIEWが出力列の照合順序を変更できないようにしました。
(Tom Lane)
     "
https://www.postgresql.jp/docs/15/release-15.html,RELEASE-15,E.5.2. バージョン15への移行,,,"

U&""""のような長さ0ユニコード識別子を禁止しました。
(Peter Eisentraut)
     

非ユニコード長0の識別子はすでに許可されていませんでした。
     "
https://www.postgresql.jp/docs/15/release-15.html,RELEASE-15,E.5.2. バージョン15への移行,,,"

数値リテラルの末尾に数値以外の文字が含まれないようにしました。
(Peter Eisentraut)
     

以前は、123abcのような問い合わせテキストは123の後に別のトークンabcが続くものとして解釈されていました。
     "
https://www.postgresql.jp/docs/15/release-15.html,RELEASE-15,E.5.2. バージョン15への移行,,,"

JSONの数値リテラル処理をSQL/JSON標準に適合するように調整しました。
(Peter Eisentraut)
     

.1や1.のような数値形式を受け入れ、1.type()のような数値リテラルの後に続くゴミを禁止します。
     "
https://www.postgresql.jp/docs/15/release-15.html,RELEASE-15,E.5.2. バージョン15への移行,,,"

interval型の入力が月より大きい単位の小数値を提供する場合、最も近い月に丸めるようにしました。
(Bruce Momjian)
     

たとえば、1.99 yearsは以前のように1 year 11 monthsではなく2 yearsに変換されます。
     "
https://www.postgresql.jp/docs/15/release-15.html,RELEASE-15,E.5.2. バージョン15への移行,,,"

ピリオドが末尾にある場合のinterval型解析との一貫性を改善しました。
(Tom Lane)
     

末尾にピリオドがある数字は、一部のプラットフォームで拒否されていました。
     "
https://www.postgresql.jp/docs/15/release-15.html,RELEASE-15,E.5.2. バージョン15への移行,,,"

interval型出力関数はIntervalStyleに依存するので、IMMUTABLEではなくSTABLEとしてマークしました。
(Tom Lane)
     

たとえば、interval型の値のテキスト出力に依存するインデックスの作成が失敗するようになりました。
     "
https://www.postgresql.jp/docs/15/release-15.html,RELEASE-15,E.5.2. バージョン15への移行,,,"

interval型調整関数で整数オーバーフローを検出するようになりました。
(Joe Koshakow)
     

影響を受ける関数は、justify_interval()、justify_hours()、justify_days()です。
     "
https://www.postgresql.jp/docs/15/release-15.html,RELEASE-15,E.5.2. バージョン15への移行,,,"

非ASCII文字の入出力フォーマット""char""型を変更しました。
(Tom Lane)
     

上位ビットが設定されたバイトは、エンコーディングの問題を避けるために、バックスラッシュと3桁の8進数として出力されるようになりました。
     "
https://www.postgresql.jp/docs/15/release-15.html,RELEASE-15,E.5.2. バージョン15への移行,,,"

ログインロールが自身のロールメンバーシップに持つデフォルトADMIN OPTION権限を削除しました。
(Robert Haas)
     

以前は、ADMIN OPTION権限がなくても、ログインロールは自身のロールのメンバーを追加/削除できました。
     "
https://www.postgresql.jp/docs/15/release-15.html,RELEASE-15,E.5.2. バージョン15への移行,,,"

論理レプリケーションをサブスクリプションの所有者として実行できるようにしました。
(Mark Dilger)
     

行単位セキュリティポリシーはチェックされないため、スーパーユーザ、bypassrlsを持つロール、およびテーブル所有者のみが、行単位セキュリティポリシーを持つテーブルにレプリケートできます。
     "
https://www.postgresql.jp/docs/15/release-15.html,RELEASE-15,E.5.2. バージョン15への移行,,,"

サブスクリプション所有者がテーブルに対するSELECT権限を持たない場合は、テーブルに対するUPDATEおよびDELETE論理レプリケーション操作ができないようになりました。
(Jeff Davis)
     

UPDATEコマンドとDELETEコマンドは通常、テーブルの読み取りも行うため、サブスクリプション所有者がテーブルのSELECTパーミッションを持っている必要があります。
     "
https://www.postgresql.jp/docs/15/release-15.html,RELEASE-15,E.5.2. バージョン15への移行,,,"

EXPLAINがセッションの一時オブジェクトスキーマを参照する場合は、pg_tempとして参照するようにしました。
(Amul Sul)
     

以前は実際のスキーマ名が報告されていたため、セッション間で不整合が発生していました。
     "
https://www.postgresql.jp/docs/15/release-15.html,RELEASE-15,E.5.2. バージョン15への移行,,,"

pg_statio_all_tablesを、複数のインデックスを持つTOASTテーブルの稀なケースの値を合計するように修正しました。
(Andrei Zubkov)
     

以前は、このような場合はインデックスごとに1行が表示されていました。
     "
https://www.postgresql.jp/docs/15/release-15.html,RELEASE-15,E.5.2. バージョン15への移行,,,"

インストールされている拡張機能の名前と一致するが、拡張機能の宣言された変数の1つではないカスタムオプションの設定が禁止されました。
(Florin Irion"",""Tom Lane)
     

この変更により、拡張機能のロード中に既存の変数が削除され、セッションの後半で新しい変数が作成されないようになります。
その目的は、変数が拡張機能に関連付けられているかどうかについての混乱を防ぐことです。
     "
https://www.postgresql.jp/docs/15/release-15.html,RELEASE-15,E.5.2. バージョン15への移行,,,"

廃止予定だったサーバパラメータstats_temp_directoryを削除しました。
(Andres Freund"","" Kyotaro Horiguchi)
     "
https://www.postgresql.jp/docs/15/release-15.html,RELEASE-15,E.5.2. バージョン15への移行,,,"

random()の計算に使用するアルゴリズムを改善しました。
(Fabien Coelho)
     

これにより、random()の結果は、同じシード値であっても、以前のバージョンで生成された結果とは異なります。
     "
https://www.postgresql.jp/docs/15/release-15.html,RELEASE-15,E.5.2. バージョン15への移行,,,"

libpqのPQsendQuery()関数はパイプラインモードでサポートされなくなりました。
(?lvaro Herrera)
     

この組み合わせを使用しているアプリケーションは、代わりにPQsendQueryParams()を使用するように修正する必要があります。
     "
https://www.postgresql.jp/docs/15/release-15.html,RELEASE-15,E.5.2. バージョン15への移行,,,"

Windows以外のプラットフォームでは、HOME環境変数を調べてユーザーのホームディレクトリを探すようになりました。
(Anders Kaseorg)
     

HOMEが空または設定されていない場合は、<pwd.h>データベースをチェックする前の方法に戻ります。
この変更は、さまざまなクライアントアプリケーションプログラムと同様にlibpq(例えば~/.pgpassを検索する場合)にも影響します。
     "
https://www.postgresql.jp/docs/15/release-15.html,RELEASE-15,E.5.2. バージョン15への移行,,,"

pg_dumpの--no-synchronized-snapshotsオプションを廃止しました。
(Tom Lane)
     

現在サポートされているすべてのサーババージョンが同期スナップショットをサポートしているため、このオプションは必要ありません。
     "
https://www.postgresql.jp/docs/15/release-15.html,RELEASE-15,E.5.2. バージョン15への移行,,,"

psqlの--single-transactionモードでエラーが検出された後、ON_ERROR_STOPが設定されている場合にのみ、最後のCOMMITコマンドをROLLBACKに変更するようにしました。
(Michael Paquier)
       "
https://www.postgresql.jp/docs/15/release-15.html,RELEASE-15,E.5.2. バージョン15への移行,,,"

postgres_fdwが送信する問い合わせで、不要な定数のキャストを行わないようにしました。
(Dian Fay)
     

列の型がローカルデータベースとリモートデータベースで意図的に異なる場合、このようなキャストによってエラーが発生する可能性があります。
     "
https://www.postgresql.jp/docs/15/release-15.html,RELEASE-15,E.5.2. バージョン15への移行,,,"

xml2のxml_is_well_formed()関数を廃止しました。
(Tom Lane)
     

この関数はPostgres 9.1以降、コアバックエンドで実装されています。
     "
https://www.postgresql.jp/docs/15/release-15.html,RELEASE-15,E.5.2. バージョン15への移行,,,"

カスタムスキャンプロバイダが射影をサポートしているかどうかを示すことができるようになりました。
(Sven Klemm)
     

デフォルトでは、カスタムスキャンプロバイダは射影をサポートしていないと見なされるようになりました。
射影をサポートしているものは、このリリースで更新する必要があります。
     "
https://www.postgresql.jp/docs/15/release-15.html,RELEASE-15,E.5.3. 変更点,E.5.3.1. サーバ,,"

各データベースの照合順序バージョンを記録し、チェックするようにしました。
(Peter Eisentraut)
      

この機能は、照合順序バージョンの変更を検出してインデックスの破損を回避するように設計されています。
関数pg_database_collation_actual_version()は基礎となるオペレーティングシステムの照合順序バージョンを報告し、ALTER DATABASE ...  REFRESHは記録されたデータベースの照合順序バージョンをオペレーティングシステムの照合順序バージョンと一致するように設定しました。
      "
https://www.postgresql.jp/docs/15/release-15.html,RELEASE-15,E.5.3. 変更点,E.5.3.1. サーバ,,"

ICU照合順序をクラスタとデータベースのデフォルトとして設定できるようにしました。
(Peter Eisentraut)
      

以前は、クラスタレベルとデータベースレベルではlibcベースの照合順序のみを選択できました。
ICU照合順序は、明示的なCOLLATE句によってのみ使用できました。
      "
https://www.postgresql.jp/docs/15/release-15.html,RELEASE-15,E.5.3. 変更点,E.5.3.1. サーバ,,"

システムビューpg_ident_file_mappingsをpg_ident.conf情報報告用に追加しました。
(Julien Rouhaud)
      "
https://www.postgresql.jp/docs/15/release-15.html,RELEASE-15,E.5.3. 変更点,E.5.3.1. サーバ,E.5.3.1.1. パーティショニング,"

パーティションテーブルを参照する問い合わせのプラン時間を改善しました。
(David Rowley)
       

この変更は、多数のパーティションのうち数個のパーティションだけが関連する場合に役立ちます。
       "
https://www.postgresql.jp/docs/15/release-15.html,RELEASE-15,E.5.3. 変更点,E.5.3.1. サーバ,E.5.3.1.1. パーティショニング,"

より多くの場合に、ソートを回避するためのパーティションの順序付きスキャンが可能になりました。
(David Rowley)
       

以前は、複数の値を含むDEFAULTパーティションやLISTパーティションを持つパーティションテーブルは、順序付きパーティションスキャンに使用できませんでした。
これからはこのようなパーティションがプラン時にプルーニングされる場合は使用できるようになります。
       "
https://www.postgresql.jp/docs/15/release-15.html,RELEASE-15,E.5.3. 変更点,E.5.3.1. サーバ,E.5.3.1.1. パーティショニング,"

パーティション間での行移動を伴うパーティションテーブル更新における外部キーの動作が改善されました。
(Amit Langote)
       

以前は、このような更新はソースパーティションに対して削除アクションを実行し、ターゲットパーティションに対して挿入アクションを実行していました。
これからはPostgreSQLはパーティションルートに対して更新アクションを実行するようになり、よりクリーンなセマンティクスが提供されます。
       "
https://www.postgresql.jp/docs/15/release-15.html,RELEASE-15,E.5.3. 変更点,E.5.3.1. サーバ,E.5.3.1.1. パーティショニング,"

パーティションテーブルでCLUSTERコマンドが実行できるようになりました。
(Justin Pryzby)
       "
https://www.postgresql.jp/docs/15/release-15.html,RELEASE-15,E.5.3. 変更点,E.5.3.1. サーバ,E.5.3.1.1. パーティショニング,"

すべてのパーティションでトリガの名前を正しく変更できるよう、パーティションテーブルのALTER TRIGGER RENAMEを修正しました。
(Arne Roland"","" ?lvaro Herrera)
       

また、複製されたトリガの名前変更も禁止されました。
       "
https://www.postgresql.jp/docs/15/release-15.html,RELEASE-15,E.5.3. 変更点,E.5.3.1. サーバ,E.5.3.1.2. Indexes,"

システムテーブルとTOASTテーブルのbtreeインデックスが重複を効率的に保存できるようにしました。
(Peter Geoghegan)
       

以前は、これらのタイプのインデックスに対して重複除外が無効になっていました。
       "
https://www.postgresql.jp/docs/15/release-15.html,RELEASE-15,E.5.3. 変更点,E.5.3.1. サーバ,E.5.3.1.2. Indexes,"

ソートを使用して構築されたGiSTインデックスの検索パフォーマンスを改善しました。
(Aliaksandr Kalenik、Sergei Shoulbakov、Andrey Brodin)
       "
https://www.postgresql.jp/docs/15/release-15.html,RELEASE-15,E.5.3. 変更点,E.5.3.1. サーバ,E.5.3.1.2. Indexes,"

一意性制約とインデックスがNULL値を区別できないものとして扱えるようにしました。
(Peter Eisentraut)
       

以前はNULLエントリは常に個別値として扱われていましたが、これはUNIQUE NULLS NOT DISTINCTを使用して制約とインデックスを作成することで変更できるようになりました。
       "
https://www.postgresql.jp/docs/15/release-15.html,RELEASE-15,E.5.3. 変更点,E.5.3.1. サーバ,E.5.3.1.2. Indexes,"

C照合順序を使用する場合、^@接頭辞演算子とstarts_with()関数がbtreeインデックスを使用できるようにしました。
(Tom Lane)
       

以前はSP-GiSTインデックスのみ使用できました。
       "
https://www.postgresql.jp/docs/15/release-15.html,RELEASE-15,E.5.3. 変更点,E.5.3.1. サーバ,E.5.3.1.3. オプティマイザ,"

拡張統計が親とそのすべての子の統計を記録できるようにしました。
(Tomas Vondra"","" Justin Pryzby)
       

通常の統計情報では、すでに親と親+すべての子の統計情報を個別に追跡しています。
       "
https://www.postgresql.jp/docs/15/release-15.html,RELEASE-15,E.5.3. 変更点,E.5.3.1. サーバ,E.5.3.1.3. オプティマイザ,"

ユーザーが再帰問い合わせのワーキングテーブルの予想サイズを指定できるようサーバパラメータrecursive_worktable_factorを追加しました。
(Simon Riggs)
       "
https://www.postgresql.jp/docs/15/release-15.html,RELEASE-15,E.5.3. 変更点,E.5.3.1. サーバ,E.5.3.1.4. 性能一般,"

多くの定数を持つNOT IN句のハッシュ検索を可能にしました。
(David Rowley"","" James Coleman)
       

これまでは常に値のリストを順スキャンしていました。
       "
https://www.postgresql.jp/docs/15/release-15.html,RELEASE-15,E.5.3. 変更点,E.5.3.1. サーバ,E.5.3.1.4. 性能一般,"

SELECT DISTINCTの並列化を可能にしました。
(David Rowley)
      "
https://www.postgresql.jp/docs/15/release-15.html,RELEASE-15,E.5.3. 変更点,E.5.3.1. サーバ,E.5.3.1.4. 性能一般,"

一度に16バイトを処理することでUTF-8テキストのエンコーディング妥当性検証を高速化しました。
(John Naylor"","" Heikki Linnakangas)
       

これはCOPY FROMのようなテキスト中心の操作を改善しました。
       "
https://www.postgresql.jp/docs/15/release-15.html,RELEASE-15,E.5.3. 変更点,E.5.3.1. サーバ,E.5.3.1.4. 性能一般,"

work_memを超えるソートの性能を改善しました。
(Heikki Linnakangas)
       

ソートデータがwork_memに収まらなくなったら、以前より多くの出力ストリームを使用するバッチソートアルゴリズムに切り替えるようにしました。
       "
https://www.postgresql.jp/docs/15/release-15.html,RELEASE-15,E.5.3. 変更点,E.5.3.1. サーバ,E.5.3.1.4. 性能一般,"

メモリ内ソートの性能を改善し、メモリ消費を削減しました。
 (Ronan Dunklau"","" David Rowley"","" Thomas Munro"","" John Naylor)
       "
https://www.postgresql.jp/docs/15/release-15.html,RELEASE-15,E.5.3. 変更点,E.5.3.1. サーバ,E.5.3.1.4. 性能一般,"

WAL全ページ書き込みがLZ4とZstandard圧縮を使用できるようにしました。
(Andrey Borodin"","" Justin Pryzby)
       

これはwal_compressionサーバ設定によって制御されます。
       "
https://www.postgresql.jp/docs/15/release-15.html,RELEASE-15,E.5.3. 変更点,E.5.3.1. サーバ,E.5.3.1.4. 性能一般,"

macOSでダイレクトI/Oを使用したWAL書き込みサポートを追加しました。
(Thomas Munro)
       

これはmax_wal_senders=0とwal_level=minimalの場合にのみ有効です。
       "
https://www.postgresql.jp/docs/15/release-15.html,RELEASE-15,E.5.3. 変更点,E.5.3.1. サーバ,E.5.3.1.4. 性能一般,"

最も古い凍結されたトランザクションIDとマルチトランザクションIDを設定することで、より積極的なvacuumが実行できるようにしました。
(Peter Geoghegan)
       "
https://www.postgresql.jp/docs/15/release-15.html,RELEASE-15,E.5.3. 変更点,E.5.3.1. サーバ,E.5.3.1.4. 性能一般,"

より多くの場合に複数の外部テーブルを参照する問い合わせが並列で外部テーブルスキャンを実行できるようにしました。
(Andrey Lepikhov"","" Etsuro Fujita)
       "
https://www.postgresql.jp/docs/15/release-15.html,RELEASE-15,E.5.3. 変更点,E.5.3.1. サーバ,E.5.3.1.4. 性能一般,"

row_number()、rank()、dense_rank()、count()を使用するwindow関数の性能が向上しました。
(David Rowley)
       "
https://www.postgresql.jp/docs/15/release-15.html,RELEASE-15,E.5.3. 変更点,E.5.3.1. サーバ,E.5.3.1.4. 性能一般,"

コア数の多いARM64システムでのスピンロックの性能が向上しました。
(Geoffrey Blake)
       "
https://www.postgresql.jp/docs/15/release-15.html,RELEASE-15,E.5.3. 変更点,E.5.3.1. サーバ,E.5.3.1.5. モニタリング,"

チェックポイントと遅い自動バキューム操作のログをデフォルトで有効にしました。
(Bharath Rupireddy)
       

これにより、log_checkpointsのデフォルトがonに、log_autovacuum_min_durationのデフォルトが10分に変更されます。
その結果、アイドル状態のサーバでもログ出力が生成され、ログファイルのローテーションが行われていないリソース制約のあるサーバで問題が発生する可能性があります。
このような場合は、これらのデフォルトを変更する必要があります。
       "
https://www.postgresql.jp/docs/15/release-15.html,RELEASE-15,E.5.3. 変更点,E.5.3.1. サーバ,E.5.3.1.5. モニタリング,"

サーバ起動が遅い時にサーバログに進行メッセージを生成するようになりました。
(Nitin Jadhav"","" Robert Haas)
       

遅延の原因がメッセージで報告されます。
通知の時間間隔は新たなサーバパラメータlog_startup_progress_intervalによって制御されます。
       "
https://www.postgresql.jp/docs/15/release-15.html,RELEASE-15,E.5.3. 変更点,E.5.3.1. サーバ,E.5.3.1.5. モニタリング,"

累積的な統計情報システムデータを共有メモリに保存するようにしました。
(Kyotaro Horiguchi"","" Andres Freund"","" Melanie Plageman)
       

以前は、このデータはUDPパケットを介して統計情報収集プロセスに送信され、ファイルシステム経由で転送された後、セッションによってのみ読み取られることができました。
個別の統計情報収集プロセスは廃止されました。
       "
https://www.postgresql.jp/docs/15/release-15.html,RELEASE-15,E.5.3. 変更点,E.5.3.1. サーバ,E.5.3.1.5. モニタリング,"

VACUUM VERBOSEと自動バキュームのログメッセージに追加情報を追加しました。
(Peter Geoghegan)
       "
https://www.postgresql.jp/docs/15/release-15.html,RELEASE-15,E.5.3. 変更点,E.5.3.1. サーバ,E.5.3.1.5. モニタリング,"

一時ファイルブロックI/Oに対するEXPLAIN (BUFFERS)出力を追加しました。
(Masahiko Sawada)
       "
https://www.postgresql.jp/docs/15/release-15.html,RELEASE-15,E.5.3. 変更点,E.5.3.1. サーバ,E.5.3.1.5. モニタリング,"

JSON形式でログ出力が可能になりました。
(Sehrope Sarkuni"","" Michael Paquier)
       

新しい設定はlog_destination=jsonlogです。
       "
https://www.postgresql.jp/docs/15/release-15.html,RELEASE-15,E.5.3. 変更点,E.5.3.1. サーバ,E.5.3.1.5. モニタリング,"

pg_stat_reset_single_table_counters()で全てのデータベースで共有されているリレーションのカウンタをリセットできるようになりました。
(Sadhuprasad Patro)
       "
https://www.postgresql.jp/docs/15/release-15.html,RELEASE-15,E.5.3. 変更点,E.5.3.1. サーバ,E.5.3.1.5. モニタリング,"

ローカルシェルコマンドの待機イベントを追加しました。
(Fujii Masao)
       

新しい待機イベントは、archive_command、archive_cleanup_command、restore_command、recovery_end_commandを呼び出すときに使用されます。
       "
https://www.postgresql.jp/docs/15/release-15.html,RELEASE-15,E.5.3. 変更点,E.5.3.1. サーバ,E.5.3.1.6. 権限,"

ビューの呼び出し元の権限によるビューによるテーブルアクセスをオプションで制御できるようにしました。
(Christoph Heiss)
       

以前は、ビューへのアクセスは常にビューの所有者によって行われるものとして扱われていました。
今もこれがデフォルトです。
       "
https://www.postgresql.jp/docs/15/release-15.html,RELEASE-15,E.5.3. 変更点,E.5.3.1. サーバ,E.5.3.1.6. 権限,"

定義済みロールpg_write_server_filesのメンバがサーバ側ベースバックアップを実行できるようにしました。
(Dagfinn Ilmari Manns?ker)
       

以前は、スーパーユーザのみがこのようなバックアップを実行できました。
       "
https://www.postgresql.jp/docs/15/release-15.html,RELEASE-15,E.5.3. 変更点,E.5.3.1. サーバ,E.5.3.1.6. 権限,"

SETおよびALTER SYSTEMを介した個々のサーバパラメータを変更する権限をGRANTで付与できるようにしました。
(Mark Dilger)
       

新しい関数has_parameter_privilege()はこの権限を報告します。
       "
https://www.postgresql.jp/docs/15/release-15.html,RELEASE-15,E.5.3. 変更点,E.5.3.1. サーバ,E.5.3.1.6. 権限,"

メンバーがCHECKPOINTを実行できるようにする定義済みロールpg_checkpointを追加しました。
(Jeff Davis)
       

以前は、チェックポイントはスーパーユーザによってのみ実行できました。
       "
https://www.postgresql.jp/docs/15/release-15.html,RELEASE-15,E.5.3. 変更点,E.5.3.1. サーバ,E.5.3.1.6. 権限,"

pg_read_all_stats事前定義ロールのメンバがビューpg_backend_memory_contextsおよびpg_shmem_allocationsにアクセスできるようにしました。
(Bharath Rupireddy)
       

以前は、これらのビューにアクセスできるのはスーパーユーザだけでした。
       "
https://www.postgresql.jp/docs/15/release-15.html,RELEASE-15,E.5.3. 変更点,E.5.3.1. サーバ,E.5.3.1.6. 権限,"

pg_log_backend_memory_contexts()にGRANTで権限を与えることできるようになりました。
(Jeff Davis)
       

以前は、この関数を実行できるのはスーパーユーザだけでした。
       "
https://www.postgresql.jp/docs/15/release-15.html,RELEASE-15,E.5.3. 変更点,E.5.3.1. サーバ,E.5.3.1.7. サーバ設定,"

割り当てられた共有メモリのサイズを報告するサーバパラメータshared_memory_sizeを追加しました。
(Nathan Bossart)
       "
https://www.postgresql.jp/docs/15/release-15.html,RELEASE-15,E.5.3. 変更点,E.5.3.1. サーバ,E.5.3.1.7. サーバ設定,"

必要なhugeメモリページ数を報告するためのサーバパラメータshared_memory_size_in_huge_pagesを追加しました。
(Nathan Bossart)
       

これはLinuxでのみサポートされています。
       "
https://www.postgresql.jp/docs/15/release-15.html,RELEASE-15,E.5.3. 変更点,E.5.3.1. サーバ,E.5.3.1.7. サーバ設定,"

シングルユーザモードでサーバパラメータshared_preload_librariesを利用できるようになりました。
(Jeff Davis)
       

この変更で、シングルユーザモードでもデータベースアクセスに不可欠なカスタムアクセスメソッドとWALリソースマネージャをshared_preload_librariesを使用したロードサポートされます。
       "
https://www.postgresql.jp/docs/15/release-15.html,RELEASE-15,E.5.3. 変更点,E.5.3.1. サーバ,E.5.3.1.7. サーバ設定,"

Solarisでは、dynamic_shared_memory_typeのデフォルト設定をsysvにしました。
(Thomas Munro)
       

以前のデフォルト選択posixでは、このプラットフォームで誤ったエラーが発生する可能性があります。
       "
https://www.postgresql.jp/docs/15/release-15.html,RELEASE-15,E.5.3. 変更点,E.5.3.1. サーバ,E.5.3.1.7. サーバ設定,"

postgres -Cが実行時に計算された値を正しく報告できるようにしました。
(Nathan Bossart)
       

以前に実行時に計算された値data_checksum、wal_segment_size、およびdata_directory_modeは、実行中のサーバでは正確でない値を報告していました。
しかしながら、これらは実行中のサーバでは機能しませんでした。
       "
https://www.postgresql.jp/docs/15/release-15.html,RELEASE-15,E.5.3. 変更点,E.5.3.2. ストリーミングレプリケーションとリカバリ,,"

サーバサイドベースバックアップのLZ4およびZstandard圧縮のサポートを追加しました。
(Jeevan Ladhe"","" Robert Haas)
      "
https://www.postgresql.jp/docs/15/release-15.html,RELEASE-15,E.5.3. 変更点,E.5.3.2. ストリーミングレプリケーションとリカバリ,,"

クラッシュリカバリ中にcheckpointerとbgwriterプロセスを実行するようになりました。
(Thomas Munro)
      

これにより、長時間のクラッシュリカバリを高速化できます。
      "
https://www.postgresql.jp/docs/15/release-15.html,RELEASE-15,E.5.3. 変更点,E.5.3.2. ストリーミングレプリケーションとリカバリ,,"

WAL処理で必要なファイル内容をプリフェッチできるようにしました。
(Thomas Munro)
      

これは、サーバパラメータrecovery_prefetchによって制御されます。
      "
https://www.postgresql.jp/docs/15/release-15.html,RELEASE-15,E.5.3. 変更点,E.5.3.2. ストリーミングレプリケーションとリカバリ,,"

ロード可能なモジュールによるアーカイブ作成が可能になりました。
(Nathan Bossart)
      

以前は、アーカイブはシェルコマンドを呼び出すことによってのみ行われていました。
新たなサーバパラメータarchive_libraryを設定して、アーカイブのために呼び出すライブラリを指定できます。
      "
https://www.postgresql.jp/docs/15/release-15.html,RELEASE-15,E.5.3. 変更点,E.5.3.2. ストリーミングレプリケーションとリカバリ,,"

START_REPLICATIONの前にIDENTIFY_SYSTEMを実行する必要がなくなりました。
(Jeff Davis)
      "
https://www.postgresql.jp/docs/15/release-15.html,RELEASE-15,E.5.3. 変更点,E.5.3.2. ストリーミングレプリケーションとリカバリ,E.5.3.2.1. ロジカルレプリケーション,"

スキーマ内のすべてのテーブルをパブリケーション出来るようになりました。
(Vignesh C"","" Hou Zhijie"","" Amit Kapila)
       

たとえば、次の構文がサポートされました:CREATE PUBLICATION pub1 FOR TABLES IN SCHEMA s1"",""s2。
ALTER PUBLICATIONも同様の構文をサポートしています。
リストされたスキーマに後で追加されたテーブルもレプリケートされます。
       "
https://www.postgresql.jp/docs/15/release-15.html,RELEASE-15,E.5.3. 変更点,E.5.3.2. ストリーミングレプリケーションとリカバリ,E.5.3.2.1. ロジカルレプリケーション,"

パブリケーションの内容をWHERE句でフィルタできるようになりました。
(Hou Zhijie"","" Euler Taveira"","" Peter Smith"","" Ajin Cherian"","" Tomas Vondra"","" Amit Kapila)
       

WHERE句の条件に当てはまらない行はパブリッシュされません。
       "
https://www.postgresql.jp/docs/15/release-15.html,RELEASE-15,E.5.3. 変更点,E.5.3.2. ストリーミングレプリケーションとリカバリ,E.5.3.2.1. ロジカルレプリケーション,"

パブリケーションの内容を特定の列に限定できるようになりました。
(Tomas Vondra"","" ?lvaro Herrera"","" Rahila Syed)
       "
https://www.postgresql.jp/docs/15/release-15.html,RELEASE-15,E.5.3. 変更点,E.5.3.2. ストリーミングレプリケーションとリカバリ,E.5.3.2.1. ロジカルレプリケーション,"

ALTER SUBSCRIPTION ... SKIPを使用したサブスクライバーでのトランザクションのスキップができるようになりました。
(Masahiko Sawada)
       "
https://www.postgresql.jp/docs/15/release-15.html,RELEASE-15,E.5.3. 変更点,E.5.3.2. ストリーミングレプリケーションとリカバリ,E.5.3.2.1. ロジカルレプリケーション,"

論理レプリケーションにプリペアド(2相)トランザクションのサポートが追加されました。
(Peter Smith"","" Ajin Cherian"","" Amit Kapila"","" Nikhil Sontakke"","" Stas Kelvich)
       

新しいCREATE_REPLICATION_SLOTオプションはTWO_PHASEと呼ばれます。
pg_recvlogicalは、スロット作成時に新しい--two-phaseオプションをサポートするようになりました。
       "
https://www.postgresql.jp/docs/15/release-15.html,RELEASE-15,E.5.3. 変更点,E.5.3.2. ストリーミングレプリケーションとリカバリ,E.5.3.2.1. ロジカルレプリケーション,"

空のトランザクションを論理レプリケーションしないようにしました。
(Ajin Cherian"","" Hou Zhijie"","" Euler Taveira)
       

これまでは、サブスクライブしているテーブルが変更されていない場合、パブリッシャは空のトランザクションをサブスクライバに送信していました。
       "
https://www.postgresql.jp/docs/15/release-15.html,RELEASE-15,E.5.3. 変更点,E.5.3.2. ストリーミングレプリケーションとリカバリ,E.5.3.2.1. ロジカルレプリケーション,"

論理レプリケーションスロットのディレクトリの中身を監視するためのSQL関数を追加しました。
(Bharath Rupireddy)
       

新しい関数はpg_ls_logicalsnapdir()、pg_ls_logicalmapdir()、pg_ls_replslotdir()です。
これらは事前定義されたpg_monitorロールのメンバによって実行されます。
       "
https://www.postgresql.jp/docs/15/release-15.html,RELEASE-15,E.5.3. 変更点,E.5.3.2. ストリーミングレプリケーションとリカバリ,E.5.3.2.1. ロジカルレプリケーション,"

サブスクライバーでのエラー時に論理レプリケーションの変更適用を停止できるようにしました。
(Osumi Takamichi"","" Mark Dilger)
       

これはサブスクライバーオプションdisable_on_errorで有効にされ、ストリームアプリケーション中に発生する可能性のある無限エラーループが回避されます。
       "
https://www.postgresql.jp/docs/15/release-15.html,RELEASE-15,E.5.3. 変更点,E.5.3.2. ストリーミングレプリケーションとリカバリ,E.5.3.2.1. ロジカルレプリケーション,"

サブスクライバーサーバパラメータをパブリッシャに合わせて調整することで、日付時刻とfloat8の値が一貫して解釈されるようにしました。
(Japin Li)
       

一部のパブリッシャーは一貫性のない行動に依存している可能性がありました。
       "
https://www.postgresql.jp/docs/15/release-15.html,RELEASE-15,E.5.3. 変更点,E.5.3.2. ストリーミングレプリケーションとリカバリ,E.5.3.2.1. ロジカルレプリケーション,"

サブスクライバー側の活動を報告するシステムビューpg_stat_subscription_statsを追加しました。
(Masahiko Sawada)
       

新しい関数pg_stat_reset_subscription_stats()により、これらの統計カウンタをリセットすることができます。
       "
https://www.postgresql.jp/docs/15/release-15.html,RELEASE-15,E.5.3. 変更点,E.5.3.2. ストリーミングレプリケーションとリカバリ,E.5.3.2.1. ロジカルレプリケーション,"

pg_publication_tablesシステムビューで重複するエントリを抑制しました。
(Hou Zhijie)
       

パーティションが複数回表示される場合もありました。
       "
https://www.postgresql.jp/docs/15/release-15.html,RELEASE-15,E.5.3. 変更点,E.5.3.3. ユーティリティコマンド,,"

あるテーブルを別のテーブルに合わせるSQLのMERGEコマンドを追加しました。
(Simon Riggs"","" Pavan Deolasee"","" ?lvaro Herrera"","" Amit Langote)
      

INSERT ... ON CONFLICTと似ていますが、よりバッチ指向です。
      "
https://www.postgresql.jp/docs/15/release-15.html,RELEASE-15,E.5.3. 変更点,E.5.3.3. ユーティリティコマンド,,"

COPYのテキスト形式のHEADERオプションのサポートを追加しました。
(R?mi Lapeyre)
      

新しいオプションを指定すると列名が出力され、オプションで入力時に確認されます。
      "
https://www.postgresql.jp/docs/15/release-15.html,RELEASE-15,E.5.3. 変更点,E.5.3.3. ユーティリティコマンド,,"

データベース作成のための新しいWALログ方式を追加しました。
(Dilip Kumar)
      

これは、テンプレートデータベースをコピーするための新しいデフォルトの方法です。
これにより、データベース作成時のチェックポイントが不要になります。
ただし、テンプレートデータベースが大きい場合は速度が遅くなる可能性があるため、古い方法を引き続き使用できます。
      "
https://www.postgresql.jp/docs/15/release-15.html,RELEASE-15,E.5.3. 変更点,E.5.3.3. ユーティリティコマンド,,"

CREATE DATABASEがデータベースOIDを設定できるようにしました。
(Shruthi Gowda"","" Antonin Houska)
      "
https://www.postgresql.jp/docs/15/release-15.html,RELEASE-15,E.5.3. 変更点,E.5.3.3. ユーティリティコマンド,,"

Windowsでの同時使用時に、DROP DATABASE、DROP TABLESPACE、ALTER DATABASE SET TABLESPACEが時々失敗するのを防ぐようになりました。
(Thomas Munro)
      "
https://www.postgresql.jp/docs/15/release-15.html,RELEASE-15,E.5.3. 変更点,E.5.3.3. ユーティリティコマンド,,"

外部キーON DELETE SETアクションが指定した列にのみ影響するようにしました。
(Paul Martinez)
      

これまでは、外部キーのすべての列が常に影響を受けていました。
      "
https://www.postgresql.jp/docs/15/release-15.html,RELEASE-15,E.5.3. 変更点,E.5.3.3. ユーティリティコマンド,,"

ALTER TABLEがテーブルのACCESS METHODを変更できるようにしました。
(Justin Pryzby"","" Jeff Davis)
      "
https://www.postgresql.jp/docs/15/release-15.html,RELEASE-15,E.5.3. 変更点,E.5.3.3. ユーティリティコマンド,,"

ALTER TABLEがテーブルの書き換えを引き起こす場合は、オブジェクトアクセスフックを正しく呼び出すようにしました。
(Michael Paquier)
      "
https://www.postgresql.jp/docs/15/release-15.html,RELEASE-15,E.5.3. 変更点,E.5.3.3. ユーティリティコマンド,,"

ログを記録しないシーケンスを作成できるようにしました。
(Peter Eisentraut)
      "
https://www.postgresql.jp/docs/15/release-15.html,RELEASE-15,E.5.3. 変更点,E.5.3.3. ユーティリティコマンド,,"

複合型を返す関数の結果における個々の列の依存関係を追跡するようになりました。
(Tom Lane)
      

以前は、ビューまたはルールに、複合型を返す関数の結果内の特定の列への参照が含まれていた場合、それは依存関係として記録されませんでした。
ビューまたはルールは、全体として複合型に依存すると考えられていました。
これは、個々の列の削除が許可され、後でビューまたはルールを使用する際に問題が発生することを意味していました。
また、列レベルの依存関係も記録されるようになったため、ビューが変更または削除されないかぎり、このような列の削除は拒否されます。
      "
https://www.postgresql.jp/docs/15/release-15.html,RELEASE-15,E.5.3. 変更点,E.5.3.4. データ型,,"

数値の位取りを負にしたり、より精度を大きくすることができるようになりました。
(Dean Rasheed"","" Tom Lane)
      

これにより、小数点の左側の値を丸めることができます。
たとえば、'1234'::numeric(4"",""-2)は1200を返します。
      "
https://www.postgresql.jp/docs/15/release-15.html,RELEASE-15,E.5.3. 変更点,E.5.3.4. データ型,,"

値をinterval型にキャストする際のオーバーフロー検出を改善しました。
(Joe Koshakow)
      "
https://www.postgresql.jp/docs/15/release-15.html,RELEASE-15,E.5.3. 変更点,E.5.3.4. データ型,,"

非ASCII文字の""char""型I/Oフォーマットを変更しました。
(Tom Lane)
     "
https://www.postgresql.jp/docs/15/release-15.html,RELEASE-15,E.5.3. 変更点,E.5.3.4. データ型,,"

絵文字のような最新のUnicode文字の表示幅情報を更新しました。
(Jacob Champion)
      

また、Unicode 5.0から14.0.0にアップデートしました。
UnicodeリリースでPostgresをし続けるための自動化された方法が用意されました。
      "
https://www.postgresql.jp/docs/15/release-15.html,RELEASE-15,E.5.3. 変更点,E.5.3.5. 関数,,"

range_agg()に多重範囲入力を追加しました。
(Paul Jungwirth)
      "
https://www.postgresql.jp/docs/15/release-15.html,RELEASE-15,E.5.3. 変更点,E.5.3.5. 関数,,"

xid8データ型のMIN()とMAX()集約関数を追加しました。
(Ken Kato)
      "
https://www.postgresql.jp/docs/15/release-15.html,RELEASE-15,E.5.3. 変更点,E.5.3.5. 関数,,"

他のリレーショナルシステムと互換性を持たせるための正規表現関数を追加しました。
(Gilles Darold"","" Tom Lane)
      

新しい関数は、regexp_count()、regexp_instr()、regexp_like()、regexp_substr()です。
新しいオプション引数がregexp_replace()に追加されました。
      "
https://www.postgresql.jp/docs/15/release-15.html,RELEASE-15,E.5.3. 変更点,E.5.3.5. 関数,,"

ポリゴン間の距離を計算する機能を追加しました。
(Tom Lane)
      "
https://www.postgresql.jp/docs/15/release-15.html,RELEASE-15,E.5.3. 変更点,E.5.3.5. 関数,,"

to_char()フォーマットコードof、tzh、tzmを追加しました。
(Nitin Jadhav)
      

これらに対応する大文字はすでにサポートされています。
      "
https://www.postgresql.jp/docs/15/release-15.html,RELEASE-15,E.5.3. 変更点,E.5.3.5. 関数,,"

AT TIME ZONEをtime with time zone値に適用する場合、DSTが適用されるかどうかを判断するために、その時点の時刻ではなくトランザクション開始時刻を使用するようにしました。
(Aleksander Alekseev"","" Tom Lane)
      

これにより、変換をVOLATILEではなくSTABLEと見なすことができ、呼び出しごとのカーネル呼び出しを節約することができます。
      "
https://www.postgresql.jp/docs/15/release-15.html,RELEASE-15,E.5.3. 変更点,E.5.3.5. 関数,,"

ts_delete()関数とsetweight()関数でNULL配列要素を無視するようにしました。
(Jean-Christophe Arnu)
      

これらの関数は、実際には空文字列配列要素を無視します(なぜなら、それらは有効な語彙素と決して一致しないからです)。
失敗する代わりに、NULL要素も無視させることは一貫しているように思えます。
      "
https://www.postgresql.jp/docs/15/release-15.html,RELEASE-15,E.5.3. 変更点,E.5.3.5. 関数,,"

pg_size_pretty()とpg_size_bytes()にペタバイト単位のサポートを追加しました。
(David Christensen)
      "
https://www.postgresql.jp/docs/15/release-15.html,RELEASE-15,E.5.3. 変更点,E.5.3.5. 関数,,"

実際のスキーマ名を使用して他のセッションの一時スキーマへの参照を出力するようにpg_event_trigger_ddl_commands()を変更しました。
(Tom Lane)
      

以前は、この関数はすべての一時スキーマをpg_tempとして報告していましたが、現在のセッションの一時スキーマ以外にこれを使用すると誤解を招きます。
      "
https://www.postgresql.jp/docs/15/release-15.html,RELEASE-15,E.5.3. 変更点,E.5.3.6. PL/pgSQL,,"

PL/pgSQLの変数CONSTANTマーキングの強制を修正しました。
(Tom Lane)
      

以前は、CONSTANTとマークされていても、変数はCALL出力パラメータまたはrefcursorOPEN変数として使用できました。
      "
https://www.postgresql.jp/docs/15/release-15.html,RELEASE-15,E.5.3. 変更点,E.5.3.7. libpq,,"

IPアドレスとサーバ証明書のサブジェクト代替名とのマッチングができるようになりました。
(Jacob Champion)
      "
https://www.postgresql.jp/docs/15/release-15.html,RELEASE-15,E.5.3. 変更点,E.5.3.7. libpq,,"

PQsslAttribute()がlibpq接続を必要とせずにSSLライブラリタイプを報告できるようにしました。
(Jacob Champion)
      "
https://www.postgresql.jp/docs/15/release-15.html,RELEASE-15,E.5.3. 変更点,E.5.3.7. libpq,,"

クライアントから送信される問い合わせキャンセルは、通常のクライアント接続と同じTCP設定を使用するように変更しました。
(Jelte Fennema)
      

これにより、設定されたTCPタイムアウトを問い合わせキャンセル接続に適用できます。
      "
https://www.postgresql.jp/docs/15/release-15.html,RELEASE-15,E.5.3. 変更点,E.5.3.7. libpq,,"

libpqイベントコールバックの失敗によって強制的にエラーが発生しないようにしました。
(Tom Lane)
      "
https://www.postgresql.jp/docs/15/release-15.html,RELEASE-15,E.5.3. 変更点,E.5.3.8. クライアントアプリケーション,,"

直列化失敗とデッドロック障害が発生した後、pgbenchが再試行できるようにしました。
(Yugo Nagata"","" Marina Polyakova)
      "
https://www.postgresql.jp/docs/15/release-15.html,RELEASE-15,E.5.3. 変更点,E.5.3.8. クライアントアプリケーション,E.5.3.8.1. psql,"

より大きなチャンクでデータを送信することにより、psqlの\copyコマンドのパフォーマンスを改善しました。
(Heikki Linnakangas)
       "
https://www.postgresql.jp/docs/15/release-15.html,RELEASE-15,E.5.3. 変更点,E.5.3.8. クライアントアプリケーション,E.5.3.8.1. psql,"

サーバパラメータを表示する\dconfigコマンドを追加しました。
(Mark Dilger"","" Tom Lane)
       

これはサーバサイドSHOWコマンドと似ていますが、複数の変数を表示するパターンを処理できます。
       "
https://www.postgresql.jp/docs/15/release-15.html,RELEASE-15,E.5.3. 変更点,E.5.3.8. クライアントアプリケーション,E.5.3.8.1. psql,"

環境変数の値をpsql変数に代入する\getenvコマンドを追加しました。
(Tom Lane)
       "
https://www.postgresql.jp/docs/15/release-15.html,RELEASE-15,E.5.3. 変更点,E.5.3.8. クライアントアプリケーション,E.5.3.8.1. psql,"

\lo_listおよび\dlコマンドにラージオブジェクト権限を表示する+オプションを追加しました。
(Pavel Luzanov)
       "
https://www.postgresql.jp/docs/15/release-15.html,RELEASE-15,E.5.3. 変更点,E.5.3.8. クライアントアプリケーション,E.5.3.8.1. psql,"

\watchコマンドにページャオプションを追加しました。
(Pavel Stehule"","" Thomas Munro)
       

これはUnixでのみサポートされ、PSQL_WATCH_PAGER環境変数によって制御されます。
       "
https://www.postgresql.jp/docs/15/release-15.html,RELEASE-15,E.5.3. 変更点,E.5.3.8. クライアントアプリケーション,E.5.3.8.1. psql,"

psqlがサーバに送信する問い合わせで問い合わせ内ダブルハイフンコメントを含めるようにしました。
(Tom Lane"","" Greg Nancarrow)
       

以前は、このようなコメントは送信前に問い合わせから削除されていました。
引き続き問い合わせテキストの前にあるダブルハイフンコメントは送信されず、個別のpsql履歴エントリとして記録されません。
       "
https://www.postgresql.jp/docs/15/release-15.html,RELEASE-15,E.5.3. 変更点,E.5.3.8. クライアントアプリケーション,E.5.3.8.1. psql,"

psqlでのReadlineのmeta-#コマンドが二重ハイフンのコメントマーカーを挿入するように調整しました。
(Tom Lane)
       

以前は、ポンド記号が挿入されていました。ただし、ユーザが明示的にデフォルト以外のコメント記号を設定した場合は除きます。
       "
https://www.postgresql.jp/docs/15/release-15.html,RELEASE-15,E.5.3. 変更点,E.5.3.8. クライアントアプリケーション,E.5.3.8.1. psql,"

psqlは、複数の問い合わせが一度にサーバに渡された場合にすべての結果を出力するようにしました。
(Fabien Coelho)
       

以前は、最後の問合せ結果のみが表示されていました。
SHOW_ALL_RESULTSpsql変数をoffに設定すると、以前の動作に戻すことができます。
       "
https://www.postgresql.jp/docs/15/release-15.html,RELEASE-15,E.5.3. 変更点,E.5.3.8. クライアントアプリケーション,E.5.3.8.1. psql,"

--single-transactionモードでエラーが検出された後、ON_ERROR_STOPが設定されている場合にのみ、最後のCOMMITコマンドをROLLBACKに変更しました。
(Michael Paquier)
       

以前は、-cコマンドや-fスクリプトファイルでエラーが検出されると、ON_ERROR_STOPの値に関係なく、最後にROLLBACKが発行されていました。
       "
https://www.postgresql.jp/docs/15/release-15.html,RELEASE-15,E.5.3. 変更点,E.5.3.8. クライアントアプリケーション,E.5.3.8.1. psql,"

psqlのタブ補完機能を改善しました。
(Shinya Kato"","" Dagfinn Ilmari Manns?ker"","" Peter Smith"","" Koyu Tanigawa"","" Ken Kato"","" David Fetter"","" Haiying Tang"","" Peter Eisentraut"","" ?lvaro Herrera"","" Tom Lane"","" Masahiko Sawada)
       "
https://www.postgresql.jp/docs/15/release-15.html,RELEASE-15,E.5.3. 変更点,E.5.3.8. クライアントアプリケーション,E.5.3.8.1. psql,"

psqlのバックスラッシュコマンドのサポートをPostgreSQL 9.2以降を実行しているサーバに制限しました。
(Tom Lane)
       

古いサーバでの実行時にのみ使用されていたコードを削除しました。
9.2と比較してバージョン固有の調整を必要としないコマンドは引き続き動作します。
       "
https://www.postgresql.jp/docs/15/release-15.html,RELEASE-15,E.5.3. 変更点,E.5.3.8. クライアントアプリケーション,E.5.3.8.2. pg_dump,"

pg_dumpがpublicスキーマ所有権変更とセキュリティラベルをダンプするようにしました。
(Noah Misch)
       "
https://www.postgresql.jp/docs/15/release-15.html,RELEASE-15,E.5.3. 変更点,E.5.3.8. クライアントアプリケーション,E.5.3.8.2. pg_dump,"

多数のオブジェクトを持つデータベースのダンプパフォーマンスを改善しました。
(Tom Lane)
       

これによりpg_upgradeのパフォーマンスも改善されます。
       "
https://www.postgresql.jp/docs/15/release-15.html,RELEASE-15,E.5.3. 変更点,E.5.3.8. クライアントアプリケーション,E.5.3.8.2. pg_dump,"

大きなTOASTテーブルを持つテーブルの並列pg_dumpのパフォーマンスを改善しました。
(Tom Lane)
       "
https://www.postgresql.jp/docs/15/release-15.html,RELEASE-15,E.5.3. 変更点,E.5.3.8. クライアントアプリケーション,E.5.3.8.2. pg_dump,"

デフォルトのテーブルアクセス方式のみを使用するようにリストアを強制するダンプ/リストアオプション--no-table-access-methodを追加しました。
(Justin Pryzby)
       "
https://www.postgresql.jp/docs/15/release-15.html,RELEASE-15,E.5.3. 変更点,E.5.3.8. クライアントアプリケーション,E.5.3.8.2. pg_dump,"

pg_dumpとpg_dumpallのサポートをPostgreSQL 9.2以降を実行するサーバに制限しました。
(Tom Lane)
       "
https://www.postgresql.jp/docs/15/release-15.html,RELEASE-15,E.5.3. 変更点,E.5.3.9. サーバアプリケーション,,"

ベースバックアップの場所を制御するための新しいpg_basebackupオプション--targetを追加しました。
(Robert Haas)
      

新しいオプションは、ローカルにバックアップを書き込むserverと、バックアップを破棄するblackhole(テスト用)です。
      "
https://www.postgresql.jp/docs/15/release-15.html,RELEASE-15,E.5.3. 変更点,E.5.3.9. サーバアプリケーション,,"

pg_basebackupがベースバックアップファイルのサーバ側におけるgzip、LZ4、およびZstandardによる圧縮と、クライアント側におけるLZ4、およびZstandardによる圧縮に対応しました。
(Dipesh Pandit"","" Jeevan Ladhe)
      

クライアントサイドgzip圧縮はすでにサポートされていました。
      "
https://www.postgresql.jp/docs/15/release-15.html,RELEASE-15,E.5.3. 変更点,E.5.3.9. サーバアプリケーション,,"

pg_basebackupがサーバ側で圧縮し、保存する前にクライアント側で解凍できるようにしました。
(Dipesh Pandit)
      

これは、サーバ側で圧縮を指定し、プレーン出力フォーマットを指定することによって実現されます。
      "
https://www.postgresql.jp/docs/15/release-15.html,RELEASE-15,E.5.3. 変更点,E.5.3.9. サーバアプリケーション,,"

pg_basebackupの--compressオプションで、圧縮場所(サーバまたはクライアント)、圧縮方法、圧縮オプションを制御できます。
(Michael Paquier"","" Robert Haas)
      "
https://www.postgresql.jp/docs/15/release-15.html,RELEASE-15,E.5.3. 変更点,E.5.3.9. サーバアプリケーション,,"

pg_receivewalにLZ4圧縮方式を追加しました。
(Georgios Kokolatos)
      

これは--compress=lz4で有効になっており、--with-lz4を使ってバイナリをビルドする必要があります。
      "
https://www.postgresql.jp/docs/15/release-15.html,RELEASE-15,E.5.3. 変更点,E.5.3.9. サーバアプリケーション,,"

pg_receivewalの--compressオプションに追加機能を追加しました。
(Georgios Kokolatos)
      "
https://www.postgresql.jp/docs/15/release-15.html,RELEASE-15,E.5.3. 変更点,E.5.3.9. サーバアプリケーション,,"

pg_receivewalが適切なWAL場所で再起動できるように改善しました。
(Ronan Dunklau)
      

以前は、pg_receivewalはローカルアーカイブディレクトリに保存されたWALファイル、または送信サーバの現在のWALフラッシュ位置に基づいて起動していました。
この変更により、送信サーバがPostgres 15以降を実行しており、ローカルアーカイブディレクトリが空で、レプリケーションスロットが指定されている場合、レプリケーションスロットの再起動ポイントが使用されます。
      "
https://www.postgresql.jp/docs/15/release-15.html,RELEASE-15,E.5.3. 変更点,E.5.3.9. サーバアプリケーション,,"

pg_rewindオプション--config-fileを追加して、サーバ設定ファイルがデータディレクトリ外に保存されている場合の使用を簡単にしました。
 (Gunnar Bluth)
      "
https://www.postgresql.jp/docs/15/release-15.html,RELEASE-15,E.5.3. 変更点,E.5.3.9. サーバアプリケーション,E.5.3.9.1. pg_upgrade,"

pg_upgradeのログファイルと一時ファイルをpg_upgrade_output.dという新しいクラスタのサブディレクトリに保存するようにしました。
(Justin Pryzby)
       

以前は、このようなファイルは現在のディレクトリに残されており、手動でのクリーンアップが必要でしたが、現在ではpg_upgradeが正常に完了すると自動的に削除されます。
       "
https://www.postgresql.jp/docs/15/release-15.html,RELEASE-15,E.5.3. 変更点,E.5.3.9. サーバアプリケーション,E.5.3.9.1. pg_upgrade,"

出力が端末でない場合、pg_upgrade操作中のデフォルトステータス報告を無効にしました。
(Andres Freund)
       

--verboseを使用することで、tty以外でのステータスレポート出力を有効にできます。
       "
https://www.postgresql.jp/docs/15/release-15.html,RELEASE-15,E.5.3. 変更点,E.5.3.9. サーバアプリケーション,E.5.3.9.1. pg_upgrade,"

無効な接続設定を持つすべてのデータベースをpg_upgradeが報告するようにしました。
(Jeevan Ladhe)
       

これまでは、無効な接続設定を持つ最初のデータベースのみが報告されていました。
       "
https://www.postgresql.jp/docs/15/release-15.html,RELEASE-15,E.5.3. 変更点,E.5.3.9. サーバアプリケーション,E.5.3.9.1. pg_upgrade,"

pg_upgradeが、テーブル空間とデータベースOID、およびリレーションのrelfilenode番号を維持するようにしました。
(Shruthi Gowda"","" Antonin Houska)
       "
https://www.postgresql.jp/docs/15/release-15.html,RELEASE-15,E.5.3. 変更点,E.5.3.9. サーバアプリケーション,E.5.3.9.1. pg_upgrade,"

pg_upgradeに--no-syncオプションを追加しました。
(Michael Paquier)
       

これはテスト時にのみ推奨されます。
       "
https://www.postgresql.jp/docs/15/release-15.html,RELEASE-15,E.5.3. 変更点,E.5.3.9. サーバアプリケーション,E.5.3.9.1. pg_upgrade,"

pg_upgradeのサポートをPostgreSQL 9.2以降を実行する古いサーバに制限しました。
(Tom Lane)
       "
https://www.postgresql.jp/docs/15/release-15.html,RELEASE-15,E.5.3. 変更点,E.5.3.9. サーバアプリケーション,E.5.3.9.2. pg_waldump,"

pg_waldump出力をリレーションのファイルノード、ブロック番号、フォーク番号、フルページイメージでフィルタリングできるようにしました。
(David Christensen"","" Thomas Munro)
       "
https://www.postgresql.jp/docs/15/release-15.html,RELEASE-15,E.5.3. 変更点,E.5.3.9. サーバアプリケーション,E.5.3.9.2. pg_waldump,"

pg_waldumpが中断されて終了する前に統計を報告するようにしました。
(Bharath Rupireddy)
       

例えば、pg_waldump --stats --followを実行している端末でcontrol-Cを発行すると、終了前に現在の統計情報が報告されます。
これはWindowsでは動作しません。
       "
https://www.postgresql.jp/docs/15/release-15.html,RELEASE-15,E.5.3. 変更点,E.5.3.9. サーバアプリケーション,E.5.3.9.2. pg_waldump,"

pg_waldumpによって報告されるいくつかのトランザクションWALレコードの記述を改善しました。
(Masahiko Sawada"","" Michael Paquier)
       "
https://www.postgresql.jp/docs/15/release-15.html,RELEASE-15,E.5.3. 変更点,E.5.3.9. サーバアプリケーション,E.5.3.9.2. pg_waldump,"

pg_waldumpが複数のリソースマネージャに関する情報をダンプできるようにしました。
(Heikki Linnakangas)
       

--rmgrオプションを複数回指定することで、これを有効にできます。
       "
https://www.postgresql.jp/docs/15/release-15.html,RELEASE-15,E.5.3. 変更点,E.5.3.10. ドキュメンテーション,,"

pg_encoding_to_char()とpg_char_to_encoding()のドキュメントを追加しました。
(Ian Lawrence Barwick)
      "
https://www.postgresql.jp/docs/15/release-15.html,RELEASE-15,E.5.3. 変更点,E.5.3.10. ドキュメンテーション,,"

^@で始める演算子をドキュメント化しました。
(Tom Lane)
      "
https://www.postgresql.jp/docs/15/release-15.html,RELEASE-15,E.5.3. 変更点,E.5.3.11. ソースコード,,"

cirrus-ciを使用した継続的インテグレーションテストのサポートを追加しました。
(Andres Freund"","" Thomas Munro"","" Melanie Plageman)
      "
https://www.postgresql.jp/docs/15/release-15.html,RELEASE-15,E.5.3. 変更点,E.5.3.11. ソースコード,,"

Zstandardビルドを有効にするためのconfigureオプション--with-zstdを追加しました。
(Jeevan Ladhe"","" Robert Haas"","" Michael Paquier)
      "
https://www.postgresql.jp/docs/15/release-15.html,RELEASE-15,E.5.3. 変更点,E.5.3.11. ソースコード,,"

ロード可能なライブラリのマジックブロックにABI識別子フィールドを追加し、非コミュニティのPostgreSQLディストリビューションが他のビルドと互換性のないライブラリを識別できるようにしました。
(Peter Eisentraut)
      

ABIフィールドの不一致で、ロード時にエラーが発生します。
      "
https://www.postgresql.jp/docs/15/release-15.html,RELEASE-15,E.5.3. 変更点,E.5.3.11. ソースコード,,"

""char""の新しいpg_type.typcategory値を作成しました。
(Tom Lane)
      

その他の内部使用専用の型もこのカテゴリに割り当てられています。
      "
https://www.postgresql.jp/docs/15/release-15.html,RELEASE-15,E.5.3. 変更点,E.5.3.11. ソースコード,,"

ベースバックアップに使用する新しいCOPYメソッドを指定するため、新しいプロトコルメッセージTARGETを追加しました。
(Robert Haas)
      

pg_basebackupはこのメソッドを使用するようになりました。
      "
https://www.postgresql.jp/docs/15/release-15.html,RELEASE-15,E.5.3. 変更点,E.5.3.11. ソースコード,,"

圧縮方法とオプションを指定する新しいプロトコルメッセージCOMPRESSIONとCOMPRESSION_DETAILを追加しました。
(Robert Haas)
      "
https://www.postgresql.jp/docs/15/release-15.html,RELEASE-15,E.5.3. 変更点,E.5.3.11. ソースコード,,"

古いBASE_BACKUPコマンド構文とベースバックアッププロトコルに対するサーバサポートを削除しました。
(Robert Haas)
      "
https://www.postgresql.jp/docs/15/release-15.html,RELEASE-15,E.5.3. 変更点,E.5.3.11. ソースコード,,"

カスタムバックアップターゲットを設定する拡張のサポートを追加しました。
(Robert Haas)
      "
https://www.postgresql.jp/docs/15/release-15.html,RELEASE-15,E.5.3. 変更点,E.5.3.11. ソースコード,,"

拡張がカスタムWALリソースマネージャを定義できるようにしました。
(Jeff Davis)
      "
https://www.postgresql.jp/docs/15/release-15.html,RELEASE-15,E.5.3. 変更点,E.5.3.11. ソースコード,,"

サーバパラメータのフラグを取得する関数pg_settings_get_flags()を追加しました。
(Justin Pryzby)
      "
https://www.postgresql.jp/docs/15/release-15.html,RELEASE-15,E.5.3. 変更点,E.5.3.11. ソースコード,,"

Windowsでは、PGDLLIMPORT印を使用してサーバのすべてのグローバル変数をエクスポートしました。
(Robert Haas)
      

以前は、Windowsの拡張機能では特定の変数しかアクセスできませんでした。
      "
https://www.postgresql.jp/docs/15/release-15.html,RELEASE-15,E.5.3. 変更点,E.5.3.11. ソースコード,,"

PostgreSQLを構築するにはGNUmakeバージョン3.81以降が必要です。
(Tom Lane)
      "
https://www.postgresql.jp/docs/15/release-15.html,RELEASE-15,E.5.3. 変更点,E.5.3.11. ソースコード,,"

pgcrypto拡張モジュールのビルドにはOpenSSLを必須としました。
(Peter Eisentraut)
      "
https://www.postgresql.jp/docs/15/release-15.html,RELEASE-15,E.5.3. 変更点,E.5.3.11. ソースコード,,"

Perlバージョン5.8.3以降が必要としました。
(Dagfinn Ilmari Manns?ker)
      "
https://www.postgresql.jp/docs/15/release-15.html,RELEASE-15,E.5.3. 変更点,E.5.3.11. ソースコード,,"

Pythonバージョン3.2以降が必要としました。
(Andres Freund)
      "
https://www.postgresql.jp/docs/15/release-15.html,RELEASE-15,E.5.3. 変更点,E.5.3.12. 追加モジュール,,"

amcheckがシーケンスをチェックできるようにしました。
(Mark Dilger)
      "
https://www.postgresql.jp/docs/15/release-15.html,RELEASE-15,E.5.3. 変更点,E.5.3.12. 追加モジュール,,"

TOASTテーブルのamcheck健全性チェックを改善しました。
(Mark Dilger)
      "
https://www.postgresql.jp/docs/15/release-15.html,RELEASE-15,E.5.3. 変更点,E.5.3.12. 追加モジュール,,"

カスタムバックアップターゲットの例として、新しいモジュールbasebackup_to_shellを追加しました。
(Robert Haas)
      "
https://www.postgresql.jp/docs/15/release-15.html,RELEASE-15,E.5.3. 変更点,E.5.3.12. 追加モジュール,,"

ライブラリ経由でアーカイブを実行する例として新しいモジュールbasic_archiveを追加しました。
(Nathan Bossart)
      "
https://www.postgresql.jp/docs/15/release-15.html,RELEASE-15,E.5.3. 変更点,E.5.3.12. 追加モジュール,,"

ブール型の列でbtree_gistインデックスを使えるようにしました。
(Emre Hasegeli)
      

これらは排他制約に使用できます。
      "
https://www.postgresql.jp/docs/15/release-15.html,RELEASE-15,E.5.3. 変更点,E.5.3.12. 追加モジュール,,"

pageinspectのpage_header()が32KBのページサイズを扱えるよう修正しました。
(Quan Zongliang)
      

これまでは、場合によっては不適切な負の値が返されることがありました。
      "
https://www.postgresql.jp/docs/15/release-15.html,RELEASE-15,E.5.3. 変更点,E.5.3.12. 追加モジュール,,"

pg_stat_statementsに一時ファイルブロックI/Oのカウンタを追加しました。
 (Masahiko Sawada)
      "
https://www.postgresql.jp/docs/15/release-15.html,RELEASE-15,E.5.3. 変更点,E.5.3.12. 追加モジュール,,"

pg_stat_statementsにJITカウンタを追加しました。
(Magnus Hagander)
      "
https://www.postgresql.jp/docs/15/release-15.html,RELEASE-15,E.5.3. 変更点,E.5.3.12. 追加モジュール,,"

新しいモジュールpg_walinspectを追加しました。
(Bharath Rupireddy)
      

これはpg_waldumpのようなSQLレベルの出力を与えます。
      "
https://www.postgresql.jp/docs/15/release-15.html,RELEASE-15,E.5.3. 変更点,E.5.3.12. 追加モジュール,,"

sepgsqlログメッセージにpermissive/enforcing状態を示すようにしました。
(Dave Page)
      "
https://www.postgresql.jp/docs/15/release-15.html,RELEASE-15,E.5.3. 変更点,E.5.3.12. 追加モジュール,E.5.3.12.1. postgres_fdw,"

postgres_fdwがCASE式をプッシュダウンできるようにしました。
(Alexander Pyhalov)
       "
https://www.postgresql.jp/docs/15/release-15.html,RELEASE-15,E.5.3. 変更点,E.5.3.12. 追加モジュール,E.5.3.12.1. postgres_fdw,"

postgres_fdw接続のアプリケーション名を制御するサーバパラメータpostgres_fdw.application_nameを追加しました。
(Hayato Kuroda)
       

以前は、リモートセッションのapplication_nameは、リモートサーバ上で、またはpostgres_fdw接続仕様を介してのみ設定できました。
postgres_fdw.application_nameは、カスタマイズのためのエスケープシーケンスをサポートしており、リモートサーバ上での接続を区別しやすくしています。
       "
https://www.postgresql.jp/docs/15/release-15.html,RELEASE-15,E.5.3. 変更点,E.5.3.12. 追加モジュール,E.5.3.12.1. postgres_fdw,"

postgres_fdwサーバで並列コミットができるようにしました。
(Etsuro Fujita)
       

これは、CREATE SERVERオプションparallel_commitで有効になります。
       "
https://www.postgresql.jp/docs/15/release-15-1.html,RELEASE-15-1,E.4.2. 変更点,,,"

大きなテーブルの最初以外のセグメントを削除できない問題を修正しました。
(Tom Lane)
     

PostgreSQLは大きなテーブルを複数のファイル(通常は1ファイルごとに1ギガバイト)に分割します。
テーブルを削除するためのロジックが破損しており、一時テーブルの削除と通常のテーブルのWAL再生の削除の2つの場合で最初のファイル以外を削除できませんでした。
数ギガバイトの一時テーブルを日常的に作成するアプリケーションでは、重大なディスクスペースリークが発生する可能性があります。
     

孤立した一時テーブルファイルは、postmasterの起動時に削除されますので、15.1への更新だけで、リークされた一時テーブルのストレージをクリアすることができます。
ただし、15.0の使用中にデータベースのクラッシュが発生し、クラッシュの直前にラージテーブルがドロップされた可能性がある場合は、データベースディレクトリにパターンNNNN.NNに従ったファイル名をチェックすることをお勧めします。
一致したファイル名がNNNNだけ(.NNサフィックスなし)存在しない場合は、これらのファイルを手動で削除する必要があります。
     "
https://www.postgresql.jp/docs/15/release-15-1.html,RELEASE-15-1,E.4.2. 変更点,,,"

更新可能ビューのINSERTの複数行VALUES句に存在するDEFAULTトークンの処理を修正しました。
(Tom Lane)
     

この見落としは、「cache lookup failed for type」エラーにつながる可能性があり、古いブランチではクラッシュにつながる可能性さえありました。
     "
https://www.postgresql.jp/docs/15/release-15-1.html,RELEASE-15-1,E.4.2. 変更点,,,"

ON SELECTではない_RETURNという名前のルールを禁止しました。
(Tom Lane)
     

これにより、ビューのON SELECTルールとその他のルールとの間の混乱が回避されます。
     "
https://www.postgresql.jp/docs/15/release-15-1.html,RELEASE-15-1,E.4.2. 変更点,,,"

一定の初期値でSEARCH BREADTH FIRSTを使用する問い合わせのEXPLAIN VERBOSEが失敗しないようにしました。
(Tom Lane)
     "
https://www.postgresql.jp/docs/15/release-15-1.html,RELEASE-15-1,E.4.2. 変更点,,,"

外部テーブルパーティションを含むパーティションテーブルでMERGEの使用を禁止しました。
(?lvaro Herrera)
     

このケースはサポートされておらず、以前は理解できないエラーが発生していました。
     "
https://www.postgresql.jp/docs/15/release-15-1.html,RELEASE-15-1,E.4.2. 変更点,,,"

ALTER TABLE ATTACH PARTITIONの実行中のパーティションごとの外部キー制約の構築を修正しました。
(Jehan-Guillaume de Rorthais"","" ?lvaro Herrera)
     

これまでは、新しく追加されたパーティションに対して、不正確または重複した制約が作成される可能性がありました。
     "
https://www.postgresql.jp/docs/15/release-15-1.html,RELEASE-15-1,E.4.2. 変更点,,,"

パーティションテーブルまたは継承されたテーブルの拡張統計でのプランナの失敗を修正しました。
(Richard Guo"","" Justin Pryzby)
     

「cache lookup failed for statistics object」で失敗したケースもあります。
     "
https://www.postgresql.jp/docs/15/release-15-1.html,RELEASE-15-1,E.4.2. 変更点,,,"

GINインデックスの高速挿入パスにおけるWAL操作の順序の誤りを修正しました。
(Matthias van de Meent"","" Zhang Mingli)
     

この間違いがPostgreSQLコア内で悪影響を及ぼすことは知られていませんが、一部の拡張機能では問題が発生しました。
     "
https://www.postgresql.jp/docs/15/release-15-1.html,RELEASE-15-1,E.4.2. 変更点,,,"

トランザクションの開始とそのサブトランザクションの開始の間のポイントからリプレイが開始される場合の論理デコードのバグを修正しました。
(Masahiko Sawada"","" Kuroda Hayato)
     

これらのエラーは、デバッグビルドのアサーションエラーにつながる可能性があり、メモリリークにつながる可能性がありました。
     "
https://www.postgresql.jp/docs/15/release-15-1.html,RELEASE-15-1,E.4.2. 変更点,,,"

論理デコード中に、より多くの場所で割り込みを受け付けるようにしました。
(Amit Kapila"","" Masahiko Sawada)
     

これにより、レプリケーションワーカーのシャットダウンが遅いという問題が改善されます。
     "
https://www.postgresql.jp/docs/15/release-15-1.html,RELEASE-15-1,E.4.2. 変更点,,,"

レプリケーションワーカーで外部テーブルのパーティションへのレプリケーションの試みを防止しました。
(Shi Yu"","" Tom Lane)
     

パーティションテーブルは外部テーブルをパーティションとして含めることができますが、そのようなパーティションへのレプリケーションは現在サポートされていません。
それを試みた場合、論理レプリケーションワーカープロセスはこれまでクラッシュしましたが、今はエラーを出すようになりました。
     "
https://www.postgresql.jp/docs/15/release-15-1.html,RELEASE-15-1,E.4.2. 変更点,,,"

レプリケーションワーカーの関数構文エラー後のクラッシュを回避するようにしました。
(Maxim Orlov"","" Anton Melnikov"","" Masahiko Sawada"","" Tom Lane)
     

論理レプリケーションワーカーで実行されたSQL言語またはPL/pgSQL言語のCREATE FUNCTIONまたはDOコマンドで構文エラーが発生した場合、ワーカープロセスはnullポインタの逆参照またはアサーション失敗でクラッシュしていました。
     "
https://www.postgresql.jp/docs/15/release-15-1.html,RELEASE-15-1,E.4.2. 変更点,,,"

アーカイバモジュールのシャットダウンコールバックの二重呼び出しを回避しました。
(Nathan Bossart"","" Bharath Rupireddy)
     "
https://www.postgresql.jp/docs/15/release-15-1.html,RELEASE-15-1,E.4.2. 変更点,,,"

テーブルアクセスメソッドを持たないテーブルへのアクセス試行に対するプラン作成時のチェックを追加しました。
(Tom Lane)
     

これにより、例えばON SELECTルールが欠落しているビューの使用など、一部のカタログ破損シナリオでのクラッシュが防止されます。
     "
https://www.postgresql.jp/docs/15/release-15-1.html,RELEASE-15-1,E.4.2. 変更点,,,"

共有メモリ状態が破損したときのpostmasterクラッシュを防止します。
(Tom Lane)
     

postmasterプロセスは、共有メモリが破損した場合にも存続してデータベース再起動をすることになっていましたが、コードの一部でそれに対する注意が不十分でした。
     "
https://www.postgresql.jp/docs/15/release-15-1.html,RELEASE-15-1,E.4.2. 変更点,,,"

libpqがパイプラインで単一行モードを正しく処理するよう修正しました。
(Denis Laxalde)
     

パイプラインモードも有効である場合、単独行フラグは正しいタイミングでリセットされませんでした。
     "
https://www.postgresql.jp/docs/15/release-15-1.html,RELEASE-15-1,E.4.2. 変更点,,,"

コマンドライン問い合わせがキャンセルされた場合のpsqlの終了ステータスを修正しました。
(Peter Eisentraut)
     

psql -c queryは、問い合わせがキャンセルされた場合に正常に終了していました。
他のエラーの場合と同様に、非ゼロステータスで終了するように修正します。
     "
https://www.postgresql.jp/docs/15/release-15-1.html,RELEASE-15-1,E.4.2. 変更点,,,"

pg_basebackupでクロスプラットフォームのテーブル空間の再配置を許可します。
(Robert Haas)
     

--tablespace-mappingのリモートパスは、UnixスタイルまたはWindowsスタイルの絶対パスのいずれかにできるようになりました。
これは、ソースサーバがローカルシステムとは異なるOS上にある可能性があるためです。
     "
https://www.postgresql.jp/docs/15/release-15-1.html,RELEASE-15-1,E.4.2. 変更点,,,"

一部のCHECK制約に付加されたコメントをpg_dumpがダンプ出来ない問題を修正しました。
(Tom Lane)
     "
https://www.postgresql.jp/docs/15/release-15-1.html,RELEASE-15-1,E.4.2. 変更点,,,"

CREATE DATABASEのoidパラメータが231を超えることができるように修正しました。
(Tom Lane)
     

この見落としにより、ソースインストールにそれよりも大きなOIDを持つデータベースが含まれていた場合、pg_upgradeが成功しませんでした。
     "
https://www.postgresql.jp/docs/15/release-15-1.html,RELEASE-15-1,E.4.2. 変更点,,,"

pg_stat_statementsで既に解放されたメモリへのアクセスを修正しました。
(zhaoqigui)
     

これは、pg_stat_statementsが拡張問い合わせプロトコル経由で発行されたROLLBACKコマンドを追跡した場合に発生しました。
デバッグビルドでは、一貫してアサーション失敗につながりました。
稼働ビルドでは、目立った悪影響はほとんどありません。
しかし、解放されたメモリがすでに再利用されていた場合、結果として問い合わせ文字列のためにごみデータを格納することになります。
     "
https://www.postgresql.jp/docs/15/release-15-1.html,RELEASE-15-1,E.4.2. 変更点,,,"

LLVM 15との非互換性を修正しました。
(Thomas Munro"","" Andres Freund)
     "
https://www.postgresql.jp/docs/15/release-15-1.html,RELEASE-15-1,E.4.2. 変更点,,,"

どのようなマシンであってもスピンロックのために__sync_lock_test_and_set()を使用できるようにしました。
(Tom Lane)
     

これにより、少なくともこのGCCビルトイン関数をサポートするコンパイラを使用している場合には、新しいマシンアーキテクチャへの移植が容易になります。
     "
https://www.postgresql.jp/docs/15/release-15-1.html,RELEASE-15-1,E.4.2. 変更点,,,"

最近のmacOSでのコンパイル障害を回避するために、シンボルREFをREF_Pに変更しました。
(Tom Lane)
     "
https://www.postgresql.jp/docs/15/release-15-1.html,RELEASE-15-1,E.4.2. 変更点,,,"

コンパイル時の非推奨警告を回避するため、sprintfの使用を避けました。
(Tom Lane)
     "
https://www.postgresql.jp/docs/15/release-15-1.html,RELEASE-15-1,E.4.2. 変更点,,,"

タイムゾーンデータファイルがtzdataリリース2022fに更新されました。チリ、フィジー、イラン、ヨルダン、メキシコ、パレスチナ、シリアでの夏時間法の変更と、チリ、クリミア、イラン、メキシコの歴史的な修正が含まれます。
     

また、Europe/KievゾーンはEurope/Kyivに名前が変更されました。
また、Antarctica/Vostok、Asia/Brunei、Asia/Kuala_Lumpur、Atlantic/Reykjavik、Europe/Amsterdam、Europe/Copenhagen、Europe/Luxembourg、Europe/Monaco、Europe/Oslo、Europe/Stockholm、Indian/Christmas、Indian/Cocos、Indian/Kerguelen、Indian/Mahe、Indian/Reunion、Pacific/Chuuk、Pacific/Funafuti、Pacific/Majuro、Pacific/Pohnpei、Pacific/Wake、Pacific/Wallisの各ゾーンは、1970年以降、より人口の多い近隣のゾーンに統合され、時計が一致するようになりました。
(これは、すでにこれらのゾーンのいずれかにリンクされていたゾーンに間接的に影響します:Arctic/Longyearbyen、Atlantic/Jan_Mayen、Iceland、Pacific/Ponape、Pacific/Truk、Pacific/Yap)
America/Nipigon、America/Rainy_River、America/Thunder_Bay、Europe/Uzhgorod、Europe/Zaporozhyeも、1970年以降にこれらのゾーンとの間で主張された違いが誤りであったことが判明した後、近隣のゾーンに統合されました。
これらのすべての場合において、以前のゾーン名はエイリアスとして残ります。ただし実際のデータは統合されたゾーンのものです。
     

これらのゾーンの合併により、合併されたゾーンの1970年以前のタイムゾーン歴史が失われます。
これは、timestamptz表示の一貫性を期待するアプリケーションにとって厄介な問題になる可能性があります。
例として、格納された値1944-06-01 12:00 UTCは、Europe/Stockholmゾーンが選択された場合、以前は1944-06-01 13:00:00+01として表示されていましたが、現在は1944-06-01 14:00:00+02として読み取られます。
     

古いゾーンデータをビルドするオプションでタイムゾーンデータファイルをリストアすることは可能ですが、その選択は他の多くの古い(そして一般的にあまり証明されていない)ゾーンデータを挿入し、これらのアップストリームの変更を受け入れるよりも、以前のリリースからのより多くの総変更をもたらします。
PostgreSQLは推奨されるようにtzdbデータを出荷することを選択しました。
私たちが知っている限り、ほとんどのメジャーオペレーティングシステムディストリビューションは同様に行っています。
しかし、これらの変更があなたのアプリケーションに重大な問題を引き起こす場合、可能な解決策は、tzdbの後方互換性オプションを使用してタイムゾーンデータファイルのローカルビルドをインストールすることです(PACKRATDATAとPACKRATLISTオプションを参照してください)。
     "
https://www.postgresql.jp/docs/15/release-15-2.html,RELEASE-15-2,E.3.2. 変更点,,,"

libpqはGSSAPIトランスポート暗号化の開始に失敗した後にメモリ内容をリークする可能性があり、修正しました。
(Jacob Champion)
     

改変されたサーバ、または認証されていない中間者は、GSSAPI(Kerberos)トランスポート暗号化のセットアップ中に、ゼロ終端されていないエラーメッセージを送信できます。
libpqは、その文字列をコピーするとともに、アプリケーションメモリ内の次のゼロバイトまでのバイトをエラーレポートにコピーします。
呼び出し側のアプリケーションがエラーレポートに対して行う処理によっては、アプリケーションメモリの内容が開示される可能性があります。
また、メモリ終端を超えた読み取りが行われるために、クラッシュが発生する可能性もわずかにありました。
サーバメッセージを適切にゼロで終端されるように修正しました。
(CVE-2022-41862)
     "
https://www.postgresql.jp/docs/15/release-15-2.html,RELEASE-15-2,E.3.2. 変更点,,,"

パーティションテーブルまたは継承ツリーのUPDATE中に、子テーブルで更新する必要があるGENERATED列の計算を修正しました。
(Amit Langote"","" Tom Lane)
     

これにより、親テーブルに存在しない、または親列の生成式とは依存関係が異なるGENERATED列を更新できない障害が修正されました。
     "
https://www.postgresql.jp/docs/15/release-15-2.html,RELEASE-15-2,E.3.2. 変更点,,,"

MERGEでGENERATED列の計算が失敗する可能性があったのを修正しました。
(Dean Rasheed)
     

MERGEの最初の行単位アクションがUPDATEであった場合、その後のINSERTアクションは、UPDATEアクションのために計算する必要がないと見なされたGENERATED列の計算に失敗しました(これはUPDATEターゲット列のいずれにも依存していないためです)。
     "
https://www.postgresql.jp/docs/15/release-15-2.html,RELEASE-15-2,E.3.2. 変更点,,,"

MERGEで到達不可能なWHEN句のチェックを修正しました。
(Dean Rasheed)
     

無条件WHEN句に続くWHEN句は到達不能として拒否されるべきですが、このケースは常に検出されたわけではありませんでした。
     "
https://www.postgresql.jp/docs/15/release-15-2.html,RELEASE-15-2,E.3.2. 変更点,,,"

MERGEのルール検出テストを修正しました。
(Dean Rasheed)
     

MERGEは、ルールを持つテーブルには対応していません。
しかし、以前はルールを持っていて現在は持っていないテーブルで失敗していました。
     "
https://www.postgresql.jp/docs/15/release-15-2.html,RELEASE-15-2,E.3.2. 変更点,,,"

MERGEではDO NOTHINGアクションを処理されたタプルとして数えないようにしました。
(?lvaro Herrera)
     

これにより、コードの動作がドキュメントと一致するようになります。
     "
https://www.postgresql.jp/docs/15/release-15-2.html,RELEASE-15-2,E.3.2. 変更点,,,"

WITH RECURSIVE ... CYCLEという共通テーブル式(CTE)が出力列にアクセスできるようにしました。
(Tom Lane)
     

CTE内からSET列への参照は、「cache lookup failed for type 0」で失敗していました。
     "
https://www.postgresql.jp/docs/15/release-15-2.html,RELEASE-15-2,E.3.2. 変更点,,,"

外部テーブルへのバルクインサートをおこなう際の保留中のインサート処理を修正しました。
(Etsuro Fujita)
     

場合によっては、保留中のインサートがすぐに外部データラッパー(FDW)にフラッシュされず、例えばBEFORE ROWのトリガで表示できるはずの行が表示されないなど、論理的な不整合が発生することがありました。
     "
https://www.postgresql.jp/docs/15/release-15-2.html,RELEASE-15-2,E.3.2. 変更点,,,"

まだ有効ではないインデックスにREPLICA IDENTITYを設定できるようにしました。
(Tom Lane)
     

pg_dumpがREPLICA IDENTITYとマークされたパーティションインデックスをダンプする時、パーティションインデックスが有効とマークされる前にREPLICA IDENTITYを適用するインデックスシーケンスを生成し、リストアを失敗させていました。
その順序で行うことを禁止する正当な理由はなさそうなので、許可するようにしました。
マーキングはインデックスが有効になるまで何の効果も持ちません。
     "
https://www.postgresql.jp/docs/15/release-15-2.html,RELEASE-15-2,E.3.2. 変更点,,,"

複数行のVALUESリストからINSERTを実行するルール内のDEFAULTマーカーの処理を修正しました。
(Dean Rasheed)
     

場合によっては、DEFAULTマーカーが適切なデフォルト値の式に置き換えられず、「unrecognized node type」エラーになることがありました。
     "
https://www.postgresql.jp/docs/15/release-15-2.html,RELEASE-15-2,E.3.2. 変更点,,,"

jsonpathの存在チェックで未定義変数の使用を拒否するようにしました。
(Alexander Korotkov"","" David G. Johnston)
     

jsonpathの一致演算子は、パスパターンに未定義変数があるとエラーになりますが、存在演算子はエラーや警告を出さずに一致するものとして扱っていました。
     "
https://www.postgresql.jp/docs/15/release-15-2.html,RELEASE-15-2,E.3.2. 変更点,,,"

TOAST格納された添字の値に対応できるようにjsonbの添字を修正しました。
(Tom Lane"","" David G. Johnston)
     

テーブルから直接フェッチされたテキスト値をjsonb添字として使用すると、失敗する可能性がありました。
通常、フェッチでは一致する要素が見つかりません。
代入では、値をでたらめなキーとともに保存してしまう可能性がありましたが、この問題を引き起こすのに十分な長さのキーが実際に使われることはおそらく稀です。
     "
https://www.postgresql.jp/docs/15/release-15-2.html,RELEASE-15-2,E.3.2. 変更点,,,"

並列ハッシュ結合における稀な場合のデータ破壊を修正しました。
(Dmitry Astapov)
     

一時的ファイルに書き出される大きなタプルの最後のチャンクがちょうど32760バイトである場合、境界バグによって破損する可能性がありました。
通常、後の問い合わせで破損したデータの症状で失敗します。
     "
https://www.postgresql.jp/docs/15/release-15-2.html,RELEASE-15-2,E.3.2. 変更点,,,"

checkpoint_completion_targetのデフォルト以外の設定を尊重するようにしました。
(Bharath Rupireddy)
     

checkpoint_completion_targetでの変更後に内部状態が更新されず、特にその設定がオンザフライで変更された場合に、チェックポイントI/Oの実行が必要以上に高速または低速になった可能性がありました。
     "
https://www.postgresql.jp/docs/15/release-15-2.html,RELEASE-15-2,E.3.2. 変更点,,,"

recovery_target_xidモードでログに正しい終了タイムスタンプを記録するようにしました。
(Tom Lane)
     

recovery_target_xid設定に基づいて、recovery_target_inclusive=offでリカバリを終了すると、「recovery stopping before ... transaction」のログメッセージに誤ったタイムスタンプ(常に2000-01-01)が出力されました。
     "
https://www.postgresql.jp/docs/15/release-15-2.html,RELEASE-15-2,E.3.2. 変更点,,,"

一部のバッファファイル読み取り失敗のエラーレポートを改善しました。
(Peter Eisentraut)
     

無関係なエラーコードを報告するのではなく、読み取りの不足を正しくレポートし、必要なバイト数と実際に読み取られたバイト数を示します。
ほとんどの場所ではすでにこれが正しく行われていますが、最近作成されたレプリケーションロジックの中にはそうでないものもありました。
     "
https://www.postgresql.jp/docs/15/release-15-2.html,RELEASE-15-2,E.3.2. 変更点,,,"

int2vectorとoidvectorの要素数の恣意的な上限を削除しました。
(Tom Lane)
     

以前は、これらの型の入力関数は100以上の要素を拒否していました。
論理レプリケーションの列をリスト指定できる仕様の導入に伴って、int2vectorが最大で1600列分の要素を受け入れる必要があります。
そうしないと、長い列リストによって論理レプリケーションの障害が発生します。
     "
https://www.postgresql.jp/docs/15/release-15-2.html,RELEASE-15-2,E.3.2. 変更点,,,"

拡張問い合わせプロトコルでは、パイプラインを実行していた場合、ANALYZEの後は即時コミットを避けるようにしました。
(Tom Lane)
     

明示的なBEGIN TRANSACTIONがない場合、ANALYZEは自分自身でコミットを実行しますが、これはパイプライン化された一連のコマンドでは発生させるべきではありません。
     "
https://www.postgresql.jp/docs/15/release-15-2.html,RELEASE-15-2,E.3.2. 変更点,,,"

間違った長さのキャンセルリクエストパケットを拒否するようにしました。
(Andrey Borodin)
     

サーバは、その長さワードが小さすぎる場合でも、キャンセル要求を処理します。
これにより、割り当てられたバッファの終わりを超えた読み取りが発生しました。
理論的には、セグメンテーション違反が発生する可能性がありますが、バッファはメモリ末尾にとても近い必要があるため、実際に発生する可能性は非常に低いようです。
最も可能性の高い結果は、間違ったバックエンドPIDまたはキャンセルコードに関する偽のログメッセージでした。
代わりに、長さが間違っている苦情を言うようになりました。
     "
https://www.postgresql.jp/docs/15/release-15-2.html,RELEASE-15-2,E.3.2. 変更点,,,"

ウィンドウ関数の実行条件式に対するプランナの前処理の見落としを修正しました。
(Richard Guo"","" David Rowley)
     

これにより、「WindowFunc not found in subplan target lists」などのプランナのエラーが発生する可能性がありました。
     "
https://www.postgresql.jp/docs/15/release-15-2.html,RELEASE-15-2,E.3.2. 変更点,,,"

ウィンドウ関数の実行条件式を実行中に発生する可能性があった無効な領域へのポインタアクセスが修正されました。
(David Rowley)
     

実際には、実行条件の最適化は、すべてint8を返す特定のウィンドウ関数にのみ適用されるため、これは32ビットビルドでのみ問題として現れます。
     "
https://www.postgresql.jp/docs/15/release-15-2.html,RELEASE-15-2,E.3.2. 変更点,,,"

副問い合わせのプルアップにおいて、再帰呼び出しおよびループに対する防御機構を追加しました。
(Tom Lane)
     

不自然な問い合わせを使用すると、深い再帰が発生し、副問い合わせを平坦化するために不合理な時間がかかる可能性があります。
これに対する適切な修正は、バックパッチに対して過度に侵襲的に思えますが、少なくともスタック深さのチェックと割り込みチェックを追加して、問い合わせをキャンセルできるようにすることはできます。
     "
https://www.postgresql.jp/docs/15/release-15-2.html,RELEASE-15-2,E.3.2. 変更点,,,"

Memoizeノードをパーティションワイズ結合またはパラメータ化されたネストループと組み合わせる場合のプランナ問題を修正しました。
(Richard Guo)
     

これらのエラーは、Memoizeが有用なコンテキストでMemoizeが使用されなかったり、場合によっては間違った問い合わせ計画につながる可能性がありました。
     "
https://www.postgresql.jp/docs/15/release-15-2.html,RELEASE-15-2,E.3.2. 変更点,,,"

パーティションワイズ結合のコードを、各パーティションに対するプラン生成の失敗に寛容になるように修正しました。
(Tom Lane)
     

これにより、「could not devise a query plan for the given query」エラーが発生する可能性がありました。
     "
https://www.postgresql.jp/docs/15/release-15-2.html,RELEASE-15-2,E.3.2. 変更点,,,"

get_actual_variable_rangeによって行われるクリーンアップ作業の量を制限します。
(Simon Riggs)
     

インデックスの末尾にある多数のタプルを削除した直後にプランナを実行すると、これらのインデックスエントリの「killed」ビットを設定するためにかなりの量の作業を費やすことになります。
100ヒープのページを調べた後にこのプロセスを放棄することで、1つの問い合わせで実行される作業量を制限します。
最終的にはすべてのクリーンアップがおこなわれますが、大きなパフォーマンスの問題は発生しません。
     "
https://www.postgresql.jp/docs/15/release-15-2.html,RELEASE-15-2,E.3.2. 変更点,,,"

リレーションのrelkindが変わった時、統計計算が混乱する問題を防止しました。
(Andres Freund)
     

テーブルをビューに変換すると、クラッシュやアサーション失敗が発生する可能性がありました。
     "
https://www.postgresql.jp/docs/15/release-15-2.html,RELEASE-15-2,E.3.2. 変更点,,,"

括弧で囲まれたAT TIME ZONE構文の表示を修正しました。
(Tom Lane)
     

これにより、AT TIME ZONEの引数自体が式であるルールまたはビューに対する、ダンプ/リストア障害が発生する可能性がありました。
     "
https://www.postgresql.jp/docs/15/release-15-2.html,RELEASE-15-2,E.3.2. 変更点,,,"

SQL関数のユーティリティコマンドに対するキャッシュされたパースツリーが破損しないようにしました。
(Tom Lane"","" Daniel Gustafsson)
     

SQL言語の関数が1回の呼び出し問い合わせ内で同じユーティリティコマンドを複数回実行すると、クラッシュしたり、「unrecognized node type」などの奇妙なエラーが発生する可能性があります。
     "
https://www.postgresql.jp/docs/15/release-15-2.html,RELEASE-15-2,E.3.2. 変更点,,,"

全文検索の問い合わせ実行は、語句一致の処理中に確実にキャンセルできるようになりました。
(Tom Lane)
     "
https://www.postgresql.jp/docs/15/release-15-2.html,RELEASE-15-2,E.3.2. 変更点,,,"

非決定性な照合順序を持つ文字列のハッシュ作成におけるメモリリークを修正しました。
(Jeff Davis)
     "
https://www.postgresql.jp/docs/15/release-15-2.html,RELEASE-15-2,E.3.2. 変更点,,,"

DROP DATABASEと論理レプリケーションワーカープロセスとの間のデッドロックを修正しました。
(Hou Zhijie)
     

これは、ワーカーが論理レプリケーションスロットを作成しているときに割り込みをブロックするという誤った選択が原因です。
バージョン15では、デッドロックが検出されない可能性があります。
バージョン14では、デッドロックは観測されていませんが、ネットワークI/Oを待機している間に割り込みをブロックすることは、やはり望ましくありません。
     "
https://www.postgresql.jp/docs/15/release-15-2.html,RELEASE-15-2,E.3.2. 変更点,,,"

レプリケーション接続の試行に失敗した後、libpqの接続オブジェクトをクリーンアップするようにしました。
(Andres Freund)
     

以前のコーディングでは接続オブジェクトをリークしていました。
バックグラウンドのコードパスでは、呼び出し側のプロセスはあきらめて終了するので無害です。
しかし、CREATE SUBSCRIPTIONのようなコマンドでは、そのような失敗はセッション内での小さなメモリリークをもたらしました。
     "
https://www.postgresql.jp/docs/15/release-15-2.html,RELEASE-15-2,E.3.2. 変更点,,,"

ホットスタンバイサーバで、プライマリ上でアクティブと知られているXIDを調べる処理負荷を削減します。
(Simon Riggs"","" Michail Nikolaev)
     

KnownAssignedXids配列のクリーンアップが不十分な場合、特にスタンバイ側でmax_connectionsが大きな値に設定されている場合は、パフォーマンスが低下する可能性がありました。
     "
https://www.postgresql.jp/docs/15/release-15-2.html,RELEASE-15-2,E.3.2. 変更点,,,"

カタログの最も古いxminを決定するときに、無効になった論理レプリケーションスロットを無視するようにしました。
(Sirisha Chamarthi)
     

レプリケーションスロットは、max_slot_wal_keep_sizeを超えたために無効になった後でも、システムカタログ内の無効なタプルのクリーンアップを妨げる可能性がありました。
したがって、レプリケーションの消費者に障害が発生すると、カタログが際限なく肥大化する可能性がありました。
     "
https://www.postgresql.jp/docs/15/release-15-2.html,RELEASE-15-2,E.3.2. 変更点,,,"

論理デコードでトランザクションのクラッシュが検出された時に、リモートノードに通知するようにしました。
(Hou Zhijie)
     

サーバ再起動の後、再起動の直前に発生したトランザクションの変更を再ストリームします。
これらのトランザクションの中には、おそらく完了しなかったものもあります。
完了しなかったことに気付いたとき、関連するデコード状態をローカルで破棄しましたが、そのことをサブスクライバに伝えることを怠っていました。
そのため、サブスクライバは、次に再起動されるまで、無駄なストリーミングファイルを保持していました。
     "
https://www.postgresql.jp/docs/15/release-15-2.html,RELEASE-15-2,E.3.2. 変更点,,,"

論理デコードにおける初期化されていないメモリの使用を修正しました。
(Masahiko Sawada)
     

場合によっては、論理デコードを再開すると、すでに解放されていたXIDデータの再利用を試みて、予測不可能な動作を引き起こす可能性がありました。
     "
https://www.postgresql.jp/docs/15/release-15-2.html,RELEASE-15-2,E.3.2. 変更点,,,"

論理デコードのコンテキスト作成に際して共有状態を更新している間、スピンロックを取得するようにしました。
(Masahiko Sawada)
     

2相トランザクションに関するデータを更新する際に、適切なロックを取得することを怠っていたため、潜在的に他のプロセスが一貫性のないデータを見ることが可能でした。
     "
https://www.postgresql.jp/docs/15/release-15-2.html,RELEASE-15-2,E.3.2. 変更点,,,"

pgoutputレプリケーションプラグインが、テーブルレプリケーションの列一覧にリストされていない列を送信しないように修正しました。
(Hou Zhijie)
     

UPDATEおよびDELETEイベントは、設定された列一覧に注意を払わなかったため、予想よりも多くのデータを送信しました。
レシーバが組み込みの論理レプリケーションコードである場合、これは問題になりませんでしたが、他のレシーバを混乱させる可能性があり、どのケースでもネットワーク帯域幅が無駄になりました。
     "
https://www.postgresql.jp/docs/15/release-15-2.html,RELEASE-15-2,E.3.2. 変更点,,,"

ハッシュインデックスのページ分割操作のWALリプレイ中に稀に発生する「failed to acquire cleanup lock」パニックを回避しました。
(Robert Haas)
     "
https://www.postgresql.jp/docs/15/release-15-2.html,RELEASE-15-2,E.3.2. 変更点,,,"

WALリプレイ中にその全可視ビットを設定する際に、ヒープページのLSNを進めるようにしました。
(Jeff Davis)
     

これをおこなわなかった場合、スタンバイサーバとプライマリサーバでページが異なる可能性があり、LSNが変更されるタイミングに関して他のいくつかの想定に反しました。
これはPostgreSQL自体に関する限り、理論的な危険にしか見えませんが、サードパーティのツールを混乱させる可能性がありました。
     "
https://www.postgresql.jp/docs/15/release-15-2.html,RELEASE-15-2,E.3.2. 変更点,,,"

int64_div_fast_to_numeric()がより広い範囲の入力に対して動作するよう修正しました。
(Dean Rasheed)
     

この関数は、その第2引数における一部の値で誤動作しました。
PostgreSQLコアにはそのような用途は存在しませんが、それは明らかに外部のモジュールにとって危険であるため、修正されました。
     "
https://www.postgresql.jp/docs/15/release-15-2.html,RELEASE-15-2,E.3.2. 変更点,,,"

WaitEventSetロジックにおける潜在的なバッファオーバーラン問題を修正しました。
(Thomas Munro)
     

epollベースおよびkqueueベースの実装では、内部バッファのサイズが呼び出し元の出力バッファのサイズと異なる場合、カーネルに非常に多くのイベントを要求する可能性がありました。
このケースは、リリースされたPostgreSQLバージョンでは発生しないことがわかっていますが、このエラーは外部モジュールおよび将来のバグ修正にとって危険です。
     "
https://www.postgresql.jp/docs/15/release-15-2.html,RELEASE-15-2,E.3.2. 変更点,,,"

32ビットビルドで共有メモリをアクセスするときに、名目上未定義の挙動を回避するようにしました。
(Andres Freund)
     

clangの未定義動作サニタライザは、アライメントが取れていないポインタの使用に不満を言っていました。
これがデバッグ以外のビルドで問題を引き起こす可能性は非常に低いですが、テスト目的で修正する価値があります。
     "
https://www.postgresql.jp/docs/15/release-15-2.html,RELEASE-15-2,E.3.2. 変更点,,,"

BRINのminmax-multi演算子クラスのアサーション失敗を修正しました。
(Tomas Vondra)
     

アサーションは過度に厳格であったため、非アサートビルドでは無害でした。
     "
https://www.postgresql.jp/docs/15/release-15-2.html,RELEASE-15-2,E.3.2. 変更点,,,"

不要なRESULT RTE最適化ロジックでの不完全なアサートが削除されました。
(Tom Lane)
     "
https://www.postgresql.jp/docs/15/release-15-2.html,RELEASE-15-2,E.3.2. 変更点,,,"

ACLチェックに対するキャッシュルックアップ失敗メッセージのコピーペーストエラーを修正しました。
(Justin Pryzby)
     

原則として、これらのエラーに到達することはありません。
しかし、もしそうであれば、間違ったタイプのオブジェクトを報告していました。
     "
https://www.postgresql.jp/docs/15/release-15-2.html,RELEASE-15-2,E.3.2. 変更点,,,"

pg_basebackupで非常に大きなテーブル空間マップファイルが破損する可能性を修正しました。
(Antonin Houska)
     "
https://www.postgresql.jp/docs/15/release-15-2.html,RELEASE-15-2,E.3.2. 変更点,,,"

pg_dumpで--if-existsモードを使用した時の無害な警告が出ないようにしました。
(Tom Lane)
     

publicスキーマにデフォルト以外の所有者がある場合、pg_dumpの--if-existsオプションを使用すると、ワーニングメッセージ「warning: could not find where to insert IF EXISTS in statement ""-- *not* dropping schema"","" since initdb creates it""」が表示されました。
しかし、ダンプの出力は問題ありませんでした。
     "
https://www.postgresql.jp/docs/15/release-15-2.html,RELEASE-15-2,E.3.2. 変更点,,,"

psqlの\sfおよび\efコマンドを、SQL標準の関数本体を持つSQL言語関数を処理できるように修正しました。
(Tom Lane)
     

これらのコマンドは、新しいスタイルの構文を使用したときに、関数本体の開始を誤って識別しました。
     "
https://www.postgresql.jp/docs/15/release-15-2.html,RELEASE-15-2,E.3.2. 変更点,,,"

ALTER FUNCTION/PROCEDURE/ROUTINE ... SET SCHEMAのタブ補完を修正しました。
(Dean Rasheed)
     "
https://www.postgresql.jp/docs/15/release-15-2.html,RELEASE-15-2,E.3.2. 変更点,,,"

contrib/pageinspectが更新され、そのディスクアクセス機能はPARALLEL RESTRICTEDとしてマークしました。
(Tom Lane)
     

これにより、これらの関数のいずれかを使用して一時テーブルを検査する場合に発生する可能性のある失敗が回避されます。
これは、セッションの一時テーブルにパラレルワーカーからアクセスできないためです。
     "
https://www.postgresql.jp/docs/15/release-15-2.html,RELEASE-15-2,E.3.2. 変更点,,,"

contrib/segで、入力した数が127桁以上の場合、クラッシュまたはごみデータを出力しないように修正しました。
(Tom Lane)
     "
https://www.postgresql.jp/docs/15/release-15-2.html,RELEASE-15-2,E.3.2. 変更点,,,"

Microsoft Visual Studio 2013のビルドを修正しました。
(Tom Lane)
     

以前のパッチでは、対象となるすべてのプラットフォームにsnprintf()があると想定されていましたが、MSVC 2013はまだ完全に対応されていません。
そのプラットフォームでsprintf()を使用するように戻します。
     "
https://www.postgresql.jp/docs/15/release-15-2.html,RELEASE-15-2,E.3.2. 変更点,,,"

Strawberry Perlを使用して、MSVCでPL/Perlを構築する際のコンパイルエラーを修正しました。
(Andrew Dunstan)
     "
https://www.postgresql.jp/docs/15/release-15-2.html,RELEASE-15-2,E.3.2. 変更点,,,"

MSVCで構築されたPL/Perlとgccで構築されたPerlライブラリの不一致を修正しました。
(Andrew Dunstan)
     

このような組み合わせは、以前は「loadable library and perl binaries are mismatched」エラーで失敗する可能性がありました。
     "
https://www.postgresql.jp/docs/15/release-15-2.html,RELEASE-15-2,E.3.2. 変更点,,,"

Perlのヘッダファイルからのコンパイラ警告を抑止しました。
(Andres Freund)
     

推奨しているコンパイラオプションは、Perlのヘッダファイルの最近のバージョンで使用されている構造に関する警告を引き起こします。
gccを使用する場合は、プラグマを使用してこれらの警告を抑制できます。
     "
https://www.postgresql.jp/docs/15/release-15-2.html,RELEASE-15-2,E.3.2. 変更点,,,"

pg_waldumpが未使用の静的インライン関数を破棄しないコンパイラでビルドされるように修正しました。
(Tom Lane)
     "
https://www.postgresql.jp/docs/15/release-15-2.html,RELEASE-15-2,E.3.2. 変更点,,,"

タイムゾーンデータファイルがtzdataリリース2022gに更新されました。グリーンランドとメキシコの夏時間法の変更に加え、カナダ北部、コロンビア、シンガポールの歴史的修正が適用されました。
     

注目すべき点として、新しいタイムゾーンAmerica/Ciudad_Juarezは、America/Ojinagaから分割されました。
     "
https://www.postgresql.jp/docs/15/release-15-3.html,RELEASE-15-3,E.2.2. 変更点,,,"

CREATE SCHEMAがsearch_pathの変更を無効にしないようにしました。
(Alexander Lakhin)
     

CREATE SCHEMAコマンド内では、一般的なsearch_path内のオブジェクトだけでなく、新しく作成されたスキーマ内のオブジェクトも、安全なsearch_pathを設定しようとする呼び出された関数またはスクリプト内でも可視になります。
これにより、スキーマを作成する権限を持つユーザであれば、セキュリティ定義関数または拡張スクリプトの権限を乗っ取ることが可能になります。
     

PostgreSQLプロジェクトは、本問題を報告してくれたAlexander Lakhinに感謝します。
(CVE-2023-2454)
     "
https://www.postgresql.jp/docs/15/release-15-3.html,RELEASE-15-3,E.2.2. 変更点,,,"

集合を返す関数をインライン化した後でも、行レベルセキュリティポリシーを正しく適用するようになりました。
(Stephen Frost"","" Tom Lane)
     

集合を返すSQL言語関数が行レベルセキュリティポリシーを持つテーブルを参照し、そのテーブルが呼び出し元問い合わせにインライン化できる場合、キャッシュされたプランを別のロールで再利用する状況では、これらのRLSポリシーが適切に実施されないことがありました。
これにより、ユーザは非表示になっている行を表示または変更できました。
     

PostgreSQLプロジェクトは、本問題を報告してくれたWolfgang Waltherに感謝します。
(CVE-2023-2455)
     "
https://www.postgresql.jp/docs/15/release-15-3.html,RELEASE-15-3,E.2.2. 変更点,,,"

STRATEGY WAL_LOGオプションを使用したCREATE DATABASEコマンドの後にテンプレート(ソース)データベースの破損が発生する可能性があったのを修正しました。
(Nathan Bossart"","" Ryo Matsumura)
     

不適切なバッファ処理により、テンプレートのpg_classカタログのその後の変更が失われるリスクが生じていました。
     "
https://www.postgresql.jp/docs/15/release-15-3.html,RELEASE-15-3,E.2.2. 変更点,,,"

STRATEGY WAL_LOGオプションを使用したCREATE DATABASEコマンド実行中のメモリリークと不要なディスク読み込みを修正しました。
(Andres Freund)
     "
https://www.postgresql.jp/docs/15/release-15-3.html,RELEASE-15-3,E.2.2. 変更点,,,"

CREATE SCHEMAで新しいスキーマ名が省略されている場合のクラッシュを回避しました。
(Michael Paquier)
     

SQL標準では、CREATE SCHEMA AUTHORIZATION owner_nameと書くことができ、スキーマ名はデフォルトでowner_nameに設定されます。
ただし、一部のコードパスはスキーマ名が存在することを想定しており、障害が発生しました。
     "
https://www.postgresql.jp/docs/15/release-15-3.html,RELEASE-15-3,E.2.2. 変更点,,,"

MERGEコマンドでのさまざまなプランナ障害を修正しました。
(Tom Lane)
     

プラン作成時に「variable not found in subplan target list」または「PlaceHolderVar found where not expected」のようなエラーで失敗する可能性がありました。
     "
https://www.postgresql.jp/docs/15/release-15-3.html,RELEASE-15-3,E.2.2. 変更点,,,"

一部の場合におけるMERGEで報告される行数を修正しました。
(Dean Rasheed)
     

コマンドタグで報告された行数では、NULLを返すBEFORE ROWトリガにより、実際には変更されていない行がカウントされていました。
これは、通常のUPDATEまたはDELETEでの動作と矛盾するため、このような行をカウントしないよう変更されました。
また、MERGEが行をパーティションテーブルの別のパーティションに移動するときに、1行を2回カウントしないようになりました。
     "
https://www.postgresql.jp/docs/15/release-15-3.html,RELEASE-15-3,E.2.2. 変更点,,,"

同時更新を伴うMERGEの問題を修正しました。
(Dean Rasheed"","" ?lvaro Herrera)
     

同時に実行されているトランザクションによって行が更新された直後に、MERGEによってその行が更新または削除されると、誤動作が発生することがありました。
これにより、クラッシュ、または誤ったマージ動作、あるいは何も実行されない可能性がありました。
     "
https://www.postgresql.jp/docs/15/release-15-3.html,RELEASE-15-3,E.2.2. 変更点,,,"

MERGEコマンドの逆コンパイルを追加しました。
(?lvaro Herrera)
     

これはMERGEが追加されたときには見過ごされていましたが、新しい形式のSQL関数でのMERGEにとって不可欠です。
     "
https://www.postgresql.jp/docs/15/release-15-3.html,RELEASE-15-3,E.2.2. 変更点,,,"

パーティションテーブルでの外部キー制約のトリガの有効化/無効化を修正しました。
(Tom Lane)
     

ALTER TABLE ... ENABLE/DISABLE TRIGGERは、パーティションテーブルの外部キー強制トリガに適用されると失敗していました。
これは、名前によってパーティションのクローントリガを見つけようとしましたが、それらの名前が同じではないためです。
代わりに、親トリガのOIDによってそれらを見つけることにしました。
     "
https://www.postgresql.jp/docs/15/release-15-3.html,RELEASE-15-3,E.2.2. 変更点,,,"

インデックスに格納されている複合型の変更が禁止されました。
(Tom Lane)
     

ALTER TYPEは、複合型がテーブル列に格納されている場合、バイナリ互換性のない複合型の変更を許可しません。
(いつかは許可されるかもしれませんが、まだ行われていません。
多くのテーブルを書き換えることによるロックの影響は気が遠くなります。)
私たちは、インデックスがテーブルには含まれない複合型を含む可能性を見落としていました。
     "
https://www.postgresql.jp/docs/15/release-15-3.html,RELEASE-15-3,E.2.2. 変更点,,,"

システム列を外部キーの要素とすることが禁止されました。
(Tom Lane)
     

OIDがシステム列から除外されて以来、システム列の妥当な用途はなく、コードの様々な部分はもはやサポートされていません。
すべてのケースを修正しようとするのではなく、禁止することにしました。
     "
https://www.postgresql.jp/docs/15/release-15-3.html,RELEASE-15-3,E.2.2. 変更点,,,"

行単位セキュリティ(RLS)が設定されている親テーブルからのCOPY TOが、子テーブルの行をコピーしないようにしました。
(Antonin Houska)
     

ドキュメントにはCOPY TOが名前付きテーブルからのみ行をコピーし、そのテーブルが持つ継承子テーブルから行はコピーしないことが明確に記載されています。
ただし、行単位セキュリティがテーブルで有効になっている場合、誤って子テーブルの行がコピーされていました。
     "
https://www.postgresql.jp/docs/15/release-15-3.html,RELEASE-15-3,E.2.2. 変更点,,,"

array_position()またはarray_positions()に空配列が渡された場合に発生するクラッシュの可能性を回避しました。
(Tom Lane)
     "
https://www.postgresql.jp/docs/15/release-15-3.html,RELEASE-15-3,E.2.2. 変更点,,,"

to_char()で発生する可能性があった範囲外のフェッチを修正しました。
(Tom Lane)
     

運が悪ければ、サーバクラッシュにつながる可能性がありました。
     "
https://www.postgresql.jp/docs/15/release-15-3.html,RELEASE-15-3,E.2.2. 変更点,,,"

translate()関数でのバッファオーバーラン読み出しを回避しました。
(Daniil Anisimov)
     

削除機能を利用する場合、関数は入力文字列の直後のバイトをフェッチし、可能性は低いですがクラッシュすることがありました。
     "
https://www.postgresql.jp/docs/15/release-15-3.html,RELEASE-15-3,E.2.2. 変更点,,,"

テキスト検索に関連する文字クラス処理のロジックを調整して、有効なロケールがCであるかどうかを正しく検出します。
(Jeff Davis)
     

データベースのデフォルト照合順序がICUを利用している場合に混乱がありました。
     "
https://www.postgresql.jp/docs/15/release-15-3.html,RELEASE-15-3,E.2.2. 変更点,,,"

interval型に対する空文字列の入力によるクラッシュ発生を回避しました。
(Tom Lane)
     "
https://www.postgresql.jp/docs/15/release-15-3.html,RELEASE-15-3,E.2.2. 変更点,,,"

ISO-8601形式のinterval値の表現で、フィールドの指数表現を再度使用可能にしました。
(Tom Lane)
     

interval型に対するP0.1e10Dのような入力は、ISO-8601で公式に認可されていませんが、PostgreSQLではバージョン15の前まで長い間受け入れていたので、本バージョンで再度許可しました。
     "
https://www.postgresql.jp/docs/15/release-15-3.html,RELEASE-15-3,E.2.2. 変更点,,,"

JSON文字列リテラルの解析エラーに対するエラーカーソル設定を修正しました。
(Tom Lane)
     

JSON値の中の文字列リテラルで構文エラーが検出されたほとんどの場合では、エラーカーソルが適切に設定されていませんでした。
これにより、少なくとも役に立たないエラーメッセージ(実際のトラブルスポットではなく、トークンの前の文字列を指す)が発生し、v14以降ではクラッシュになる可能性さえありました。
     "
https://www.postgresql.jp/docs/15/release-15-3.html,RELEASE-15-3,E.2.2. 変更点,,,"

現在の64-bit XIDよりも大きいvacuum_defer_cleanup_age設定によるビットの破損を修正しました。
(Andres Freund)
     

v14以降では、デフォルト以外のvacuum_defer_cleanup_age設定を使用して、非常に大きいバキュームクリーンアップ範囲XIDを計算することができ、バキュームはまだ有効な行を削除することになりました。
v12およびv13では、GiSTインデックスのみに影響する同じ問題のより小規模な形式があり、インデックスページのリサイクルが早すぎる可能性がありました。
     "
https://www.postgresql.jp/docs/15/release-15-3.html,RELEASE-15-3,E.2.2. 変更点,,,"

パーサが不適切にネストされた集約を検出できなかった問題を修正しました。
(Tom Lane)
     

この見落としは、無効として拒否されるはずだった問い合わせが実行され、エグゼキュータの失敗につながる可能性がありました。
     "
https://www.postgresql.jp/docs/15/release-15-3.html,RELEASE-15-3,E.2.2. 変更点,,,"

serial型のSEQUENCE NAMEオプションパース時のデータ構造の破損を修正しました。
(David Rowley)
     

イベントトリガが破損した構文解析ツリーを取得する場合に、トラブルにつながる可能性がありました。
     "
https://www.postgresql.jp/docs/15/release-15-3.html,RELEASE-15-3,E.2.2. 変更点,,,"

initPlanを移動する際に、プランノードの並列安全性マークを正しく更新するようになりました。
(Tom Lane)
     

このプランナの見落としは、ランタイム時の「subplan was not initialized」エラーにつながる可能性がありました。
     "
https://www.postgresql.jp/docs/15/release-15-3.html,RELEASE-15-3,E.2.2. 変更点,,,"

拡張統計のコードでPlaceHolderVarsによる失敗を回避しました。
(Tom Lane)
     

依存関係型の拡張統計の使用は「PlaceHolderVar found where not expected」エラーで失敗する可能性がありました。
     "
https://www.postgresql.jp/docs/15/release-15-3.html,RELEASE-15-3,E.2.2. 変更点,,,"

副問い合わせに適用される検索条件句が、副問い合わせ内のウィンドウ集約「run condition」に変換できるかどうかの誤ったテストを修正しました。
(David Rowley)
     

そのような句内のSubPlanは他のいくつかの異常な場合と同様に、アサーション失敗または誤った回答を引き起こすことがありました。
     "
https://www.postgresql.jp/docs/15/release-15-3.html,RELEASE-15-3,E.2.2. 変更点,,,"

呼び出しにサブSELECTが含まれる場合、ウィンドウ集約の逆遷移最適化を無効にします。
(David Rowley)
     

この最適化では、集約の引数式が繰り返し可能な結果を持つ必要がありますが、サブSELECTには当てはまらない場合がありました。
     "
https://www.postgresql.jp/docs/15/release-15-3.html,RELEASE-15-3,E.2.2. 変更点,,,"

ネストされたARRAY[]コンストラクタの実行で誤りを修正しました。
(Alexander Lakhin"","" Tom Lane)
     

結果の配列に必要な合計スペースのオーバーフローを正しく検出し、出力割り当てのサイズ不足によるクラッシュの可能性を回避します。
また、結果の配列内の末尾のパディングスペースはゼロになります。
ゴミを残すことはほとんどの目的に対して無害ですが、後で奇妙な動作を引き起こす可能性がありました。
     "
https://www.postgresql.jp/docs/15/release-15-3.html,RELEASE-15-3,E.2.2. 変更点,,,"

複合型から作成した、ドメイン型の配列内のフィールドを更新する時のクラッシュを防止しました。
(Dmitry Dolgov)
     "
https://www.postgresql.jp/docs/15/release-15-3.html,RELEASE-15-3,E.2.2. 変更点,,,"

ブール型の列に対するパーティション除去のロジックを修正しました。
(David Rowley)
     

boolcol IS NOT TRUEのような条件でのプルーニングが正しく行われなかったため、boolcolがNULLである行が返されない可能性がありました。
また、あまり一般的ではないNOT boolcolのパーティション化の場合も正しく処理されませんでした。
     "
https://www.postgresql.jp/docs/15/release-15-3.html,RELEASE-15-3,E.2.2. 変更点,,,"

パラレルハッシュ結合でバッチ毎のクリーンアップでの競合状態を修正しました。
(Thomas Munro"","" Melanie Plageman)
     

parallel_leader_participation=off(デフォルトではない)の場合にタイミングによってはクラッシュする可能性がありました。
     "
https://www.postgresql.jp/docs/15/release-15-3.html,RELEASE-15-3,E.2.2. 変更点,,,"

EvalPlanQualチェック後にGENERATED列を再計算します。
(Tom Lane)
     

READ COMMITTED分離モードでは、行更新の効果を、最初に検出された問い合わせよりも新しい行バージョンに再適用する必要がある場合があります。
その場合、GENERATED列が同時更新によって変更された列に依存している場合は、それらの列を再計算する必要があります。
     "
https://www.postgresql.jp/docs/15/release-15-3.html,RELEASE-15-3,E.2.2. 変更点,,,"

Memoizeプラン実行によるメモリリークを修正しました。
(David Rowley)
     "
https://www.postgresql.jp/docs/15/release-15-3.html,RELEASE-15-3,E.2.2. 変更点,,,"

パーティションテーブルに含まれる外部テーブルに対してバッチ挿入を使用する場合のバッファの参照カウント漏れを修正しました。
(Alexander Pyhalov)
     "
https://www.postgresql.jp/docs/15/release-15-3.html,RELEASE-15-3,E.2.2. 変更点,,,"

ミリ秒以下のvacuum_cost_delay設定が再度利用可能になりました。
(Thomas Munro)
     "
https://www.postgresql.jp/docs/15/release-15-3.html,RELEASE-15-3,E.2.2. 変更点,,,"

テーブルのリレーションごとのvacuum_cost_delay設定がゼロの時にバキュームコスト遅延のバランスを取らないようにしました。
(Masahiko Sawada)
     

遅延のバランシングは、自動バキュームがリレーション単位のvacuum_cost_delay設定でテーブルを処理するときは常に無効になるはずですが、これは正の設定に対してのみ行われ、ゼロに対しては行われませんでした。
     "
https://www.postgresql.jp/docs/15/release-15-3.html,RELEASE-15-3,E.2.2. 変更点,,,"

ビューの最後に列が追加されたときに発生する稀なクラッシュを修正しました。
(Tom Lane)
     "
https://www.postgresql.jp/docs/15/release-15-3.html,RELEASE-15-3,E.2.2. 変更点,,,"

パーティションテーブル更新でのMULTIEXPR_SUBLINKサブプランのまれな障害を修正しました。
(Andres Freund"","" Tom Lane)
     

構文INSERT ... ON CONFLICT DO UPDATE SET (c1"",""...) = (SELECT ...)をターゲットのパーティションテーブルに使用すると、子テーブルが親と異なる場合(例えば列の物理的順序が異なる)に失敗する可能性があります。
これは通常、エグゼキュータでの一貫性チェックの失敗として現れますが、クラッシュまたは不適切なデータの更新も発生する可能性がありました。
     "
https://www.postgresql.jp/docs/15/release-15-3.html,RELEASE-15-3,E.2.2. 変更点,,,"

DO ALSO INSERT ... SELECTルールを持つビューに対する複数行のINSERT ... VALUES問い合わせ内のDEFAULTマーカーの処理を修正しました。
(Dean Rasheed)
     

このような場合は通常、「unrecognized node type」エラーまたはアサーション失敗となりました。
     "
https://www.postgresql.jp/docs/15/release-15-3.html,RELEASE-15-3,E.2.2. 変更点,,,"

ルールアクションの副問い合わせ内のOLDおよびNEWの参照がサポートされました。
(Dean Rasheed"","" Tom Lane)
     

このような参照は実際にはラテラル参照ですが、副問い合わせが明示的にLATERALでマークされれていない場合、サーバはクラッシュする可能性があります。
必要に応じて、暗黙的にそれを行うようにしました。
     "
https://www.postgresql.jp/docs/15/release-15-3.html,RELEASE-15-3,E.2.2. 変更点,,,"

WITH句内にINSERT/UPDATE/DELETEを含むルールまたはSQL関数本体を逆コンパイルする場合は、ターゲットテーブルの別名を正しく出力するようにしました。
(Tom Lane)
     "
https://www.postgresql.jp/docs/15/release-15-3.html,RELEASE-15-3,E.2.2. 変更点,,,"

SERIALIZABLE READ ONLY最適化の不具合を修正しました。
(Thomas Munro)
     

すでに「doomed」とマークされたトランザクションは、SERIALIZABLE READ ONLYトランザクションに対する安全なスナップショット最適化を混乱させていました。
場合によっては不必要に最適化がスキップされていました。
他の場合には、アサーション障害が発生しました(ただし、非アサートビルドでは問題はありませんでした)。
     "
https://www.postgresql.jp/docs/15/release-15-3.html,RELEASE-15-3,E.2.2. 変更点,,,"

論理デコードプラグインのpgoutputでキャッシュのコールバックスロットのリークを回避しました。
(Shi Yu)
     

単一セッション内でプラグインの起動と停止を何度も繰り返すと、最終的に「out of relcache_callback_list slots」エラーが発生しました。
     "
https://www.postgresql.jp/docs/15/release-15-3.html,RELEASE-15-3,E.2.2. 変更点,,,"

インデックス演算子クラスのオプションに対するカスタムバリデータへの不要な呼び出しを回避しました。
(Alexander Korotkov)
     

この変更により、予期しないエラー発生が修正されました。
     "
https://www.postgresql.jp/docs/15/release-15-3.html,RELEASE-15-3,E.2.2. 変更点,,,"

複数列のBRINインデックスを複数のキーでスキャンする際の無駄な動作を回避しました。
(Tomas Vondra)
     

既存のコードでは、スキャンキーが一致するかどうかを判断する際に、最後のレンジのみを実質的に考慮していたため、通常は必要以上にインデックスをスキャンしていました。
     "
https://www.postgresql.jp/docs/15/release-15-3.html,RELEASE-15-3,E.2.2. 変更点,,,"

BRINのinet_minmax_multi_ops演算子クラスのネットマスク処理を修正しました。
(Tomas Vondra)
     

このエラーは、アサートが有効なビルドでアサーション障害を引き起こしましたが、稼働ビルドではほとんど無害です。
     "
https://www.postgresql.jp/docs/15/release-15-3.html,RELEASE-15-3,E.2.2. 変更点,,,"

GiSTインデックスのバッファリングビルド中の無効ポインタの参照を修正しました。
(Alexander Lakhin)
     

このエラーは、取得された値が重要ではないため、通常、稼働ビルドでは無害のようですが、原理的にサーバクラッシュを引き起こす可能性があります。
     "
https://www.postgresql.jp/docs/15/release-15-3.html,RELEASE-15-3,E.2.2. 変更点,,,"

ロジカルレプリケーション中のUPDATEまたはDELETE処理で削除された列および生成列を無視するようにしました。
(Onder Kalaci"","" Shi Yu)
     

テーブルにこのような列が含まれている場合、REPLICA IDENTITY FULLオプションを指定したレプリケーションは失敗しました。
     "
https://www.postgresql.jp/docs/15/release-15-3.html,RELEASE-15-3,E.2.2. 変更点,,,"

コミットタイムスタンプに対するSLRUバッファ入出力の待機イベント名を修正しました。
(Alexander Lakhin)
     

この待機イベントは、ドキュメントではCommitTsBufferという名前でしたが、コードではCommitTSBufferで実装されていました。
コードをドキュメントと一致するように変更すると、関連する待機イベント名との一貫性が高まります。
     "
https://www.postgresql.jp/docs/15/release-15-3.html,RELEASE-15-3,E.2.2. 変更点,,,"

待機イベントSLRUFlushSyncのレポートを再び有効化しました。
(Thomas Munro)
     

この待機タイプのレポートは、コードリファクタリングで誤って削除されました。
     "
https://www.postgresql.jp/docs/15/release-15-3.html,RELEASE-15-3,E.2.2. 変更点,,,"

保持するWALセグメントの数を計算する際のアンダーフローの可能性を回避しました。
(Kyotaro Horiguchi)
     

これにより、wal_keep_sizeが正確に反映されない可能性がありました。
     "
https://www.postgresql.jp/docs/15/release-15-3.html,RELEASE-15-3,E.2.2. 変更点,,,"

スタンバイモードにおけるスタートアップ進捗報告オーバーヘッドを無効にしました。
(Bharath Rupireddy)
     

スタンバイモードでは、リカバリの進捗状況のレポートの進捗状況は実際にしませんが、その場合でも追跡する作業をしていました。
     "
https://www.postgresql.jp/docs/15/release-15-3.html,RELEASE-15-3,E.2.2. 変更点,,,"

SCRAM-SHA-256チャネルバインディングでRSA-PSS証明書をサポートしました。
(Jacob Champion"","" Heikki Linnakangas)
     

この機能では、OpenSSL 1.1.1以降を使用して構築する必要があります。
サーバとlibpqの両方が影響を受けます。
     "
https://www.postgresql.jp/docs/15/release-15-3.html,RELEASE-15-3,E.2.2. 変更点,,,"

WindowsにおけるプロセスID追跡での競合を回避しました。
(Thomas Munro)
     

postmasterが子プロセスがなくなったことを確認する前にオペレーティングシステムはPIDを再利用することができました。
これは、同じPIDを持つ複数の子プロセスが追跡されることになり、混乱を招く可能性がありました。
     "
https://www.postgresql.jp/docs/15/release-15-3.html,RELEASE-15-3,E.2.2. 変更点,,,"

list_copy_head()が空リストで正しく動作するように修正しました。
(David Rowley)
     

このケースにはPostgreSQLコアコードが到達することは知られていませんが、拡張機能では動作に依存している可能性があります。
     "
https://www.postgresql.jp/docs/15/release-15-3.html,RELEASE-15-3,E.2.2. 変更点,,,"

SPI_result_code_string()に欠けていたケースを追加しました。
(Dean Rasheed)
     "
https://www.postgresql.jp/docs/15/release-15-3.html,RELEASE-15-3,E.2.2. 変更点,,,"

AllocSetRealloc()の間違ったValgrindマーキングを修正しました。
(Karina Litskevich)
     

大きい(8キロバイトを超える)のpallocチャンクのサイズが減少する異常なケースでは、Valgrind有効ビルドは、チャンクからのメモリ解放の定義された状態を誤ってマークし、Valgrindテスト中に誤った結果を引き起こす可能性がありました。
     "
https://www.postgresql.jp/docs/15/release-15-3.html,RELEASE-15-3,E.2.2. 変更点,,,"

行単位セキュリティが有効なパーティションテーブルに対するMERGEのアサート失敗を修正しました。
(Dean Rasheed)
     "
https://www.postgresql.jp/docs/15/release-15-3.html,RELEASE-15-3,E.2.2. 変更点,,,"

トランザクションになっているロジカルレプリケーションのメッセージをデコードする時のアサーション失敗を回避しました。
(Tomas Vondra)
     "
https://www.postgresql.jp/docs/15/release-15-3.html,RELEASE-15-3,E.2.2. 変更点,,,"

正規表現のエスケープ処理でロケールの影響を回避しました。
(Jeff Davis)
     

バックスラッシュの後ろに非ASCII文字が続くと、一般的なロケールによってはアサーション失敗が発生することがありました。
     "
https://www.postgresql.jp/docs/15/release-15-3.html,RELEASE-15-3,E.2.2. 変更点,,,"

log_newpage_range()で指定された範囲の最後の数ページが空である場合、空のWALページを書き込むのを避けるようにしました。
(Matthias van de Meent)
     

このケースがリリースされたブランチで到達可能かどうかは完全には明らかではありませんが、到達可能な場合はアサーション失敗が発生する可能性があります。
     "
https://www.postgresql.jp/docs/15/release-15-3.html,RELEASE-15-3,E.2.2. 変更点,,,"

キャスト式を使用するplpgsqlのDOブロックでのセッション存続期間のメモリリークを修正しました。
(Ajit Awekar"","" Tom Lane)
     "
https://www.postgresql.jp/docs/15/release-15-3.html,RELEASE-15-3,E.2.2. 変更点,,,"

Perlのリスト構造を多次元SQL配列に変換する時の配列の次元チェックを強化しました。
(Tom Lane)
     

plperlは、サブリストのネストに一貫性がなく、データが値の長方形配列を表さない場合に誤動作する可能性がありました。
このような場合はエラーが発生するようになりましたが、以前はクラッシュまたはガベージ出力が発生する可能性がありました。
     "
https://www.postgresql.jp/docs/15/release-15-3.html,RELEASE-15-3,E.2.2. 変更点,,,"

Pythonのリスト構造を多次元SQL配列に変換する時の配列の次元チェックが強化されました。
(Tom Lane)
     

plpythonは、空のサブリストを扱う場合や、サブリストのネストに一貫性がなく、データが値の長方形配列を表さない場合に誤動作する可能性がありました。
前者は空の出力配列になり、後者はエラーになります。
しかし、クラッシュになる場合もあれば、予期しない出力になる場合もあります。
     "
https://www.postgresql.jp/docs/15/release-15-3.html,RELEASE-15-3,E.2.2. 変更点,,,"

plpythonでの例外スタックの巻き戻しを修正しました。
(Xing Guo)
     

いくつかのまれな失敗例では、PG_TRY例外スタックをクリーンアップせずに戻ることがあり、次のスタックレベルが巻き戻された前に別のエラーが発生した場合にクラッシュする危険性がありました。
     "
https://www.postgresql.jp/docs/15/release-15-3.html,RELEASE-15-3,E.2.2. 変更点,,,"

libpqのPQconnectPoll()における一貫性のないGSS暗号化のエラー処理を修正しました。
(Michael Paquier)
     

gssencmodeがrequireに設定されている場合、GSS初期化の失敗後にコネクションがdeadとマークされませんでした。
TLS暗号化の同等のケースで以前から行われてきたように、すぐに失敗するよう変更しました。
     "
https://www.postgresql.jp/docs/15/release-15-3.html,RELEASE-15-3,E.2.2. 変更点,,,"

-C ORACLEオプションでビルドされたecpgプログラムで発生する可能性があったデータ破損を修正しました。
(Kyotaro Horiguchi)
     

varcharsizeをゼロに設定してecpg_get_data()が呼び出されると、直前のフィールドの最後のバイトに終端ゼロ文字が書き込まれ、そのフィールドのデータが切り捨てられる可能性がありました。
     "
https://www.postgresql.jp/docs/15/release-15-3.html,RELEASE-15-3,E.2.2. 変更点,,,"

列挙(enum)型の列でハッシュ分割されたパーティションテーブルが正常に復元されるようにpg_dumpを修正しました。
(Tom Lane)
     

列挙値のハッシュコードは列挙値に割り当てられたOIDに依存するので、ダンプとリストアの後では通常異なります。
これは、行がしばしば元のパーティションとは異なるパーティションに入る必要があることを意味します。
ユーザは--load-via-partition-rootオプションを指定することでこの問題を回避できますが、それなしでは成功する可能性が非常に低いので、pg_dumpがそのようなテーブルにこのオプションを自動的に適用するように変更しました。
     

また、--load-via-partition-rootモードが使用されている場合、リストア前にターゲットテーブルをTRUNCATE試行しないように、pg_restoreを修正しました。
これにより、デッドロックやデータ喪失の危険性が回避されます。
     "
https://www.postgresql.jp/docs/15/release-15-3.html,RELEASE-15-3,E.2.2. 変更点,,,"

Windowsでシークできないファイルを正しく検出するようになりました。
(Juan Jos? Santamar?a Flecha"","" Michael Paquier"","" Daniel Watzinger)
     

このバグは、pg_dumpがパイプに書き込む時、またはpg_restoreがパイプから読み取る時に誤動作を引き起こしました。
     "
https://www.postgresql.jp/docs/15/release-15-3.html,RELEASE-15-3,E.2.2. 変更点,,,"

pgbenchの「prepared」モードで、パイプラインを開始する前にパイプライン内のすべてのコマンドを準備(prepare)するようにしました。
(?lvaro Herrera)
     

これにより、pgbenchスクリプトがパイプライン内でシリアライザブルトランザクションを開始しようとしたときの失敗を回避します。
     "
https://www.postgresql.jp/docs/15/release-15-3.html,RELEASE-15-3,E.2.2. 変更点,,,"

contrib/amcheckのヒープを検査するコードで、xminまたはxmaxがゼロのタプルを正しく処理するようにしました。
(Robert Haas)
     "
https://www.postgresql.jp/docs/15/release-15-3.html,RELEASE-15-3,E.2.2. 変更点,,,"

contrib/amcheckでは、エポックゼロより前にあるように見えるxidを適切に扱うようにしました。
(Andres Freund)
     

破損の場合、最初のxidエポックより前にあるように見える周回した32ビットxidが表示されることがありました。
このような値を64ビット形式に昇格すると、はるか将来の値が生成され、結果として誤ったレポートが作成されました。
このような場合にはFirstNormalFullTransactionIdを返すことで、理にかなった妥当な動作をするようになります。
     "
https://www.postgresql.jp/docs/15/release-15-3.html,RELEASE-15-3,E.2.2. 変更点,,,"

contrib/basebackup_to_shellで、パイプのオープン失敗を適切に検出するようにしました。
(Robert Haas)
     "
https://www.postgresql.jp/docs/15/release-15-3.html,RELEASE-15-3,E.2.2. 変更点,,,"

contrib/hstore_plpythonで、変換されるPythonの値がマッピングでない場合のクラッシュを回避しました。
(Dmitry Dolgov"","" Tom Lane)
     

これはエラーを発生させるべきですが、Python 3では一部のAPIが変更されたためにチェックの動作がおかしくなり、クラッシュが発生する可能性があります。
     "
https://www.postgresql.jp/docs/15/release-15-3.html,RELEASE-15-3,E.2.2. 変更点,,,"

ltree列のGiSTインデックスのsiglenオプションが指定されている場合は、4の倍数にする必要があるようにしました。
(Alexander Korotkov)
     

その他の値を指定すると、インデックスコンテンツへのアクセスが不整合になります。
これは、Intel互換ハードウェアでは無害ですが、その他のアーキテクチャではクラッシュの原因となる可能性があります。
     "
https://www.postgresql.jp/docs/15/release-15-3.html,RELEASE-15-3,E.2.2. 変更点,,,"

contrib/pageinspectで、gist_page_items()関数の不正な入力に対する防御を追加しました。
(Dmitry Koval)
     "
https://www.postgresql.jp/docs/15/release-15-3.html,RELEASE-15-3,E.2.2. 変更点,,,"

contrib/pg_trgmで満たす文字列が存在しない正規表現での誤動作を修正しました。
(Tom Lane)
     

$fooのような正規表現は定義としては正当ですが、この表現を満たす文字列は存在しません。
正規表現コンパイラはそれを認識し、空のNFAグラフを生成します。
このようなグラフをpg_trgmのGINやGiSTインデックス修飾に最適化しようとした結果、作業配列の末尾を超えてアクセスすることになり、クラッシュする可能性がありました。
     "
https://www.postgresql.jp/docs/15/release-15-3.html,RELEASE-15-3,E.2.2. 変更点,,,"

contrib/postgres_fdwのapplication_nameパラメータにおけるエスケープシーケンス処理を修正しました。
(Kyotaro Horiguchi"","" Michael Paquier)
     

エスケープを展開するコードは、外部テーブルの自動ANALYZEの中など、バックグラウンドプロセスで実行された場合に失敗する可能性がありました。
     "
https://www.postgresql.jp/docs/15/release-15-3.html,RELEASE-15-3,E.2.2. 変更点,,,"

contrib/pg_walinspectで、pg_get_wal_records_info()のメモリ使用量を制限しました。
(Bharath Rupireddy)
     "
https://www.postgresql.jp/docs/15/release-15-3.html,RELEASE-15-3,E.2.2. 変更点,,,"

GNU互換のstripで静的ライブラリから不要な情報を除去する場合は、--strip-unneededオプションを使用します。
(Tom Lane)
     

以前は、make install-stripはこの場合には-xオプションを使用していました。
この変更により、llvm-stripの誤動作が回避され、出力もわずかに小さくなりました。
     "
https://www.postgresql.jp/docs/15/release-15-3.html,RELEASE-15-3,E.2.2. 変更点,,,"

文書構築でのDTDファイルの自動ダウンロード推奨をやめて、実際に無効にしました。
(Aleksander Alekseev"","" Peter Eisentraut"","" Tom Lane)
     

SGML文書をビルドするには、DocBook DTDファイルのローカルインストールが必要です。
以前はxsltprocがsourceforge.netからこれらのファイルを実行中にダウンロードできましたが、sourceforge.netでは現在HTTPSアクセスのみが許可されており、xsltprocの一般的なバージョンではサポートされていません。
そのため、それが可能または有用であることを示唆する文書の一部を削除し、代わりにxsltprocの--nonetオプションをビルドレシピに追加します。
     "
https://www.postgresql.jp/docs/15/release-15-3.html,RELEASE-15-3,E.2.2. 変更点,,,"

PGXSビルドでTAPテストを実行する場合、一時的なportlockディレクトリには、より安全な場所を使用するようにしました。
(Peter Eisentraut)
     

それをビルドディレクトリのtmp_checkの下に置きます。
以前のコーディングでは、PGXSビルドはそれをインストレーションディレクトリに置こうと試みましたが、これは必ずしも書き込み可能ではありません。
     "
https://www.postgresql.jp/docs/15/release-15-3.html,RELEASE-15-3,E.2.2. 変更点,,,"

エジプト、グリーンランド、モロッコ、パレスチナでの夏時間法改正に伴い、タイムゾーンデータファイルをtzdataリリース2023cに更新しました。
     

モスクワ時間に従っている場合、Europe/KirovおよびEurope/Volgogradは、モスクワ時間に従う他のタイムゾーンとの整合性を保つため、数字による略語ではなくMSK/MSDという略語を使用するようにしました。
また、America/YellowknifeはAmerica/Edmontonと区別されなくなりました。
これは、その地域の1948年以前のタイムスタンプの一部に影響を与えます。
     "
https://www.postgresql.jp/docs/15/release-15-4.html,RELEASE-15-4,E.1.2. 変更点,,,"

スキーマ名や所有者名にクオート、バックスラッシュ、ドル記号が含まれている場合、拡張のスクリプトでその名前に置き換えることが禁止されました。
(Noah Misch)
     

この制限は、信頼された拡張に対するSQLインジェクションを防ぎます。
     

PostgreSQLプロジェクトは、本問題を報告してくれたMicah Gate、Valerie Woolard、Tim Carey-Smith、Christoph Bergに感謝します。
(CVE-2023-39417)
     "
https://www.postgresql.jp/docs/15/release-15-4.html,RELEASE-15-4,E.1.2. 変更点,,,"

行セキュリティポリシーを適切に実施するようにMERGEコマンドを修正しました。
(Dean Rasheed)
     

MERGEコマンドがUPDATEアクションを実行する場合、WHERE句を持つ単純なUPDATEの動作方法と一貫性を保つように、ターゲットテーブルで定義されたUPDATEまたはSELECTRLSポリシーを強制する必要があります。
その代わりに、INSERTとUPDATEアクションの両方にINSERTRLSポリシーを実施していました。
     

さらに、MERGEがDO NOTHINGアクションを実行すると、行が削除されていない場合でも、ターゲットテーブルのDELETERLSポリシーが既存の行に適用されます。
これはセキュリティの問題ではありませんが、望ましくないエラーが発生する可能性があります。
     

PostgreSQLプロジェクトは、本問題を報告してくれたDean Rasheedに感謝します。
(CVE-2023-39418)
     "
https://www.postgresql.jp/docs/15/release-15-4.html,RELEASE-15-4,E.1.2. 変更点,,,"

BRINインデックスでの行のない空の範囲と全てがNULL範囲との混同と、全てがNULLの要約の誤ったマージを修正しました。
(Tomas Vondra)
     

これらの見落としの結果、BRINインデックス範囲にNULL値があることを忘れてしまう可能性があり、NULL値を返すべき後続のクエリがNULL値を返さない可能性がありました。
     

この修正自体は、誤ったBRINエントリを修正しません。
NULLの検索に使用されるBRINインデックスに対してREINDEXすることをお勧めします。
     "
https://www.postgresql.jp/docs/15/release-15-4.html,RELEASE-15-4,E.1.2. 変更点,,,"

DROP DATABASEが中断されたときに、破損したデータベースを放置しないようになりました。
(Andres Freund)
     

DROP DATABASEがすでに元に戻せない処理を開始した後に中断された場合、ターゲットデータベースはアクセス可能なままですが（pg_database行の削除がロールバックされるため）、データベースの内容は破損していました。
元に戻せない操作を開始する前に、データベースをアクセス不能とマーキングする修正をしました。
その後に障害が発生すると、データベースは部分的に残ったままになりますが、別のDROP DATABASEを発行する以外には何もできません。
     "
https://www.postgresql.jp/docs/15/release-15-4.html,RELEASE-15-4,E.1.2. 変更点,,,"

パーティションインデックスが作成時に有効または無効として正しくマークされるようになりました。
(Michael Paquier)
     

新しいパーティションインデックスが、いずれかのパーティション上の既存の無効なインデックスと一致する場合、そのパーティションインデックスは途中で有効とマークされる可能性がありました。
これにより、パーティションテーブルに対する後続の問い合わせで誤動作やアサーションエラーが発生する可能性がありました。
     "
https://www.postgresql.jp/docs/15/release-15-4.html,RELEASE-15-4,E.1.2. 変更点,,,"

ALTER TABLE ATTACH PARTITIONの実行中にパーティションインデックスを子インデックスと照合するとき、無効な子インデックスを無視するようになりました。
(Michael Paquier)
     

このようなインデックスは無視され、代わりに新しい子インデックスが作成されるようになりました。
     "
https://www.postgresql.jp/docs/15/release-15-4.html,RELEASE-15-4,E.1.2. 変更点,,,"

すべてのパーティションがアタッチされた後、パーティションインデックスを有効とマーキングする時に発生する可能性があった障害を修正しました。
(Michael Paquier)
     

インデックスのpg_indexエントリの更新は、他の列に対して古いデータを使用する可能性がありました。
報告されている症状の1つは、「attempted to update invisible tuple」エラーです。
     "
https://www.postgresql.jp/docs/15/release-15-4.html,RELEASE-15-4,E.1.2. 変更点,,,"

拡張に拡張のスキーマ外のオブジェクトが含まれている場合にエラーが発生するようにALTER EXTENSION SET SCHEMAを修正しました。
(Michael Paquier"","" Heikki Linnakangas)
     

拡張に複数スキーマのオブジェクトが含まれている場合にエラーが発生するのは常に意図されていましたが、チェックのコーディングが誤っていたため、一部のケースを検出できず、予期しない動作が発生しました。
     "
https://www.postgresql.jp/docs/15/release-15-4.html,RELEASE-15-4,E.1.2. 変更点,,,"

テーブルのアクセスメソッド依存関係の追跡を修正しました。
(Michael Paquier)
     

ALTER TABLE ... SET ACCESS METHODは、テーブルのアクセスメソッドを変更するときに関連するpg_dependエントリの更新に失敗しました。
組み込みでないアクセスメソッドを使用する場合、テーブルが依然としてアクセスメソッドに依存していても、そのアクセスメソッドが削除される可能性があるというリスクが生じます。
この修正は、ALTER TABLEのロジックを修正しますが、すでに欠落しているpg_dependエントリは修復されません。
     "
https://www.postgresql.jp/docs/15/release-15-4.html,RELEASE-15-4,E.1.2. 変更点,,,"

プランナでの一意性の証明に一意な部分インデックスを使用しないようにしました。
(David Rowley)
     

問題のインデックスがテーブルのスキャンに使用されない場合、テーブルから読み込まれた行の推定される一意性が保持されない可能性があるため、これは誤った計画を引き起こす可能性がありました。
     "
https://www.postgresql.jp/docs/15/release-15-4.html,RELEASE-15-4,E.1.2. 変更点,,,"

揮発性の結合条件を含むラテラル結合で、Memoizeを使わないようにしました。
(Richard Guo)
     

揮発性のフィルタ条件を含むサブプランにMemoizeを適用すると、間違った結果につながる可能性があります。
これを回避するためのチェックは、LATERALを使用するときに発生する可能性のあるいくつかのケースを見逃していました。
     "
https://www.postgresql.jp/docs/15/release-15-4.html,RELEASE-15-4,E.1.2. 変更点,,,"

疑似定数のJOIN句を伴う外部結合に対して誤った計画を作成しないようにしました。
(Etsuro Fujita)
     

現在、プランナにはプッシュダウンされたリモート結合に疑似定数のJOIN句を付加するサポートがないため、このような場合にはリモート結合の生成を無効にしました。
（より優れたソリューションには、プランナデータ構造のABIを破壊する変更が必要になるため、将来のメジャーリリースを待つ必要があります。）
     "
https://www.postgresql.jp/docs/15/release-15-4.html,RELEASE-15-4,E.1.2. 変更点,,,"

ルールアクションを展開するときに、RLS(行単位セキュリティ)のポリシー式およびセキュリティバリアビューでサブSELECTが正しく処理されるようになりました。
(Tom Lane)
     "
https://www.postgresql.jp/docs/15/release-15-4.html,RELEASE-15-4,E.1.2. 変更点,,,"

SERIALIZABLE分離モードのコンフリクト検出における競合条件を修正しました。
(Thomas Munro)
     

ビットマップヒープスキャンとGINインデックスを使用して、最初に空のbtreeインデックスを調べる場合に、競合が見逃される可能性がありました。
これらのケースはすべて、競合するトランザクションのコミットを不適切に許可するために、シリアライザブル可能性の障害につながる可能性がありました。
     "
https://www.postgresql.jp/docs/15/release-15-4.html,RELEASE-15-4,E.1.2. 変更点,,,"

継承テーブルまたはパーティションテーブルを対象としたEvalPlanQualチェックの誤動作を修正しました。
(Tom Lane)
     

この見落としは、READ COMMITTED分離モードのUPDATEまたはDELETEアクションが、同時更新と衝突しているためにスキップされるべきときに実行される可能性がありました。
     "
https://www.postgresql.jp/docs/15/release-15-4.html,RELEASE-15-4,E.1.2. 変更点,,,"

外側のネストループからのパラメータを含む内側ハッシュキーを使用したハッシュ結合を修正しました。
(Tom Lane)
     

そのようなパラメータの値が変更された後に結合を再スキャンする場合、ハッシュテーブルを再構築する必要がありますが、それを怠っていました。
その結果、結合の出力行が欠落する可能性がありました。
     "
https://www.postgresql.jp/docs/15/release-15-4.html,RELEASE-15-4,E.1.2. 変更点,,,"

複合型列のフィールドを更新しようとしたときに時々発生する障害を修正しました。
(Tom Lane)
     

複合型列の全体の値が、TOAST外部格納を必要とするほど大きい場合、タイミングの悪いキャッシュフラッシュにより、エラーやサーバクラッシュを引き起こす可能性がありました。
     "
https://www.postgresql.jp/docs/15/release-15-4.html,RELEASE-15-4,E.1.2. 変更点,,,"

トリガを使用した一部のUPDATEクエリでのクエリ存続期間のメモリリークを防止しました。
(Tomas Vondra)
     "
https://www.postgresql.jp/docs/15/release-15-4.html,RELEASE-15-4,E.1.2. 変更点,,,"

増分ソート実行プランノードが再スキャンされる際に、メモリがクエリ処理が終了するまで解放されないメモリリークを防止しました。
(James Coleman"","" Laurenz Albe"","" Tom Lane)
     "
https://www.postgresql.jp/docs/15/release-15-4.html,RELEASE-15-4,E.1.2. 変更点,,,"

jsonpathのdatetime()メソッドへの入力として小数点以下の秒を受け入れるようにしました。
(Tom Lane)
     "
https://www.postgresql.jp/docs/15/release-15-4.html,RELEASE-15-4,E.1.2. 変更点,,,"

極めて複雑なテキスト検索パターンでのスタックオーバーフローによるクラッシュを防止しました。
(Tom Lane)
     "
https://www.postgresql.jp/docs/15/release-15-4.html,RELEASE-15-4,E.1.2. 変更点,,,"

pg_hba.confとpg_ident.confで最大10240バイトのトークンを使えるようにしました。
(Tom Lane)
     

一部のユースケースでは、以前の256バイトの制限では不十分であることが判明していました。
     "
https://www.postgresql.jp/docs/15/release-15-4.html,RELEASE-15-4,E.1.2. 変更点,,,"

拡張がGUCプレフィックスの予約を宣言したときに、既存のすべてのプレースホルダが一致するかどうかチェックされるようにしました。
(Karina Litskevich"","" Ekaterina Sokolova)
     

ループロジックの欠陥で、一部の項目がスキップされる可能性がありました。
     "
https://www.postgresql.jp/docs/15/release-15-4.html,RELEASE-15-4,E.1.2. 変更点,,,"

C++のout of memory条件の誤った処理を修正しました。
(Heikki Linnakangas)
     

JITが使用されている場合、C++のnew呼び出しでメモリが不足すると、想定されたC++例外ではなく代わりにPostgreSQLのFATALエラーが発生していました。
     "
https://www.postgresql.jp/docs/15/release-15-4.html,RELEASE-15-4,E.1.2. 変更点,,,"

plancache.cでの稀なNULLポインタのクラッシュを修正しました。
(Tom Lane)
     "
https://www.postgresql.jp/docs/15/release-15-4.html,RELEASE-15-4,E.1.2. 変更点,,,"

サブスクリプションがドロップされた時にそのサブスクリプションの統計エントリをリークしないようにしました。
(Masahiko Sawada)
     "
https://www.postgresql.jp/docs/15/release-15-4.html,RELEASE-15-4,E.1.2. 変更点,,,"

ページの解放によって空き領域の範囲が結合された場合に、役立つ可能性のある共有メモリセグメントの追跡を失うことを回避しました。
(Dongming Liu)
     

セグメントは新しい空き容量に応じて適切な「bin」に移動され、その後の検索で見つかるようになります。
     "
https://www.postgresql.jp/docs/15/release-15-4.html,RELEASE-15-4,E.1.2. 変更点,,,"

特定の種類のBツリーインデックスの破損を検出した後にVACUUMの続行が可能となりました。
(Peter Geoghegan)
     

無効な兄弟ページリンクが検出された場合は、以前のようにエラーを起こすのではなく、問題をログに記録して続行します。
REINDEX以外に壊れたインデックスを修正するものはありませんが、それが完了するまでVACUUMが完了しないようにすると、事態がさらに悪化するリスクがありました。
     "
https://www.postgresql.jp/docs/15/release-15-4.html,RELEASE-15-4,E.1.2. 変更点,,,"

VACUUMがpg_database.datfrozenxidまたはpg_database.datminmxidで無効なデータを検出した後にWrapLimitsVacuumLockが確実に解放されるようにしました。
(Andres Freund)
     

このロックはセッションが終了するか他のエラーが発生するとクリーンアップされますが、このロックの解放に失敗すると、後でデッドロックにつながる可能性がありました。
     "
https://www.postgresql.jp/docs/15/release-15-4.html,RELEASE-15-4,E.1.2. 変更点,,,"

クラッシュリカバリ時に準備されたトランザクションの二重リプレイを回避しました。
(suyu.cmj"","" Michael Paquier)
     

このチェックポイントによって2相トランザクション状態データがすでにディスクにフラッシュされている状態で、チェックポイントが途中でクラッシュした後、クラッシュリカバリは準備されたトランザクションを2回リプレイしようとして、起動プロセスで「lock is already held」のような致命的エラーが発生していました。
     "
https://www.postgresql.jp/docs/15/release-15-4.html,RELEASE-15-4,E.1.2. 変更点,,,"

新しく作成されたがまだ空のテーブルが次のチェックポイントでfsyncされるようにしました。
(Heikki Linnakangas)
     

これを行なわないと、オペレーティングシステムのクラッシュによって空のファイルが消える原因となる場合、テーブルに対する後続の操作は「could not open file」エラーで失敗する可能性がありました。
     "
https://www.postgresql.jp/docs/15/release-15-4.html,RELEASE-15-4,E.1.2. 変更点,,,"

UNLOGGEDインデックスの初期フォーク作成が必ずWALログに記録されるようにしました。
(Heikki Linnakangas)
     

UNLOGGEDインデックスのメインデータフォークはWALログに記録されませんが、クラッシュ後にインデックスをリストアするための一貫した状態を確保するために、その初期フォークはWALログに記録される必要があります。
初期フォークにデータが含まれていない場合、このステップは省略されていましたが、標準のインデックスAMでは使用されていないケースで、おそらく一部の拡張ではそのように動作します。
     "
https://www.postgresql.jp/docs/15/release-15-4.html,RELEASE-15-4,E.1.2. 変更点,,,"

偽性の「missing contrecord」エラーを出ないようにしました。
(Thomas Munro)
     

pg_waldumpとwalsenderからの不正確な苦情がログに記録されるのを避けるために、このケースを単純なWAL終了として扱うようにしました。
     "
https://www.postgresql.jp/docs/15/release-15-4.html,RELEASE-15-4,E.1.2. 変更点,,,"

jsonpathコードでの過度に厳密なアサーションを修正しました。
(David Rowley)
     

問い合わせがlike_regexの結果に.type()演算子を適用した場合、このアサーションは失敗していました。
非アサートビルドにはバグがありませんでした。
     "
https://www.postgresql.jp/docs/15/release-15-4.html,RELEASE-15-4,E.1.2. 変更点,,,"

すでにアボートされたトランザクションで拡張クエリプロトコルを介して空のステートメントを処理する場合のアサート失敗を回避しました。
(Tom Lane)
     "
https://www.postgresql.jp/docs/15/release-15-4.html,RELEASE-15-4,E.1.2. 変更点,,,"

トランザクション内でstats_fetch_consistency設定が変更された場合のアサート失敗を回避しました。
(Kyotaro Horiguchi)
     "
https://www.postgresql.jp/docs/15/release-15-4.html,RELEASE-15-4,E.1.2. 変更点,,,"

contrib/fuzzystrmatchのSoundexのdifference()関数が空の入力を正常に処理できるように修正しました。
(Alexander Lakhin"","" Tom Lane)
     

アルファベット文字を含まない入力文字列を使用すると、予期しない出力が発生していました。
     "
https://www.postgresql.jp/docs/15/release-15-4.html,RELEASE-15-4,E.1.2. 変更点,,,"

contrib/hstoreで入力の空白チェックを強化しました。
(Evan Jones)
     

場合によっては、文字が誤って空白として認識され、破棄されることがありました。
     "
https://www.postgresql.jp/docs/15/release-15-4.html,RELEASE-15-4,E.1.2. 変更点,,,"

contrib/intarrayのGiST__int_opsインデックス演算子クラスを使用したオーバーサイズの入力配列を禁止しました。
(Ankit Kumar Pandey"","" Alexander Lakhin)
     

以前、このコードはNOTICEを報告していましたが、とにかく続行すると、無効なインデックスエントリが作成され、インデックスが読み込まれたときにクラッシュする危険性がありました。
     "
https://www.postgresql.jp/docs/15/release-15-4.html,RELEASE-15-4,E.1.2. 変更点,,,"

contrib/intarrayのGiSTインデックスエントリの無駄な二重展開を回避しました。
(Konstantin Knizhnik"","" Matthias van de Meent"","" Tom Lane)
     "
https://www.postgresql.jp/docs/15/release-15-4.html,RELEASE-15-4,E.1.2. 変更点,,,"

contrib/pageinspectのGiST_page_items()関数が、INCLUDE句で列が含まれている場合に動作するよう修正しました。
(Alexander Lakhin"","" Michael Paquier)
     

以前は、インデックスにINCLUDE句で列が含まれている場合、gist_page_items()はインデックスリーフページでこれらの値を表示できなかったり、非リーフページでは完全にクラッシュしていました。
     "
https://www.postgresql.jp/docs/15/release-15-4.html,RELEASE-15-4,E.1.2. 変更点,,,"

psqlで標準入出力が端末でない場合に、PSQL_WATCH_PAGER環境変数を無視するようにしました。
(Tom Lane)

     

これは、\watch以外のコマンドでのPSQL_PAGERと同じ扱いになります。
     "
https://www.postgresql.jp/docs/15/release-15-4.html,RELEASE-15-4,E.1.2. 変更点,,,"

一意のインデックスに対するパース時の依存関係を必要とする本体を持つ新しいスタイルのSQL言語関数を正しく処理するようにpg_dumpを修正しました。
(Tom Lane)
     

このようなケースはGROUP BY句やON CONFLICT句で発生することがあります。
この場合、一意インデックスが作成された後に関数のダンプを延期する必要がありますが、pg_dumpはそれを行わず、代わりに「could not resolve dependency loop」という警告を出力していました。
     "
https://www.postgresql.jp/docs/15/release-15-4.html,RELEASE-15-4,E.1.2. 変更点,,,"

pg_dumpで、依存関係ループ問題の詳細情報の表示を改善しました。
(Tom Lane)
     "
https://www.postgresql.jp/docs/15/release-15-4.html,RELEASE-15-4,E.1.2. 変更点,,,"

pgbenchで、空のパイプラインとプリペアモードで生じるクラッシュを回避しました。
(?lvaro Herrera)
     "
https://www.postgresql.jp/docs/15/release-15-4.html,RELEASE-15-4,E.1.2. 変更点,,,"

pg_index.indisreplidentがリレーションキャッシュのエントリ内で常に最新となるようにしました。
(Shruthi Gowda)
     

場合によっては、値が古くなることがありました。
リレーションキャッシュのコピーに依存しているコアコードはないため、PostgreSQLに限って言えば、潜在的なバグに過ぎませんが、これに起因して拡張でバグが発生する可能性がありました。
     "
https://www.postgresql.jp/docs/15/release-15-4.html,RELEASE-15-4,E.1.2. 変更点,,,"

Exuberant以外のctagsで動作するようにmake_etagsスクリプトを修正しました。
(Masahiko Sawada)
     "
https://www.postgresql.jp/docs/16/release-16.html,RELEASE-16,E.5.1. 概要 #,,,"

FULLハッシュ結合および内部右OUTERハッシュ結合で並列処理ができるようになりました。
     "
https://www.postgresql.jp/docs/16/release-16.html,RELEASE-16,E.5.1. 概要 #,,,"

スタンバイサーバからの論理レプリケーションができるようになりました。
     "
https://www.postgresql.jp/docs/16/release-16.html,RELEASE-16,E.5.1. 概要 #,,,"

論理レプリケーションのサブスクライバーで大規模なトランザクションを並列に適用できるようになりました。
     "
https://www.postgresql.jp/docs/16/release-16.html,RELEASE-16,E.5.1. 概要 #,,,"

新しいpg_stat_ioビューを使用したI/O統計情報の監視ができるようになりました。
     "
https://www.postgresql.jp/docs/16/release-16.html,RELEASE-16,E.5.1. 概要 #,,,"

SQL/JSONコンストラクタと識別関数を追加しました。
     "
https://www.postgresql.jp/docs/16/release-16.html,RELEASE-16,E.5.1. 概要 #,,,"

バキューム凍結の性能を改善しました。
     "
https://www.postgresql.jp/docs/16/release-16.html,RELEASE-16,E.5.1. 概要 #,,,"

pg_hba.confのユーザ名とデータベース名、およびpg_ident.confのユーザ名の正規表現マッチングがサポートされました。
     "
https://www.postgresql.jp/docs/16/release-16.html,RELEASE-16,E.5.2. バージョン16への移行 #,,,"

PL/pgSQLのバウンドカーソル変数の割り当て規則が変更されました。
(Tom Lane)
     

以前は、このような変数の文字列値は、カーソル割り当て時に変数名に一致するように設定されていました。
これからは、OPEN時に割り当てられ、変数名と一致しません。
以前の動作に戻すには、OPENの前にカーソル変数に目的のポータル名を割り当ててください。
     "
https://www.postgresql.jp/docs/16/release-16.html,RELEASE-16,E.5.2. バージョン16への移行 #,,,"

主キーに対するNULLS NOT DISTINCTインデックスを禁止しました。
(Daniel Gustafsson)
     "
https://www.postgresql.jp/docs/16/release-16.html,RELEASE-16,E.5.2. バージョン16への移行 #,,,"

REINDEX DATABASEとreindexdbがシステムカタログのインデックスを処理しないように変更しました。
(Simon Riggs)
     

このようなインデックスの処理は、REINDEX SYSTEMとreindexdb --systemを使用して引き続き可能です。
     "
https://www.postgresql.jp/docs/16/release-16.html,RELEASE-16,E.5.2. バージョン16への移行 #,,,"

継承テーブルとパーティションテーブルに対するGENERATED式の制限を強化しました。
(Amit Langote"","" Tom Lane)
     

親テーブル(パーティションテーブル)と子テーブル(パーティション)の列はすべて同じ生成状態を持つ必要があります。しかし、実際の生成式は異なっていても構いません。
     "
https://www.postgresql.jp/docs/16/release-16.html,RELEASE-16,E.5.2. バージョン16への移行 #,,,"

pg_walinspect関数pg_get_wal_records_info_till_end_of_wal()とpg_get_wal_stats_till_end_of_wal()を削除しました。
(Bharath Rupireddy)
     "
https://www.postgresql.jp/docs/16/release-16.html,RELEASE-16,E.5.2. バージョン16への移行 #,,,"

サーバパラメータforce_parallel_modeをdebug_parallel_queryに変更しました。
(David Rowley)
     "
https://www.postgresql.jp/docs/16/release-16.html,RELEASE-16,E.5.2. バージョン16への移行 #,,,"

ON SELECTルールを使用したcreate viewsを禁止しました。
(Tom Lane)
     "
https://www.postgresql.jp/docs/16/release-16.html,RELEASE-16,E.5.2. バージョン16への移行 #,,,"

サーバパラメータvacuum_defer_cleanup_ageを削除しました。
(Andres Freund)
     

hot_standby_feedbackとレプリケーションスロットが追加されたことで、これは不要になりました。
     "
https://www.postgresql.jp/docs/16/release-16.html,RELEASE-16,E.5.2. バージョン16への移行 #,,,"

サーバパラメータpromote_trigger_fileを削除しました。
(Simon Riggs)
     

これはスタンバイからプライマリへの昇格に使用されていましたが、現在はpg_ctl promoteまたはpg_promote()関数で容易に実行できます。
     "
https://www.postgresql.jp/docs/16/release-16.html,RELEASE-16,E.5.2. バージョン16への移行 #,,,"

読み取り専用サーバパラメータlc_collateとlc_ctypeを削除しました。
(Peter Eisentraut)
     

照合順序とロケールはデータベースによって異なる可能性があるため、読み取り専用のサーバパラメータは役に立っていませんでした。
     "
https://www.postgresql.jp/docs/16/release-16.html,RELEASE-16,E.5.2. バージョン16への移行 #,,,"

ロール継承で、GRANTの実行時に追加されたメンバロールのデフォルトの継承ステータスが制御されるようにしました。
(Robert Haas)
     

ロールのデフォルトの継承動作は、新しいGRANT ... WITH INHERIT句で上書きできます。
これにより、メンバの継承ステータスはGRANT時に設定されるため、一部のロールだけが継承され、他のロールは継承されません。
以前は、メンバの継承ステータスはロールの継承ステータスによってのみ制御され、ロールの継承ステータスに対する変更は、以前と将来のすべてのメンバロールに影響していました。
     "
https://www.postgresql.jp/docs/16/release-16.html,RELEASE-16,E.5.2. バージョン16への移行 #,,,"

CREATEROLEの権限と他のロールを変更する能力を制限しました。
(Robert Haas)
     

以前は、CREATEROLE権限を持つロールは、スーパーユーザ以外のロールの多くの側面を変更することができました。
メンバの追加を含むこれらの変更には、変更を要求するロールにADMIN OPTION権限が要求されるようになりました。
たとえば、CREATEDB、REPLICATION、BYPASSRLSプロパティを変更できるのは、これらの権限を持つ場合に限られます。
     "
https://www.postgresql.jp/docs/16/release-16.html,RELEASE-16,E.5.2. バージョン16への移行 #,,,"

postmasterバイナリへのシンボリックリンクを削除しました。
(Peter Eisentraut)
     "
https://www.postgresql.jp/docs/16/release-16.html,RELEASE-16,E.5.3. 変更点 #,E.5.3.1. サーバ #,E.5.3.1.1. オプティマイザ #,"

インクリメンタルソートがDISTINCTを含むより多くの場合で使用可能にしました。
(David Rowley)
       "
https://www.postgresql.jp/docs/16/release-16.html,RELEASE-16,E.5.3. 変更点 #,E.5.3.1. サーバ #,E.5.3.1.1. オプティマイザ #,"

ORDER BYまたはDISTINCTを持つ集約で、ソート済みのデータを使用できるようにしました。
(David Rowley)
       

新しいサーバパラメータenable_presorted_aggregateを使用することで、この機能を無効にできます。
       "
https://www.postgresql.jp/docs/16/release-16.html,RELEASE-16,E.5.3. 変更点 #,E.5.3.1. サーバ #,E.5.3.1.1. オプティマイザ #,"

UNION ALLの最上位ノードでMemoizeを利用可能にしました。
(Richard Guo)
       "
https://www.postgresql.jp/docs/16/release-16.html,RELEASE-16,E.5.3. 変更点 #,E.5.3.1. サーバ #,E.5.3.1.1. オプティマイザ #,"

非NULL入力を内部リレーションとするアンチ結合を実行可能にしました。
(Richard Guo)
       "
https://www.postgresql.jp/docs/16/release-16.html,RELEASE-16,E.5.3. 変更点 #,E.5.3.1. サーバ #,E.5.3.1.1. オプティマイザ #,"

FULLハッシュ結合と内部の右OUTERハッシュ結合で並列処理が実行できるようにしました。
(Melanie Plageman"","" Thomas Munro)
       "
https://www.postgresql.jp/docs/16/release-16.html,RELEASE-16,E.5.3. 変更点 #,E.5.3.1. サーバ #,E.5.3.1.1. オプティマイザ #,"

GINインデックスアクセスのオプティマイザコスト精度を改善しました。
(Ronan Dunklau)
       "
https://www.postgresql.jp/docs/16/release-16.html,RELEASE-16,E.5.3. 変更点 #,E.5.3.1. サーバ #,E.5.3.1.2. 性能一般 #,"

ヒープページとインデックスページをより効率的に追加できるようにしました。
(Andres Freund)
       "
https://www.postgresql.jp/docs/16/release-16.html,RELEASE-16,E.5.3. 変更点 #,E.5.3.1. サーバ #,E.5.3.1.2. 性能一般 #,"

非凍結処理中でも、必要に応じてページの凍結を実行するようにしました。
(Peter Geoghegan)
       

これにより、テーブル全体の凍結バキュームの必要性が低くなります。
       "
https://www.postgresql.jp/docs/16/release-16.html,RELEASE-16,E.5.3. 変更点 #,E.5.3.1. サーバ #,E.5.3.1.2. 性能一般 #,"

RANGEモードがアクティブであるが不要な場合に、ウィンドウ関数が内部的に高速なROWSモードを使用できるようにしました。
(David Rowley)
       "
https://www.postgresql.jp/docs/16/release-16.html,RELEASE-16,E.5.3. 変更点 #,E.5.3.1. サーバ #,E.5.3.1.2. 性能一般 #,"

常に増加するウィンドウ関数ntile()、cume_dist()、percent_rank()の最適化を可能にしました。
(David Rowley)
       "
https://www.postgresql.jp/docs/16/release-16.html,RELEASE-16,E.5.3. 変更点 #,E.5.3.1. サーバ #,E.5.3.1.2. 性能一般 #,"

集約関数string_agg()とarray_agg()で並列処理をできるようにしました。
(David Rowley)
       "
https://www.postgresql.jp/docs/16/release-16.html,RELEASE-16,E.5.3. 変更点 #,E.5.3.1. サーバ #,E.5.3.1.2. 性能一般 #,"

RANGEおよびLISTパーティション検索をキャッシュすることでパフォーマンスを改善しました。
(Amit Langote"","" Hou Zhijie"","" David Rowley)
       "
https://www.postgresql.jp/docs/16/release-16.html,RELEASE-16,E.5.3. 変更点 #,E.5.3.1. サーバ #,E.5.3.1.2. 性能一般 #,"

VACUUMとANALYZEによる共有バッファ使用量の制御が可能になりました。
(Melanie Plageman)
       

VACUUM/ANALYZEオプションはBUFFER_USAGE_LIMITで、vacuumdbオプションは--buffer-usage-limitです。
デフォルト値はサーバパラメータvacuum_buffer_usage_limitで設定され、自動バキュームもこれで制御されます。
       "
https://www.postgresql.jp/docs/16/release-16.html,RELEASE-16,E.5.3. 変更点 #,E.5.3.1. サーバ #,E.5.3.1.2. 性能一般 #,"

Windowsでwal_sync_method=fdatasyncがサポートされました。
(Thomas Munro)
       "
https://www.postgresql.jp/docs/16/release-16.html,RELEASE-16,E.5.3. 変更点 #,E.5.3.1. サーバ #,E.5.3.1.2. 性能一般 #,"

BRINインデックスの列のみが更新される場合でもHOT更新できるようにしました。
(Matthias van de Meent"","" Josef Simanek"","" Tomas Vondra)
       "
https://www.postgresql.jp/docs/16/release-16.html,RELEASE-16,E.5.3. 変更点 #,E.5.3.1. サーバ #,E.5.3.1.2. 性能一般 #,"

プロセスタイトルの更新速度を改善しました。
(David Rowley)
       "
https://www.postgresql.jp/docs/16/release-16.html,RELEASE-16,E.5.3. 変更点 #,E.5.3.1. サーバ #,E.5.3.1.2. 性能一般 #,"

xid/subxid検索とASCII文字列検出でベクトル演算が使用できるようになりました。
(Nathan Bossart"","" John Naylor)
       

ASCII文字列検出は、COPY FROMで特に役立ちます。
ベクトル演算は、いくつかのC配列検索にも使用されます。
       "
https://www.postgresql.jp/docs/16/release-16.html,RELEASE-16,E.5.3. 変更点 #,E.5.3.1. サーバ #,E.5.3.1.2. 性能一般 #,"

メモリ割り当てのオーバーヘッドを削減しました。
(Andres Freund"","" David Rowley)
       "
https://www.postgresql.jp/docs/16/release-16.html,RELEASE-16,E.5.3. 変更点 #,E.5.3.1. サーバ #,E.5.3.1.3. 監視 #,"

I/O統計を追跡するためのpg_stat_ioシステムビューを追加しました。
(Melanie Plageman)
       "
https://www.postgresql.jp/docs/16/release-16.html,RELEASE-16,E.5.3. 変更点 #,E.5.3.1. サーバ #,E.5.3.1.3. 監視 #,"

テーブルに対する最後のシーケンシャルスキャンとインデックススキャンに関する統計情報を記録するようにしました。
(Dave Page)
       

この情報はpg_stat_*_tablesとpg_stat_*_indexesに表示されます。
       "
https://www.postgresql.jp/docs/16/release-16.html,RELEASE-16,E.5.3. 変更点 #,E.5.3.1. サーバ #,E.5.3.1.3. 監視 #,"

新しいページへの移動が発生した更新された行の統計情報を記録するようにしました。
(Corey Huinker)
       

pg_stat_*_tables列はn_tup_newpage_updです。
       "
https://www.postgresql.jp/docs/16/release-16.html,RELEASE-16,E.5.3. 変更点 #,E.5.3.1. サーバ #,E.5.3.1.3. 監視 #,"

投機的ロックの情報をpg_locksシステムビューに追加しました。
(Masahiko Sawada"","" Noriyoshi Shinoda)
       

トランザクションIDはtransactionid列に、投機的挿入トークンはobjid列に表示されます。
       "
https://www.postgresql.jp/docs/16/release-16.html,RELEASE-16,E.5.3. 変更点 #,E.5.3.1. サーバ #,E.5.3.1.3. 監視 #,"

pg_prepared_statementsビューにプリペアド文の結果型の表示を追加しました。
(Dagfinn Ilmari Manns?ker)
       "
https://www.postgresql.jp/docs/16/release-16.html,RELEASE-16,E.5.3. 変更点 #,E.5.3.1. サーバ #,E.5.3.1.3. 監視 #,"

stats_resetが正確になるように、サブスクリプション作成時にサブスクリプション統計エントリを作成するようにしました。
(Andres Freund)
       

以前は、最初の統計が報告されたときにのみエントリが作成されていました。
       "
https://www.postgresql.jp/docs/16/release-16.html,RELEASE-16,E.5.3. 変更点 #,E.5.3.1. サーバ #,E.5.3.1.3. 監視 #,"

pg_stat_databaseで表示される一時リレーション書き込みのI/O集計を修正しました。
(Melanie Plageman)
       "
https://www.postgresql.jp/docs/16/release-16.html,RELEASE-16,E.5.3. 変更点 #,E.5.3.1. サーバ #,E.5.3.1.3. 監視 #,"

セッションのサブトランザクションキャッシュを報告するpg_stat_get_backend_subxact()関数を追加しました。
(Dilip Kumar)
       "
https://www.postgresql.jp/docs/16/release-16.html,RELEASE-16,E.5.3. 変更点 #,E.5.3.1. サーバ #,E.5.3.1.3. 監視 #,"

pg_stat_get_backend_idset()、pg_stat_get_backend_activity()、および関連する関数で、変更されないバックエンドIDを使用するようにしました。
(Nathan Bossart)
       

以前は、セッションの存続期間中にインデックス値が変更される可能性がありました。
       "
https://www.postgresql.jp/docs/16/release-16.html,RELEASE-16,E.5.3. 変更点 #,E.5.3.1. サーバ #,E.5.3.1.3. 監視 #,"

特別なバックエンドタイプを持つスタンドアローンのバックエンドが表示されるようになりました。
(Melanie Plageman)
       "
https://www.postgresql.jp/docs/16/release-16.html,RELEASE-16,E.5.3. 変更点 #,E.5.3.1. サーバ #,E.5.3.1.3. 監視 #,"

スピンロック遅延時間を報告するための待機イベントSpinDelayを追加しました。
(Andres Freund)
       "
https://www.postgresql.jp/docs/16/release-16.html,RELEASE-16,E.5.3. 変更点 #,E.5.3.1. サーバ #,E.5.3.1.3. 監視 #,"

動的共有メモリ割り当て待機を示す新しい待機イベントDSMAllocateを作成しました。
(Thomas Munro)
       

以前は、このタイプの待機はmmap()割り当てでも使用されているDSMFillZeroWriteと報告されていました。
       "
https://www.postgresql.jp/docs/16/release-16.html,RELEASE-16,E.5.3. 変更点 #,E.5.3.1. サーバ #,E.5.3.1.3. 監視 #,"

論理WAL送信のプロセスタイトルにデータベース名を追加しました。
(Tatsuhiro Nakamori)
       

物理WAL送信ではデータベース名を表示しません。
       "
https://www.postgresql.jp/docs/16/release-16.html,RELEASE-16,E.5.3. 変更点 #,E.5.3.1. サーバ #,E.5.3.1.3. 監視 #,"

チェックポイントとREDO LSN情報をlog_checkpointsメッセージに追加しました。
(Bharath Rupireddy"","" Kyotaro Horiguchi)
       "
https://www.postgresql.jp/docs/16/release-16.html,RELEASE-16,E.5.3. 変更点 #,E.5.3.1. サーバ #,E.5.3.1.3. 監視 #,"

クライアント証明書のエラー時に、より詳細な情報を提供するようにしました。
(Jacob Champion)
       "
https://www.postgresql.jp/docs/16/release-16.html,RELEASE-16,E.5.3. 変更点 #,E.5.3.1. サーバ #,E.5.3.1.4. 権限 #,"

サブスクリプション作成の権限を持つ定義済みロールpg_create_subscriptionを追加しました。
(Robert Haas)
       "
https://www.postgresql.jp/docs/16/release-16.html,RELEASE-16,E.5.3. 変更点 #,E.5.3.1. サーバ #,E.5.3.1.4. 権限 #,"

パスワードを必要としないサブスクリプションが利用可能になりました。
(Robert Haas)
       

これは、password_required=falseオプションで実現できます。
       "
https://www.postgresql.jp/docs/16/release-16.html,RELEASE-16,E.5.3. 変更点 #,E.5.3.1. サーバ #,E.5.3.1.4. 権限 #,"

LOCK TABLEの権限を単純化しました。
(Jeff Davis)
       

以前は、ユーザがさまざまなロックレベルでLOCK TABLEを実行できる機能は、テーブルに対して実行する権限を持つコマンドに必要なロックレベルに制限されていました。
たとえば、UPDATE権限を持つユーザは、たとえそれが低いロックレベルであっても、ACCESS SHAREを除くすべてのロックレベルを実行できました。
現在ではユーザは、より大きなロックレベルの権限を持っていれば、より小さなロックレベルを発行できるようになりました。
       "
https://www.postgresql.jp/docs/16/release-16.html,RELEASE-16,E.5.3. 変更点 #,E.5.3.1. サーバ #,E.5.3.1.4. 権限 #,"

ADMIN OPTIONを伴ったALTER GROUP group_name ADD USER user_nameを実行できるようにしました。
(Robert Haas)
       

以前はCREATEROLE権限が必要でした。
       "
https://www.postgresql.jp/docs/16/release-16.html,RELEASE-16,E.5.3. 変更点 #,E.5.3.1. サーバ #,E.5.3.1.4. 権限 #,"

GRANTでWITH ADMIN TRUE/FALSE構文を使用できるようにしました。
(Robert Haas)
       

以前は、WITH ADMIN OPTION構文のみがサポートされていました。
       "
https://www.postgresql.jp/docs/16/release-16.html,RELEASE-16,E.5.3. 変更点 #,E.5.3.1. サーバ #,E.5.3.1.4. 権限 #,"

他のロールを作成するロールが、新しいロールの権限、または新しいロールにSET ROLEをする機能を自動的に継承できるようにしました。
(Robert Haas"","" Shi Yu)
       

これはサーバパラメータcreaterole_self_grantで制御します。
       "
https://www.postgresql.jp/docs/16/release-16.html,RELEASE-16,E.5.3. 変更点 #,E.5.3.1. サーバ #,E.5.3.1.4. 権限 #,"

ユーザが継承していないロールのデフォルト権限を変更できないようにしました。
(Robert Haas)
       

これからは、継承されたロールに対してのみ許可されるようになりました。
       "
https://www.postgresql.jp/docs/16/release-16.html,RELEASE-16,E.5.3. 変更点 #,E.5.3.1. サーバ #,E.5.3.1.4. 権限 #,"

ロールのメンバシップを付与するときに、付与元のロールが適切な権限を持つロールであることを要求されるようになりました。
(Robert Haas)
       

これは、ブートストラップ以外のスーパーユーザがロールメンバシップを付与する場合でも必要です。
       "
https://www.postgresql.jp/docs/16/release-16.html,RELEASE-16,E.5.3. 変更点 #,E.5.3.1. サーバ #,E.5.3.1.4. 権限 #,"

スーパーユーザ以外のユーザが、現在のユーザでない付与元のユーザを使用して権限を付与できるようにしました。
(Robert Haas)
       

現在のユーザは、依然として指定された付与元のユーザによって与えられた権限を持っている必要があります。
       "
https://www.postgresql.jp/docs/16/release-16.html,RELEASE-16,E.5.3. 変更点 #,E.5.3.1. サーバ #,E.5.3.1.4. 権限 #,"

GRANTにSET ROLEを使用する権限の制御を追加しました。
(Robert Haas)
       

これは新しいGRANT ... SETオプションで制御されます。
       "
https://www.postgresql.jp/docs/16/release-16.html,RELEASE-16,E.5.3. 変更点 #,E.5.3.1. サーバ #,E.5.3.1.4. 権限 #,"

付与された権限を持つロールの依存関係を追跡するようになりました。
(Robert Haas)
       

たとえば、ADMIN OPTIONを使用している権限がある場合、そのオプションの削除は失敗します。
依存する権限を取り消すにはCASCADEを使用する必要があります。
       "
https://www.postgresql.jp/docs/16/release-16.html,RELEASE-16,E.5.3. 変更点 #,E.5.3.1. サーバ #,E.5.3.1.4. 権限 #,"

GRANTレコードの権限所有者(grantor)の依存関係の追跡を追加しました。
(Robert Haas)
       

これにより、pg_auth_members.grantorの値が常に有効であることが保証されます。
       "
https://www.postgresql.jp/docs/16/release-16.html,RELEASE-16,E.5.3. 変更点 #,E.5.3.1. サーバ #,E.5.3.1.4. 権限 #,"

複数のロールメンバシップを持つレコードが許可されるようになりました。
(Robert Haas)
       

以前は、新しいメンバシップ付与が付与の他の側面と一致していなくても、以前の一致するメンバシップ付与を削除していました。
       "
https://www.postgresql.jp/docs/16/release-16.html,RELEASE-16,E.5.3. 変更点 #,E.5.3.1. サーバ #,E.5.3.1.4. 権限 #,"

ブートストラップユーザからのスーパーユーザ権限の削除を禁止しました。
(Robert Haas)
       

このようなユーザをリストアすると、エラーが発生する可能性があります。
       "
https://www.postgresql.jp/docs/16/release-16.html,RELEASE-16,E.5.3. 変更点 #,E.5.3.1. サーバ #,E.5.3.1.4. 権限 #,"

makeaclitem()が複数の権限名を受け付けられるようにしました。
(Robins Tharakan)
       

以前はSELECTなどのように、1つの権限名しか受け付けませんでした。
       "
https://www.postgresql.jp/docs/16/release-16.html,RELEASE-16,E.5.3. 変更点 #,E.5.3.1. サーバ #,E.5.3.1.5. サーバ設定 #,"

Kerberosの認証情報の委任をサポートしました。
(Stephen Frost)
       

これは、サーバパラメータgss_accept_delegationとlibpq接続パラメータgssdelegationで有効にできます。
       "
https://www.postgresql.jp/docs/16/release-16.html,RELEASE-16,E.5.3. 変更点 #,E.5.3.1. サーバ #,E.5.3.1.5. サーバ設定 #,"

サーバパラメータscram_iterationsでSCRAMの繰り返し回数を設定できるようにしました。
(Daniel Gustafsson)
       "
https://www.postgresql.jp/docs/16/release-16.html,RELEASE-16,E.5.3. 変更点 #,E.5.3.1. サーバ #,E.5.3.1.5. サーバ設定 #,"

サーバパラメータ管理のパフォーマンスを改善しました。
(Tom Lane)
       "
https://www.postgresql.jp/docs/16/release-16.html,RELEASE-16,E.5.3. 変更点 #,E.5.3.1. サーバ #,E.5.3.1.5. サーバ設定 #,"

サーバパラメータのリセットに関する制限を強化しました。
(Masahiko Sawada)
       

以前は、transaction_isolationのような特定の変数はRESET ALLの影響を受けませんでしたが、不適切な状況では個別にリセットする可能性がありました。
       "
https://www.postgresql.jp/docs/16/release-16.html,RELEASE-16,E.5.3. 変更点 #,E.5.3.1. サーバ #,E.5.3.1.5. サーバ設定 #,"

さまざまなpostgresql.conf項目を新しいカテゴリに移動しました。
(Shinya Kato)
       

これはpg_settingsビューに表示されるカテゴリにも影響します。
       "
https://www.postgresql.jp/docs/16/release-16.html,RELEASE-16,E.5.3. 変更点 #,E.5.3.1. サーバ #,E.5.3.1.5. サーバ設定 #,"

設定ファイルが10レベルを超えて再帰アクセスすることを防止しました。
(Julien Rouhaud)
       "
https://www.postgresql.jp/docs/16/release-16.html,RELEASE-16,E.5.3. 変更点 #,E.5.3.1. サーバ #,E.5.3.1.5. サーバ設定 #,"

autovacuumが遅延設定の変更をより頻繁に確認するようにしました。
(Melanie Plageman)
       

各リレーションの開始時にのみ変更を確認するのではなく、各ブロックの開始時にも確認するようになりました。
       "
https://www.postgresql.jp/docs/16/release-16.html,RELEASE-16,E.5.3. 変更点 #,E.5.3.1. サーバ #,E.5.3.1.5. サーバ設定 #,"

アーカイブファイルの名前を永続的に変更する制限を削除しました。
(Nathan Bossart)
       

archive_commandコマンドは、クラッシュ後にすでにアーカイブ済みのファイルを呼び出す可能性が高くなりました。
       "
https://www.postgresql.jp/docs/16/release-16.html,RELEASE-16,E.5.3. 変更点 #,E.5.3.1. サーバ #,E.5.3.1.5. サーバ設定 #,"

archive_libraryとarchive_commandを同時に設定できないようにしました。
(Nathan Bossart)
       

以前は、archive_libraryがarchive_commandよりも優先されていました。
       "
https://www.postgresql.jp/docs/16/release-16.html,RELEASE-16,E.5.3. 変更点 #,E.5.3.1. サーバ #,E.5.3.1.5. サーバ設定 #,"

postmasterがABORTシグナルで子プロセスを終了できるようにしました。
(Tom Lane)
       

これにより、停止した子プロセスのコアダンプを収集できるようになりました。
これはsend_abort_for_crashとsend_abort_for_killで制御されます。
現在、postmasterの-Tスイッチはsend_abort_for_crashを設定することと同じです。
       "
https://www.postgresql.jp/docs/16/release-16.html,RELEASE-16,E.5.3. 変更点 #,E.5.3.1. サーバ #,E.5.3.1.5. サーバ設定 #,"

機能しないpostmaster-nオプションを削除しました。
(Tom Lane)
       "
https://www.postgresql.jp/docs/16/release-16.html,RELEASE-16,E.5.3. 変更点 #,E.5.3.1. サーバ #,E.5.3.1.5. サーバ設定 #,"

pg_use_reserved_connectionsメンバシップであるロールに対して、バックエンドスロットを予約できるようにサーバを設定しました。
(Nathan Bossart)
       

予約スロット数は、サーバパラメータreserved_connectionsで設定します。
       "
https://www.postgresql.jp/docs/16/release-16.html,RELEASE-16,E.5.3. 変更点 #,E.5.3.1. サーバ #,E.5.3.1.5. サーバ設定 #,"

Windows 10以降のバージョンでhuge pagesを使用できるようにしました。
(Thomas Munro)
       

これにより、Windows 10以降のバージョンでヒープページを有効にするために必要となる特別な処理が追加されます。
       "
https://www.postgresql.jp/docs/16/release-16.html,RELEASE-16,E.5.3. 変更点 #,E.5.3.1. サーバ #,E.5.3.1.5. サーバ設定 #,"

開発者用のdebug_io_direct設定を追加しました。
(Thomas Munro"","" Andres Freund"","" Bharath Rupireddy)
       

主に開発者向けですが、wal_sync_method=open_sync/open_datasyncは、wal_level=minimalでのダイレクトI/Oを使用しないように修正されました。
これは、debug_io_direct=walで有効にできます。
       "
https://www.postgresql.jp/docs/16/release-16.html,RELEASE-16,E.5.3. 変更点 #,E.5.3.1. サーバ #,E.5.3.1.5. サーバ設定 #,"

WALファイル名のセグメント値とタイムライン値を報告するpg_split_walfile_name()関数を追加しました。
(Bharath Rupireddy)
       "
https://www.postgresql.jp/docs/16/release-16.html,RELEASE-16,E.5.3. 変更点 #,E.5.3.1. サーバ #,E.5.3.1.6. pg_hba.conf #,"

pg_hba.conf内のデータベースエントリとロールエントリで正規表現マッチングをサポートしました。
(Bertrand Drouvot)
       

正規表現パターンはスラッシュで始まります。
スラッシュで始まるデータベース名とロール名は、pg_hba.confで参照される場合、二重引用符で囲む必要があります。
       "
https://www.postgresql.jp/docs/16/release-16.html,RELEASE-16,E.5.3. 変更点 #,E.5.3.1. サーバ #,E.5.3.1.6. pg_hba.conf #,"

pg_ident.confのユーザ列処理をpg_hba.confと一致するよう改善しました。
(Jelte Fennema)
       

具体的にはall、+でのロールメンバシップ、先頭にスラッシュを付けた正規表現のサポートを追加しました。
これらのパターンに一致するユーザ名は二重引用符で囲む必要があります。
       "
https://www.postgresql.jp/docs/16/release-16.html,RELEASE-16,E.5.3. 変更点 #,E.5.3.1. サーバ #,E.5.3.1.6. pg_hba.conf #,"

pg_hba.confとpg_ident.confでファイルのインクルードができるようになりました。
(Julien Rouhaud)
       

これらはinclude、include_if_exists、include_dirで制御されます。
システムビューpg_hba_file_rulesとpg_ident_file_mappingsにファイル名が表示されるようになりました。
       "
https://www.postgresql.jp/docs/16/release-16.html,RELEASE-16,E.5.3. 変更点 #,E.5.3.1. サーバ #,E.5.3.1.6. pg_hba.conf #,"

pg_hba.confでのトークンの長さ制限を無くしました。
(Tom Lane)
       "
https://www.postgresql.jp/docs/16/release-16.html,RELEASE-16,E.5.3. 変更点 #,E.5.3.1. サーバ #,E.5.3.1.6. pg_hba.conf #,"

システムビューpg_hba_file_rulesにルール番号とマップ番号を追加しました。
(Julien Rouhaud)
       "
https://www.postgresql.jp/docs/16/release-16.html,RELEASE-16,E.5.3. 変更点 #,E.5.3.1. サーバ #,E.5.3.1.7. ローカライゼーション #,"

ICUを使用する場合はロケールからデフォルトのエンコーディングを決定するようにしました。
(Jeff Davis)
       

以前のデフォルトは常にUTF-8でした。
       "
https://www.postgresql.jp/docs/16/release-16.html,RELEASE-16,E.5.3. 変更点 #,E.5.3.1. サーバ #,E.5.3.1.7. ローカライゼーション #,"

CREATE DATABASEとCREATE COLLATIONのLOCALEオプション、およびinitdbとcreatedbの--localeオプションは、libc以外の照合順序プロバイダを制御するようにしました。
(Jeff Davis)
       

以前は、libcプロバイダのみを制御していました。
       "
https://www.postgresql.jp/docs/16/release-16.html,RELEASE-16,E.5.3. 変更点 #,E.5.3.1. サーバ #,E.5.3.1.7. ローカライゼーション #,"

定義済み照合順序としてunicodeとucs_basicを追加しました。
(Peter Eisentraut)
       

これはICUサポートが有効になっている場合にのみ機能します。
       "
https://www.postgresql.jp/docs/16/release-16.html,RELEASE-16,E.5.3. 変更点 #,E.5.3.1. サーバ #,E.5.3.1.7. ローカライゼーション #,"

カスタムICU照合ルールの作成できるようにしました。
(Peter Eisentraut)
       

これは、CREATE COLLATIONの新しいRULES句と、CREATE DATABASE、createdb、initdbの新しいオプションを使用して行われます。
       "
https://www.postgresql.jp/docs/16/release-16.html,RELEASE-16,E.5.3. 変更点 #,E.5.3.1. サーバ #,E.5.3.1.7. ローカライゼーション #,"

Windowsでシステムロケールを自動的にインポートできるようにしました。
(Juan Jos? Santamar?a Flecha)
       

以前はWindows上ではICUロケールのみインポートできました。
       "
https://www.postgresql.jp/docs/16/release-16.html,RELEASE-16,E.5.3. 変更点 #,E.5.3.2. 論理レプリケーション #,,"

スタンバイでのロジカルデコーディングができるようになりました。
(Bertrand Drouvot"","" Andres Freund"","" Amit Khandekar)
      

スナップショットWALレコードはロジカルスロットの作成に必要ですが、スタンバイでは作成できません。
遅延を回避するために、新しい関数pg_log_standby_snapshot()でこのようなレコードの作成ができるようになりました。
      "
https://www.postgresql.jp/docs/16/release-16.html,RELEASE-16,E.5.3. 変更点 #,E.5.3.2. 論理レプリケーション #,,"

ロジカルデコーディングのパブリッシャーが変更を転送する方法と、サブスクライバーが変更を適用する方法を制御するためのサーバパラメータを追加しました。
(Shi Yu)
      

そのパラメータはdebug_logical_replication_streamingです。
      "
https://www.postgresql.jp/docs/16/release-16.html,RELEASE-16,E.5.3. 変更点 #,E.5.3.2. 論理レプリケーション #,,"

論理レプリケーションの初期テーブル同期で行をバイナリ形式でコピーできるようにしました。
(Melih Mutlu)
      

これは、バイナリとしてマークされたサブスクリプションに対してのみ可能です。
      "
https://www.postgresql.jp/docs/16/release-16.html,RELEASE-16,E.5.3. 変更点 #,E.5.3.2. 論理レプリケーション #,,"

論理レプリケーションのパラレル適用が可能になりました。
(Hou Zhijie"","" Wang Wei"","" Amit Kapila)
      

CREATE SUBSCRIPTIONのSTREAMINGオプションで、パラレルワーカーによる大規模なトランザクションの適用を可能にする新たなparallelをサポートするようになりました。
パラレルワーカー数は新しいサーバパラメータmax_parallel_apply_workers_per_subscriptionで制御されます。
また、待機イベントLogicalParallelApplyMain、LogicalParallelApplyStateChange、およびLogicalApplySendDataも追加されました。
パラレルアクティビティを追跡するために、システムビューpg_stat_subscriptionにleader_pid列が追加されました。
      "
https://www.postgresql.jp/docs/16/release-16.html,RELEASE-16,E.5.3. 変更点 #,E.5.3.2. 論理レプリケーション #,,"

主キーを使用しない論理レプリケーション適用のパフォーマンスを改善しました。
(Onder Kalaci"","" Amit Kapila)
      

具体的には、REPLICA IDENTITY FULLは一致を見つけるためにテーブルをシーケンシャルスキャンするのではなく、Btreeインデックスを使用できるようになりました。
      "
https://www.postgresql.jp/docs/16/release-16.html,RELEASE-16,E.5.3. 変更点 #,E.5.3.2. 論理レプリケーション #,,"

論理レプリケーションのサブスクライバーが、オリジンを持たない変更のみを処理できるようにしました。
(Vignesh C"","" Amit Kapila)
      

これを使用することで、レプリケーションループを回避できます。
これは、新しいCREATE SUBSCRIPTION ... ORIGINオプションで制御されます。
      "
https://www.postgresql.jp/docs/16/release-16.html,RELEASE-16,E.5.3. 変更点 #,E.5.3.2. 論理レプリケーション #,,"

論理レプリケーションのSELECTとDMLアクションをテーブルの所有者として実行するようにしました。
(Robert Haas)
      

これによりセキュリティが向上し、サブスクリプションの所有者はスーパーユーザであるか、またはレプリケーションセット内のテーブルを所有するすべてのロールに対するSET ROLE権限を持っている必要があります。
以前の動作である、すべての操作をサブスクリプション所有者として実行するには、サブスクリプションのrun_as_ownerオプションを使用することで可能です。
      "
https://www.postgresql.jp/docs/16/release-16.html,RELEASE-16,E.5.3. 変更点 #,E.5.3.2. 論理レプリケーション #,,"

wal_retrieve_retry_intervalがサブスクリプション単位で動作するようになりました。
(Nathan Bossart)
      

以前は、リトライ時間はグローバルに適用されていました。
これにより、待機イベントLogicalRepLauncherDSAおよびLogicalRepLauncherHashも追加されます。
      "
https://www.postgresql.jp/docs/16/release-16.html,RELEASE-16,E.5.3. 変更点 #,E.5.3.3. ユーティリティコマンド #,,"

パラメータ化された問い合わせの汎用プランを表示するEXPLAINのGENERIC_PLANを追加しました。
(Laurenz Albe)
      "
https://www.postgresql.jp/docs/16/release-16.html,RELEASE-16,E.5.3. 変更点 #,E.5.3.3. ユーティリティコマンド #,,"

COPY FROMで列のDEFAULTに値をマップできるようにしました。
(Israel Barth Rubio)
      "
https://www.postgresql.jp/docs/16/release-16.html,RELEASE-16,E.5.3. 変更点 #,E.5.3.3. ユーティリティコマンド #,,"

外部テーブルへのCOPYで行をバッチ追加できるようにしました。
(Andrey Lepikhov"","" Etsuro Fujita)
      

これはpostgres_fdwのbatch_sizeオプションで制御します。
      "
https://www.postgresql.jp/docs/16/release-16.html,RELEASE-16,E.5.3. 変更点 #,E.5.3.3. ユーティリティコマンド #,,"

CREATE TABLEでSTORAGEタイプを指定できるようにしました。
(Teodor Sigaev"","" Aleksander Alekseev)
      

以前は、ALTER TABLEのみがこれを制御できました。
      "
https://www.postgresql.jp/docs/16/release-16.html,RELEASE-16,E.5.3. 変更点 #,E.5.3.3. ユーティリティコマンド #,,"

外部テーブルでのTRUNCATEトリガができるようにしました。
(Yugo Nagata)
      "
https://www.postgresql.jp/docs/16/release-16.html,RELEASE-16,E.5.3. 変更点 #,E.5.3.3. ユーティリティコマンド #,,"

VACUUMとvacuumdbがTOASTテーブルのみを処理できるようにしました。
(Nathan Bossart)
      

これは、VACUUMでPROCESS_MAINをオフにするか、vacuumdbで--no-process-mainオプションを使用して実現できます。
      "
https://www.postgresql.jp/docs/16/release-16.html,RELEASE-16,E.5.3. 変更点 #,E.5.3.3. ユーティリティコマンド #,,"

VACUUMに凍結された統計情報をスキップまたはすべて更新するオプションを追加しました。
(Tom Lane"","" Nathan Bossart)
      

オプションはSKIP_DATABASE_STATSとONLY_DATABASE_STATSです。
      "
https://www.postgresql.jp/docs/16/release-16.html,RELEASE-16,E.5.3. 変更点 #,E.5.3.3. ユーティリティコマンド #,,"

REINDEX DATABASEとREINDEX SYSTEMで引数が不要になりました。
(Simon Riggs)
      

以前は、データベース名を指定する必要がありました。
      "
https://www.postgresql.jp/docs/16/release-16.html,RELEASE-16,E.5.3. 変更点 #,E.5.3.3. ユーティリティコマンド #,,"

何も指定されていない場合はCREATE STATISTICSで統計名を生成できるようにしました。
(Simon Riggs)
      "
https://www.postgresql.jp/docs/16/release-16.html,RELEASE-16,E.5.3. 変更点 #,E.5.3.4. データ型 #,,"

10進数以外の整数リテラルが利用可能になりました。
(Peter Eisentraut)
      

例えば、0x42F、0o273、0b100101などです。
      "
https://www.postgresql.jp/docs/16/release-16.html,RELEASE-16,E.5.3. 変更点 #,E.5.3.4. データ型 #,,"

NUMERICが任意のサイズの16進数、8進数、2進数の整数を処理できるようにしました。
(Dean Rasheed)
      

以前は、これらの非10進数では、引用符で囲まれていない8バイトの整数のみがサポートされていました。
      "
https://www.postgresql.jp/docs/16/release-16.html,RELEASE-16,E.5.3. 変更点 #,E.5.3.4. データ型 #,,"

整数と数値の定数でアンダースコアを使用できるようにしました。
(Peter Eisentraut"","" Dean Rasheed)
      

これにより、長い数字列の読みやすさが向上します。
      "
https://www.postgresql.jp/docs/16/release-16.html,RELEASE-16,E.5.3. 変更点 #,E.5.3.4. データ型 #,,"

日時入力で+infinityの表現を受け付けるようにしました。
(Vik Fearing)
      "
https://www.postgresql.jp/docs/16/release-16.html,RELEASE-16,E.5.3. 変更点 #,E.5.3.4. データ型 #,,"

日時文字列で他のフィールドと一緒にepochとinfinityを指定することを禁止しました。
(Joseph Koshakow)
      "
https://www.postgresql.jp/docs/16/release-16.html,RELEASE-16,E.5.3. 変更点 #,E.5.3.4. データ型 #,,"

文書化されていないYyearMmonthDday形式の日付入力サポートを削除しました。
(Joseph Koshakow)
      "
https://www.postgresql.jp/docs/16/release-16.html,RELEASE-16,E.5.3. 変更点 #,E.5.3.4. データ型 #,,"

型変換エラーをチェックする関数pg_input_is_valid()とpg_input_error_info()を追加しました。
(Tom Lane)
      "
https://www.postgresql.jp/docs/16/release-16.html,RELEASE-16,E.5.3. 変更点 #,E.5.3.5. 問い合わせ一般 #,,"

FROM句の副問い合わせで別名を省略できるようにしました。
(Dean Rasheed)
      "
https://www.postgresql.jp/docs/16/release-16.html,RELEASE-16,E.5.3. 変更点 #,E.5.3.5. 問い合わせ一般 #,,"

SQL/JSONパスで拡張された数値リテラルに対応しました。
(Peter Eisentraut)
      

たとえば、16進数、8進数、および2進数の整数で、桁間のアンダースコアが利用可能になりました。
      "
https://www.postgresql.jp/docs/16/release-16.html,RELEASE-16,E.5.3. 変更点 #,E.5.3.6. 関数 #,,"

SQL/JSONのコンストラクタを追加しました。
(Nikita Glukhov"","" Teodor Sigaev"","" Oleg Bartunov"","" Alexander Korotkov"","" Amit Langote)
      

新しい関数JSON_ARRAY()、JSON_ARRAYAGG()、JSON_OBJECT()、およびJSON_OBJECTAGG()は、SQL標準の一部です。
      "
https://www.postgresql.jp/docs/16/release-16.html,RELEASE-16,E.5.3. 変更点 #,E.5.3.6. 関数 #,,"

SQL/JSONオブジェクト検査を追加しました。
(Nikita Glukhov"","" Teodor Sigaev"","" Oleg Bartunov"","" Alexander Korotkov"","" Amit Langote"","" Andrew Dunstan)
      

IS JSON検査は、値、配列、オブジェクト、スカラ、一意キーの検査を含みます。
      "
https://www.postgresql.jp/docs/16/release-16.html,RELEASE-16,E.5.3. 変更点 #,E.5.3.6. 関数 #,,"

JSON文字列解析でベクトル演算を使用できるようにしました。
(John Naylor)
      "
https://www.postgresql.jp/docs/16/release-16.html,RELEASE-16,E.5.3. 変更点 #,E.5.3.6. 関数 #,,"

全文検索結果を強調する(ts_headline())関数でのORおよびNOT式に対する処理を改善しました。
(Tom Lane)
      "
https://www.postgresql.jp/docs/16/release-16.html,RELEASE-16,E.5.3. 変更点 #,E.5.3.6. 関数 #,,"

指定したタイムゾーンのtimestamptz値を加算、減算、生成する関数を追加しました。
(Przemyslaw Sztoch"","" Gurjeet Singh)
      

関数はdate_add()、date_subtract()、generate_series()です。
      "
https://www.postgresql.jp/docs/16/release-16.html,RELEASE-16,E.5.3. 変更点 #,E.5.3.6. 関数 #,,"

date_trunc(unit"","" timestamptz"","" time_zone)を不変(immutable)関数に変更しました。
(Przemyslaw Sztoch)
      

これにより、この関数を使用して式インデックスを作成できます。
      "
https://www.postgresql.jp/docs/16/release-16.html,RELEASE-16,E.5.3. 変更点 #,E.5.3.6. 関数 #,,"

サーバパラメータSYSTEM_USERを追加しました。
(Bertrand Drouvot)
      

認証方式と認証したユーザを報告します。
      "
https://www.postgresql.jp/docs/16/release-16.html,RELEASE-16,E.5.3. 変更点 #,E.5.3.6. 関数 #,,"

関数array_sample()とarray_shuffle()を追加しました。
(Martin Kalcher)
      "
https://www.postgresql.jp/docs/16/release-16.html,RELEASE-16,E.5.3. 変更点 #,E.5.3.6. 関数 #,,"

集合から任意の値を返す集約関数ANY_VALUE()を追加しました。
(Vik Fearing)
      "
https://www.postgresql.jp/docs/16/release-16.html,RELEASE-16,E.5.3. 変更点 #,E.5.3.6. 関数 #,,"

正規分布の乱数を提供するrandom_normal()関数を追加しました。
(Paul Ramsey)
      "
https://www.postgresql.jp/docs/16/release-16.html,RELEASE-16,E.5.3. 変更点 #,E.5.3.6. 関数 #,,"

誤差関数erf()と相補誤差関数erfc()を追加しました。
(Dean Rasheed)
      "
https://www.postgresql.jp/docs/16/release-16.html,RELEASE-16,E.5.3. 変更点 #,E.5.3.6. 関数 #,,"

整数の指数に対するpower()の数値の精度を改善しました。
(Dean Rasheed)
      "
https://www.postgresql.jp/docs/16/release-16.html,RELEASE-16,E.5.3. 変更点 #,E.5.3.6. 関数 #,,"

出力を読みやすく表示するためのXMLSERIALIZE()関数のINDENTオプションを追加しました。
(Jim Jones)
      "
https://www.postgresql.jp/docs/16/release-16.html,RELEASE-16,E.5.3. 変更点 #,E.5.3.6. 関数 #,,"

デフォルトの照合順序に対して妥当な値を返すようにpg_collation_actual_version()関数を変更しました。
(Jeff Davis)
      

以前はNULLを返していました。
      "
https://www.postgresql.jp/docs/16/release-16.html,RELEASE-16,E.5.3. 変更点 #,E.5.3.6. 関数 #,,"

pg_read_file()とpg_read_binary_file()があるべき場所に無いファイルを無視できるようにしました。
(Kyotaro Horiguchi)
      "
https://www.postgresql.jp/docs/16/release-16.html,RELEASE-16,E.5.3. 変更点 #,E.5.3.6. 関数 #,,"

pg_size_bytes()にバイト指定の(B)を追加しました。
(Peter Eisentraut)
      "
https://www.postgresql.jp/docs/16/release-16.html,RELEASE-16,E.5.3. 変更点 #,E.5.3.6. 関数 #,,"

to_reg*関数群がOIDの数値を入力として受け付けるようにしました。
(Tom Lane)
      "
https://www.postgresql.jp/docs/16/release-16.html,RELEASE-16,E.5.3. 変更点 #,E.5.3.7. PL/pgSQL #,,"

PL/pgSQLで現在の関数のOIDを取得する機能を追加しました。
(Pavel Stehule)
      

これはGET DIAGNOSTICS variable = PG_ROUTINE_OIDで実現します。
      "
https://www.postgresql.jp/docs/16/release-16.html,RELEASE-16,E.5.3. 変更点 #,E.5.3.8. libpq #,,"

受け入れ可能な認証方式のリストを指定するためのlibpq接続オプションrequire_authを追加しました。
(Jacob Champion)
      

これは、特定の認証方式を禁止するためにも使用できます。
      "
https://www.postgresql.jp/docs/16/release-16.html,RELEASE-16,E.5.3. 変更点 #,E.5.3.8. libpq #,,"

libpqで指定した複数のホストからランダムに選択できるようにしました。
(Jelte Fennema)
      

これはload_balance_hosts=randomで有効になり、ロードバランシングに使用できます。
      "
https://www.postgresql.jp/docs/16/release-16.html,RELEASE-16,E.5.3. 変更点 #,E.5.3.8. libpq #,,"

クライアント証明書の送信を制御するlibpqのsslcertmodeオプションを追加しました。
(Jacob Champion)
      

オプションの値は、disable、allow、requireです。
      "
https://www.postgresql.jp/docs/16/release-16.html,RELEASE-16,E.5.3. 変更点 #,E.5.3.8. libpq #,,"

libpqが証明書の検証にシステム証明書プールを使用できるようにしました。
(Jacob Champion"","" Thomas Habets)
      

これはsslrootcert=systemで有効になります。
これによりsslmode=verify-fullも有効にします。
      "
https://www.postgresql.jp/docs/16/release-16.html,RELEASE-16,E.5.3. 変更点 #,E.5.3.9. クライアントアプリケーション #,,"

ECPGの変数宣言で予約されていないSQLキーワードに一致するtypedef名を使用できるようにしました。
(Tom Lane)
      

この変更により、Cのtypedef名と一致するキーワードは、後のEXEC SQLブロックでキーワードとして処理されなくなります。
      "
https://www.postgresql.jp/docs/16/release-16.html,RELEASE-16,E.5.3. 変更点 #,E.5.3.9. クライアントアプリケーション #,E.5.3.9.1. psql #,"

psqlで展開された形式でのヘッダ行の最大幅を制御できるようにしました。
(Platon Pronko)
       

これはxheader_widthで制御します。
       "
https://www.postgresql.jp/docs/16/release-16.html,RELEASE-16,E.5.3. 変更点 #,E.5.3.9. クライアントアプリケーション #,E.5.3.9.1. psql #,"

psqlにロールメンバシップの詳細を表示する\drgコマンドを追加しました。
(Pavel Luzanov)
       

この新しいコマンドでより詳細な情報を表示するため\duと\dgからMember of出力列が削除されました。
       "
https://www.postgresql.jp/docs/16/release-16.html,RELEASE-16,E.5.3. 変更点 #,E.5.3.9. クライアントアプリケーション #,E.5.3.9.1. psql #,"

psqlのアクセス権限コマンドでシステムオブジェクトを表示できるようにしました。
(Nathan Bossart)
       

オプションは\dpSと\zSです。
       "
https://www.postgresql.jp/docs/16/release-16.html,RELEASE-16,E.5.3. 変更点 #,E.5.3.9. クライアントアプリケーション #,E.5.3.9.1. psql #,"

psqlの\d+に外部テーブルの子テーブルとパーティションのFOREIGN表示を追加しました。
(Ian Lawrence Barwick)
       "
https://www.postgresql.jp/docs/16/release-16.html,RELEASE-16,E.5.3. 変更点 #,E.5.3.9. クライアントアプリケーション #,E.5.3.9.1. psql #,"

\df+で関数のソースコードを表示しないようにしました。
(Isaac Morland)
       

関数本体は\sfで見やすくなりました。
       "
https://www.postgresql.jp/docs/16/release-16.html,RELEASE-16,E.5.3. 変更点 #,E.5.3.9. クライアントアプリケーション #,E.5.3.9.1. psql #,"

psqlが拡張問い合わせプロトコルを使用して問い合わせを送信できるようにしました。
(Peter Eisentraut)
       

このような問い合わせへの引数の渡しは、新しいpsqlの\bindコマンドを使って行います。
       "
https://www.postgresql.jp/docs/16/release-16.html,RELEASE-16,E.5.3. 変更点 #,E.5.3.9. クライアントアプリケーション #,E.5.3.9.1. psql #,"

psqlの\watchを実行回数を制限できるようにしました。
(Andrey Borodin)
       

\watchオプションは、指定されたときに名前を付けることができるようになりました。
       "
https://www.postgresql.jp/docs/16/release-16.html,RELEASE-16,E.5.3. 変更点 #,E.5.3.9. クライアントアプリケーション #,E.5.3.9.1. psql #,"

psqlの\watchで無効な値を検出し、遅延なしを指定できるよう0を許可しました。
(Andrey Borodin)
       "
https://www.postgresql.jp/docs/16/release-16.html,RELEASE-16,E.5.3. 変更点 #,E.5.3.9. クライアントアプリケーション #,E.5.3.9.1. psql #,"

psqlスクリプトでシェルコマンドや問い合わせの終了ステータスを取得できるようにしました。
(Corey Huinker"","" Tom Lane)
       

新しいpsql制御変数は、SHELL_ERRORとSHELL_EXIT_CODEです。
       "
https://www.postgresql.jp/docs/16/release-16.html,RELEASE-16,E.5.3. 変更点 #,E.5.3.9. クライアントアプリケーション #,E.5.3.9.1. psql #,"

様々なpsqlのタブ補完機能を改善しました。
(Vignesh C"","" Aleksander Alekseev"","" Dagfinn Ilmari Manns?ker"","" Shi Yu"","" Michael Paquier"","" Ken Kato"","" Peter Smith)
       "
https://www.postgresql.jp/docs/16/release-16.html,RELEASE-16,E.5.3. 変更点 #,E.5.3.9. クライアントアプリケーション #,E.5.3.9.2. pg_dump #,"

pg_dumpで子テーブルとパーティションのダンプを制御できるようにしました。
(Gilles Darold)
       

新しいオプションは--table-and-children、--exclude-table-and-children、--exclude-table-data-and-childrenです。
       "
https://www.postgresql.jp/docs/16/release-16.html,RELEASE-16,E.5.3. 変更点 #,E.5.3.9. クライアントアプリケーション #,E.5.3.9.2. pg_dump #,"

pg_dumpにLZ4圧縮とZstandard圧縮を追加しました。
(Georgios Kokolatos"","" Justin Pryzby)
       "
https://www.postgresql.jp/docs/16/release-16.html,RELEASE-16,E.5.3. 変更点 #,E.5.3.9. クライアントアプリケーション #,E.5.3.9.2. pg_dump #,"

pg_dumpとpg_basebackupで圧縮にlongモードを使用できるようにしました。
 (Justin Pryzby)
       "
https://www.postgresql.jp/docs/16/release-16.html,RELEASE-16,E.5.3. 変更点 #,E.5.3.9. クライアントアプリケーション #,E.5.3.9.2. pg_dump #,"

pg_dumpを改良して、より一貫性のある圧縮構文を受け付けるようにしました。
(Georgios Kokolatos)
       

--compress=gzip:5のようなオプションです。
       "
https://www.postgresql.jp/docs/16/release-16.html,RELEASE-16,E.5.3. 変更点 #,E.5.3.10. サーバアプリケーション #,,"

initdbおよび将来のすべてのサーバ起動時にサーバパラメータを設定するためのinitdbオプションを追加しました。
(Tom Lane)
      

オプションは-c name=valueです。
      "
https://www.postgresql.jp/docs/16/release-16.html,RELEASE-16,E.5.3. 変更点 #,E.5.3.10. サーバアプリケーション #,,"

createuserに、より多くのユーザオプションを制御するオプションを追加しました。
(Shinya Kato)
      

具体的には、新しいオプションは、有効期限、行レベルのセキュリティのバイパス、およびロールメンバシップを制御します。
      "
https://www.postgresql.jp/docs/16/release-16.html,RELEASE-16,E.5.3. 変更点 #,E.5.3.10. サーバアプリケーション #,,"

createuserの--roleオプションを非推奨としました。
(Nathan Bossart)
      

このオプションは、新しいcreateuserロールのメンバシップオプションと混同されやすいため、同じ機能を持つ--member-ofオプションが追加されました。
--roleオプションは引き続き使用できます。
      "
https://www.postgresql.jp/docs/16/release-16.html,RELEASE-16,E.5.3. 変更点 #,E.5.3.10. サーバアプリケーション #,,"

vacuumdbでスキーマ処理の制御ができるようにしました。
(Gilles Darold)
      

これらは、--schemaおよび--exclude-schemaオプションで制御されます。
      "
https://www.postgresql.jp/docs/16/release-16.html,RELEASE-16,E.5.3. 変更点 #,E.5.3.10. サーバアプリケーション #,,"

vacuumdbのパフォーマンスを改善するために新しいVACUUMオプションを使用するようにしました。
(Tom Lane"","" Nathan Bossart)
      "
https://www.postgresql.jp/docs/16/release-16.html,RELEASE-16,E.5.3. 変更点 #,E.5.3.10. サーバアプリケーション #,,"

pg_upgradeで新しいクラスタのロケールとエンコーディングを設定しました。
(Jeff Davis)
      

これにより、新しいクラスタを同じロケールとエンコーディング設定で作成する必要がなくなります。
      "
https://www.postgresql.jp/docs/16/release-16.html,RELEASE-16,E.5.3. 変更点 #,E.5.3.10. サーバアプリケーション #,,"

pg_upgradeにデフォルトの転送モードを指定するためのオプションを追加しました。
(Peter Eisentraut)
      

そのオプションは--copyです。
      "
https://www.postgresql.jp/docs/16/release-16.html,RELEASE-16,E.5.3. 変更点 #,E.5.3.10. サーバアプリケーション #,,"

pg_basebackupが数値の圧縮オプションを受け付けるように改善しました。
(Georgios Kokolatos"","" Michael Paquier)
      

--compress=server-5のようなオプションがサポートされるようになりました。
      "
https://www.postgresql.jp/docs/16/release-16.html,RELEASE-16,E.5.3. 変更点 #,E.5.3.10. サーバアプリケーション #,,"

pg_basebackupでPGDATAディレクトリに格納されたテーブル空間を処理できるように修正しました。
(Robert Haas)
      "
https://www.postgresql.jp/docs/16/release-16.html,RELEASE-16,E.5.3. 変更点 #,E.5.3.10. サーバアプリケーション #,,"

pg_waldumpにページ全体のイメージをダンプするための--save-fullpageオプションを追加しました。
(David Christensen)
      "
https://www.postgresql.jp/docs/16/release-16.html,RELEASE-16,E.5.3. 変更点 #,E.5.3.10. サーバアプリケーション #,,"

pg_waldumpの-t/--timelineオプションで16進数値を受け付けるようにしました。
(Peter Eisentraut)
      "
https://www.postgresql.jp/docs/16/release-16.html,RELEASE-16,E.5.3. 変更点 #,E.5.3.10. サーバアプリケーション #,,"

pg_verifybackupに進捗レポート機能を追加しました。
(Masahiko Sawada)
      "
https://www.postgresql.jp/docs/16/release-16.html,RELEASE-16,E.5.3. 変更点 #,E.5.3.10. サーバアプリケーション #,,"

pg_rewindがタイムラインの変更を正しく追跡できるようにしました。
(Heikki Linnakangas)
      

以前は、pg_rewindがタイムラインの切り替え後でチェックポイントが発行される前に実行された場合、pg_rewindは巻き戻しが不要であると誤って判断する可能性がありました。
      "
https://www.postgresql.jp/docs/16/release-16.html,RELEASE-16,E.5.3. 変更点 #,E.5.3.10. サーバアプリケーション #,,"

pg_receivewalとpg_recvlogicalがSIGTERMで正常終了するようになりました。
(Christoph Berg)
      

このシグナルは、systemdによってしばしば使用されます。
      "
https://www.postgresql.jp/docs/16/release-16.html,RELEASE-16,E.5.3. 変更点 #,E.5.3.11. ソースコード #,,"

ICUサポートのビルドがデフォルトになりました。
(Jeff Davis)
      

これにより、ビルドフラグの--with-icuが削除され、--without-icuフラグが追加されます。
      "
https://www.postgresql.jp/docs/16/release-16.html,RELEASE-16,E.5.3. 変更点 #,E.5.3.11. ソースコード #,,"

x86-64アーキテクチャでのSSE2(Streaming SIMD Extensions 2)ベクトル演算のサポートを追加しました。
(John Naylor)
      "
https://www.postgresql.jp/docs/16/release-16.html,RELEASE-16,E.5.3. 変更点 #,E.5.3.11. ソースコード #,,"

ARMアーキテクチャで高度なSIMD(Single Instruction Multiple Data)(NEON)命令のサポートを追加しました。
(Nathan Bossart)
      "
https://www.postgresql.jp/docs/16/release-16.html,RELEASE-16,E.5.3. 変更点 #,E.5.3.11. ソースコード #,,"

MSVCによるWindowsバイナリビルドでRandomizedBaseAddress(ASLR)を使用するようにしました。
(Michael Paquier)
      

これはすでにMinGWビルドで有効になっています。
      "
https://www.postgresql.jp/docs/16/release-16.html,RELEASE-16,E.5.3. 変更点 #,E.5.3.11. ソースコード #,,"

拡張ライブラリのシンボルがデフォルトでエクスポートしないようにしました。
(Andres Freund"","" Tom Lane)
      

コアバックエンドや他の拡張機能から呼び出す必要のある関数は、明示的にPGDLLEXPORTとマークする必要があります。
      "
https://www.postgresql.jp/docs/16/release-16.html,RELEASE-16,E.5.3. 変更点 #,E.5.3.11. ソースコード #,,"

Windows 10以降のバージョンが必要になりました。
(Michael Paquier"","" Juan Jos? Santamar?a Flecha)
      

以前は、Windows VistaとWindows XPがサポートされていました。
      "
https://www.postgresql.jp/docs/16/release-16.html,RELEASE-16,E.5.3. 変更点 #,E.5.3.11. ソースコード #,,"

Perlバージョン5.14以降が必要になりました。
(John Naylor)
      "
https://www.postgresql.jp/docs/16/release-16.html,RELEASE-16,E.5.3. 変更点 #,E.5.3.11. ソースコード #,,"

Bisonバージョン2.3以降が必要になりました。
(John Naylor)
      "
https://www.postgresql.jp/docs/16/release-16.html,RELEASE-16,E.5.3. 変更点 #,E.5.3.11. ソースコード #,,"

Flexバージョン2.5.35以降が必要になりました。
(John Naylor)
      "
https://www.postgresql.jp/docs/16/release-16.html,RELEASE-16,E.5.3. 変更点 #,E.5.3.11. ソースコード #,,"

GSSAPIサポートのためにMITKerberosを必要になりました。
(Stephen Frost)
      "
https://www.postgresql.jp/docs/16/release-16.html,RELEASE-16,E.5.3. 変更点 #,E.5.3.11. ソースコード #,,"

Visual Studio 2013のサポートを削除しました。
(Michael Paquier)
      "
https://www.postgresql.jp/docs/16/release-16.html,RELEASE-16,E.5.3. 変更点 #,E.5.3.11. ソースコード #,,"

HP-UXのサポートを削除しました。
(Thomas Munro)
      "
https://www.postgresql.jp/docs/16/release-16.html,RELEASE-16,E.5.3. 変更点 #,E.5.3.11. ソースコード #,,"

HP/Intel Itaniumのサポートを削除しました。
(Thomas Munro)
      "
https://www.postgresql.jp/docs/16/release-16.html,RELEASE-16,E.5.3. 変更点 #,E.5.3.11. ソースコード #,,"

M68K、M88K、M32R、SuperH CPUアーキテクチャのサポートを削除しました。
(Thomas Munro)
      "
https://www.postgresql.jp/docs/16/release-16.html,RELEASE-16,E.5.3. 変更点 #,E.5.3.11. ソースコード #,,"

SCM証明書認証用のlibpqサポートを削除しました。
(Michael Paquier)
      

この認証方式のバックエンドサポートはPostgreSQL 9.1で削除されました。
      "
https://www.postgresql.jp/docs/16/release-16.html,RELEASE-16,E.5.3. 変更点 #,E.5.3.11. ソースコード #,,"

mesonビルドシステムを追加しました。
(Andres Freund"","" Nazir Bilal Yavuz"","" Peter Eisentraut)
      

これは最終的に、AutoconfとWindowsベースのMSVCビルドシステムを置き換えることになります。
      "
https://www.postgresql.jp/docs/16/release-16.html,RELEASE-16,E.5.3. 変更点 #,E.5.3.11. ソースコード #,,"

ビルドシステムが使用するopensslバイナリの場所を制御できるようにしました。
(Peter Eisentraut)
      

configureまたはmesonオプションでopensslプログラムの検索をできるようにしました。
      "
https://www.postgresql.jp/docs/16/release-16.html,RELEASE-16,E.5.3. 変更点 #,E.5.3.11. ソースコード #,,"

小さなテーブルセグメントサイズのテストを可能にするビルドオプションを追加しました。
(Andres Freund)
      

ビルドオプションは--with-segsize-blocksと-Dsegsize_blocksです。
      "
https://www.postgresql.jp/docs/16/release-16.html,RELEASE-16,E.5.3. 変更点 #,E.5.3.11. ソースコード #,,"

pgindentオプションを追加しました。
(Andrew Dunstan)
      

新しいオプションは--show-diff、--silent-diff、--commit、--helpで、複数の--excludeオプションが可能です。
また、typedefファイルを明示的に指定する必要があります。
オプション--code-baseと--buildは削除されました。
      "
https://www.postgresql.jp/docs/16/release-16.html,RELEASE-16,E.5.3. 変更点 #,E.5.3.11. ソースコード #,,"

pg_bsd_indentソースコードをメインツリーに追加しました。
(Tom Lane)
      "
https://www.postgresql.jp/docs/16/release-16.html,RELEASE-16,E.5.3. 変更点 #,E.5.3.11. ソースコード #,,"

make_ctagsとmake_etagsを改善しました。
 (Yugo Nagata)
      "
https://www.postgresql.jp/docs/16/release-16.html,RELEASE-16,E.5.3. 変更点 #,E.5.3.11. ソースコード #,,"

効率を上げるためにpg_attributeの列を調整しました。
(Peter Eisentraut)
      "
https://www.postgresql.jp/docs/16/release-16.html,RELEASE-16,E.5.3. 変更点 #,E.5.3.12. 追加モジュール #,,"

boolean型の列で拡張ベースのインデックスを使用する機能を改善しました。
(Zongliang Quan"","" Tom Lane)
      "
https://www.postgresql.jp/docs/16/release-16.html,RELEASE-16,E.5.3. 変更点 #,E.5.3.12. 追加モジュール #,,"

fuzzystrmatchでDaitch-Mokotoff Soundexがサポートされました。
(Dag Lem)
      "
https://www.postgresql.jp/docs/16/release-16.html,RELEASE-16,E.5.3. 変更点 #,E.5.3.12. 追加モジュール #,,"

auto_explainがパラメータ化された文に渡された値をログへ記録するようになりました。
(Dagfinn Ilmari Manns?ker)
      

これは、サーバ側のPREPARE/EXECUTEとクライアント側のPARSE/BINDを使用する問い合わせに影響します。
ログの記録はauto_explain.log_parameter_max_lengthで制御されます。
デフォルトでは、問い合わせパラメータは長さ制限なしでログに記録されます。
      "
https://www.postgresql.jp/docs/16/release-16.html,RELEASE-16,E.5.3. 変更点 #,E.5.3.12. 追加モジュール #,,"

auto_explainのlog_verboseモードがcompute_query_idの値を遵守するようになりました。
(Atsushi Torikoshi)
      

以前は、compute_query_idが有効になっていても、log_verboseは問い合わせ識別子を表示していませんでした。
      "
https://www.postgresql.jp/docs/16/release-16.html,RELEASE-16,E.5.3. 変更点 #,E.5.3.12. 追加モジュール #,,"

ltreeラベルの最大長が256から1000に変更され、ハイフンが利用可能になりました。
(Garen Torikian)
      "
https://www.postgresql.jp/docs/16/release-16.html,RELEASE-16,E.5.3. 変更点 #,E.5.3.12. 追加モジュール #,,"

pg_stat_statementsでユーティリティコマンドで使用される定数を正規化します。
(Michael Paquier)
      

以前は、プレースホルダの代わりに定数、例えば$1が表示されていました。
      "
https://www.postgresql.jp/docs/16/release-16.html,RELEASE-16,E.5.3. 変更点 #,E.5.3.12. 追加モジュール #,,"

WALブロック情報を報告するpg_walinspectのpg_get_wal_block_info()関数を追加しました。
(Michael Paquier"","" Melanie Plageman"","" Bharath Rupireddy)
      "
https://www.postgresql.jp/docs/16/release-16.html,RELEASE-16,E.5.3. 変更点 #,E.5.3.12. 追加モジュール #,,"

pg_walinspectのpg_get_wal_records_info()とpg_get_wal_stats()関数が末尾LSNを解釈する方法を変更しました。
(Bharath Rupireddy)
      

以前は存在しないWALの場所を表す末尾のLSNはエラーを生成していましたが、今後はWALの末尾として解釈されます。
      "
https://www.postgresql.jp/docs/16/release-16.html,RELEASE-16,E.5.3. 変更点 #,E.5.3.12. 追加モジュール #,,"

WALレコードの詳細な記述をpg_walinspectとpg_waldumpに追加しました。
(Melanie Plageman"","" Peter Geoghegan)
      "
https://www.postgresql.jp/docs/16/release-16.html,RELEASE-16,E.5.3. 変更点 #,E.5.3.12. 追加モジュール #,,"

pageinspectで複数ページの統計を報告するbt_multi_page_stats()関数を追加しました。
(Hamid Akhtar)
      

これはbt_page_stats()と似ていますが、ページの範囲を指定してレポートできる点が異なります。
      "
https://www.postgresql.jp/docs/16/release-16.html,RELEASE-16,E.5.3. 変更点 #,E.5.3.12. 追加モジュール #,,"

pageinspectのbrin_page_items()関数に空の範囲出力を示す列を追加しました。
(Tomas Vondra)
      "
https://www.postgresql.jp/docs/16/release-16.html,RELEASE-16,E.5.3. 変更点 #,E.5.3.12. 追加モジュール #,,"

アーカイブモジュールをより柔軟に再設計しました。
(Nathan Bossart)
      

初期化の変更により、古いバージョンのPostgres用に書かれたモジュールを更新する必要があります。
      "
https://www.postgresql.jp/docs/16/release-16.html,RELEASE-16,E.5.3. 変更点 #,E.5.3.12. 追加モジュール #,,"

不正確なpg_stat_statementsの拡張問い合わせプロトコル文追跡を修正しました。
(Sami Imseih)
      "
https://www.postgresql.jp/docs/16/release-16.html,RELEASE-16,E.5.3. 変更点 #,E.5.3.12. 追加モジュール #,,"

pg_buffercacheに使用量の合計を報告するpg_buffercache_usage_counts()関数を追加しました。
(Nathan Bossart)
      "
https://www.postgresql.jp/docs/16/release-16.html,RELEASE-16,E.5.3. 変更点 #,E.5.3.12. 追加モジュール #,,"

pg_buffercacheにバッファの概要を報告するpg_buffercache_summary()関数を追加しました。
(Melih Mutlu)
      "
https://www.postgresql.jp/docs/16/release-16.html,RELEASE-16,E.5.3. 変更点 #,E.5.3.12. 追加モジュール #,,"

新しい構文@extschema:referenced_extension_name@を使用して、必要な拡張のスキーマを拡張スクリプトで参照できるようにしました。
(Regina Obe)
      "
https://www.postgresql.jp/docs/16/release-16.html,RELEASE-16,E.5.3. 変更点 #,E.5.3.12. 追加モジュール #,,"

no_relocateを使用して、必要な拡張を再配置不可能としてマークできるようにしました。
(Regina Obe)
      

これにより、@extschema:referenced_extension_name@は、拡張の存続期間中、定数として扱われます。
      "
https://www.postgresql.jp/docs/16/release-16.html,RELEASE-16,E.5.3. 変更点 #,E.5.3.12. 追加モジュール #,E.5.3.12.1. postgres_fdw #,"

postgres_fdwが並列処理を中断できるようにしました。
(Etsuro Fujita)
       

これはpostgres_fdwのオプションparallel_abortで有効にできます。
       "
https://www.postgresql.jp/docs/16/release-16.html,RELEASE-16,E.5.3. 変更点 #,E.5.3.12. 追加モジュール #,E.5.3.12.1. postgres_fdw #,"

外部postgres_fdwテーブルのANALYZEをより効率的にしました。
(Tomas Vondra)
       

postgres_fdwオプションのanalyze_samplingはサンプリング方法を制御します。
       "
https://www.postgresql.jp/docs/16/release-16.html,RELEASE-16,E.5.3. 変更点 #,E.5.3.12. 追加モジュール #,E.5.3.12.1. postgres_fdw #,"

postgres_fdwでのreg*型の定数の送出を、送出可能としてマークされた組み込みオブジェクトまたは拡張を参照するものに制限しました。
(Tom Lane)
       "
https://www.postgresql.jp/docs/16/release-16.html,RELEASE-16,E.5.3. 変更点 #,E.5.3.12. 追加モジュール #,E.5.3.12.1. postgres_fdw #,"

postgres_fdwとdblinkで接続確立中の割り込みを処理するようにしました。
(Andres Freund)
       "
https://www.postgresql.jp/docs/16/release-16-1.html,RELEASE-16-1,E.4.2. 変更点 #,,,"

DISTINCTを付けた""any""型の引数を取る集約関数の不明なデータ型引数の処理を修正しました。
(Tom Lane)
     

このエラーにより、実行時にtext型の値がunknown型の値（つまり、ゼロ終端文字列）として解釈されました。
その結果、text型値の後ろのサーバーメモリが公開される可能性がありました。
     

PostgreSQLプロジェクトは、本問題を報告してくれたJingzhou Fu氏に感謝します。
(CVE-2023-5868)
     "
https://www.postgresql.jp/docs/16/release-16-1.html,RELEASE-16-1,E.4.2. 変更点 #,,,"

新しい配列の次元を計算するときに整数オーバーフローを検出します。
(Tom Lane)
     

現在の配列の境界外にある配列添字に新しい要素を割り当てると、エッジケースで検出されない整数オーバーフローが発生する可能性がありました。
任意のコード実行に悪用される可能性のあるメモリ上書きや、サーバメモリの漏洩も可能でした。
     

PostgreSQLプロジェクトは、本問題を報告してくれたPedro Gallegosに感謝します。
(CVE-2023-5869)
     "
https://www.postgresql.jp/docs/16/release-16-1.html,RELEASE-16-1,E.4.2. 変更点 #,,,"

pg_signal_backendロールがバックグラウンドワーカーと自動バキュームプロセスにシグナルを送信しないようにします。
(Noah Misch"","" Jelte Fennema-Nio)
     

ドキュメントには、pg_signal_backendはスーパーユーザ所有のプロセスにシグナルを発行できないと書かれています。
しかし、これらのバックグラウンドプロセスロールはOIDをゼロと自称していたので、シグナルを送信できました。
これをスーパーユーザ所有のプロセスとして扱うようにしました。
これらのプロセスタイプの1つを取り消すことによるセキュリティへの影響は、コアコードに関する限りかなり小さいですが（別のプロセスを開始するだけです）、拡張ではより脆弱なバックグラウンドワーカーが追加される可能性があります。
     

また、そのようなプロセスではis_superuserパラメータが正しく設定されていることを確認するようにしました。
この見落としによるセキュリティ上の具体的な影響は不明ですが、一部の拡張では重大な影響があるかもしれません。
     

PostgreSQLプロジェクトは、本問題を報告してくれたHemanth SandranaとMahendrakar Srinivasaraoに感謝します。
(CVE-2023-5870)
     "
https://www.postgresql.jp/docs/16/release-16-1.html,RELEASE-16-1,E.4.2. 変更点 #,,,"

GiSTインデックス構築時の再帰的なページ分割時の誤動作を修正しました。
(Heikki Linnakangas)
     

ページのダウンリンク位置が誤って追跡されるケースを修正し、そのような状況から回復するためのロジックを導入しました。
このエラーにより、後続のインデックス検索で間違った結果が得られる可能性があります。
この更新をインストールした後に、すべてのGiSTインデックスを再作成することをお勧めします。
     "
https://www.postgresql.jp/docs/16/release-16-1.html,RELEASE-16-1,E.4.2. 変更点 #,,,"

interval型列のbtreeインデックスエントリの重複を防止しました。
(Noah Misch)
     

例えば24:00:00と1 dayのように、区別はできるが比較すると等しいinterval型の値があります。
これはbtree重複排除による想定を破るため、interval型列は重複排除から除外する必要があります。
この見落としにより、インデックスオンリースキャンで誤った結果が生成される可能性があります。
さらに、更新後のamcheckは、このようなインデックスのほとんどすべてに対してエラーを報告します。
ユーザはinterval型列のbtreeインデックスを再作成する必要があります。
     "
https://www.postgresql.jp/docs/16/release-16-1.html,RELEASE-16-1,E.4.2. 変更点 #,,,"

datetime_minmax_multi_opsのBRINインデックスで、date型の値をより適切に処理するようにしました。
(Tomas Vondra)
     

日付の距離計算が逆方向であったため、どのエントリをマージするかの判断が不適切でした。
インデックスは依然として正しい結果を生成しますが、本来あるべき状態より大幅に非効率でした。
date型列のminmax_multiのBRINインデックスの再作成を推奨します。
     "
https://www.postgresql.jp/docs/16/release-16-1.html,RELEASE-16-1,E.4.2. 変更点 #,,,"

datetime_minmax_multi_opsのBRINインデックスで、大きなtimestamp型とtimestamptz型の値をより適切に処理します。
(Tomas Vondra)
     

無限大は、他の値からの大きな距離ではなく、距離がゼロであると誤って処理されたため、どのエントリをマージするか不適切な判断をしていました。
また、有限であるが非常に大きい値（表現可能なタイムスタンプ範囲の終点付近）は、内部オーバーフローを引き起こす可能性があり、これもまた不適切な判断の原因となりました。
インデックスは依然として正しい結果を生成しますが、本来あるべき状態より大幅に非効率でした。
timestamp型およびtimestamptz型の列に無限大または大きな有限値が含まれているか、含まれていた場合は、minmax_multiのBRINインデックスの再作成を推奨します。
     "
https://www.postgresql.jp/docs/16/release-16-1.html,RELEASE-16-1,E.4.2. 変更点 #,,,"

極端なinterval型の値を持つinterval_minmax_multi_opsのBRINインデックスでの計算オーバーフローを回避します。
(Tomas Vondra)
     

このバグは、このようなインデックスに大きなinterval型の値を挿入しようとすると、予期しない障害を引き起こす可能性がありました。
     "
https://www.postgresql.jp/docs/16/release-16-1.html,RELEASE-16-1,E.4.2. 変更点 #,,,"

複数のパーティションキーを持つハッシュパーティションテーブルに対するパーティションステップ生成と実行時パーティション除去を修正しました。
(David Rowley)
     

パーティションキーの1つにIS NULL条件がある場合、クラッシュすることがありました。
     "
https://www.postgresql.jp/docs/16/release-16-1.html,RELEASE-16-1,E.4.2. 変更点 #,,,"

MERGE中に同時に更新された行の不整合な再チェックを修正しました。
(Dean Rasheed)
     

READ COMMITTEDモードでは、ターゲット行が同時実行トランザクションによって更新されたことが判明した更新は、更新された行に対して問い合わせのWHERE条件を再チェックします。
MERGEは、この再チェック中に他の結合テーブルの適切な行が使用されることを確認できず、その結果、新しく更新された行がMERGEによって再度更新されるべきかどうかについて誤った判断をする可能性がありました。
     "
https://www.postgresql.jp/docs/16/release-16-1.html,RELEASE-16-1,E.4.2. 変更点 #,,,"

親テーブルが制約によって除外されている場合でも、継承されたUPDATE/DELETE/MERGEのターゲットテーブルを正しく識別します。
(Amit Langote"","" Tom Lane)
     

最初に指定されたテーブルが制約によって除外されているが、その継承されたすべての子孫が除外されていない場合、除外されていない最初の子孫が主ターゲットテーブルとして識別されました。
これにより、最初に指定されたテーブルではなく、そのテーブルに関連付けられた文レベルのトリガーを起動することになります。
v16では、同じ見落としによって「invalid perminfoindex 0 in RTE with relid NNNN」というエラーが発生する可能性もありました。
     "
https://www.postgresql.jp/docs/16/release-16-1.html,RELEASE-16-1,E.4.2. 変更点 #,,,"

ScalarArrayOpExpr句のbtreeマーク/リストア処理でのエッジケースを修正しました。
(Peter Geoghegan)
     

インデックススキャンを以前にマークされた位置にリストアする場合、スキャンがScalarArrayOpExpr(つまり、indexcol = ANY(ARRAY)句の一致の最後まで正確に進んだ場合、コードは必要なセットアップ手順を見逃す可能性がありました。
その結果、取得されるべき行が欠落する可能性がありました。
     "
https://www.postgresql.jp/docs/16/release-16-1.html,RELEASE-16-1,E.4.2. 変更点 #,,,"

Memoize実行時の問い合わせ内部のメモリリークを修正しました。
(Orlov Aleksej"","" David Rowley)
     "
https://www.postgresql.jp/docs/16/release-16-1.html,RELEASE-16-1,E.4.2. 変更点 #,,,"

集合を返す関数が繰り返しゼロ行を返す場合の問い合わせ内部のメモリリークを修正しました。
(Tom Lane)
     "
https://www.postgresql.jp/docs/16/release-16-1.html,RELEASE-16-1,E.4.2. 変更点 #,,,"

cursor_to_xmlschema()関数がデータを返さないPortalに適用された場合にクラッシュしないようにしました。
(Boyu Yang)
     "
https://www.postgresql.jp/docs/16/release-16-1.html,RELEASE-16-1,E.4.2. 変更点 #,,,"

連続したpg_logical_slot_get_changes()関数の呼び出し間でのオリジンフィルタ条件の不適切な共有を修正しました。
(Hou Zhijie)
     

この関数の1回の呼び出しで設定されたオリジン条件は、オリジン引数を指定しなかった後続の呼び出しで再利用されていました。
これは意図されたものではありません。
     "
https://www.postgresql.jp/docs/16/release-16-1.html,RELEASE-16-1,E.4.2. 変更点 #,,,"

pgrowlocks()関数がパーティションテーブルに適用された場合に、意図したエラーが発生します。
(David Rowley)
     

以前は、「only heap AM is supported」という的外れなエラーが発生していました。
     "
https://www.postgresql.jp/docs/16/release-16-1.html,RELEASE-16-1,E.4.2. 変更点 #,,,"

様々なSQL関数で無効なインデックスをよりきれいに処理します。
(Noah Misch)
     

pgstatindex()、pgstatginindex()、pgstathashindex()、pgstattuple()が無効なインデックスに適用された場合にエラーを報告します。
brin_desummarize_range()、brin_summarize_new_values()、brin_summarize_range()、またはgin_clean_pending_list()が無効なインデックスに適用された場合、デバッグレベルのメッセージを報告する以外は何も行われません。
以前は、これらの関数はインデックスを処理しようとしていましたが、失敗したCREATE INDEXが残したものによっては、奇妙な方法で失敗する可能性がありました。
     "
https://www.postgresql.jp/docs/16/release-16-1.html,RELEASE-16-1,E.4.2. 変更点 #,,,"

to_tsvector()への長い入力に対する早すぎるメモリ割り当てエラーを回避します。
(Tom Lane)
     "
https://www.postgresql.jp/docs/16/release-16-1.html,RELEASE-16-1,E.4.2. 変更点 #,,,"

tsvectorrecv()関数で構築されたtsvectorの過剰割り当てを修正しました。
(Denis Erokhin)
     

受信ベクトルに位置データが含まれている場合、バイナリ受信関数は、完成したtsvector内に無駄なスペース（位置データのサイズとほぼ等しい）を残していました。
極端な場合、これにより出力時に長さ制限を下回っていたベクトルに対して「maximum total lexeme length exceeded」エラーを引き起こす可能性がありました。
いずれにしても、ディスク上のスペースが無駄になる可能性がありました。
     "
https://www.postgresql.jp/docs/16/release-16-1.html,RELEASE-16-1,E.4.2. 変更点 #,,,"

破損したPGLZ圧縮データの検査を改善しました。
(Flavien Guedez)
     "
https://www.postgresql.jp/docs/16/release-16-1.html,RELEASE-16-1,E.4.2. 変更点 #,,,"

run_as_ownerオプションのコマンドによる変更が実際に適用されるようにALTER SUBSCRIPTIONを修正しました。
(Hou Zhijie)
     "
https://www.postgresql.jp/docs/16/release-16-1.html,RELEASE-16-1,E.4.2. 変更点 #,,,"

パーティションテーブルへの一括テーブル挿入を修正しました。
(Andres Freund)
     

パーティション間での挿入状態の不適切な共有により、COPY FROM中に障害が発生する可能性があり、典型的には「could not read block NNNN in file XXXX: read only 0 of 8192 bytes」というエラーとして表示されます。
     "
https://www.postgresql.jp/docs/16/release-16-1.html,RELEASE-16-1,E.4.2. 変更点 #,,,"

COPY FROMで、コマンドが必要としない列のデフォルト値を評価しないようにします。
(Laurenz Albe)
     

これにより、デフォルト値が実際にはその列に対して有効でない場合や、デフォルトの式が現在の実行コンテキストで失敗する場合に発生する可能性のあるエラーを回避できます。
このようなエッジケースは、例えばダンプのリストア時などに発生することがありました。
以前のリリースではこのような状況で失敗しなかったので、v16でもこのような状況を回避します。
     "
https://www.postgresql.jp/docs/16/release-16-1.html,RELEASE-16-1,E.4.2. 変更点 #,,,"

COPY FROMで、サポートされていないエンコーディング変換が必要な場合にちゃんと失敗するようにしました。
(Tom Lane)
     

最近のリファクタリングで、これに対する意図したエラーチェックが誤って削除されたため、有用なエラーメッセージではなく「cache lookup failed for function 0」というエラーで終了していました。
     "
https://www.postgresql.jp/docs/16/release-16-1.html,RELEASE-16-1,E.4.2. 変更点 #,,,"

EXPLAINによって表示されるようにマークされたパラメータの起動時の値がNULLである場合、EXPLAINでのクラッシュを回避します。
(Xing Guo"","" Aleksander Alekseev"","" Tom Lane)
     

この説明に当てはまる組み込みパラメータはありませんが、拡張機能でそのようなパラメータを定義できます。
     "
https://www.postgresql.jp/docs/16/release-16-1.html,RELEASE-16-1,E.4.2. 変更点 #,,,"

ON COMMIT DROPでの一時テーブル削除中にスナップショットがあることを確認します。
(Tom Lane)
     

これにより、一時テーブルのカタログエントリにTOASTを必要とするような大きな幅のフィールドがある場合（非常に複雑なCHECK条件など）に起こりうる誤動作を防ぐことができます。
     "
https://www.postgresql.jp/docs/16/release-16-1.html,RELEASE-16-1,E.4.2. 変更点 #,,,"

system()でフォークされたばかりの子プロセスのシャットダウン信号に対する不適切な応答を回避します。
(Nathan Bossart)
     

この修正により、system()によってフォークされたが、まだ目的の子プログラムを実行していない子プロセスが、親サーバプロセス用に意図されたシグナルを受け取って処理する可能性がある競合状態が回避されます。
これにより、重複したクリーンアップ処理が実行され、好ましくない結果になっていました。
     "
https://www.postgresql.jp/docs/16/release-16-1.html,RELEASE-16-1,E.4.2. 変更点 #,,,"

フロントエンドプログラムでpg_controlの破損した読み込みに対処します。
(Thomas Munro)
     

一部のファイルシステムでは、サーバが同時にそのファイルに書き込む場合、pg_controlの読み込みがアトミックな動作にならないことがあります。
これは、不正なCRCによって検出できます。
エラーを報告する前に、数回試行してファイルが有効になるかどうかを確認するようにしました。
     "
https://www.postgresql.jp/docs/16/release-16-1.html,RELEASE-16-1,E.4.2. 変更点 #,,,"

関連するSQL関数でpg_controlの破損した読み込みを回避します。
(Thomas Munro)
     

pg_controlを読み込む前に適切なロックを取得して、そのファイルの一貫したビューを確保しました。
     "
https://www.postgresql.jp/docs/16/release-16-1.html,RELEASE-16-1,E.4.2. 変更点 #,,,"

ORDER BYまたはDISTINCTオプションを使用した集約関数の計画時に発生する「could not find pathkey item to sort」というエラーを修正しました。
(David Rowley)
     "
https://www.postgresql.jp/docs/16/release-16-1.html,RELEASE-16-1,E.4.2. 変更点 #,,,"

バックエンドアクティビティの文字列配列のサイズを計算する際の整数オーバーフローを回避します。
(Jakub Wartak)
     

64ビットマシンでは、許可された接続数を乗算したときに32ビットオーバーフローが発生するような大きなtrack_activity_query_sizeの値を許可します。
しかし、バックエンドごとのローカル配列を実際に割り当てるコードは、この点について不注意で、配列を誤って割り当てていました。
     "
https://www.postgresql.jp/docs/16/release-16-1.html,RELEASE-16-1,E.4.2. 変更点 #,,,"

継承テーブルでのANALYZEに対する一貫性のない進捗状況統計が一時的に表示される問題を修正しました。
(Heikki Linnakangas)
     

ブロックレベルカウンタは、現在のリレーションフィールドを更新すると同時にゼロにリセットされる必要がありました。
     "
https://www.postgresql.jp/docs/16/release-16-1.html,RELEASE-16-1,E.4.2. 変更点 #,,,"

統計カウンタにWAL書き込みを報告するようにバックグラウンドライタを修正しました。
(Nazir Bilal Yavuz)
     "
https://www.postgresql.jp/docs/16/release-16-1.html,RELEASE-16-1,E.4.2. 変更点 #,,,"

pgstat_report_wal()の強制フラッシュ動作に関する混乱を修正しました。
(Ryoga Yoshida"","" Michael Paquier)
     

これにより、シャットダウン時にWAL I/Oに関する一部の統計情報が忘れられる可能性がありました。
     "
https://www.postgresql.jp/docs/16/release-16-1.html,RELEASE-16-1,E.4.2. 変更点 #,,,"

一時テーブルの拡張に関する統計追跡を修正しました。
(Karina Litskevich"","" Andres Freund)
     

これらは、一時テーブル書き込みとしてカウントされるべきときに、通常のテーブル書き込みとしてカウントされていました。
     "
https://www.postgresql.jp/docs/16/release-16-1.html,RELEASE-16-1,E.4.2. 変更点 #,,,"

track_io_timingが有効な場合、リレーション拡張操作にかかった時間を書き込み時間として含めます。
(Nazir Bilal Yavuz)
     "
https://www.postgresql.jp/docs/16/release-16-1.html,RELEASE-16-1,E.4.2. 変更点 #,,,"

キャッシュされたCALL文の依存関係を追跡し、必要な場合に再計画します。
(Tom Lane)
     

CALLの引数でインライン化された関数を置き換えるDDLコマンドは、PL/pgSQLによってキャッシュされているCALLを再計画する必要性を生じさせます。
これが行なわれなかったため、誤動作や「cache lookup failed」などの奇妙なエラーが発生していました。
     "
https://www.postgresql.jp/docs/16/release-16-1.html,RELEASE-16-1,E.4.2. 変更点 #,,,"

OpenSSL接続のセットアップでエラーが発生した後のpfree-a-NULL-pointerクラッシュの可能性を回避します。
(Sergey Shinderuk)
     "
https://www.postgresql.jp/docs/16/release-16-1.html,RELEASE-16-1,E.4.2. 変更点 #,,,"

外部問い合わせレベルからRECORD型のVarsを検査する際に正しくネストの深さを追跡します。
(Richard Guo)
     

この見落としにより、アサーションエラー、コアダンプ、または「bogus varno」エラーが発生する可能性がありました。
     "
https://www.postgresql.jp/docs/16/release-16-1.html,RELEASE-16-1,E.4.2. 変更点 #,,,"

ScalarArrayOpExprプランノードのハッシュ関数と否定関数の依存関係を追跡します。
(David Rowley)
     

ほとんどの場合、ノードの元の演算子が存在している間はこれらの関数が消滅する可能性が低いため、この見落としは無害でした。
     "
https://www.postgresql.jp/docs/16/release-16-1.html,RELEASE-16-1,E.4.2. 変更点 #,,,"

RECORD型のキャッシュ管理におけるエラー処理のバグを修正しました。
(Thomas Munro)
     

メモリ不足エラーが不適切な時点で発生すると、無限ループにつながる一貫性のない状態を残す可能性がありました。
     "
https://www.postgresql.jp/docs/16/release-16-1.html,RELEASE-16-1,E.4.2. 変更点 #,,,"

WALの読み込み中のメモリ不足エラーを致命的なエラーとして扱います。
(Michael Paquier)
     

以前は、これは偽のデータ状態として扱われ、WALの終わりに達したという結論に至りましたが、これは誤りであり、一貫性のないWAL再生につながる可能性がありました。
     "
https://www.postgresql.jp/docs/16/release-16-1.html,RELEASE-16-1,E.4.2. 変更点 #,,,"

不正なWALレコード長フィールドに基づいてメモリを割り当てようとしたために起こりうるリカバリ失敗を修正しました。
(Thomas Munro"","" Michael Paquier)
     "
https://www.postgresql.jp/docs/16/release-16-1.html,RELEASE-16-1,E.4.2. 変更点 #,,,"

min_dynamic_shared_memoryが0より大きく設定された場合にWindowsで発生する「could not duplicate handle」エラーを修正しました。
(Thomas Munro)
     "
https://www.postgresql.jp/docs/16/release-16-1.html,RELEASE-16-1,E.4.2. 変更点 #,,,"

GenericXLogFinishの処理順序を修正しました。
(Jeff Davis)
     

このコードは、変更されたバッファをダーティにマークする前にWALを書き込むことで、クラッシュ安全性に必要な条件に違反していました。
この関数はコアコードでは使用されませんが、拡張では使用されます（例えばcontrib/bloomでは使用されます）。
     "
https://www.postgresql.jp/docs/16/release-16-1.html,RELEASE-16-1,E.4.2. 変更点 #,,,"

PL/Python例外処理での誤ったアサーションを削除しました。
(Alexander Lakhin)
     "
https://www.postgresql.jp/docs/16/release-16-1.html,RELEASE-16-1,E.4.2. 変更点 #,,,"

サブスクリプションの新しいrun_as_ownerオプションをダンプするようにpg_dumpを修正しました。
(Philip Warner)
     

この見落としのため、サブスクリプションは常にrun_as_ownerがfalseに設定された状態でリストアされていました。
これはv16より前のリリースでの動作と同等ではありません。
     "
https://www.postgresql.jp/docs/16/release-16-1.html,RELEASE-16-1,E.4.2. 変更点 #,,,"

選択的リストアが選択されたテーブルのテーブルレベルと列レベルの両方のACLを含むようにpg_restoreを修正しました。
(Euler Taveira"","" Tom Lane)
     

以前は、両方のタイプが存在する場合、テーブルレベルのACLのみがリストアされていました。
     "
https://www.postgresql.jp/docs/16/release-16-1.html,RELEASE-16-1,E.4.2. 変更点 #,,,"

pg_upgradeに、abstime、reltime、tintervalのデータ型の使用を検査するロジックを追加します。
(?lvaro Herrera)
     

これらの旧式のデータ型はPostgreSQLバージョン12で削除されたため、アップグレード可能であると主張する前に、古いデータベースに存在しないことを確認します。
     "
https://www.postgresql.jp/docs/16/release-16-1.html,RELEASE-16-1,E.4.2. 変更点 #,,,"

Windows上のpgbenchでの誤った「too many client connections」エラーを回避しました。
(Noah Misch)
     "
https://www.postgresql.jp/docs/16/release-16-1.html,RELEASE-16-1,E.4.2. 変更点 #,,,"

vacuumdbの複数の-Nスイッチの処理を修正しました。
(Nathan Bossart"","" Kuwamura Masaki)
     

複数の-Nスイッチは複数のスキーマ内のテーブルを除外するはずですが、生成された問い合わせの構築に誤りがあったため、実際には何も除外されませんでした。
     "
https://www.postgresql.jp/docs/16/release-16-1.html,RELEASE-16-1,E.4.2. 変更点 #,,,"

vacuumdbがANALYZEのみのモードで--buffer-usage-limitオプションを適切に処理するよう修正しました。
(Ryoga Yoshida"","" David Rowley)
     "
https://www.postgresql.jp/docs/16/release-16-1.html,RELEASE-16-1,E.4.2. 変更点 #,,,"

contrib/amcheckでは、中断されたページ削除を破損として報告しないようにしました。
(Noah Misch)
     

この修正により、「the first child of leftmost target page is not leftmost of its level」、「block NNNN is not leftmost」、「left link/right link pair in index XXXX is not in agreement」という誤検出の報告が出なくなりました。
これらの報告は、未完了のbtreeインデックスページの削除後、VACUUMがクリーンアップする前にamcheckが実行された場合に表示されました。
     "
https://www.postgresql.jp/docs/16/release-16-1.html,RELEASE-16-1,E.4.2. 変更点 #,,,"

contrib/btree_ginで、<または<=演算子を使用してinterval列にインデックスに対するインデックススキャンが実行された場合の失敗を修正しました。
(Dean Rasheed)
     

このようなインデックススキャンは、返されるべきすべてのエントリを返すことができませんでした。
     "
https://www.postgresql.jp/docs/16/release-16-1.html,RELEASE-16-1,E.4.2. 変更点 #,,,"

LLVM 16と17のサポートを追加しました。
(Thomas Munro"","" Dmitry Dolgov)
     "
https://www.postgresql.jp/docs/16/release-16-1.html,RELEASE-16-1,E.4.2. 変更点 #,,,"

最近のmacOSでの様々なビルド時の警告を抑制します。
(Tom Lane)
     

Xcode 15（macOS Sonomaとともにリリース）では、リンカの動作が変更され、PostgreSQLのビルド時に多数の重複ライブラリ警告が発生するようになりました。
これらは無害でしたが、煩わしいので、同じライブラリを2回引用することは避けるようにしました。
また、-multiply_defined suppressリンカスイッチの使用を削除しました。
これは長い間何も実行されていなかったようで、現在は積極的に警告が出ています。
     "
https://www.postgresql.jp/docs/16/release-16-1.html,RELEASE-16-1,E.4.2. 変更点 #,,,"

contrib/unaccentのルールファイルをビルドする際、--with-pythonが指定されておらず、make変数PYTHONが設定されていなければ、pythonを使うようにフォールバックします。
(Japin Li)
     "
https://www.postgresql.jp/docs/16/release-16-1.html,RELEASE-16-1,E.4.2. 変更点 #,,,"

デフォルトのタイムゾーンの略語リストからPHOT（フェニックス諸島時間）を削除しました。
(Tom Lane)
     

デフォルトのリストにこの略語があると、最近のDebianやUbuntuのリリースでは、基礎となるtzdbエントリがデフォルトでインストールされなくなっているため、エラーが発生する可能性があります。
これは、人口が約24人のゾーン用の略語なので、それを見逃す人はまずいないでしょう。
もし見逃した場合でも、カスタム略語ファイルを使用して元に戻すことができます。
     "
https://www.postgresql.jp/docs/16/release-16-2.html,RELEASE-16-2,E.3.2. 変更点 #,,,"

REFRESH MATERIALIZED VIEW CONCURRENTLY内のセキュリティ制限を強化しました。
(Heikki Linnakangas)
     

同時リフレッシュコマンドの1つのステップが弱いセキュリティ制限の下で実行されていました。
マテリアライズドビューの所有者がスーパーユーザまたは他の高い権限を持つユーザに、そのビューに対して同時リフレッシュを実行するよう説得できる場合、そのビューの所有者がREFRESHを実行しているユーザの権限で実行されるコードを制御できました。
ユーザが決定したすべてのコードが、期待どおりにビューの所有者として実行されるよう修正しました。
     

このエラーに対する唯一の既知のセキュリティ上の弱点はPostgreSQL16.0以降では動作しないため、v16は実際には脆弱ではない可能性があります。
     

PostgreSQLプロジェクトは、本問題を報告してくれたPedro Gallegosに感謝します。
(CVE-2024-0985)
     "
https://www.postgresql.jp/docs/16/release-16-2.html,RELEASE-16-2,E.3.2. 変更点 #,,,"

JITインライン化を実行する時のメモリリークを修正しました。
(Andres Freund"","" Daniel Gustafsson)
     

多数のJITコンパイルの後に、バックエンドプロセスがメモリ不足の状態に陥るという複数の報告がありました。
この修正により、この問題が解決されます。
     "
https://www.postgresql.jp/docs/16/release-16-2.html,RELEASE-16-2,E.3.2. 変更点 #,,,"

不正なパーティション結合のプランが生成されないようにしました。
 (Richard Guo)
     

LATERAL参照を含む一部の特殊な状況では、誤ったプランが作成される可能性がありました。
影響を受ける問い合わせは、間違った答えを出したり、「variable not found in subplan target list」などの奇妙なエラーを出したり、エグゼキュータのクラッシュしたりする可能性がありました。
     "
https://www.postgresql.jp/docs/16/release-16-2.html,RELEASE-16-2,E.3.2. 変更点 #,,,"

PlaceHolderVars内の副問い合わせ出力式の不正なラッピングを修正しました。
(Tom Lane)
     

これにより、副問い合わせが外部結合の下にあり、出力列が外部結合の範囲外にあるものをLATERAL参照している場合の不正な結果が修正されます。
出力列は、外部結合の動作により、NULLとして表示されるはずなのにNULLとして表示されないことがありました。
     "
https://www.postgresql.jp/docs/16/release-16-2.html,RELEASE-16-2,E.3.2. 変更点 #,,,"

ウィンドウ関数の実行条件の誤った処理を修正しました。
(Richard Guo)
     

この見落としにより、「WindowFunc not found in subplan target lists」エラーが発生する可能性がありました。
     "
https://www.postgresql.jp/docs/16/release-16-2.html,RELEASE-16-2,E.3.2. 変更点 #,,,"

Memoizeプランの内側の一意性検出を修正しました。
(Richard Guo)
     

この間違いにより「cache entry already complete」というエラーが発生する可能性がありました。
     "
https://www.postgresql.jp/docs/16/release-16-2.html,RELEASE-16-2,E.3.2. 変更点 #,,,"

定数畳み込みフィールド選択時のnullingrelsの計算を修正しました。
(Richard Guo)
     

これを行わないと、「wrong varnullingrels (b) (expected (b 3)) for Var 2/2」のようなエラーが発生しました。
     "
https://www.postgresql.jp/docs/16/release-16-2.html,RELEASE-16-2,E.3.2. 変更点 #,,,"

MERGEによるパーティション間の更新が発生する場合に、不適切なアクションをおこなわないようにしました。
(Dean Rasheed)
     

パーティションテーブルでMERGE UPDATEアクションを実行するとき、パーティションキー列の変更によりUPDATEがDELETEとINSERTに変わった場合、AFTER UPDATE ROWトリガの起動や、RLSチェックなどの他のUPDATE後アクションの起動をスキップします。
これらのアクションは通常失敗するため、通常のUPDATEではこのような場合にこれらを行いません。
MERGEもそうすべきではありません。
     "
https://www.postgresql.jp/docs/16/release-16-2.html,RELEASE-16-2,E.3.2. 変更点 #,,,"

パーティションにまたがるMERGEの更新でBEFORE ROW DELETEトリガを処理するようにしました。
(Dean Rasheed)
     

このようなトリガがNULLを返すことで更新を阻止しようとした場合、MERGEはエラーかアサーションエラーを引き起こしてました。
     "
https://www.postgresql.jp/docs/16/release-16-2.html,RELEASE-16-2,E.3.2. 変更点 #,,,"

BEFORE ROW UPDATEトリガで、固定されていないバッファへのアクセスを防止しました。
(Alexander Lakhin"","" Tom Lane)
     

更新中のタプルが別のセッションによって更新されてから別のページに移動された場合、バッファ上の固定されていない新しいタプルバージョンからデータをフェッチしようとする狭い期間がありました。
これにより、原理的には提案された新しいタプルの更新されていない列にガベージデータが表示される可能性がありました。
しかし、実際に問題が発生する可能性はかなり低いと見られます。
     "
https://www.postgresql.jp/docs/16/release-16-2.html,RELEASE-16-2,E.3.2. 変更点 #,,,"

パラレルハッシュ結合で、サイズが大きすぎる共有メモリ領域を要求しないようにしました。
(Thomas Munro"","" Andrei Lepikhov"","" Alexander Korotkov)
     

制限値が大きすぎるため、予想されるハッシュテーブルのサイズが十分に大きい場合に「invalid DSA memory alloc request size」エラーが発生する可能性がありました。
     "
https://www.postgresql.jp/docs/16/release-16-2.html,RELEASE-16-2,E.3.2. 変更点 #,,,"

一時テーブルを拡張しようとしてエラーが発生する場合のローカルバッファ状態の破損を修正しました。
(Tender Wang)
     "
https://www.postgresql.jp/docs/16/release-16-2.html,RELEASE-16-2,E.3.2. 変更点 #,,,"

複数の引数を持つDISTINCTが指定された集約を評価する際の間違ったタプルスロットの使用を修正しました。
(David Rowley)
     

この間違いは、「attribute 1 of type record has wrong type」といったエラーにつながる可能性がありました。
     "
https://www.postgresql.jp/docs/16/release-16-2.html,RELEASE-16-2,E.3.2. 変更点 #,,,"

外部キー強制トリガによって更新されるタプルが追加の可視性クロスチェックに失敗した場合、heap_update()とheap_delete()でのアサーションエラーを回避します。
(Alexander Lakhin)
     

このエラーは、非アサートビルドには影響しませんでした。
     "
https://www.postgresql.jp/docs/16/release-16-2.html,RELEASE-16-2,E.3.2. 変更点 #,,,"

BRINブルーム演算子クラスのfalse_positive_rateパラメータに関する過度に厳密なアサーションを修正しました。
(Alexander Lakhin)
     

このエラーは、非アサートビルドにも影響しませんでした。
     "
https://www.postgresql.jp/docs/16/release-16-2.html,RELEASE-16-2,E.3.2. 変更点 #,,,"

複雑な継承ツリーでのALTER TABLE ADD COLUMNの際に起こりうるエラーを修正しました。
(Tender Wang)
     

もし、孫テーブルが複数の中間の親テーブルを介して新しい列を継承する場合、コマンドは「tuple already updated by self」というエラーで失敗していました。
     "
https://www.postgresql.jp/docs/16/release-16-2.html,RELEASE-16-2,E.3.2. 変更点 #,,,"

ALTER TEXT SEARCH CONFIGURATION ... MAPPINGコマンドでトークン名が重複する問題を修正しました。
(Tender Wang"","" Michael Paquier)
     "
https://www.postgresql.jp/docs/16/release-16-2.html,RELEASE-16-2,E.3.2. 変更点 #,,,"

DROP ROLEで重複したロール名を指定した場合について修正しました。
(Michael Paquier)
     

以前は、これにより「tuple already updated by self」エラーが発生していました。
代わりに、重複を無視するようにしました。
     "
https://www.postgresql.jp/docs/16/release-16-2.html,RELEASE-16-2,E.3.2. 変更点 #,,,"

DROP STATISTICSの実行中に、関連するテーブルを適切にロックするようにしました。
(Tomas Vondra)
     

ロックの取得に失敗すると、ANALYZEと同時にDROPが実行された場合に「tuple concurrently deleted」エラーが発生する可能性がありました。
     "
https://www.postgresql.jp/docs/16/release-16-2.html,RELEASE-16-2,E.3.2. 変更点 #,,,"

GENERATED式とDEFAULT式での関数の揮発性検査を修正しました。
(Tom Lane)
     

これらの場所では、デフォルト引数式への揮発性関数の挿入を検出できなかったり、多様関数が実際には対象のデータ型では不変であるにもかかわらず揮発性であると判断したりする可能性がありました。
これにより、GENERATED句を不適切に拒否または受け入れたり、ALTER TABLE ADD COLUMNの定数デフォルト値の最適化が誤って適用されたりする可能性がありました。
     "
https://www.postgresql.jp/docs/16/release-16-2.html,RELEASE-16-2,E.3.2. 変更点 #,,,"

フィールドをTOASTから展開する時に新しいカタログキャッシュエントリが古くなったことを検出します。
(Tom Lane)
     

カタログキャッシュに挿入する前に、カタログタプル内の任意の行外フィールドを展開します。
これは、カタログキャッシュエントリが無効になる可能性があるデータベースアクセスを伴いますが、新しいエントリはまだキャッシュにないので、無効化すべき必要があることに気づかないでしょう。
その結果、既に古いキャッシュエントリが作成され、永続化されるかもしれない競合状態が発生します。
これは、予測が困難な誤動作を引き起こすことになります。
TOAST展開後にタプルの可視性を再確認することで修正します。
     "
https://www.postgresql.jp/docs/16/release-16-2.html,RELEASE-16-2,E.3.2. 変更点 #,,,"

一部のプラットフォームでのエッジケースの整数オーバーフロー検出不具合を修正しました。
(Dean Rasheed)
     

0 - INT64_MINの計算はオーバーフローエラーとなるべきで、ほとんどのプラットフォームではそのようになっていました。
しかし、組み込みの整数オーバーフローも128ビット整数もないプラットフォームでは、オーバーフローを検出できず、代わりにINT64_MINを返していました。
     "
https://www.postgresql.jp/docs/16/release-16-2.html,RELEASE-16-2,E.3.2. 変更点 #,,,"

timestamp型にinterval型を加算または減算するときに、ユリウス日付のオーバーフローを検出します。
(Tom Lane)
     

範囲外エラーが発生するはずのいくつかのケースで、代わりに誤った結果が生成されていました。
     "
https://www.postgresql.jp/docs/16/release-16-2.html,RELEASE-16-2,E.3.2. 変更点 #,,,"

interval_mul()とinterval_div()でオーバーフローの検査をさらに追加しました。
(Dean Rasheed)
     

範囲外エラーが発生するはずのいくつかのケースで、誤った結果が生成されていました。
     "
https://www.postgresql.jp/docs/16/release-16-2.html,RELEASE-16-2,E.3.2. 変更点 #,,,"

scram_SaltedPassword()関数を割り込み可能にしました。
(Bowen Shi)
     

大きなscram_iterationsの値では、この関数の実行に長い時間がかかる可能性がありました。
問い合わせのキャンセル要求によって中断できるようにしました。
     "
https://www.postgresql.jp/docs/16/release-16-2.html,RELEASE-16-2,E.3.2. 変更点 #,,,"

stats_fetch_consistencyの変更後にキャッシュされた統計情報を破棄するようにしました。
(Shinya Kato)
     

一部のコードパスで、古い統計情報が返される可能性がありました。
     "
https://www.postgresql.jp/docs/16/release-16-2.html,RELEASE-16-2,E.3.2. 変更点 #,,,"

pg_file_settingsビューで、backendまたはsuperuser-backendコンテキストの設定に対して、未適用の値の有効性を検査するようにしました。
(Tom Lane)
     

無効な値は意図したようにビューに記録されませんでした。
これらのグループには設定がほとんどないため、この問題は検出されませんでした。
     "
https://www.postgresql.jp/docs/16/release-16-2.html,RELEASE-16-2,E.3.2. 変更点 #,,,"

既存のインデックスを新しいパーティションインデックスと一致させる場合に、照合順序も一致させます。
(Peter Eisentraut)
     

以前は、パーティションキーの対応する要素と異なる照合順序を持つインデックスを受け入れることができ、誤動作につながる可能性がありました。
     "
https://www.postgresql.jp/docs/16/release-16-2.html,RELEASE-16-2,E.3.2. 変更点 #,,,"

パーティションインデックスに対するREINDEX INDEXで、子インデックスが同時に削除された場合のエラーを回避します。
(Fei Changhong)
     "
https://www.postgresql.jp/docs/16/release-16-2.html,RELEASE-16-2,E.3.2. 変更点 #,,,"

GINインデックスの内部ページの不完全な分割をクリーンアップする際の不十分なロックを修正しました。
(Fei Changhong"","" Heikki Linnakangas)
     

このコードは、バッファの排他ロックではなく共有ロックを使用してこれを行おうとしました。
このため、2 つのプロセスが同時にクリーンアップを試みた場合に、インデックスが壊れる可能性がありました。
     "
https://www.postgresql.jp/docs/16/release-16-2.html,RELEASE-16-2,E.3.2. 変更点 #,,,"

GINインデックスの挿入におけるバッファピンの早期解放を回避しました。
(Tom Lane)
     

インデックスのルートページの分割が、自身の挿入と同時に起こった場合、コードは「buffer NNNN is not owned by resource owner」で失敗する可能性がありました。
     "
https://www.postgresql.jp/docs/16/release-16-2.html,RELEASE-16-2,E.3.2. 変更点 #,,,"

パーティションテーブルに対するSP-GiSTインデックスのエラーを回避しました。
(Tom Lane)
     

この種のインデックスを使用しようとすると、「No such file or directory」エラーが発生する可能性がありました。
     "
https://www.postgresql.jp/docs/16/release-16-2.html,RELEASE-16-2,E.3.2. 変更点 #,,,"

ラージオブジェクトの所有者検査を修正しました。
(Tom Lane)
     

所有者権限を必要とするラージオブジェクト操作は、スーパーユーザによって実行されない限り、「unrecognized class ID: 2613」で失敗していました。
     "
https://www.postgresql.jp/docs/16/release-16-2.html,RELEASE-16-2,E.3.2. 変更点 #,,,"

ラージオブジェクトの所有者変更の報告を修正しました。
(Tom Lane)
     

何も実行されないALTER LARGE OBJECT OWNERコマンド（すなわち、既存の所有者を選択するコマンド）は、間違ったクラスIDをPostAlterHookに渡したため、そのフックを使用する拡張機能を混乱する可能性がありました。
     "
https://www.postgresql.jp/docs/16/release-16-2.html,RELEASE-16-2,E.3.2. 変更点 #,,,"

EXPLAIN (BUFFERS)でのI/Oタイミングデータの報告を修正しました。
(Michael Paquier)
     

「shared/local」とラベル付けされた数値は実際には共有バッファのみを参照するため、ラベルを「shared」に変更しました。
     "
https://www.postgresql.jp/docs/16/release-16-2.html,RELEASE-16-2,E.3.2. 変更点 #,,,"

CREATE DATABASEの耐久性を保証します。
(Noah Misch)
     

CREATE DATABASEの実行中またはその直後にオペレーティングシステムのクラッシュが発生した場合、リカバリが失敗したり、新しいデータベースへの後続の接続が失敗したりする可能性がありました。
その時間帯にベースバックアップが取られた場合、バックアップを使用しようとすると同様の問題が発生する可能性がありました。
症状は、データベースディレクトリ、PG_VERSIONファイル、またはpg_filenode.mapファイルが存在しないか、空であることでした。
     "
https://www.postgresql.jp/docs/16/release-16-2.html,RELEASE-16-2,E.3.2. 変更点 #,,,"

バックアップからのリカバリ開始時と終了時に、LOGメッセージをより多く出すようにしました。
(Andres Freund)
     

この変更により、リカバリの問題の診断に役立つ追加情報がpostmasterログに提供されます。
     "
https://www.postgresql.jp/docs/16/release-16-2.html,RELEASE-16-2,E.3.2. 変更点 #,,,"

スタンバイサーバがサブトランザクション中にデッドインデックスタプルを誤って処理しないようにしました。
(Fei Changhong)
     

サブトランザクションのstartedInRecoveryフラグが正しく設定されていませんでした。
これは、デッドインデックスタプルの処理にのみ影響します。
これにより、サブトランザクション内の問い合わせが、返すべきインデックスエントリを無視したり（プライマリサーバでは既にデッドになっているが、スタンバイトランザクションではまだデッドになっていない場合）、プライマリでまだデッドになっていないインデックスエントリを早まってデッドとマークしたりする可能性がありました。
後者の場合に重大な結果が生じるかどうかは明らかではないが、意図された動作ではありません。
     "
https://www.postgresql.jp/docs/16/release-16-2.html,RELEASE-16-2,E.3.2. 変更点 #,,,"

walreceiverプロセスのシグナル処理を修正しました。
(Heikki Linnakangas)
     

レプリケーション接続確立の待機中に、walreceiversがSIGTERMに応答しないようにする変更を元に戻しました。
     "
https://www.postgresql.jp/docs/16/release-16-2.html,RELEASE-16-2,E.3.2. 変更点 #,,,"

レコードがWALデコードバッファに収まるかどうかの検査での整数オーバーフローの危険性を修正しました。
(Thomas Munro)
     

この不具合は、64ビットプラットフォーム上で32ビットPostgreSQLビルドを実行する場合を除き、潜在的なものにすぎないようです。
     "
https://www.postgresql.jp/docs/16/release-16-2.html,RELEASE-16-2,E.3.2. 変更点 #,,,"

論理レプリケーション適用ワーカー、そのテーブル同期ワーカー、およびサブスクリプションを変更しようとするセッションプロセス間のデッドロックを修正しました。
(Shlok Kyal)
     

デッドロック・ループの一方のエッジにはロック待機が含まれていなかったため、デッドロックは検出されず、手動で介入するまで持続しました。
     "
https://www.postgresql.jp/docs/16/release-16-2.html,RELEASE-16-2,E.3.2. 変更点 #,,,"

pgoutput論理レプリケーションプラグインによって列のデフォルト値が正しく転送されるようにしました。
(Nikhil Benesch)
     

新しい列にデフォルトの定数値を持つALTER TABLE ADD COLUMNは、既存のタプルの書き換えを回避し、代わりに読み取りコードがその列を欠いたタプルに正しいデフォルトを挿入することを期待していました。
その後、テーブルでレプリケーションが開始された場合、pgoutputはそのような列の正しいデフォルトの代わりにNULLを送信したため、サブスクライバで誤ったレプリケーションを引き起こしていました。
     "
https://www.postgresql.jp/docs/16/release-16-2.html,RELEASE-16-2,E.3.2. 変更点 #,,,"

列のないテーブルに対する論理レプリケーションの初期同期の失敗を修正しました。
(Vignesh C)
     

このケースでは、不適切な形式のCOPYコマンドが生成されていました。
     "
https://www.postgresql.jp/docs/16/release-16-2.html,RELEASE-16-2,E.3.2. 変更点 #,,,"

使用前にサブスクリプションの接続文字列を再検証します。
(Vignesh C)
     

これは、パスワードなしでサブスクリプションが作成された（スーパーユーザに許可されている）が、その後、サブスクリプションの所有者がスーパーユーザ以外に変更された場合を検出することを目的にしています。
     "
https://www.postgresql.jp/docs/16/release-16-2.html,RELEASE-16-2,E.3.2. 変更点 #,,,"

新しいクライアントがサーバのパスワードチャレンジに応答せずに接続を切断した場合に正しいステータスコードを返すようにしました。
(Liu Lang"","" Tom Lane)
     

場合によっては、これをログに記録可能なエラーとして処理しますが、これは意図したものではなく、psqlのような一般的なクライアントが頻繁に行うため、ログスパムを生成する傾向がありました。
また、ClientAuthentication_hookを使用する拡張も混乱させる可能性がありました。
     "
https://www.postgresql.jp/docs/16/release-16-2.html,RELEASE-16-2,E.3.2. 変更点 #,,,"

OpenSSL 3.2との非互換性を修正しました。
(Tristan Partin"","" Bo Andreson)
     

「data」フィールドを使用しても問題ないと仮定するのではなく、プライベートストレージにBIOの「app_data」フィールドを使用します。
この間違いは以前は問題を引き起こさなかったが、3.2ではクラッシュや二重解放に関するエラーを引き起こしていました。
     "
https://www.postgresql.jp/docs/16/release-16-2.html,RELEASE-16-2,E.3.2. 変更点 #,,,"

OpenSSLがエラー時にerrnoを設定しないことについて、より注意するようにしました。
(Tom Lane)
     

errnoが設定されていない場合、報告された失敗の原因はEOFの読み込みであると想定していました。
これにより、「could not accept SSL connection: Success」のような奇妙なエラーレポートの稀なケースが修正されます。
     "
https://www.postgresql.jp/docs/16/release-16-2.html,RELEASE-16-2,E.3.2. 変更点 #,,,"

外部データラッパーのForeignAsyncRequest関数が失敗したときのファイル記述子のリークを修正しました。
(Heikki Linnakangas)
     "
https://www.postgresql.jp/docs/16/release-16-2.html,RELEASE-16-2,E.3.2. 変更点 #,,,"

CREATE SUBSCRIPTIONの接続文字列検証における軽微なメモリリークを修正しました。
(Jeff Davis)
     "
https://www.postgresql.jp/docs/16/release-16-2.html,RELEASE-16-2,E.3.2. 変更点 #,,,"

ファイル関連のシステムコールによるENOMEMエラーをERRCODE_INTERNAL_ERRORではなくERRCODE_OUT_OF_MEMORYとして報告するようにしました。
(Alexander Kuzmenkov)
     "
https://www.postgresql.jp/docs/16/release-16-2.html,RELEASE-16-2,E.3.2. 変更点 #,,,"

PL/pgSQLで、SQL標準本体を持つCREATE FUNCTION/CREATE PROCEDUREをサポートしました。
(Tom Lane)
     

以前は、関数本体にセミコロンがあるため、このようなケースは解析エラーで失敗していました。
     "
https://www.postgresql.jp/docs/16/release-16-2.html,RELEASE-16-2,E.3.2. 変更点 #,,,"

パイプライン内のlibpqのエラー処理を修正しました。
(?lvaro Herrera)
     

問い合わせの問題以外の理由でエラーが返された場合（たとえば、接続が失われた場合）、パイプラインの状態が同期しなくなる可能性があります。
これにより、呼び出し側アプリケーションでビジーループが発生する可能性がありました。
     "
https://www.postgresql.jp/docs/16/release-16-2.html,RELEASE-16-2,E.3.2. 変更点 #,,,"

libpqのPQsendFlushRequest()関数を、他のPQsend関数と同じ規則に従って、クライアント出力バッファをフラッシュするようにしました。
(Jelte Fennema-Nio)
     

パイプラインモードでは、引き続きPQflush()を呼び出す必要がある場合がありますが、この変更により、一部の不整合が解消されます。
     "
https://www.postgresql.jp/docs/16/release-16-2.html,RELEASE-16-2,E.3.2. 変更点 #,,,"

libpqが2つの異なるスレッドでOpenSSLサポートを同時に初期化する場合の競合状態を回避します。
(Willi Mann"","" Michael Paquier)
     "
https://www.postgresql.jp/docs/16/release-16-2.html,RELEASE-16-2,E.3.2. 変更点 #,,,"

GSSAPIデータ送信におけるタイミング依存の障害を修正しました。
(Tom Lane)
     

非ブロッキングモードでGSSAPI暗号化を使用すると、libpqが「GSSAPI caller failed to retransmit all data needing to be retried」というエラーを返すことがありました。
     "
https://www.postgresql.jp/docs/16/release-16-2.html,RELEASE-16-2,E.3.2. 変更点 #,,,"

postgresql.confのlc_xxxパラメータのエントリを常にコメント解除するようinitdbを変更しました。
(Kyotaro Horiguchi)
     

initdbはv16より前はこの方法で動作していましたが、現在は再びこの方法で動作するようになりました。
以前の変更により、initdbの--no-localeオプションがlc_messagesに意図した効果を及ぼさなくなっていました。
     "
https://www.postgresql.jp/docs/16/release-16-2.html,RELEASE-16-2,E.3.2. 変更点 #,,,"

pg_dumpでは、拡張メンバオブジェクトのRLSポリシーやセキュリティラベルをダンプしません。
(Tom Lane"","" Jacob Champion)
     

以前は、これらのプロパティを設定するためのコマンドがダンプに含まれていましたが、これらは拡張の内部的な問題と考えるべきでまったく正しくありませんでした。
さらに、復元するユーザーにはそれらを設定するための十分な権限がない可能性があり、ダンプするユーザーにはそれらをダンプするための十分な権限が可能性があります（RLSポリシーのダンプには、それらのテーブルのロックを取得する必要があるため）。
     "
https://www.postgresql.jp/docs/16/release-16-2.html,RELEASE-16-2,E.3.2. 変更点 #,,,"

pg_dumpでは、その元となるテーブルがダンプされていない場合、拡張統計オブジェクトをダンプしません。
(Rian McGuire"","" Tom Lane)
     

これは、インデックスなどの他の依存オブジェクトの動作に準拠します。
     "
https://www.postgresql.jp/docs/16/release-16-2.html,RELEASE-16-2,E.3.2. 変更点 #,,,"

pg_dumpの1つのコードパスでメモリ不足を適切に検出します。
(Daniel Gustafsson)
     "
https://www.postgresql.jp/docs/16/release-16-2.html,RELEASE-16-2,E.3.2. 変更点 #,,,"

pgbenchスクリプトが開いたままのパイプラインで終了することをエラーにします。
(Anthonin Bonnefoy)
     

以前は、\startpipelineコマンドに対応する\endpipelineがない場合、pgbenchは奇妙な動作をしていました。
これはpgbenchが適切に処理する必要があるエラーではなく、スクリプトの間違いのようなのでエラーを投げるようにしました。
     "
https://www.postgresql.jp/docs/16/release-16-2.html,RELEASE-16-2,E.3.2. 変更点 #,,,"

INT_MAXと等しい要素を持つ配列がgist__int_opsインデックスに挿入された場合に発生するcontrib/intarrayのクラッシュを修正しました。
(Alexander Lakhin"","" Tom Lane)
     "
https://www.postgresql.jp/docs/16/release-16-2.html,RELEASE-16-2,E.3.2. 変更点 #,,,"

contrib/pageinspectのhash_bitmap_info()関数をパーティション化されたハッシュインデックスに適用した場合に、より適切なエラーを報告するようにしました。
(Alexander Lakhin"","" Michael Paquier)
     "
https://www.postgresql.jp/docs/16/release-16-2.html,RELEASE-16-2,E.3.2. 変更点 #,,,"

contrib/pgstattupleのpgstathashindex()関数をパーティション化されたハッシュインデックスに適用した場合に、より適切なエラーを報告するようにしました。
(Alexander Lakhin)
     "
https://www.postgresql.jp/docs/16/release-16-2.html,RELEASE-16-2,E.3.2. 変更点 #,,,"

Windowsでは、pg_ctlとpg_regressでサブプロセスを起動する際に自動起動オプションを抑制します。
(Kyotaro Horiguchi)
     

cmd.exe経由で子プロセスを起動する場合、/Dフラグを渡して、レジストリで指定された自動実行コマンドの実行を防ぎます。
これにより、予期しない副作用が回避できます。
     "
https://www.postgresql.jp/docs/16/release-16-2.html,RELEASE-16-2,E.3.2. 変更点 #,,,"

is_valid_ascii()をmb/pg_wchar.hからutils/ascii.hに移動しました。
(Jubilee Young)
     

この変更により、一部のサードパーティコードで問題を引き起こしていた<simd.h>をpg_wchar.hに含める必要がなくなりました。
     "
https://www.postgresql.jp/docs/16/release-16-2.html,RELEASE-16-2,E.3.2. 変更点 #,,,"

libxml2バージョン2.12.0以降でのコンパイル失敗を修正しました。
(Tom Lane)
     "
https://www.postgresql.jp/docs/16/release-16-2.html,RELEASE-16-2,E.3.2. 変更点 #,,,"

WindowsでのWAL_DEBUGコードのコンパイル失敗を修正しました。
(Bharath Rupireddy)
     "
https://www.postgresql.jp/docs/16/release-16-2.html,RELEASE-16-2,E.3.2. 変更点 #,,,"

Python のヘッダファイルからのコンパイラ警告を抑制します。
(Peter Eisentraut"","" Tom Lane)
     

私たちが推奨するコンパイラオプションは、最新バージョンのPythonのヘッダファイルに現れる構造体について警告を発します。
gccを使用する場合、プラグマでこれらの警告を抑制できます。
     "
https://www.postgresql.jp/docs/16/release-16-2.html,RELEASE-16-2,E.3.2. 変更点 #,,,"

LLVM 18でのコンパイル時の非推奨警告を回避します。
(Thomas Munro)
     "
https://www.postgresql.jp/docs/16/release-16-2.html,RELEASE-16-2,E.3.2. 変更点 #,,,"

タイムゾーンデータファイルをグリーンランド、カザフスタン、パレスチナでの夏時間法の変更に加え、南極観測点のケイシーとヴォストークを修正したtzdataリリース2024aに更新しました。
また、ベトナム、トロント、ミクロン島の歴史的修正も行われています。
     "
https://www.postgresql.jp/docs/16/release-16-3.html,RELEASE-16-3,E.2.2. 変更点 #,,,"

pg_stats_extおよびpg_stats_ext_exprsエントリの可視性をテーブル所有者へ制限しました。
(Nathan Bossart)
     

これらのビューは、アクセスするユーザに読み取る権限のない列を含む式の統計情報を隠すことができませんでした。
most_common_valsなどのビュー列で、セキュリティ関連データが公開される可能性がありました。
ここでの潜在的な相互作用は完全には明らかではないため、安全を優先するために、これらのビューの行を、関連するテーブルの所有者のみに表示するようにしました。
     

PostgreSQLプロジェクトは、本問題を報告してくれたLukas Fittlに感謝します。
(CVE-2024-4317)
     

この修正では、新しくinitdbされたデータベースクラスタの動作のみが修正されます。
既存のクラスタにこの変更を適用したい場合は、次の手順を実行する必要があります。
     

PostgreSQLがインストールされたshareディレクトリ（通常は/usr/share/postgresql/のような場所）にあるSQLスクリプトfix-CVE-2024-4317.sqlを見つけてください。
必ず、PostgreSQLのメジャーバージョンに適したスクリプトを使用してください。
このファイルが見つからない場合は、あなたのバージョンが脆弱ではない（v14?v16だけが影響を受ける）か、マイナーバージョンが古すぎて修正されていません。
       

クラスタの各データベースで、スーパーユーザとしてfix-CVE-2024-4317.sqlスクリプトを実行します。
psqlでは以下のようになります。
\i /usr/share/postgresql/fix-CVE-2024-4317.sql


（ファイルパスは適宜調整してください）。
エラーが出た場合は、おそらく間違ったスクリプトバージョンを使用したことを示しています。
スクリプトを複数回実行しても問題ありません。
       

template0とtemplate1データベースを含めることを忘れないでください。
そうしないと、後で作成するデータベースに脆弱性が残ったままになります。
template0を修正するには、一時的に接続を受け付けるようにする必要があります。
これは、下記のコマンドで行います。
ALTER DATABASE template0 WITH ALLOW_CONNECTIONS true;


そしてtemplate0を修正した後、接続受け付けを元に戻します。
ALTER DATABASE template0 WITH ALLOW_CONNECTIONS false;

       "
https://www.postgresql.jp/docs/16/release-16-3.html,RELEASE-16-3,E.2.2. 変更点 #,,,"

複数のVALUES行から、配列または複合型を元にしたドメイン型である対象列へのINSERTを修正しました。
(Tom Lane)
     

このようなケースでは、データ型の不一致に関する予期せぬエラーで失敗するか、予期しない強制が挿入されて奇妙な結果が生じる可能性がありました。
     "
https://www.postgresql.jp/docs/16/release-16-3.html,RELEASE-16-3,E.2.2. 変更点 #,,,"

DO NOTHING句を持つMERGEでは、対象テーブルに対するSELECT権限が必要です。
(?lvaro Herrera)
     

SELECT権限は、すべての実用的なケースで必要になりますが、対象テーブルの列を読み取らない問い合わせの場合でも必要です。
これにより、MERGEがDO NOTHINGコマンドであっても望ましくないと思われる、何の権限も必要としないというエッジケースを回避しました。
     "
https://www.postgresql.jp/docs/16/release-16-3.html,RELEASE-16-3,E.2.2. 変更点 #,,,"

MERGEにおける自己修正タプルの処理を修正しました。
(Dean Rasheed)
     

標準SQLの要件に従って、ターゲット行が複数のソース行と結合される場合はエラーが発生します。
（以前のコーディングでは、同時更新が含まれる場合、この条件を黙って無視することができました。）
また、BEFOREトリガまたは問い合わせで使用される揮発性関数によって、対象行が現在のトランザクション内の後のコマンドによってすでに更新されている場合は、誤解を招かないようにエラーが発生します。
     "
https://www.postgresql.jp/docs/16/release-16-3.html,RELEASE-16-3,E.2.2. 変更点 #,,,"

テーブルがboolean型の列でパーティション化され、問い合わせにboolean型のIS NOT句がある場合の誤ったNULLパーティション除去を修正しました。
(David Rowley)
     

NULL値はboolcol IS NOT FALSEのような句を満たすので、NULLを含むパーティションを除去すると誤った結果が生じていました。
     "
https://www.postgresql.jp/docs/16/release-16-3.html,RELEASE-16-3,E.2.2. 変更点 #,,,"

ALTER FOREIGN TABLE SET SCHEMAの実行で、所有するシーケンスを新しいスキーマに移動するようにしました。
(Tom Lane)
     

通常のテーブルを新しいスキーマに移動すると、テーブルが所有するシーケンスも（インデックスや制約も一緒に）そのスキーマに移動されます。
しかし、外部テーブルではこれが見落とされていました。
     "
https://www.postgresql.jp/docs/16/release-16-3.html,RELEASE-16-3,E.2.2. 変更点 #,,,"

ALTER TABLE ... ADD COLUMNで、所有するテーブルと同じ永続性を持つIDENTITY/シリアルシーケンスを作成できるようにしました。
(Peter Eisentraut)
     

CREATE UNLOGGED TABLEを使用すると、所有するシーケンスもWAL出力されなくなります。
ALTER TABLEはこの点を考慮しなかったので、追加されたIDENTITY列はWAL出力のあるシーケンスが含まれることになり、これは無意味なことでした。
     "
https://www.postgresql.jp/docs/16/release-16-3.html,RELEASE-16-3,E.2.2. 変更点 #,,,"

依存する関数またはパブリケーションがある場合のALTER TABLE ... ALTER COLUMN TYPEのエラーメッセージを改善しました。
(Tom Lane)
     "
https://www.postgresql.jp/docs/16/release-16-3.html,RELEASE-16-3,E.2.2. 変更点 #,,,"

CREATE DATABASEコマンドで、他のオプションとの整合性を保つために、strategyキーワードを大文字と小文字を区別せずに認識するようにしました。
(Tomas Vondra)
     "
https://www.postgresql.jp/docs/16/release-16-3.html,RELEASE-16-3,E.2.2. 変更点 #,,,"

ビットマップヒープスキャンによってアクセスされたヒープページのEXPLAINのカウントを修正しました。
(Melanie Plageman)
     

以前は、可視タプルを含まないヒープページはカウントされませんでしたが、ビットマップインデックススキャンによって返されるすべてのページをカウントする方がより一貫性があります。
     "
https://www.postgresql.jp/docs/16/release-16-3.html,RELEASE-16-3,E.2.2. 変更点 #,,,"

MERGEにおけるサブプランのEXPLAINの出力を修正しました。
(Dean Rasheed)
     

EXPLAINは、プランツリーの他の部分にある変数を参照するサブプランパラメータを正しく表示できないことがありました。
     "
https://www.postgresql.jp/docs/16/release-16-3.html,RELEASE-16-3,E.2.2. 変更点 #,,,"

孤立した一時テーブルの削除中のデッドロックを回避しました。
(Mikhail Zhilin)
     

一時テーブルを作成したセッションがテーブルを削除せずにクラッシュした場合、自動バキュームは最終的に孤立したテーブルを削除しようとします。
しかし、同じ一時的な名前空間を割り当てられた受信セッションも同様に削除しようとします。
一時テーブルに依存関係（所有されたシーケンスなど）がある場合、これら2つのクリーンアップ試行の間にデッドロックが発生する可能性がありました。
     "
https://www.postgresql.jp/docs/16/release-16-3.html,RELEASE-16-3,E.2.2. 変更点 #,,,"

DISABLE_PAGE_SKIPPINGオプションを使用したVACUUMでの可視性マップ状態の更新を修正しました。
(Heikki Linnakangas)
     

見落としにより、このモードではすべてのヒープページがダーティになり、過剰なI/Oが発生しました。
また、誤って設定された可視性マップビットはクリアされませんでした。
     "
https://www.postgresql.jp/docs/16/release-16-3.html,RELEASE-16-3,E.2.2. 変更点 #,,,"

リレーションごとの凍結されたXID値を調べる際の競合状態を回避します。
(Noah Misch)
     

VACUUMによるリレーション単位の値からのデータベース単位の凍結されたXID値の計算が、別のVACUUMによるそれらの値の同時更新によって混乱する可能性がありました。
     "
https://www.postgresql.jp/docs/16/release-16-3.html,RELEASE-16-3,E.2.2. 変更点 #,,,"

並列バキューム処理のバッファ使用レポートを修正しました。
(Antonin Bonnefoy)
     

並列ワーカーによって実行されたバッファアクセスは、VERBOSEモードで報告される統計にカウントされませんでした。
     "
https://www.postgresql.jp/docs/16/release-16-3.html,RELEASE-16-3,E.2.2. 変更点 #,,,"

同値クラスから生成された結合条件が正しい計画レベルで適用されるようにしました。
(Tom Lane)
     

PostgreSQL16より前のバージョンでは、生成された条件が外部結合の上(後)で評価されるべきところを下で評価される可能性があり、不正な問い合わせ結果をもたらしていました。
一部のSELECTアームの結合列に定数出力を持つUNION ALLツリーへの結合を検討する場合、すべてのバージョンで同様の危険性がありました。
     "
https://www.postgresql.jp/docs/16/release-16-3.html,RELEASE-16-3,E.2.2. 変更点 #,,,"

ORDER BYまたはDISTINCTオプションを指定した集約関数の計画中に発生する「could not find pathkey item to sort」エラーを修正しました。
(David Rowley)
     

これは、16.1で適用された修正と同様ですが、並列計画の問題を解決します。
     "
https://www.postgresql.jp/docs/16/release-16-3.html,RELEASE-16-3,E.2.2. 変更点 #,,,"

一部のウィンドウ関数の誤った最適化の可能性を防止しました。
(David Rowley)
     

非定数引数を使用するntile()とcount()の「実行条件」最適化を無効にします。
これにより、典型的には「WindowFunc not found in subplan target lists」のようなエラーを引き起こす副SELECTで誤動作する可能性を防ぎます。
     "
https://www.postgresql.jp/docs/16/release-16-3.html,RELEASE-16-3,E.2.2. 変更点 #,,,"

移動しないウィンドウフレームでの移動集約モードを不必要に使用しないようにしました。
(Vallimaharajan G)
     

通常の集約関数をウィンドウ関数として使用し、ウィンドウフレームの開始がUNBOUNDED PRECEDINGに指定されている場合、フレームの先頭は移動できないため、特別な（より高価な）移動集約モードを使用する必要はありません。
この最適化は当初から意図されていましたが、コーディングエラーのためにトリガーされていませんでした。
     "
https://www.postgresql.jp/docs/16/release-16-3.html,RELEASE-16-3,E.2.2. 変更点 #,,,"

GEQOの下でパーティションごとの結合を計画する際に、解放済みデータの使用を避けるようにしました。
(Tom Lane)
     

これは通常、クラッシュまたは予期しないエラーメッセージで終了していました。
     "
https://www.postgresql.jp/docs/16/release-16-3.html,RELEASE-16-3,E.2.2. 変更点 #,,,"

Memoizeで使用中のデータを解放しないようにしました。
(Tender Wang"","" Andrei Lepikhov)
     

製品ビルドでは、解放されたデータは使用される前に上書きされる可能性は低いため、このエラーによって問題が起きることはほとんどありませんでした。
     "
https://www.postgresql.jp/docs/16/release-16-3.html,RELEASE-16-3,E.2.2. 変更点 #,,,"

「requested statistics kind X is not yet built」というエラーメッセージで誤ってレポートされていた統計の種類コードを修正しました。
(David Rowley)
     "
https://www.postgresql.jp/docs/16/release-16-3.html,RELEASE-16-3,E.2.2. 変更点 #,,,"

「catcache list」オブジェクトに対して、線形検索ではなくハッシュテーブルを使用するようにしました。
(Tom Lane)
     

この変更により、数千のロールを持つインストールで特定の操作に関して報告されていたパフォーマンスの問題が解決されます。
     "
https://www.postgresql.jp/docs/16/release-16-3.html,RELEASE-16-3,E.2.2. 変更点 #,,,"

FROMでRECORDを返す関数に対して、より注意を払うようにしました。
(Tom Lane)
     

このような関数呼び出しの出力列は、列名とデータ型を指定するAS句で定義する必要があります。
実際の関数の出力値がこれに一致しない場合、実行時にエラーが発生することになっています。
しかし、一部のコードパスでは、実際の値を早期に調べてしまい、期待と一致しない場合に奇妙なエラーを発生させたり、アサーションエラーを引き起こしたりする可能性がありました。
     "
https://www.postgresql.jp/docs/16/release-16-3.html,RELEASE-16-3,E.2.2. 変更点 #,,,"

行型を返すSQL言語プロシージャに関する混乱を修正しました。
(Tom Lane)
     

単一の複合型列を返すSQL言語で実装されたプロシージャでは、アサーションエラーまたはコアダンプを引き起こしていました。
     "
https://www.postgresql.jp/docs/16/release-16-3.html,RELEASE-16-3,E.2.2. 変更点 #,,,"

いくつかの再帰関数に保護的なスタック深さ検査を追加しました。
(Egor Chindyaskin)
     "
https://www.postgresql.jp/docs/16/release-16-3.html,RELEASE-16-3,E.2.2. 変更点 #,,,"

date_bin()の丸め間違いとオーバーフローの危険性を修正しました。
(Moaaz Assali)
     

sourceのタイムスタンプがoriginタイムスタンプより前で、その差がすでにstrideの正確な倍数である場合、コードは誤ってstrideを減算していました。
また、不正な結果を生じる可能性のある整数オーバーフローのケースもいくつか検出しました。
     "
https://www.postgresql.jp/docs/16/release-16-3.html,RELEASE-16-3,E.2.2. 変更点 #,,,"

timestampにintervalを加算または減算する際に、整数オーバーフローを検出するようにしました。
(Joseph Koshakow)
     

範囲外エラーを発生すべき一部のケースでは、代わりに誤った結果が生成されていました。
     "
https://www.postgresql.jp/docs/16/release-16-3.html,RELEASE-16-3,E.2.2. 変更点 #,,,"

pg_get_expr()における競合状態を回避しました。
(Tom Lane)
     

引数が参照するリレーションが同時に削除された場合、関数はNULLを返すべきところですが、エラーになっていました。
     "
https://www.postgresql.jp/docs/16/release-16-3.html,RELEASE-16-3,E.2.2. 変更点 #,,,"

XIDステータス関数での古いトランザクションIDの検出を修正しました。
(Karina Litskevich)
     

231を超えるトランザクションIDが最近のものとして誤って識別され、pg_xact_status()またはtxid_status()の誤動作につながる可能性がありました。
     "
https://www.postgresql.jp/docs/16/release-16-3.html,RELEASE-16-3,E.2.2. 変更点 #,,,"

テーブルの空き領域マップがテーブルの終端を越えたページを返さないようにしました。
(Ronan Dunklau)
     

空き領域マップはWALに記録されないため、OSのクラッシュ、レプリカの昇格、PITRリストアなどの場合に発生する可能性がありました。
その結果「could not read block」エラーになります。
     "
https://www.postgresql.jp/docs/16/release-16-3.html,RELEASE-16-3,E.2.2. 変更点 #,,,"

WaitEventSetWaitで待機中にエラーが発生した場合のファイル記述子のリークを修正しました。
(Etsuro Fujita)
     "
https://www.postgresql.jp/docs/16/release-16-3.html,RELEASE-16-3,E.2.2. 変更点 #,,,"

FDWが非同期Appendを実装しているが、Append計画ノードが待機する待機条件を設定していない場合の例外スタック破損を回避します。
(Alexander Pyhalov)
     "
https://www.postgresql.jp/docs/16/release-16-3.html,RELEASE-16-3,E.2.2. 変更点 #,,,"

インデックスの再作成中にインデックスにアクセスされた場合、エラーが発生するようにしました。
(Tom Lane)
     

以前は単なるアサーションチェックでしたが、通常のランタイムエラーに昇格しました。
これにより、ユーザ定義のインデックス式のインデックスを再作成する際に、より適切なエラーメッセージが提供されるようになります。
     "
https://www.postgresql.jp/docs/16/release-16-3.html,RELEASE-16-3,E.2.2. 変更点 #,,,"

name型列のインデックスオンリースキャンが完全に埋め込まれた値を返すようにしました。
(David Rowley)
     

インデックスに物理的に格納された値は切り捨てられ、以前はその値へのポインタが呼び出し元に返されていました。
これにより、valgrindでテストしたときに苦情が発生しました。
理論的にはクラッシュを引き起こす可能性がありますが、報告はありませんでした。
     "
https://www.postgresql.jp/docs/16/release-16-3.html,RELEASE-16-3,E.2.2. 変更点 #,,,"

レプリケーションスロットの無効化時に誤った競合原因を報告する可能性がある競合状態を修正しました。
(Bertrand Drouvot)
     "
https://www.postgresql.jp/docs/16/release-16-3.html,RELEASE-16-3,E.2.2. 変更点 #,,,"

論理レプリケーションでテーブル同期操作が必要かどうかを判断する際の競合状態を修正しました。
(Vignesh C)
     

サブスクライバが同期化が必要なテーブルを識別している間に到着した無効化イベントが忘れ去られるため、新たに同期化が必要なテーブルがタイムリーに処理されない可能性がありました。
     "
https://www.postgresql.jp/docs/16/release-16-3.html,RELEASE-16-3,E.2.2. 変更点 #,,,"

4GBを超えるDSMの割り当てによるクラッシュを修正しました。
(Heikki Linnakangas)
     "
https://www.postgresql.jp/docs/16/release-16-3.html,RELEASE-16-3,E.2.2. 変更点 #,,,"

新しいサーバセッションのクライアントソケットが非ブロッキングモードにできない場合は切断します。
(Heikki Linnakangas)
     

以前は、理論的にはブロッキングモードのソケットで動作することが可能でしたが、長い間完全には機能していなかったため、後で誤動作するのではなく接続開始時に失敗するようにしました。
     "
https://www.postgresql.jp/docs/16/release-16-3.html,RELEASE-16-3,E.2.2. 変更点 #,,,"

OpenSSL3.0.0以降での不適切なエラー報告を修正しました。
(Heikki Linnakangas"","" Tom Lane)
     

OpenSSLによってシステムから報告されたエラーは、読み取り可能なものではなく、数値のエラーコードで報告されていました。
     "
https://www.postgresql.jp/docs/16/release-16-3.html,RELEASE-16-3,E.2.2. 変更点 #,,,"

Windowsのgetaddrinfo()関数のエラー報告のスレッド安全性を修正しました。
(Thomas Munro)
     

マルチスレッドのlibpqクライアントプログラムは、ネットワーク検索が失敗した後に、誤ったエラーメッセージや破損したエラーメッセージを受け取る可能性がありました。
     "
https://www.postgresql.jp/docs/16/release-16-3.html,RELEASE-16-3,E.2.2. 変更点 #,,,"

libpqとecpglibのbindtextdomain()への同時呼び出しを避けました。
(Tom Lane)
     

GNU gettextの実装では同時呼び出しは問題がないようですが、Windowsで利用可能なバージョンはそうではありませんでした。
     "
https://www.postgresql.jp/docs/16/release-16-3.html,RELEASE-16-3,E.2.2. 変更点 #,,,"

ecpgのプリプロセッサで、プログラムがプリプロセッサのコマンドラインで定義されたマクロを再定義しようとした場合のクラッシュを修正しました。
(Tom Lane)
     "
https://www.postgresql.jp/docs/16/release-16-3.html,RELEASE-16-3,E.2.2. 変更点 #,,,"

ecpgで誤った「unsupported feature will be passed to server」警告を出さないようにしました。
(Tom Lane)
     "
https://www.postgresql.jp/docs/16/release-16-3.html,RELEASE-16-3,E.2.2. 変更点 #,,,"

ecpgのintoasc()関数の文字列結果が正しくゼロで終了するようにしました。
(Oleg Tselebrovskiy)
     "
https://www.postgresql.jp/docs/16/release-16-3.html,RELEASE-16-3,E.2.2. 変更点 #,,,"

initdbの-cオプションで、大文字小文字を区別せずにパラメータ名を照合するようにしました。
(Tom Lane)
     

サーバはパラメータ名を大文字小文字を区別せずに処理するので、このコードも同様に処理する必要があります。
これにより、生成されたpostgresql.confファイルに冗長なエントリの挿入が避けられます。
     "
https://www.postgresql.jp/docs/16/release-16-3.html,RELEASE-16-3,E.2.2. 変更点 #,,,"

psqlで、問い合わせがキャンセルされた後に問い合わせ結果を漏らさないようにしました。
(Tom Lane)
     

これは、\;区切り文字を使用して作成された問い合わせ文字列内で最後でない問い合わせをキャンセルした場合にのみ発生しました。
     "
https://www.postgresql.jp/docs/16/release-16-3.html,RELEASE-16-3,E.2.2. 変更点 #,,,"

ロールコメントが存在する場合、--no-role-passwordsの設定に関係なくロールコメントがダンプされるようpg_dumpallを修正しました。
(Daniel Gustafsson"","" ?lvaro Herrera)
     "
https://www.postgresql.jp/docs/16/release-16-3.html,RELEASE-16-3,E.2.2. 変更点 #,,,"

pg_basebackup、pg_checksums、pg_rewindで.DS_Storeという名前のファイルをスキップするようにしました。
(Daniel Gustafsson)
     

これにより、Finderがそのようなファイルを作成する可能性があるmacOSでの問題を回避できます。
     "
https://www.postgresql.jp/docs/16/release-16-3.html,RELEASE-16-3,E.2.2. 変更点 #,,,"

PL/pgSQLの式の後に続く単一行コメント（--形式のコメント）の解析を修正しました。
(Erik Wienhold"","" Tom Lane)
     

この間違いにより、PL/pgSQL CASEステートメントのWHEN式の後にこのようなコメントが続くと、解析エラーが発生していました。
     "
https://www.postgresql.jp/docs/16/release-16-3.html,RELEASE-16-3,E.2.2. 変更点 #,,,"

contrib/amcheckで、短いヘッダ値と長いヘッダ値による誤った一致失敗を報告しないようにしました。
(Andrey Borodin"","" Michael Zhilin)
     

ヒープタプルまたはインデックスタプル内の可変長データは、作成時に適用された圧縮パラメータに応じて、短いヘッダまたは長いヘッダのいずれかを持つことができます。
違いがあると文句を言うのではなく、これらのケースを同等として扱うようにしました。
     "
https://www.postgresql.jp/docs/16/release-16-3.html,RELEASE-16-3,E.2.2. 変更点 #,,,"

BRIN出力関数のバグを修正しました。
(Tomas Vondra)
     

これらの出力関数はcontrib/pageinspect内のインデックスエントリを表示するためにのみ使用されるため、エラーは実用上の問題にはなりませんでした。
     "
https://www.postgresql.jp/docs/16/release-16-3.html,RELEASE-16-3,E.2.2. 変更点 #,,,"

contrib/postgres_fdwでは、定数によるソート要求を発行しないようにしました。
(David Rowley)
     

これは、定数を発行する副問い合わせとUNION ALLを含む場合に発生する可能性がありました。
定数によるソートはもちろん無意味ですが、リモートサーバが誤って解釈して「ORDER BY position N is not in select list」エラーを出す危険性もありました。
     "
https://www.postgresql.jp/docs/16/release-16-3.html,RELEASE-16-3,E.2.2. 変更点 #,,,"

contrib/postgres_fdwがリモートセッションのタイムゾーンをUTCではなくGMTに設定するようにしました。
(Tom Lane)
     

これは、実用上は同じ結果になるはずです。
しかし、GMTはサーバのハードコードされたコードによって認識され、UTCはタイムゾーンデータベースで検索されます。
したがって、リモートサーバのタイムゾーンデータベースにエントリがないというまれなケースでは、古いコードが失敗する可能性がありました。
     "
https://www.postgresql.jp/docs/16/release-16-3.html,RELEASE-16-3,E.2.2. 変更点 #,,,"

contrib/xml2において、libxml2の最近のバージョンで非推奨となったライブラリ関数の使用を避けるようにしました。
(Dmitry Koval)
     "
https://www.postgresql.jp/docs/16/release-16-3.html,RELEASE-16-3,E.2.2. 変更点 #,,,"

LLVM 18との非互換性を修正しました。
(Thomas Munro"","" Dmitry Dolgov)
     "
https://www.postgresql.jp/docs/16/release-16-3.html,RELEASE-16-3,E.2.2. 変更点 #,,,"

make checkがmuslCライブラリで動作するようにしました。
(Thomas Munro"","" Bruce Momjian"","" Tom Lane)
     "
https://www.postgresql.jp/docs/16/release-16-4.html,RELEASE-16-4,E.1.2. 変更点 #,,,"

pg_dump中の不正なコード実行を防止しました。
(Masahiko Sawada)
     

非一時的オブジェクトの作成と削除が可能な攻撃者は、pg_dumpを実行しているロール（多くの場合スーパーユーザ）の権限で、並列pg_dumpセッションによって実行されるSQLコードを注入することが出来ました。
この攻撃では、シーケンスや同様のオブジェクトを、悪意のあるコードを実行するビューまたは外部テーブルに置き換えます。
これを防ぐために、組み込み以外のビューの展開や外部テーブルへのアクセスを無効にすることができる新しいサーバパラメータrestrict_nonsystem_relation_kindを導入し、利用可能な場合にはそれを設定するようpg_dumpに指示します。
この攻撃の防止は、pg_dumpとダンプ元のサーバの両方がこの修正を適用できるほど十分新しい場合に限られます。
     

PostgreSQLプロジェクトは、本問題を報告してくれたNoah Mischに感謝します。
(CVE-2024-7348)
     "
https://www.postgresql.jp/docs/16/release-16-4.html,RELEASE-16-4,E.1.2. 変更点 #,,,"

Merge Right Anti Joinプランから生じる不正確な結果を回避しました。
(Richard Guo)
     

内側のリレーションに一意の結合キーがあることがわかっている場合、外側リレーションに重複した結合キーがあるとマージが誤動作をする可能性がありました。
     "
https://www.postgresql.jp/docs/16/release-16-4.html,RELEASE-16-4,E.1.2. 変更点 #,,,"

VACUUMの無限ループを防止しました。
(Melanie Plageman)
     

古い実行中のトランザクションを持つ切断されたスタンバイサーバがプライマリに再接続されると、プライマリのVACUUMがどのタプルが削除可能であるかについて混乱し、無限ループが発生する可能性がありました。
     "
https://www.postgresql.jp/docs/16/release-16-4.html,RELEASE-16-4,E.1.2. 変更点 #,,,"

以前、継承ツリーの子テーブルが存在していたテーブルをパーティションとしてアタッチした後に発生する障害を修正しました。
(?lvaro Herrera)
     "
https://www.postgresql.jp/docs/16/release-16-4.html,RELEASE-16-4,E.1.2. 変更点 #,,,"

一貫性がないインデックスベース制約が関連する場合のALTER TABLE DETACH PARTITIONを修正しました。
(?lvaro Herrera"","" Tender Wang)
     

パーティションテーブルに、制約と関連付けられていないインデックスがあり、パーティションに同等の制約を持つインデックスがある場合、パーティションをデタッチすると不正な動作となり、元のパーティションの制約に誤ったconinhcount値が残ります。
これにより、その制約をさらに操作する際に問題が発生していました。
     "
https://www.postgresql.jp/docs/16/release-16-4.html,RELEASE-16-4,E.1.2. 変更点 #,,,"

ALTER TABLE DETACH PARTITION CONCURRENTLY実行中のパーティションプルーニング設定を修正しました。
(?lvaro Herrera)
     

エグゼキュータは、パーティションテーブルでのクエリの計画と実行の間にパーティションをデタッチできないと想定していました。
DETACH PARTITIONのCONCURRENTLYオプションが導入されてからこれは成り立たなくなり、このオプションが使用する問い合わせの実行が一時的に失敗する可能性がありました。
     "
https://www.postgresql.jp/docs/16/release-16-4.html,RELEASE-16-4,E.1.2. 変更点 #,,,"

パーティションテーブルから最後の子パーティションが削除された後、pg_class.reltuplesフィールドを正しくゼロに更新するようにしました。
(Noah Misch)
     

このようなパーティションテーブルの最初のANALYZEではrelhassubclassも更新する必要があり、これによりreltuplesの更新が失われていました。
     "
https://www.postgresql.jp/docs/16/release-16-4.html,RELEASE-16-4,E.1.2. 変更点 #,,,"

プロシージャの多様OUT引数の処理を修正しました。
 (Tom Lane)
     

SQLのCALL文では、このような引数の正しいデータ型を解決できなかったため、「cannot display a value of type anyelement」などのエラーや、クラッシュを引き起こしました（ただし、PL/pgSQLのCALLは正常に動作しました）。
     "
https://www.postgresql.jp/docs/16/release-16-4.html,RELEASE-16-4,E.1.2. 変更点 #,,,"

CALL文の引数リストから呼び出されるSTABLE関数の動作を修正しました。
(Tom Lane)
     

CALLが原子的コンテキスト内にある場合（例えば、外側のトランザクションブロックがある場合）、そのような関数には間違ったスナップショットが渡され、外側トランザクションの開始以降に変更された行の古い値が表示される原因となっていました。
     "
https://www.postgresql.jp/docs/16/release-16-4.html,RELEASE-16-4,E.1.2. 変更点 #,,,"

time型およびtimetz型に対するISO-8601「拡張」時間書式の入力を修正しました。
(Tom Lane)
     

T12:34:56などのケースを再度許可しました。
     "
https://www.postgresql.jp/docs/16/release-16-4.html,RELEASE-16-4,E.1.2. 変更点 #,,,"

money型の計算で整数オーバーフローを検出するようにしました。
(Joseph Koshakow)
     

これまでmoney型の算術関数はいずれもオーバーフローをチェックしなかったので、オーバーフローが発生した場合に黙って間違った答えを出していました。
     "
https://www.postgresql.jp/docs/16/release-16-4.html,RELEASE-16-4,E.1.2. 変更点 #,,,"

round(numeric)関数とtrunc(numeric)関数のスケール引数の過度に積極的な制限を修正しました。
(Dean Rasheed)
     

これらの関数は、スケール引数を+/-2000に制限しましたが、これより大きい値を使用する有効な使用例があります。
このような場合、関数は誤った結果を返しました。
代わりに、numeric型の実際の許容範囲に制限するようにしました。
     "
https://www.postgresql.jp/docs/16/release-16-4.html,RELEASE-16-4,E.1.2. 変更点 #,,,"

可能な限り最小のbigint値に適用した場合のpg_size_pretty()の結果を修正しました。
(Joseph Koshakow)
     "
https://www.postgresql.jp/docs/16/release-16-4.html,RELEASE-16-4,E.1.2. 変更点 #,,,"

pg_sequence_last_value()がスタンバイサーバのログに記録されていないシーケンスや他のセッションの一時シーケンスで失敗しないようにしました。
(Nathan Bossart)
     

これらの場合、エラーとはせずNULLを返すようにします。
     "
https://www.postgresql.jp/docs/16/release-16-4.html,RELEASE-16-4,E.1.2. 変更点 #,,,"

websearch_to_tsquery()で無視される演算子の解析を修正しました。
(Tom Lane)
     

マニュアルによると、websearch_to_tsquery()の入力内の句読点は、ダッシュと引用符の特殊な場合を除いて無視されます。
ただし、orの直前に括弧や他のいくつかの文字があると、orが期待されたOR演算子ではなく、データ単語として扱われる可能性がありました。
     "
https://www.postgresql.jp/docs/16/release-16-4.html,RELEASE-16-4,E.1.2. 変更点 #,,,"

新しい配列の次元を計算するときに、別な種類の整数オーバーフローのケースを検出するようにしました。
(Joseph Koshakow)
     

配列の次元[-2147483648:2147483647]を空の配列に適用することを拒否します。
これはCVE-2023-5869と密接に関連していますが、配列は依然として空のままなので無害に見えます。
     "
https://www.postgresql.jp/docs/16/release-16-4.html,RELEASE-16-4,E.1.2. 変更点 #,,,"

strnxfrm()の移植性のない使用法を修正しました。
(Jeff Davis)
     

非決定的な照合順序の一部のコードパスには、「pg_strnxfrm() returned unexpected result」のようなエラーで失敗するものがありました。
     "
https://www.postgresql.jp/docs/16/release-16-4.html,RELEASE-16-4,E.1.2. 変更点 #,,,"

新しいカタログキャッシュエントリが、そのフィールドのTOAST展開中に古くなる別のケースを検出するようにしました。
(Noah Misch)
     

カタログタプルの行外フィールドを展開している間に発生したその場での更新は見逃される可能性があり、その場での変更がないものの古くなったことがわからないカタログキャッシュエントリにつながる可能性があります。
これはpg_databaseカタログでのみ可能であるため、影響は限定的ですが、誤動作の可能性があります。
     "
https://www.postgresql.jp/docs/16/release-16-4.html,RELEASE-16-4,E.1.2. 変更点 #,,,"

INSERT ... DEFAULTの対象となるビュー列の更新可能性を正しくチェックするようにしました。
(Tom Lane)
     

そのような列が更新不可能な場合は、そのことを報告するエラーを返す必要があります。
しかし、そのチェックは見逃され、後のコードで「attribute number N not found in view targetlist」などの役に立たないエラーが報告されていました。
     "
https://www.postgresql.jp/docs/16/release-16-4.html,RELEASE-16-4,E.1.2. 変更点 #,,,"

不正な再帰問い合わせに対して、役に立たない内部エラーを報告しないようにしました。
(Tom Lane)
     

エラーチェックの順序を変更して、WITH RECURSIVE問い合わせがUNIONの2番目の枝内に自己参照を持たないが、ORDER BYなどの他の場所に1つの自己参照を持つ場合に、適切なエラーを発生するようにしました。
     "
https://www.postgresql.jp/docs/16/release-16-4.html,RELEASE-16-4,E.1.2. 変更点 #,,,"

ALTER TABLE SET LOGGED|UNLOGGEDの実行中に所有シーケンスをロックするようにしました。
(Noah Misch)
     

これらのコマンドは、テーブルとともにテーブルの所有シーケンスの永続性を変更しますが、その際にシーケンス上のロックを取得してませんでした。
その結果、同時実行中のnextval()呼び出しの効果が失われる可能性がありました。
     "
https://www.postgresql.jp/docs/16/release-16-4.html,RELEASE-16-4,E.1.2. 変更点 #,,,"

キューに入れられたAFTERトリガーがもはや存在しない場合は、エラーを発生しないようにしました。
(Tom Lane)
     

トランザクションが、後で実行するために遅延されたAFTERトリガをキューに入れる操作を実行し、その前にトリガを削除する可能性がありました。
以前は、これにより「could not find trigger NNNN」などの奇妙なエラーが発生していました。
トリガが実行されるはずの時点でもはや存在しない場合は、黙って何もしない方が良いようです。
     "
https://www.postgresql.jp/docs/16/release-16-4.html,RELEASE-16-4,E.1.2. 変更点 #,,,"

テーブルが削除されたときに、列レベル権限のpg_init_privsエントリを削除できない問題を修正しました。
(Tom Lane)
     

拡張が作成したテーブルに列レベル権限を付与した場合、拡張が削除された後も関連するカタログエントリが残っていました。
これは、テーブルのOIDが別のリレーションに再利用されるまで/もしくは再利用されない限り無害でしたが、再利用されるとpg_dumpがそのリレーションに対してダンプする内容に干渉する可能性がありました。
ダンプ
     "
https://www.postgresql.jp/docs/16/release-16-4.html,RELEASE-16-4,E.1.2. 変更点 #,,,"

望ましいインデックスに式または述語がある場合、ON CONFLICTに対する調停インデックスの選択を修正しました。
(Tom Lane)
     

ON CONFLICTを使用する問い合わせが、更新可能なビューを介してターゲットテーブルにアクセスする場合、適合するインデックスが存在する場合でも、「there is no unique or exclusion constraint matching the ON CONFLICT specification」というエラーで失敗する可能性がありました。
     "
https://www.postgresql.jp/docs/16/release-16-4.html,RELEASE-16-4,E.1.2. 変更点 #,,,"

ALTER TABLEを使用して別のセッションの一時テーブルを変更することを拒否するようにしました。
(Tom Lane)
     

通常は権限チェックによってこのケースは発生しませんが、別のセッションの一時テーブルを子テーブルとする親テーブルを変更することによって、このケースに到達する可能性がありました。
このような子のテーブルが別のセッションに属していることが判明した場合は、エラーを発生します。
     "
https://www.postgresql.jp/docs/16/release-16-4.html,RELEASE-16-4,E.1.2. 変更点 #,,,"

CREATE TABLE LIKE STATISTICSの式の拡張統計の処理を修正しました。
(Tom Lane)
     

CREATEコマンドは、統計式内の列参照を、新しいテーブルの番号付けとは異なる可能性のある列番号に調整できませんでした。
その結果、後で問題を引き起こす無効な統計オブジェクトが生成されました。
列の再番号付けが必要になる典型的なシナリオは、ソーステーブルに削除された列が含まれている場合です。
     "
https://www.postgresql.jp/docs/16/release-16-4.html,RELEASE-16-4,E.1.2. 変更点 #,,,"

MIN()またはMAX()集約から生成された副問い合わせの再計算の失敗を修正しました。
(Tom Lane)
     

場合によっては、外部問い合わせの1行で計算された集約結果が、後の行で再利用されるべきではないのに再利用されることがありました。
これは、外部問い合わせがハッシュ集約で実装されたDISTINCTを使用する場合にのみ発生することが確認されていますが、他のケースも存在する可能性があります。
     "
https://www.postgresql.jp/docs/16/release-16-4.html,RELEASE-16-4,E.1.2. 変更点 #,,,"

位置パラメータでアンダースコアを再度禁止しました。
(Erik Wienhold)
     

v16では、整数リテラルにアンダースコアを含めることができます。
この変更により、$1_234などの入力が単一のトークンと見なされるようになりましたが、正しく動作しませんでした。
パラメータ記号は$の後に数字が続くだけの元の定義に戻した方がよさそうです。
     "
https://www.postgresql.jp/docs/16/release-16-4.html,RELEASE-16-4,E.1.2. 変更点 #,,,"

JITでインライン化されたバックエンド関数でエラーが発生した時にクラッシュしないようにしました。
(Tom Lane)
     

エラー状態には、JITコンパイルされたコード（エラー位置の文字列用）を保持する動的にロードされたモジュールへのポインタを含めることができます。
一部のコードパスでは、エラーレポートが処理される前にモジュールがアンロードされ、位置の文字列にアクセスした時にSIGSEGVが発生しました。
     "
https://www.postgresql.jp/docs/16/release-16-4.html,RELEASE-16-4,E.1.2. 変更点 #,,,"

libxml2バージョン2.13.xでの振る舞い変更に対処しました。
(Erik Wienhold"","" Tom Lane)
     

特に、報告されたエラーがそれだけでない限り、libxml2からの「chunk not well balanced」エラーを抑制するようになりました。
これは、2.13.xと以前のlibxml2バージョンの間でエラー報告の一貫性を保つためです。
以前のバージョンでは、このメッセージはほとんどの場合冗長であったり、完全に間違っていたため、2.13.xでは報告されるケースの数が大幅に減少しました。
     "
https://www.postgresql.jp/docs/16/release-16-4.html,RELEASE-16-4,E.1.2. 変更点 #,,,"

ホットスタンバイサーバ起動時の準備されたトランザクションのサブトランザクション処理を修正しました。
(Heikki Linnakangas)
     

シャットダウンのチェックポイントWALレコードでスタンバイのリプレイを開始する場合、プライマリで準備されたがまだコミットされていないトランザクションは、まだ進行中であると正しく理解されます。
しかし、準備されたトランザクションのサブトランザクション（セーブポイントまたはPL/pgSQL例外ブロックによって作成されたもの）は考慮されず、中止されたものとして扱われました。
このため、準備されたトランザクションが後でコミットされた場合に矛盾が生じました。
     "
https://www.postgresql.jp/docs/16/release-16-4.html,RELEASE-16-4,E.1.2. 変更点 #,,,"

論理レプリケーションスロットの誤った初期設定を防止するようにしました。
(Masahiko Sawada)
     

場合によっては、WALストリーム内のレプリケーションスロットの開始点がトランザクション内のポイントに設定され、アサーションエラーや誤ったデコード結果が発生する可能性がありました。
     "
https://www.postgresql.jp/docs/16/release-16-4.html,RELEASE-16-4,E.1.2. 変更点 #,,,"

レプリケーションスロットの作成と削除時に「can only drop stats once」というエラーが発生しないようにしました。
(Floris Van Nee)
     "
https://www.postgresql.jp/docs/16/release-16-4.html,RELEASE-16-4,E.1.2. 変更点 #,,,"

論理レプリケーションのWAL senderのリソースリークを修正しました。
(Hou Zhijie)
     

walsenderプロセスは、パーティションテーブルと物理的に異なる行タイプのパーティションテーブルへの変更をパブリッシュするときに、メモリをリークしました。
     "
https://www.postgresql.jp/docs/16/release-16-4.html,RELEASE-16-4,E.1.2. 変更点 #,,,"

notifyまたはsinval割り込みを処理した後のメモリリークを回避しました。
(Tom Lane)
     

これらのイベントの処理関数は、現在のメモリコンテキストをTopMemoryContextに切り替える可能性があり、その結果、誤った設定が置き換えられる前に割り当てられたデータのセッション存続期間のリークが発生します。
（少なくとも）受信した問い合わせとBindメッセージに付加されたパラメータのエンコーディング変換に関連するリークが観察されました。
     "
https://www.postgresql.jp/docs/16/release-16-4.html,RELEASE-16-4,E.1.2. 変更点 #,,,"

統計情報に使用される共有メモリブロックの参照カウントの漏洩を防止しました。
(Anthonin Bonnefoy)
     

統計情報の共有メモリに接続する新しいバックエンドプロセスは、参照カウントを増加させましたが、終了時にカウントを減じていませんでした。
232セッションが作成された後、参照カウントはゼロにオーバーフローして、その後のすべてのバックエンドプロセスの起動が失敗しました。
     "
https://www.postgresql.jp/docs/16/release-16-4.html,RELEASE-16-4,E.1.2. 変更点 #,,,"

マルチトランザクションのSLRUログの切り捨て中のデッドロックとアサーションエラーを防止しました。
(Heikki Linnakangas)
     

SLRUセグメントを削除しようとするプロセスは、チェックポインタプロセスとデッドロックする可能性がありました。
     "
https://www.postgresql.jp/docs/16/release-16-4.html,RELEASE-16-4,E.1.2. 変更点 #,,,"

Windowsソケットでの入力終了イベントが失われる可能性を回避しました。
(Thomas Munro)
     

Windowsは接続のリモート側が切断された後にFD_CLOSEイベントを1回だけ報告します。
タイミングが悪いと、その報告を見逃して、さらに入力があることを期待して、無期限にまたは少なくともタイムアウトが経過するまで待機する可能性がありました。
     "
https://www.postgresql.jp/docs/16/release-16-4.html,RELEASE-16-4,E.1.2. 変更点 #,,,"

JSON解析エラー報告における不完全なバイトシーケンスに対するバッファのオーバーリードを修正しました。
(Jacob Champion)
     

最後のバイトが不完全なマルチバイト文字で構成している場合、入力バッファの終端から数バイト離れる可能性がありました。
通常は無害ですが、原理的にはクラッシュを引き起こす可能性がありました。
バイト
     "
https://www.postgresql.jp/docs/16/release-16-4.html,RELEASE-16-4,E.1.2. 変更点 #,,,"

OpenSSLによるステートフルTLSセッションチケットの作成を無効にしました。
(Daniel Gustafsson)
     

これにより、セッションチケットの受信はTLSセッション再開サポートを意味すると考えるクライアントで発生する可能性のある障害が回避されます。
     "
https://www.postgresql.jp/docs/16/release-16-4.html,RELEASE-16-4,E.1.2. 変更点 #,,,"

PL/pgSQLの「単純な式(simple expression)」を再計画する場合、それがまだ単純であることを確認するようにしました。
(Tom Lane)
     

参照されている関数を削除して集約として再作成するような、かなり人為的なケースでは、「unexpected plan node type」などの予期せぬ障害が発生する可能性がありました。
     "
https://www.postgresql.jp/docs/16/release-16-4.html,RELEASE-16-4,E.1.2. 変更点 #,,,"

PL/pgSQLで、アンダースコアを含む整数範囲の処理を修正しました。
(Erik Wienhold)
     

v16では整数リテラルにアンダースコアを含めることができますが、PL/pgSQLはFOR i IN 1_001.1_003のような例を処理できませんでした。
     "
https://www.postgresql.jp/docs/16/release-16-4.html,RELEASE-16-4,E.1.2. 変更点 #,,,"

再帰的にRECORDを返すPL/Python関数を修正しました。
(Tom Lane)
     

異なる列定義リスト（AS句）を渡す同じ関数の新しい呼び出しで再帰する場合、内部呼び出しが外側の呼び出しの返す行型を上書きするため、失敗しました。
     "
https://www.postgresql.jp/docs/16/release-16-4.html,RELEASE-16-4,E.1.2. 変更点 #,,,"

PL/Pythonで再帰トリガー呼び出し中にTD辞書を破壊しないよう修正しました。
(Tom Lane)
     

PL/Python言語のトリガーによって別のトリガーが呼び出された場合、内側のトリガーのために作成されたTD辞書が外側のトリガーのTD辞書を上書きしていました。
     "
https://www.postgresql.jp/docs/16/release-16-4.html,RELEASE-16-4,E.1.2. 変更点 #,,,"

タプルを返す関数の結果で無効なリスト構文を報告するPL/Tclを修正しました。
(Erik Wienhold"","" Tom Lane)
     

このようなケースでは、クラッシュが発生したり、実際には以前のTclエラーを参照する誤解を招くようなコンテキスト情報が出力されたりする可能性がありました。
     "
https://www.postgresql.jp/docs/16/release-16-4.html,RELEASE-16-4,E.1.2. 変更点 #,,,"

libpqでのstrerror()のスレッドセーフではない使用を避けました。
(Peter Eisentraut)
     

OpenSSLによって返される特定のエラーメッセージが、マルチスレッドアプリケーションで文字化けする可能性がありました。
     "
https://www.postgresql.jp/docs/16/release-16-4.html,RELEASE-16-4,E.1.2. 変更点 #,,,"

バイナリアップグレード処理中のpg_dumpでのメモリリークを回避しました。
(Daniel Gustafsson)
     "
https://www.postgresql.jp/docs/16/release-16-4.html,RELEASE-16-4,E.1.2. 変更点 #,,,"

pg_restore -lが依存しているTOCエントリを正しく報告するようにしました。
(Tom Lane)
     

-lが-nや-Nなどの選択的なリストアオプションと一緒に指定された場合、実際のリストアではそれらを選択されていたとしても、コメントなどの依存TOCエントリはリストから省略されていました。
     "
https://www.postgresql.jp/docs/16/release-16-4.html,RELEASE-16-4,E.1.2. 変更点 #,,,"

contrib/pg_stat_statementsがSQL言語関数内に現れるユーティリティ文を区別できるようにしました。
(Anthonin Bonnefoy)
     

SQL言語関数のエグゼキュータは、ユーティリティ文（非SELECT/INSERT/UPDATE/DELETE/MERGE）に対して計算された問い合わせ識別子を渡すことに失敗していました。
ユーティリティ
     "
https://www.postgresql.jp/docs/16/release-16-4.html,RELEASE-16-4,E.1.2. 変更点 #,,,"

contrib/postgres_fdwで「cursor can only scan forward」エラーを回避しました。
(Etsuro Fujita)
     

このエラーは、リモートサーバがv15以降で、外部テーブルが単純ではないリモートビューにマッピングされている場合に発生する可能性がありました。
     "
https://www.postgresql.jp/docs/16/release-16-4.html,RELEASE-16-4,E.1.2. 変更点 #,,,"

contrib/postgres_fdwでFETCH FIRST WITH TIES句をリモートサーバに送信しないようにしました。
(Japin Li)
     

リモートサーバはこの句を実装していないか、ローカルとは異なる解釈をする可能性があるため、リモート実行を避けました。
     "
https://www.postgresql.jp/docs/16/release-16-4.html,RELEASE-16-4,E.1.2. 変更点 #,,,"

システムが提供する<regex.h>ヘッダとの衝突を回避しました。
(Thomas Munro)
     

これにより、macOSバージョン15以降でのコンパイルの失敗が修正されます。
     "
https://www.postgresql.jp/docs/16/release-16-4.html,RELEASE-16-4,E.1.2. 変更点 #,,,"

Memoizeのコスト推定における、無害なアサーションエラーを修正しました。
(David Rowley)
     "
https://www.postgresql.jp/docs/16/release-16-4.html,RELEASE-16-4,E.1.2. 変更点 #,,,"

SP-GiSTインデックスに対するREINDEX CONCURRENTLY実行での無害なアサーションエラーを修正しました。
(Tom Lane)
     "
