https://support.ranorex.com/hc/en-us/articles/22490943032093-Ranorex-Studio-Previous-Release-Notes,12.1.0,General changes/features,Ranorex Studio is now compatible with Android 15 and iOS 18.
https://support.ranorex.com/hc/en-us/articles/22490943032093-Ranorex-Studio-Previous-Release-Notes,12.0.0,General changes/features,"Ranorex can now be used via a subscription license key.

Starting on January 6"","" 2025"","" new customers can purchase Ranorex Studio using subscription-based licensing.
To learn more about the new Subscription Licensing model"","" please visit: User Guide - Subscription Licensing


"
https://support.ranorex.com/hc/en-us/articles/22490943032093-Ranorex-Studio-Previous-Release-Notes,12.0.0,General changes/features,"Starting on January 6"","" 2025"","" new customers can purchase Ranorex Studio using subscription-based licensing."
https://support.ranorex.com/hc/en-us/articles/22490943032093-Ranorex-Studio-Previous-Release-Notes,12.0.0,General changes/features,"To learn more about the new Subscription Licensing model"","" please visit: User Guide - Subscription Licensing
"
https://support.ranorex.com/hc/en-us/articles/22490943032093-Ranorex-Studio-Previous-Release-Notes,11.7.0,General changes/features,"Introduced a keyboard solution for iOS applications"","" enabling seamless interaction with iOS keyboards while maintaining compatibility and eliminating limitations caused by Apple's restrictions for iOS 16 and above"","" blocking direct access to the system keyboard. This virtual keyboard simulates real keyboard behavior"","" ensuring uninterrupted functionality for users testing purposes.
Review the Virtual Keyboard article to gather more detailed information about this feature.
"
https://support.ranorex.com/hc/en-us/articles/22490943032093-Ranorex-Studio-Previous-Release-Notes,11.7.0,Bugs,"Fixed an issue where the TestID could not be found for Android applications using React Native"","" ensuring consistent element detection."
https://support.ranorex.com/hc/en-us/articles/22490943032093-Ranorex-Studio-Previous-Release-Notes,11.7.0,Bugs,"Resolved a problem in the Selenium integration where elements could not be located using RanoreXPath"","" improving cross-tool compatibility."
https://support.ranorex.com/hc/en-us/articles/22490943032093-Ranorex-Studio-Previous-Release-Notes,11.7.0,Bugs,"Addressed an unexpected behavior in the findElements method of RXDriver"","" enhancing stability during test execution."
https://support.ranorex.com/hc/en-us/articles/22490943032093-Ranorex-Studio-Previous-Release-Notes,11.7.0,Bugs,"Addressed several issues with iOS keyboard UI integration where elements were not recognized"","" ensuring smoother interactions with iOS apps."
https://support.ranorex.com/hc/en-us/articles/22490943032093-Ranorex-Studio-Previous-Release-Notes,11.7.0,Bugs,"Resolved an issue where the iOS search or return button on the keyboard was triggered automatically"","" improving user control during test scenarios."
https://support.ranorex.com/hc/en-us/articles/22490943032093-Ranorex-Studio-Previous-Release-Notes,11.7.0,Bugs,"Updated the behavior for the iOS virtual keyboard to ensure it does not display on devices running iOS versions below 15"","" disrupting usability and aligning with expected functionality for specific cases."
https://support.ranorex.com/hc/en-us/articles/22490943032093-Ranorex-Studio-Previous-Release-Notes,11.6.2,General changes/features,Specific UI elements (such as TreeView objects) are now properly handled and recognized in Ranorex Studio.
https://support.ranorex.com/hc/en-us/articles/22490943032093-Ranorex-Studio-Previous-Release-Notes,11.6.2,General changes/features,"Enhanced support for SAP applications"","" ensuring redundant scaling pop-up warnings do not disrupt tests."
https://support.ranorex.com/hc/en-us/articles/22490943032093-Ranorex-Studio-Previous-Release-Notes,11.6.2,Bugs,Resolved an issue where the TouchStart event was not supported for web testing on mobile devices.
https://support.ranorex.com/hc/en-us/articles/22490943032093-Ranorex-Studio-Previous-Release-Notes,11.6.2,Bugs,Resolved a problem where the 'raiseevent' action failed to raise the 'change' event after updating Ranorex.
https://support.ranorex.com/hc/en-us/articles/22490943032093-Ranorex-Studio-Previous-Release-Notes,11.6.2,Bugs,"Resolved an instrumentation error that occurred with iOS Native apps"","" enhancing reliability and stability during test execution."
https://support.ranorex.com/hc/en-us/articles/22490943032093-Ranorex-Studio-Previous-Release-Notes,11.6.2,Bugs,Resolved a build error when using Click CenterLeft with 'Location' as a repository variable.
https://support.ranorex.com/hc/en-us/articles/22490943032093-Ranorex-Studio-Previous-Release-Notes,11.6.1,General changes/features,This release introduces new settings that enable compatibility with older RXPaths(created with Ranorex Studio versions prior to 10.7.6).
https://support.ranorex.com/hc/en-us/articles/22490943032093-Ranorex-Studio-Previous-Release-Notes,11.6.1,Bugs,The WPF plugin is now significantly faster on applications built with .NET 5 and above.
https://support.ranorex.com/hc/en-us/articles/22490943032093-Ranorex-Studio-Previous-Release-Notes,11.6.1,Bugs,Performance issues during test execution have been resolved for both debug and non-debug mode applications built with .NET 5+
https://support.ranorex.com/hc/en-us/articles/22490943032093-Ranorex-Studio-Previous-Release-Notes,11.6.1,"Note: To learn more about the new settings included in this release, please visit these links for a more detailed explanation:",WPF (solution setting)
https://support.ranorex.com/hc/en-us/articles/22490943032093-Ranorex-Studio-Previous-Release-Notes,11.6.1,"Note: To learn more about the new settings included in this release, please visit these links for a more detailed explanation:",Different RxPaths upon updating Ranorex Studio
https://support.ranorex.com/hc/en-us/articles/22490943032093-Ranorex-Studio-Previous-Release-Notes,11.6.0,Features,Added tracking and object recognition of Swift UI elements when executing tests in iOS applications.
https://support.ranorex.com/hc/en-us/articles/22490943032093-Ranorex-Studio-Previous-Release-Notes,11.5.1,Bugs ,Users can properly configure UAT application configuration in Ranorex Service App
https://support.ranorex.com/hc/en-us/articles/22490943032093-Ranorex-Studio-Previous-Release-Notes,11.5.1,Bugs ,Fixed a crash of an Android application after successful instrumentation
https://support.ranorex.com/hc/en-us/articles/22490943032093-Ranorex-Studio-Previous-Release-Notes,11.5.1,Bugs ,Fixed a crash of an Android application after startup
https://support.ranorex.com/hc/en-us/articles/22490943032093-Ranorex-Studio-Previous-Release-Notes,11.5.1,Bugs ,Ranorex runs tests with Selenium Web-Driver and Edge-Chromium browser correctly
https://support.ranorex.com/hc/en-us/articles/22490943032093-Ranorex-Studio-Previous-Release-Notes,11.5.1,Bugs ,Ranorex correctly detects toolbar single elements of AUT based on .NET WinForms after upgrading to version 11.5.1
https://support.ranorex.com/hc/en-us/articles/22490943032093-Ranorex-Studio-Previous-Release-Notes,11.5.1,Bugs ,Fixed NullReferenceException in GridPattern.GetItem of UIA plugin when updating to Ranorex version 11.5.1
https://support.ranorex.com/hc/en-us/articles/22490943032093-Ranorex-Studio-Previous-Release-Notes,11.5.0,Bugs ,ExecuteScript function now works correctly in Ranorex Chrome extension
https://support.ranorex.com/hc/en-us/articles/22490943032093-Ranorex-Studio-Previous-Release-Notes,11.5.0,Bugs ,Dropdown option with TagValue can now be selected in Chrome
https://support.ranorex.com/hc/en-us/articles/22490943032093-Ranorex-Studio-Previous-Release-Notes,11.5.0,Bugs ,Document cookies can now be retrieved from Chrome
https://support.ranorex.com/hc/en-us/articles/22490943032093-Ranorex-Studio-Previous-Release-Notes,11.5.0,Bugs ,Web element property value can now be retrieved in Chrome
https://support.ranorex.com/hc/en-us/articles/22490943032093-Ranorex-Studio-Previous-Release-Notes,11.4.1,Bugs ,Dynamic properties of elements are now available in Spy for .NET6 applications
https://support.ranorex.com/hc/en-us/articles/22490943032093-Ranorex-Studio-Previous-Release-Notes,11.4.1,Bugs ,Screenshots are now uploaded correctly to the Applitools dashboard
https://support.ranorex.com/hc/en-us/articles/22490943032093-Ranorex-Studio-Previous-Release-Notes,11.4.1,Bugs ,Elements within dropdown lists are now properly tracked as separate elements
https://support.ranorex.com/hc/en-us/articles/22490943032093-Ranorex-Studio-Previous-Release-Notes,11.4.1,Bugs ,Ranorex no longer throws MSBuild errors on startup after installation
https://support.ranorex.com/hc/en-us/articles/22490943032093-Ranorex-Studio-Previous-Release-Notes,11.4.1,Bugs ,"Ranorex Spy is now able to identify Context Menu elements with Automation ID properties correctly Note: To enable this new setting"","" go to Settings > Plugins > UIA > Force recognition of context menus with UIA plugin and set the value to ÅgTrueÅhFor more information please visit the Plugin specific settings page"
https://support.ranorex.com/hc/en-us/articles/22490943032093-Ranorex-Studio-Previous-Release-Notes,11.4.1,Features ,"The existing OpenSSL version has been updated"","" allowing for extra security and stability"
https://support.ranorex.com/hc/en-us/articles/22490943032093-Ranorex-Studio-Previous-Release-Notes,11.4.1,This release includes updates to our iOS mobile products. https://support.ranorex.com/mobile-download-archive/ ,Ranorex iOS Distributable Certificate Renewal. Customers who rely on iOS test automation should download and install the updated iOS distributable files from the downloads page. The previous certificate expires on 17 August 2024.
https://support.ranorex.com/hc/en-us/articles/22490943032093-Ranorex-Studio-Previous-Release-Notes,11.4.0,Bugs,Ranorex is now able to identify table cells in SAP
https://support.ranorex.com/hc/en-us/articles/22490943032093-Ranorex-Studio-Previous-Release-Notes,11.4.0,Bugs,SAP ECC objects are now trackable
https://support.ranorex.com/hc/en-us/articles/22490943032093-Ranorex-Studio-Previous-Release-Notes,11.4.0,Bugs,Ranorex Spy is now able to track individual SAP GUI elements
https://support.ranorex.com/hc/en-us/articles/22490943032093-Ranorex-Studio-Previous-Release-Notes,11.3.3,Bugs ,Elements with QTreeWidget can now be tracked correctly
https://support.ranorex.com/hc/en-us/articles/22490943032093-Ranorex-Studio-Previous-Release-Notes,11.3.3,Bugs ,The SetValue action is now able to be executed with success on iOS devices using the Safari browser
https://support.ranorex.com/hc/en-us/articles/22490943032093-Ranorex-Studio-Previous-Release-Notes,11.3.3,Bugs ,Ranorex can successfully connect to JIRA with new API Tokens 
https://support.ranorex.com/hc/en-us/articles/22490943032093-Ranorex-Studio-Previous-Release-Notes,11.3.3,Bugs ,Chrome and Edge browsers can be successfully launched with the clearCookies flag set to True
https://support.ranorex.com/hc/en-us/articles/22490943032093-Ranorex-Studio-Previous-Release-Notes,11.3.3,Bugs ,Ranorex can identify specific Delphi elements (Checkbox in Grid cell and Tab control)
https://support.ranorex.com/hc/en-us/articles/22490943032093-Ranorex-Studio-Previous-Release-Notes,11.3.2,Bugs ,Size and quality of images in PDF reports can now be changed as expected
https://support.ranorex.com/hc/en-us/articles/22490943032093-Ranorex-Studio-Previous-Release-Notes,11.3.2,Bugs ,CSV reports now include data even when data-driven testing is applied to a smart folder
https://support.ranorex.com/hc/en-us/articles/22490943032093-Ranorex-Studio-Previous-Release-Notes,11.3.2,Bugs ,Individual elements in 64-bit applications can now be properly tracked
https://support.ranorex.com/hc/en-us/articles/22490943032093-Ranorex-Studio-Previous-Release-Notes,11.3.2,Bugs ,Applitools integration no longer runs into an unexpected error
https://support.ranorex.com/hc/en-us/articles/22490943032093-Ranorex-Studio-Previous-Release-Notes,11.3.1,General changes/features ,ÅeLocationÅf can now be used as a repo variable. It will be automatically set as ÅeLocation1Åf upon creation
https://support.ranorex.com/hc/en-us/articles/22490943032093-Ranorex-Studio-Previous-Release-Notes,11.3.1,General changes/features ,The name of the active Excel worksheet can now be read and fetched
https://support.ranorex.com/hc/en-us/articles/22490943032093-Ranorex-Studio-Previous-Release-Notes,11.3.1,General changes/features ,"Ranorex Driver is now compatible with Python Selenium 3.14.0"","" 3.141.0 & 4.19.0"
https://support.ranorex.com/hc/en-us/articles/22490943032093-Ranorex-Studio-Previous-Release-Notes,11.3.1,Bugs ,Ranorex now works correctly in remote machines where it is not installed
https://support.ranorex.com/hc/en-us/articles/22490943032093-Ranorex-Studio-Previous-Release-Notes,11.3.1,Bugs ,Generic UI elements are now properly recognized both in Ranorex Studio and Spy
https://support.ranorex.com/hc/en-us/articles/22490943032093-Ranorex-Studio-Previous-Release-Notes,11.3.1,Bugs ,Option tags now work correctly
https://support.ranorex.com/hc/en-us/articles/22490943032093-Ranorex-Studio-Previous-Release-Notes,11.3.1,Bugs ,JUnit reports can now be successfully exported to XRay
https://support.ranorex.com/hc/en-us/articles/22490943032093-Ranorex-Studio-Previous-Release-Notes,11.3.0,General changes/features,Ranorex Studio is now compatible with Android 13 and Android 14
https://support.ranorex.com/hc/en-us/articles/22490943032093-Ranorex-Studio-Previous-Release-Notes,11.3.0,Bugs,Elements can now correctly be detected and touched after swiping up on Android
https://support.ranorex.com/hc/en-us/articles/22490943032093-Ranorex-Studio-Previous-Release-Notes,11.3.0,Bugs,Inject events are now handled correctly on Android
https://support.ranorex.com/hc/en-us/articles/22490943032093-Ranorex-Studio-Previous-Release-Notes,11.3.0,Bugs,Content from tabs is now properly tracked through USB and WiFi on Android
https://support.ranorex.com/hc/en-us/articles/22490943032093-Ranorex-Studio-Previous-Release-Notes,11.3.0,Bugs,Several Android default controls now work as expected
https://support.ranorex.com/hc/en-us/articles/22490943032093-Ranorex-Studio-Previous-Release-Notes,11.2.1,Bugs,Fixed several issues with Edge instrumentation
https://support.ranorex.com/hc/en-us/articles/22490943032093-Ranorex-Studio-Previous-Release-Notes,11.2.1,Bugs,"Edge can now be launched correctly using Windows 11"","" version 22H2"
https://support.ranorex.com/hc/en-us/articles/22490943032093-Ranorex-Studio-Previous-Release-Notes,11.2.1,Bugs,Chrome and Edge can now be launched with the clearCookies flag set to True
https://support.ranorex.com/hc/en-us/articles/22490943032093-Ranorex-Studio-Previous-Release-Notes,11.2.1,Bugs,Elements and clicks outside of the screen on Java tables are now properly tracked
https://support.ranorex.com/hc/en-us/articles/22490943032093-Ranorex-Studio-Previous-Release-Notes,11.2.1,Bugs,Added mscorlib.dll as reference after importing external packages
https://support.ranorex.com/hc/en-us/articles/22490943032093-Ranorex-Studio-Previous-Release-Notes,11.2.1,Bugs,The tab pages of the AUT can now be navigated through
https://support.ranorex.com/hc/en-us/articles/22490943032093-Ranorex-Studio-Previous-Release-Notes,11.2.0,General changes/features,Ranorex Studio is now compatible with iOS 17
https://support.ranorex.com/hc/en-us/articles/22490943032093-Ranorex-Studio-Previous-Release-Notes,11.2.0,Bugs,Elements and images are now displayed correctly when tracked through Spy for UISplitViewController application
https://support.ranorex.com/hc/en-us/articles/22490943032093-Ranorex-Studio-Previous-Release-Notes,11.2.0,Bugs,Text inside Empty_state of the iOS 17 feature app is now trackable
https://support.ranorex.com/hc/en-us/articles/22490943032093-Ranorex-Studio-Previous-Release-Notes,11.2.0,Bugs,Elements are now properly tracked in the Safari browser
https://support.ranorex.com/hc/en-us/articles/22490943032093-Ranorex-Studio-Previous-Release-Notes,11.2.0,Bugs,FetchstartableApps is now working in Spy
https://support.ranorex.com/hc/en-us/articles/22490943032093-Ranorex-Studio-Previous-Release-Notes,11.2.0,Bugs,Fixed an issue with the HasFocus attribute when an element in the menu bar was selected in Spy
https://support.ranorex.com/hc/en-us/articles/22490943032093-Ranorex-Studio-Previous-Release-Notes,11.1.3,General changes/features,Ranorex updated KeePass to version 2.55
https://support.ranorex.com/hc/en-us/articles/22490943032093-Ranorex-Studio-Previous-Release-Notes,11.1.3,Bugs,The Invoke action Select() now works as expected in web applications after a page refresh 
https://support.ranorex.com/hc/en-us/articles/22490943032093-Ranorex-Studio-Previous-Release-Notes,11.1.3,Bugs,Fixed bug related to API Level 33 that made instrumented Android apps not open as expected
https://support.ranorex.com/hc/en-us/articles/22490943032093-Ranorex-Studio-Previous-Release-Notes,11.1.3,Bugs,PDF reports are now properly created when the ÅgInclude video reportingÅh option is enabled
https://support.ranorex.com/hc/en-us/articles/22490943032093-Ranorex-Studio-Previous-Release-Notes,11.1.3,Bugs,Video links are no longer missing in PDF reports
https://support.ranorex.com/hc/en-us/articles/22490943032093-Ranorex-Studio-Previous-Release-Notes,11.1.2,General changes/features,Added support for Qt version 6.3
https://support.ranorex.com/hc/en-us/articles/22490943032093-Ranorex-Studio-Previous-Release-Notes,11.1.2,Bugs,Fixed bug where AccesibleName property value was not being shown for desktop applications built using QT 5 
https://support.ranorex.com/hc/en-us/articles/22490943032093-Ranorex-Studio-Previous-Release-Notes,11.1.2,Bugs,Fixed bug where Oracle form objects were not getting tracked
https://support.ranorex.com/hc/en-us/articles/22490943032093-Ranorex-Studio-Previous-Release-Notes,11.1.2,Bugs,Fixed bug where it was unable to detect Desktop App Table Rows and Cells for Delphi Based applications
https://support.ranorex.com/hc/en-us/articles/22490943032093-Ranorex-Studio-Previous-Release-Notes,11.1.2,Bugs,Ranorex driver now supports the isDisplayed() Selenium webdriver command
https://support.ranorex.com/hc/en-us/articles/22490943032093-Ranorex-Studio-Previous-Release-Notes,11.1.1,Bugs,Addressed instrumented Android app crashing while opening and recording
https://support.ranorex.com/hc/en-us/articles/22490943032093-Ranorex-Studio-Previous-Release-Notes,11.1.1,Bugs,Fixed bug with instrumented iOS app crashing while opening
https://support.ranorex.com/hc/en-us/articles/22490943032093-Ranorex-Studio-Previous-Release-Notes,11.1.1,Bugs,Addressed an issue related to iPad AUT elements
https://support.ranorex.com/hc/en-us/articles/22490943032093-Ranorex-Studio-Previous-Release-Notes,11.1.1,Bugs,Child items to Infragistics combo box controls are now detected as expected
https://support.ranorex.com/hc/en-us/articles/22490943032093-Ranorex-Studio-Previous-Release-Notes,11.1.1,Bugs,Fixed issue related to InvokeRemotely
https://support.ranorex.com/hc/en-us/articles/22490943032093-Ranorex-Studio-Previous-Release-Notes,11.1.0,General changes/features,Support for Google Chrome and Microsoft Edge parallel automation
https://support.ranorex.com/hc/en-us/articles/22490943032093-Ranorex-Studio-Previous-Release-Notes,11.1.0,Bugs,Fixed bug to inject UIA plugin by supporting ÅgCom-basedÅh client APIs
https://support.ranorex.com/hc/en-us/articles/22490943032093-Ranorex-Studio-Previous-Release-Notes,11.1.0,Bugs,MSAA (Microsoft Active Accessibility) elements are no longer duplicated on Ranorex Spy
https://support.ranorex.com/hc/en-us/articles/22490943032093-Ranorex-Studio-Previous-Release-Notes,11.1.0,Bugs,Openbrowser() now works as expected on Google Chrome and Microsoft Edge
https://support.ranorex.com/hc/en-us/articles/22490943032093-Ranorex-Studio-Previous-Release-Notes,11.1.0,Bugs,Fixed bug related to data-driven testing while setting the ÅgUse cacheÅh property set to ÅgTrueÅh
https://support.ranorex.com/hc/en-us/articles/22490943032093-Ranorex-Studio-Previous-Release-Notes,11.0.0,General changes/features,"Ranorex now supports Selenium 4. This includes compatibility with:

Selenium server for remote web testing
Selenium Grid
Selenium 4 new syntax"","" protocol"","" and APIs
Selenium scripts in Python"","" C#"","" and Java
Chrome DevTools
The latest versions of Google Chrome"","" Mozilla Firefox"","" Safari"","" and Microsoft Edge across Windows"","" Linux"","" and macOS
All mouse and keyboard actions

"
https://support.ranorex.com/hc/en-us/articles/22490943032093-Ranorex-Studio-Previous-Release-Notes,11.0.0,General changes/features,Selenium server for remote web testing
https://support.ranorex.com/hc/en-us/articles/22490943032093-Ranorex-Studio-Previous-Release-Notes,11.0.0,General changes/features,Selenium Grid
https://support.ranorex.com/hc/en-us/articles/22490943032093-Ranorex-Studio-Previous-Release-Notes,11.0.0,General changes/features,"Selenium 4 new syntax"","" protocol"","" and APIs"
https://support.ranorex.com/hc/en-us/articles/22490943032093-Ranorex-Studio-Previous-Release-Notes,11.0.0,General changes/features,"Selenium scripts in Python"","" C#"","" and Java"
https://support.ranorex.com/hc/en-us/articles/22490943032093-Ranorex-Studio-Previous-Release-Notes,11.0.0,General changes/features,Chrome DevTools
https://support.ranorex.com/hc/en-us/articles/22490943032093-Ranorex-Studio-Previous-Release-Notes,11.0.0,General changes/features,"The latest versions of Google Chrome"","" Mozilla Firefox"","" Safari"","" and Microsoft Edge across Windows"","" Linux"","" and macOS"
https://support.ranorex.com/hc/en-us/articles/22490943032093-Ranorex-Studio-Previous-Release-Notes,11.0.0,General changes/features,All mouse and keyboard actions
https://support.ranorex.com/hc/en-us/articles/22490943032093-Ranorex-Studio-Previous-Release-Notes,11.0.0,Bugs,The Ranorex Studio Setup WizardÅfs third step has been updated to include a fixed ÅgBackÅh button and a visible title
https://support.ranorex.com/hc/en-us/articles/22490943032093-Ranorex-Studio-Previous-Release-Notes,11.0.0,Bugs,Config.toml file changes are now also reflected after restarting Ranorex Driver
https://support.ranorex.com/hc/en-us/articles/22490943032093-Ranorex-Studio-Previous-Release-Notes,11.0.0,This release comes with a number of bug fixes related to the use of Selenium WebDriver:,Fixed logged message when opening web browsers via endpoints
https://support.ranorex.com/hc/en-us/articles/22490943032093-Ranorex-Studio-Previous-Release-Notes,11.0.0,This release comes with a number of bug fixes related to the use of Selenium WebDriver:,ÅgValueÅh attribute validation no longer fails when it is set to Åg(null)Åh
https://support.ranorex.com/hc/en-us/articles/22490943032093-Ranorex-Studio-Previous-Release-Notes,11.0.0,This release comes with a number of bug fixes related to the use of Selenium WebDriver:,"We have solved issues with the validation of attributes ÅgHasFocusÅh"","" ÅgDisabledÅh"","" ÅgDraggableÅh"
https://support.ranorex.com/hc/en-us/articles/22490943032093-Ranorex-Studio-Previous-Release-Notes,11.0.0,This release comes with a number of bug fixes related to the use of Selenium WebDriver:,Fixed validation issue related to color codes
https://support.ranorex.com/hc/en-us/articles/22490943032093-Ranorex-Studio-Previous-Release-Notes,11.0.0,This release comes with a number of bug fixes related to the use of Selenium WebDriver:,Added support for critical sequences
https://support.ranorex.com/hc/en-us/articles/22490943032093-Ranorex-Studio-Previous-Release-Notes,11.0.0,This release comes with a number of bug fixes related to the use of Selenium WebDriver:,ÅgDoubleClickÅh mouse actions now successfully select text within input fields
https://support.ranorex.com/hc/en-us/articles/22490943032093-Ranorex-Studio-Previous-Release-Notes,11.0.0,This release comes with a number of bug fixes related to the use of Selenium WebDriver:,Drag and drop mouse action is now supported
https://support.ranorex.com/hc/en-us/articles/22490943032093-Ranorex-Studio-Previous-Release-Notes,11.0.0,This release comes with a number of bug fixes related to the use of Selenium WebDriver:,iFrame elements are correctly detected
https://support.ranorex.com/hc/en-us/articles/22490943032093-Ranorex-Studio-Previous-Release-Notes,11.0.0,This release comes with a number of bug fixes related to the use of Selenium WebDriver:,Window popup modals are now detected
https://support.ranorex.com/hc/en-us/articles/22490943032093-Ranorex-Studio-Previous-Release-Notes,11.0.0,This release comes with a number of bug fixes related to the use of Selenium WebDriver:,Elements with their Ågaria-disabledÅh attribute set to True are now shown as disabled
https://support.ranorex.com/hc/en-us/articles/22490943032093-Ranorex-Studio-Previous-Release-Notes,11.0.0,This release comes with a number of bug fixes related to the use of Selenium WebDriver:,Individual elements within a slider can now be tracked separately
https://support.ranorex.com/hc/en-us/articles/22490943032093-Ranorex-Studio-Previous-Release-Notes,11.0.0,This release comes with a number of bug fixes related to the use of Selenium WebDriver:,JavaScript alert boxes can now be tracked
https://support.ranorex.com/hc/en-us/articles/22490943032093-Ranorex-Studio-Previous-Release-Notes,11.0.0,This release comes with a number of bug fixes related to the use of Selenium WebDriver:,Fixed bug related to inverted captured images during test runs
https://support.ranorex.com/hc/en-us/articles/22490943032093-Ranorex-Studio-Previous-Release-Notes,11.0.0,This release comes with a number of bug fixes related to the use of Selenium WebDriver:,Chrome execution failure was addressed
https://support.ranorex.com/hc/en-us/articles/22490943032093-Ranorex-Studio-Previous-Release-Notes,10.7.6,General changes/features,Ranorex now supports WinForms applications containing WPF UI items
https://support.ranorex.com/hc/en-us/articles/22490943032093-Ranorex-Studio-Previous-Release-Notes,10.7.6,General changes/features,"Ranorex now offers a new option called UiaPreferred_WpfImprovedOnly"","" which combines UiaPreferred and WpfImprovedOnly options

For more information"","" refer to the User Guide Plugin Specific Settings ? WPF Legacy/UIA Interaction section.

"
https://support.ranorex.com/hc/en-us/articles/22490943032093-Ranorex-Studio-Previous-Release-Notes,10.7.6,General changes/features,"For more information"","" refer to the User Guide Plugin Specific Settings ? WPF Legacy/UIA Interaction section."
https://support.ranorex.com/hc/en-us/articles/22490943032093-Ranorex-Studio-Previous-Release-Notes,10.7.6,Bugs,Recognition of WPF applicationsÅf tree of elements is now consistent between Ranorex 10.2.3 and 10.3.0
https://support.ranorex.com/hc/en-us/articles/22490943032093-Ranorex-Studio-Previous-Release-Notes,10.7.6,Bugs,FindSingle now returns a WinForms.core element instead of a WinForms element
https://support.ranorex.com/hc/en-us/articles/22490943032093-Ranorex-Studio-Previous-Release-Notes,10.7.6,Bugs,Fixed WpfRemotingException error message
https://support.ranorex.com/hc/en-us/articles/22490943032093-Ranorex-Studio-Previous-Release-Notes,10.7.6,Bugs,CMD-generated .rxlog data reports are no longer empty
https://support.ranorex.com/hc/en-us/articles/22490943032093-Ranorex-Studio-Previous-Release-Notes,10.7.6,Bugs,InvokeRemotely is now supported by WinForms and WinForms.Core plugins
https://support.ranorex.com/hc/en-us/articles/22490943032093-Ranorex-Studio-Previous-Release-Notes,10.7.5,Bugs,The DOM structure is now properly tracked on Firefox 114.0
https://support.ranorex.com/hc/en-us/articles/22490943032093-Ranorex-Studio-Previous-Release-Notes,10.7.5,Bugs,Ranorex Chrome extension no longer causes the redirect to Google from Microsoft websites
https://support.ranorex.com/hc/en-us/articles/22490943032093-Ranorex-Studio-Previous-Release-Notes,10.7.5,Bugs,Ranorex Chrome extension now works as expected in Ranorex 10.6.1 when selecting values from a combo box
https://support.ranorex.com/hc/en-us/articles/22490943032093-Ranorex-Studio-Previous-Release-Notes,10.7.5,Bugs,"Command Prompt"","" PowerShell"","" Excel VBA"","" and Microsoft Word text area elements are now correctly recognized"
https://support.ranorex.com/hc/en-us/articles/22490943032093-Ranorex-Studio-Previous-Release-Notes,10.7.5,Chrome Extension,Chrome extension V3 version 1.4.1 is compatible with Ranorex versions 10.7.5 to the latest
https://support.ranorex.com/hc/en-us/articles/22490943032093-Ranorex-Studio-Previous-Release-Notes,10.7.5,Chrome Extension,Chrome extension V3 version 1.4.0 is compatible with Ranorex versions 10.7.2 to 10.7.4
https://support.ranorex.com/hc/en-us/articles/22490943032093-Ranorex-Studio-Previous-Release-Notes,10.7.5,Chrome Extension,Chrome extension V2 version 1.3.1 is compatible with Ranorex versions prior to 10.7.2
https://support.ranorex.com/hc/en-us/articles/22490943032093-Ranorex-Studio-Previous-Release-Notes,10.7.5,Firefox Extension,The Firefox extension is bundled with the Ranorex download file
https://support.ranorex.com/hc/en-us/articles/22490943032093-Ranorex-Studio-Previous-Release-Notes,10.7.5,Firefox Extension,"To get the new version of the Firefox extension"","" the user must download the latest Ranorex release (it cannot be installed manually with older versions of Ranorex)"
https://support.ranorex.com/hc/en-us/articles/22490943032093-Ranorex-Studio-Previous-Release-Notes,10.7.5,Firefox Extension,The old version of the Firefox extension is compatible with Ranorex versions prior to 10.7.5
https://support.ranorex.com/hc/en-us/articles/22490943032093-Ranorex-Studio-Previous-Release-Notes,10.7.5,Firefox Extension,The new version of the Firefox extension is compatible with Ranorex versions 10.7.5 to the latest
https://support.ranorex.com/hc/en-us/articles/22490943032093-Ranorex-Studio-Previous-Release-Notes,10.7.5,Firefox Extension,"For the Firefox extension to work correctly"","" the user must perform these steps:

Open a new tab in Firefox and navigate to the URL about:addons
In the left-hand side menu"","" click on the ÅgExtensionsÅh tab
Find the Ranorex Automation extension and click on it to expand the options
In the section ÅgOptional permissions for added functionalityÅh"","" enable ÅgAccess your data for all websitesÅh

"
https://support.ranorex.com/hc/en-us/articles/22490943032093-Ranorex-Studio-Previous-Release-Notes,10.7.5,Firefox Extension,Open a new tab in Firefox and navigate to the URL about:addons
https://support.ranorex.com/hc/en-us/articles/22490943032093-Ranorex-Studio-Previous-Release-Notes,10.7.5,Firefox Extension,"In the left-hand side menu"","" click on the ÅgExtensionsÅh tab"
https://support.ranorex.com/hc/en-us/articles/22490943032093-Ranorex-Studio-Previous-Release-Notes,10.7.5,Firefox Extension,Find the Ranorex Automation extension and click on it to expand the options
https://support.ranorex.com/hc/en-us/articles/22490943032093-Ranorex-Studio-Previous-Release-Notes,10.7.5,Firefox Extension,"In the section ÅgOptional permissions for added functionalityÅh"","" enable ÅgAccess your data for all websitesÅh"
https://support.ranorex.com/hc/en-us/articles/22490943032093-Ranorex-Studio-Previous-Release-Notes,10.7.4,General changes/features,Ranorex can now validate text components in Android apps using the color attribute
https://support.ranorex.com/hc/en-us/articles/22490943032093-Ranorex-Studio-Previous-Release-Notes,10.7.4,General changes/features,"Ranorex is now compatible with React Native applications and can recognize its elements"","" controls"","" and properties"
https://support.ranorex.com/hc/en-us/articles/22490943032093-Ranorex-Studio-Previous-Release-Notes,10.7.4,Bugs,Calendar contents and floating messages are now properly identified when using Spy and Studio
https://support.ranorex.com/hc/en-us/articles/22490943032093-Ranorex-Studio-Previous-Release-Notes,10.7.4,Bugs,The APKsÅf titles are now successfully identified
https://support.ranorex.com/hc/en-us/articles/22490943032093-Ranorex-Studio-Previous-Release-Notes,10.7.4,Bugs,The popup for ÅgYour SignatureÅh is now recognized and trackable
https://support.ranorex.com/hc/en-us/articles/22490943032093-Ranorex-Studio-Previous-Release-Notes,10.7.4,Bugs,Contents only visible after scrolling are now correctly identified and trackable in Spy
https://support.ranorex.com/hc/en-us/articles/22490943032093-Ranorex-Studio-Previous-Release-Notes,10.7.4,Bugs,Fixed bug that prevented proper tracking of the settings tab in Xamarin applications
https://support.ranorex.com/hc/en-us/articles/22490943032093-Ranorex-Studio-Previous-Release-Notes,10.7.4,Bugs,Keypads in Android apps now stay visible when any text field is accessed
https://support.ranorex.com/hc/en-us/articles/22490943032093-Ranorex-Studio-Previous-Release-Notes,10.7.4,Bugs,Fixed bug that caused the installation of the Android Sample solution to fail
https://support.ranorex.com/hc/en-us/articles/22490943032093-Ranorex-Studio-Previous-Release-Notes,10.7.3,BUGS:,RanoreXPath updates properly when creating new weight rules
https://support.ranorex.com/hc/en-us/articles/22490943032093-Ranorex-Studio-Previous-Release-Notes,10.7.3,BUGS:,Copying and pasting test cases or smart folders with variables bound as parameters now work as expected
https://support.ranorex.com/hc/en-us/articles/22490943032093-Ranorex-Studio-Previous-Release-Notes,10.7.3,BUGS:,Fixed a bug that caused Ranorex Agent to rarely create a corrupt .rxzlog file
https://support.ranorex.com/hc/en-us/articles/22490943032093-Ranorex-Studio-Previous-Release-Notes,10.7.3,NOTE:This release includes updates to our mobile products. https://www.ranorex.com/mobile-download-archive/,Ranorex iOS Distributable Certificate Renewal. Customers should download and installthe updated iOS distributable files from the downloads page.
https://support.ranorex.com/hc/en-us/articles/22490943032093-Ranorex-Studio-Previous-Release-Notes,10.7.3,NOTE:This release includes updates to our mobile products. https://www.ranorex.com/mobile-download-archive/,Updated Android RxLibVersion 2.3.4 that should be used with Ranorex versionsincluding 10.2.0 to present.
https://support.ranorex.com/hc/en-us/articles/22490943032093-Ranorex-Studio-Previous-Release-Notes,10.7.2,Bugs,RanoreXPath and weight rules now work as expected
https://support.ranorex.com/hc/en-us/articles/22490943032093-Ranorex-Studio-Previous-Release-Notes,10.7.2,Bugs,Ranorex prevents AUT crashes by not delegating the invoking Form actions to Delphi native side
https://support.ranorex.com/hc/en-us/articles/22490943032093-Ranorex-Studio-Previous-Release-Notes,10.7.2,Bugs,Fixed a bug that prevented specific Android applications from launching properly after instrumentation
https://support.ranorex.com/hc/en-us/articles/22490943032093-Ranorex-Studio-Previous-Release-Notes,10.7.2,Bugs,The UIAutomation plugin filters out WinForms elements to avoid duplicates in the element tree
https://support.ranorex.com/hc/en-us/articles/22490943032093-Ranorex-Studio-Previous-Release-Notes,10.7.1,General changes/features,"Ranorex now supports .NET 5"","" .NET 6"","" and .NET 7 applications"
https://support.ranorex.com/hc/en-us/articles/22490943032093-Ranorex-Studio-Previous-Release-Notes,10.7.1,General changes/features,Improved element recognition and performance in .NET 5 and .NET 6 applications
https://support.ranorex.com/hc/en-us/articles/22490943032093-Ranorex-Studio-Previous-Release-Notes,10.7.1,General changes/features,The installation wizard now offers the option to update older versions of Ranorex prerequisites previously installed on the computer
https://support.ranorex.com/hc/en-us/articles/22490943032093-Ranorex-Studio-Previous-Release-Notes,10.7.1,General changes/features,Added option for changing Ranorex AgentÅfs default port
https://support.ranorex.com/hc/en-us/articles/22490943032093-Ranorex-Studio-Previous-Release-Notes,10.7.1,General changes/features,Updated Ranorex Agent installer
https://support.ranorex.com/hc/en-us/articles/22490943032093-Ranorex-Studio-Previous-Release-Notes,10.7.1,General changes/features,New setting for keeping original signature files after instrumentation
https://support.ranorex.com/hc/en-us/articles/22490943032093-Ranorex-Studio-Previous-Release-Notes,10.7.1,Bugs,Fixed bugs reported during platform certification projects
https://support.ranorex.com/hc/en-us/articles/22490943032093-Ranorex-Studio-Previous-Release-Notes,10.7.1,Bugs,Maximize() now works as expected on WPF applications with .NET 6
https://support.ranorex.com/hc/en-us/articles/22490943032093-Ranorex-Studio-Previous-Release-Notes,10.7.1,Bugs,Buttons text can be tracked in WPF applications
https://support.ranorex.com/hc/en-us/articles/22490943032093-Ranorex-Studio-Previous-Release-Notes,10.7.1,Bugs,Nested Windows Forms elements are now visible in .NET 6 applications
https://support.ranorex.com/hc/en-us/articles/22490943032093-Ranorex-Studio-Previous-Release-Notes,10.7.1,Bugs,Ranorex now checks if files are .NET assemblies when loading solutions
https://support.ranorex.com/hc/en-us/articles/22490943032093-Ranorex-Studio-Previous-Release-Notes,10.7.1,Bugs,Oracle Forms elements are now correctly recognized as not visible and not enabled
https://support.ranorex.com/hc/en-us/articles/22490943032093-Ranorex-Studio-Previous-Release-Notes,10.7.1,Bugs,Oracle Forms multi-row tables are identified as expected
https://support.ranorex.com/hc/en-us/articles/22490943032093-Ranorex-Studio-Previous-Release-Notes,10.7.1,Bugs,Fixed bug that allowed users to check both PDF report properties checkboxes
https://support.ranorex.com/hc/en-us/articles/22490943032093-Ranorex-Studio-Previous-Release-Notes,10.7.1,Bugs,Embedded Edge and Chromium browser objects are adequately identified
https://support.ranorex.com/hc/en-us/articles/22490943032093-Ranorex-Studio-Previous-Release-Notes,10.7.1,Bugs,Fixed bug with Microsoft Edge WebView2 elements tracking
https://support.ranorex.com/hc/en-us/articles/22490943032093-Ranorex-Studio-Previous-Release-Notes,10.7.0,General changes/features,Ranorex Studio is now compatible with iOS 16
https://support.ranorex.com/hc/en-us/articles/22490943032093-Ranorex-Studio-Previous-Release-Notes,10.7.0,General changes/features,Ranorex Studio now supports iOSÅfs Safari web browser testing
https://support.ranorex.com/hc/en-us/articles/22490943032093-Ranorex-Studio-Previous-Release-Notes,10.7.0,Bugs,Device orientation set via user code now works as expected on iOS 15 and iPad OS 15
https://support.ranorex.com/hc/en-us/articles/22490943032093-Ranorex-Studio-Previous-Release-Notes,10.7.0,Bugs,Accessibility labels of UITextFields and UITextViews (on iOS 16) are now recognized
https://support.ranorex.com/hc/en-us/articles/22490943032093-Ranorex-Studio-Previous-Release-Notes,10.7.0,Bugs,Login popup windows on RxBrowser in iOS devices now work as expected
https://support.ranorex.com/hc/en-us/articles/22490943032093-Ranorex-Studio-Previous-Release-Notes,10.7.0,Bugs,Mobile iOS Sample solution runs successfully on devices with iOS 15 and 16
https://support.ranorex.com/hc/en-us/articles/22490943032093-Ranorex-Studio-Previous-Release-Notes,10.7.0,Bugs,Fixed bug that occasionally made apps crash on iOS 15 and 16
https://support.ranorex.com/hc/en-us/articles/22490943032093-Ranorex-Studio-Previous-Release-Notes,10.7.0,Bugs,Set value action sets the time correctly when changing the values of Hours and Minutes on iOS
https://support.ranorex.com/hc/en-us/articles/22490943032093-Ranorex-Studio-Previous-Release-Notes,10.7.0,Bugs,Mobile key press {ENTER} action now executes successfully when running the iOS sample solution on iOS 16 and iPadOS 16
https://support.ranorex.com/hc/en-us/articles/22490943032093-Ranorex-Studio-Previous-Release-Notes,10.7.0,Bugs,Fixed bugs on RanorexÅfs DemoApplication related to selecting the Popover button and UICollectionView option
https://support.ranorex.com/hc/en-us/articles/22490943032093-Ranorex-Studio-Previous-Release-Notes,10.6.1,General changes/features,Added a JUnit report setting to show the error output after the standard output
https://support.ranorex.com/hc/en-us/articles/22490943032093-Ranorex-Studio-Previous-Release-Notes,10.6.1,Bugs,Ranorex Driver executable in the Ranorex Studio installation folder now starts the application as expected
https://support.ranorex.com/hc/en-us/articles/22490943032093-Ranorex-Studio-Previous-Release-Notes,10.6.1,Bugs,Microsoft FxCop is now compatible with Ranorex Studio 64-bit
https://support.ranorex.com/hc/en-us/articles/22490943032093-Ranorex-Studio-Previous-Release-Notes,10.6.1,Bugs,Fixed bug that produced an empty .rxlog data report when generated with the command line and specific parameter options (/pa and /tcpa)
https://support.ranorex.com/hc/en-us/articles/22490943032093-Ranorex-Studio-Previous-Release-Notes,10.6.1,Bugs,Fixed bug that triggered a LineageGlueRule exception when running certain solutions on a remote machine
https://support.ranorex.com/hc/en-us/articles/22490943032093-Ranorex-Studio-Previous-Release-Notes,10.6.1,Bugs,Elements are now correctly recognized and tracked in QT6 applications
https://support.ranorex.com/hc/en-us/articles/22490943032093-Ranorex-Studio-Previous-Release-Notes,10.6.0,Bugs,Ranorex correctly recognizes Taskbar elements while recording a test
https://support.ranorex.com/hc/en-us/articles/22490943032093-Ranorex-Studio-Previous-Release-Notes,10.6.0,Bugs,"The ÅgRanorex technology limitationÅh message no longer appears when inspecting the properties of an item (e.g."","" the Desktop folder)"
https://support.ranorex.com/hc/en-us/articles/22490943032093-Ranorex-Studio-Previous-Release-Notes,10.6.0,Bugs,Ranorex is now able to inspect the different options inside the properties menu
https://support.ranorex.com/hc/en-us/articles/22490943032093-Ranorex-Studio-Previous-Release-Notes,10.6.0,Bugs,Ranorex does not crash when ÅgUse QT legacy automation modeÅh is set to ÅgTrueÅh
https://support.ranorex.com/hc/en-us/articles/22490943032093-Ranorex-Studio-Previous-Release-Notes,10.6.0,Bugs,Items inside Google Chrome are now properly detected
https://support.ranorex.com/hc/en-us/articles/22490943032093-Ranorex-Studio-Previous-Release-Notes,10.6.0,Bugs,"Ranorex (Windows 11) fixed bugs:

The rxlog report displays the correct OS after running a solution
Ranorex no longer crashes while testing the Command Prompt
Key sequence action works as expected when the system and keyboard languages are set to Japanese

"
https://support.ranorex.com/hc/en-us/articles/22490943032093-Ranorex-Studio-Previous-Release-Notes,10.6.0,Bugs,The rxlog report displays the correct OS after running a solution
https://support.ranorex.com/hc/en-us/articles/22490943032093-Ranorex-Studio-Previous-Release-Notes,10.6.0,Bugs,Ranorex no longer crashes while testing the Command Prompt
https://support.ranorex.com/hc/en-us/articles/22490943032093-Ranorex-Studio-Previous-Release-Notes,10.6.0,Bugs,Key sequence action works as expected when the system and keyboard languages are set to Japanese
https://support.ranorex.com/hc/en-us/articles/22490943032093-Ranorex-Studio-Previous-Release-Notes,10.5.5,General changes/features,Ranorex can now recognize and track elements by their AutomationId to enhance performance
https://support.ranorex.com/hc/en-us/articles/22490943032093-Ranorex-Studio-Previous-Release-Notes,10.5.5,Bugs,Ranorex no longer crashes while testing Delphi apps
https://support.ranorex.com/hc/en-us/articles/22490943032093-Ranorex-Studio-Previous-Release-Notes,10.5.5,Bugs,"Improved performance of elements recognition"","" validation"","" and interaction during the test run"
https://support.ranorex.com/hc/en-us/articles/22490943032093-Ranorex-Studio-Previous-Release-Notes,10.5.5,Bugs,"When rearranging repository items into folders"","" their paths are properly updated in the user code"
https://support.ranorex.com/hc/en-us/articles/22490943032093-Ranorex-Studio-Previous-Release-Notes,10.5.5,Bugs,The Delphi plugin was upgraded to recognize and track DBGrid table elements
https://support.ranorex.com/hc/en-us/articles/22490943032093-Ranorex-Studio-Previous-Release-Notes,10.5.5,Bugs,Fixed issue that prevented log file generation on another machine where Ranorex is not installed
https://support.ranorex.com/hc/en-us/articles/22490943032093-Ranorex-Studio-Previous-Release-Notes,10.5.4,General changes/features,Users can now switch off PDF reports creation after a test run
https://support.ranorex.com/hc/en-us/articles/22490943032093-Ranorex-Studio-Previous-Release-Notes,10.5.4,Bugs,Disabling the Mask feature no longer causes failure of test report generation
https://support.ranorex.com/hc/en-us/articles/22490943032093-Ranorex-Studio-Previous-Release-Notes,10.5.3, Bugs,Fixed a compatibility issue between Ranorex WebDriver and Selenium that caused session creation to fail
https://support.ranorex.com/hc/en-us/articles/22490943032093-Ranorex-Studio-Previous-Release-Notes,10.5.3, Bugs,A Win32 pluginÅfs new setting allows showing hidden elements in the element tree
https://support.ranorex.com/hc/en-us/articles/22490943032093-Ranorex-Studio-Previous-Release-Notes,10.5.3, Bugs,Oracle Forms now recognizes table components
https://support.ranorex.com/hc/en-us/articles/22490943032093-Ranorex-Studio-Previous-Release-Notes,10.5.3, Bugs,Fixed issue that prevented record SetValue action correctly on Chrome and Chromium Edge browsers
https://support.ranorex.com/hc/en-us/articles/22490943032093-Ranorex-Studio-Previous-Release-Notes,10.5.3, Bugs,Fixed display issue on lower resolutions that caused Data source window to not be fully visible in Ranorex 10.4
https://support.ranorex.com/hc/en-us/articles/22490943032093-Ranorex-Studio-Previous-Release-Notes,10.5.2,Bugs,Users execute Javascript using ExecuteScript() successfully on an element
https://support.ranorex.com/hc/en-us/articles/22490943032093-Ranorex-Studio-Previous-Release-Notes,10.5.2,Bugs,We publish Ranorex Chrome Extension that uses Manifest V3.
https://support.ranorex.com/hc/en-us/articles/22490943032093-Ranorex-Studio-Previous-Release-Notes,10.5.0,General changes/features,Ranorex is now tracking elements in Electron app with two windows
https://support.ranorex.com/hc/en-us/articles/22490943032093-Ranorex-Studio-Previous-Release-Notes,10.5.0,General changes/features,Similarity property values of Validate action can be saved
https://support.ranorex.com/hc/en-us/articles/22490943032093-Ranorex-Studio-Previous-Release-Notes,10.5.0,General changes/features,Chrome browser is no longer having issues when closing after upgrading Ranorex to 10.2.3
https://support.ranorex.com/hc/en-us/articles/22490943032093-Ranorex-Studio-Previous-Release-Notes,10.5.0,General changes/features,Clear cookies in openBrowser is now working as expected
https://support.ranorex.com/hc/en-us/articles/22490943032093-Ranorex-Studio-Previous-Release-Notes,10.5.0,General changes/features,Ranorex now imports .feature files when a solution is integrated into BDD
https://support.ranorex.com/hc/en-us/articles/22490943032093-Ranorex-Studio-Previous-Release-Notes,10.5.0,General changes/features,This release use the newest installed MSBuild on machine for all MSBuild-related functions
https://support.ranorex.com/hc/en-us/articles/22490943032093-Ranorex-Studio-Previous-Release-Notes,10.5.0,General changes/features,SpecFlow repository is updated to comply with current testing libraries
https://support.ranorex.com/hc/en-us/articles/22490943032093-Ranorex-Studio-Previous-Release-Notes,10.5.0,Bugs,Users can add RestSharp 107.1.2 reference
https://support.ranorex.com/hc/en-us/articles/22490943032093-Ranorex-Studio-Previous-Release-Notes,10.5.0,Bugs,NUnit is no longer displaying an exception when all BDD tests are complete
https://support.ranorex.com/hc/en-us/articles/22490943032093-Ranorex-Studio-Previous-Release-Notes,10.4.0,General changes/features,"Ranorex 10.4 includes various Reporting improvements:

Test Actions filters on the Report Properties
New report filters for test actions in the test report results
Mask test data"","" variables"","" and parameters in Ranorex report
This release includes a PDF report for each test case
Ranorex now creates CSV reports from .rxlog data file
New purge options for test report results
Includes a configuration run name in the automated PDF report

"
https://support.ranorex.com/hc/en-us/articles/22490943032093-Ranorex-Studio-Previous-Release-Notes,10.4.0,General changes/features,Test Actions filters on the Report Properties
https://support.ranorex.com/hc/en-us/articles/22490943032093-Ranorex-Studio-Previous-Release-Notes,10.4.0,General changes/features,New report filters for test actions in the test report results
https://support.ranorex.com/hc/en-us/articles/22490943032093-Ranorex-Studio-Previous-Release-Notes,10.4.0,General changes/features,"Mask test data"","" variables"","" and parameters in Ranorex report"
https://support.ranorex.com/hc/en-us/articles/22490943032093-Ranorex-Studio-Previous-Release-Notes,10.4.0,General changes/features,This release includes a PDF report for each test case
https://support.ranorex.com/hc/en-us/articles/22490943032093-Ranorex-Studio-Previous-Release-Notes,10.4.0,General changes/features,Ranorex now creates CSV reports from .rxlog data file
https://support.ranorex.com/hc/en-us/articles/22490943032093-Ranorex-Studio-Previous-Release-Notes,10.4.0,General changes/features,New purge options for test report results
https://support.ranorex.com/hc/en-us/articles/22490943032093-Ranorex-Studio-Previous-Release-Notes,10.4.0,General changes/features,Includes a configuration run name in the automated PDF report
https://support.ranorex.com/hc/en-us/articles/22490943032093-Ranorex-Studio-Previous-Release-Notes,10.4.0,Bugs,The option ÅgSelectAllÅh is no longer unchecked when clicking Disable properties of CSV Export
https://support.ranorex.com/hc/en-us/articles/22490943032093-Ranorex-Studio-Previous-Release-Notes,10.4.0,Bugs,ÅgCancelÅh and ÅgCloseÅh buttons are now working as expected
https://support.ranorex.com/hc/en-us/articles/22490943032093-Ranorex-Studio-Previous-Release-Notes,10.4.0,Bugs,CSV Export now exports only selected columns
https://support.ranorex.com/hc/en-us/articles/22490943032093-Ranorex-Studio-Previous-Release-Notes,10.3.0,General changes/features,Ranorex EULA and links to Terms of Use and Privacy Statement are updated
https://support.ranorex.com/hc/en-us/articles/22490943032093-Ranorex-Studio-Previous-Release-Notes,10.3.0,General changes/features,UI Automation Scroll Item Control Pattern has been implemented to Ranorex API
https://support.ranorex.com/hc/en-us/articles/22490943032093-Ranorex-Studio-Previous-Release-Notes,10.3.0,Bugs,Android sample executes successfully on setup for USB/WiFi
https://support.ranorex.com/hc/en-us/articles/22490943032093-Ranorex-Studio-Previous-Release-Notes,10.3.0,Bugs,Object is now recognized after Ranorex upgrade
https://support.ranorex.com/hc/en-us/articles/22490943032093-Ranorex-Studio-Previous-Release-Notes,10.3.0,Bugs,Jira test key was added in test case
https://support.ranorex.com/hc/en-us/articles/22490943032093-Ranorex-Studio-Previous-Release-Notes,10.3.0,Bugs,Spy now detects any individual elements at the PosListBox Complex items WIP
https://support.ranorex.com/hc/en-us/articles/22490943032093-Ranorex-Studio-Previous-Release-Notes,10.3.0,Bugs,The test for WebView2WindowsFormBrowser is no longer failing when a user runs the test solution
https://support.ranorex.com/hc/en-us/articles/22490943032093-Ranorex-Studio-Previous-Release-Notes,10.3.0,Bugs,This release includes context menu recognition for Windows 11
https://support.ranorex.com/hc/en-us/articles/22490943032093-Ranorex-Studio-Previous-Release-Notes,10.2.4,Bugs,Ranorex Studio Executable now includes Ranorex Driver 
https://support.ranorex.com/hc/en-us/articles/22490943032093-Ranorex-Studio-Previous-Release-Notes,10.2.4,Bugs,UI element identification is no longer displaying error warnings that cause test failures 
https://support.ranorex.com/hc/en-us/articles/22490943032093-Ranorex-Studio-Previous-Release-Notes,10.2.4,Bugs,iOS Source Code instrumentation using Xcode 13.2.1 is working correctly 
https://support.ranorex.com/hc/en-us/articles/22490943032093-Ranorex-Studio-Previous-Release-Notes,10.2.4,Bugs,Report.SystemSummary shows the correct OS version for Windows 11 
https://support.ranorex.com/hc/en-us/articles/22490943032093-Ranorex-Studio-Previous-Release-Notes,10.2.3,Bugs,The creation of a new project is no longer generating unnecessary DLLs in Ranorex Studio bin folder
https://support.ranorex.com/hc/en-us/articles/22490943032093-Ranorex-Studio-Previous-Release-Notes,10.2.3,Bugs,The Intercom chat is no longer appearing when resetting default layout settings
https://support.ranorex.com/hc/en-us/articles/22490943032093-Ranorex-Studio-Previous-Release-Notes,10.2.3,Bugs,The validation screenshot action is capturing only the selected endpoints
https://support.ranorex.com/hc/en-us/articles/22490943032093-Ranorex-Studio-Previous-Release-Notes,10.2.3,Bugs,Delphi 10.2.3 Grid is now working as expected when clicking on hidden elements
https://support.ranorex.com/hc/en-us/articles/22490943032093-Ranorex-Studio-Previous-Release-Notes,10.2.2,Bugs,Fixed issue with building solution when ÅeMicrosoft Build Tools 2015Åf were not present
https://support.ranorex.com/hc/en-us/articles/22490943032093-Ranorex-Studio-Previous-Release-Notes,10.2.1,General changes/features,Ranorex Agent with https instead of http
https://support.ranorex.com/hc/en-us/articles/22490943032093-Ranorex-Studio-Previous-Release-Notes,10.2.1,General changes/features,Add support for get/set value with android.widget.NumberPicker
https://support.ranorex.com/hc/en-us/articles/22490943032093-Ranorex-Studio-Previous-Release-Notes,10.2.1,General changes/features,Adjust time interval in Config file Ågconfig.tomlÅh
https://support.ranorex.com/hc/en-us/articles/22490943032093-Ranorex-Studio-Previous-Release-Notes,10.2.1,General changes/features,Display more argument/parameter columns in the recording module editor
https://support.ranorex.com/hc/en-us/articles/22490943032093-Ranorex-Studio-Previous-Release-Notes,10.2.1,Bugs,Error on trying to access Settings in Maintenance mode
https://support.ranorex.com/hc/en-us/articles/22490943032093-Ranorex-Studio-Previous-Release-Notes,10.2.1,Bugs,UIA changes after test execution
https://support.ranorex.com/hc/en-us/articles/22490943032093-Ranorex-Studio-Previous-Release-Notes,10.2.1,Bugs,InnerText on CEF application is null
https://support.ranorex.com/hc/en-us/articles/22490943032093-Ranorex-Studio-Previous-Release-Notes,10.2.1,Bugs,Repository items CleanUp does not properly clean up project file
https://support.ranorex.com/hc/en-us/articles/22490943032093-Ranorex-Studio-Previous-Release-Notes,10.2.0,General changes/features,Ranorex Studio is now compatible with iOS 15
https://support.ranorex.com/hc/en-us/articles/22490943032093-Ranorex-Studio-Previous-Release-Notes,10.2.0,General changes/features,Ranorex now supports Windows 11
https://support.ranorex.com/hc/en-us/articles/22490943032093-Ranorex-Studio-Previous-Release-Notes,10.2.0,General changes/features,Instrumentation Wizard settings have new options to force version of code directory blob and limit supported items in lists in iOS applications
https://support.ranorex.com/hc/en-us/articles/22490943032093-Ranorex-Studio-Previous-Release-Notes,10.2.0,General changes/features,Users can now uninstall Android and iOS applications using Instrumentation Wizard
https://support.ranorex.com/hc/en-us/articles/22490943032093-Ranorex-Studio-Previous-Release-Notes,10.2.0,General changes/features,The instruction messages in Instrumentation Wizard for mobile instrumentation are improved
https://support.ranorex.com/hc/en-us/articles/22490943032093-Ranorex-Studio-Previous-Release-Notes,10.2.0,General changes/features,Users can now set part of the date in UIDatePicker control by using ÅgsetValueÅh action
https://support.ranorex.com/hc/en-us/articles/22490943032093-Ranorex-Studio-Previous-Release-Notes,10.2.0,General changes/features,Added ÅgControlNameÅh property support for UIA control
https://support.ranorex.com/hc/en-us/articles/22490943032093-Ranorex-Studio-Previous-Release-Notes,10.2.0,Bugs,Instrumentation Wizard now works properly with iOS15 devices
https://support.ranorex.com/hc/en-us/articles/22490943032093-Ranorex-Studio-Previous-Release-Notes,10.2.0,Bugs,WPF plugin is connected properly when selecting ÅgUiaPreferredÅh option in plugins settings
https://support.ranorex.com/hc/en-us/articles/22490943032093-Ranorex-Studio-Previous-Release-Notes,10.2.0,Bugs,Fixed issue of not finding Ranorex Studio ÅgAutomationIdÅh in some cases
https://support.ranorex.com/hc/en-us/articles/22490943032093-Ranorex-Studio-Previous-Release-Notes,10.1.7,General changes/features,Ranorex now supports PosListBox UI controls
https://support.ranorex.com/hc/en-us/articles/22490943032093-Ranorex-Studio-Previous-Release-Notes,10.1.7,General changes/features,Magic Merger succeeds when base.rxtst file contains missing data binding entries
https://support.ranorex.com/hc/en-us/articles/22490943032093-Ranorex-Studio-Previous-Release-Notes,10.1.7,General changes/features,This release includes support for tracking buttons that are placed inside Delphi applications tables
https://support.ranorex.com/hc/en-us/articles/22490943032093-Ranorex-Studio-Previous-Release-Notes,10.1.7,Bugs,Ranorex saves screenshot validation changes as expected
https://support.ranorex.com/hc/en-us/articles/22490943032093-Ranorex-Studio-Previous-Release-Notes,10.1.7,Bugs,Action item ÅeExistsÅf no longer returns wrong result when ÅeRobust pathÅf is empty
https://support.ranorex.com/hc/en-us/articles/22490943032093-Ranorex-Studio-Previous-Release-Notes,10.1.7,Bugs,Ranorex now tracks submenu components in Delphi applications
https://support.ranorex.com/hc/en-us/articles/22490943032093-Ranorex-Studio-Previous-Release-Notes,10.1.7,Bugs,Searching Ranorex Agents in the ÅeRemoteÅf panel is working as expected
https://support.ranorex.com/hc/en-us/articles/22490943032093-Ranorex-Studio-Previous-Release-Notes,10.1.7,Bugs,Cell values in NatTable control now can be read correctly
https://support.ranorex.com/hc/en-us/articles/22490943032093-Ranorex-Studio-Previous-Release-Notes,10.1.7,Bugs,ÅgInvalid command line argumentsÅh error is no longer displaying when running MSTest based tests from the command line
https://support.ranorex.com/hc/en-us/articles/22490943032093-Ranorex-Studio-Previous-Release-Notes,10.1.7,Bugs,Fixed issue with test suite names containing underscores
https://support.ranorex.com/hc/en-us/articles/22490943032093-Ranorex-Studio-Previous-Release-Notes,10.1.6,General changes/features,Ranorex includes an improvement when tracking elements for CEF-based desktop applications
https://support.ranorex.com/hc/en-us/articles/22490943032093-Ranorex-Studio-Previous-Release-Notes,10.1.6,Bugs,The ÅgLocal copyÅh property of projectÅfs references no longer resets to ÅgFalseÅh when closing Ranorex Studio
https://support.ranorex.com/hc/en-us/articles/22490943032093-Ranorex-Studio-Previous-Release-Notes,10.1.6,Bugs,The progress window no longer disappears while performing an action related to image validation
https://support.ranorex.com/hc/en-us/articles/22490943032093-Ranorex-Studio-Previous-Release-Notes,10.1.6,Bugs,The public ÅgSetBoundsÅh method of ProgressForm has been restored
https://support.ranorex.com/hc/en-us/articles/22490943032093-Ranorex-Studio-Previous-Release-Notes,10.1.6,Bugs,The message ÅgManage by your organizationÅh is no longer displaying after uninstalling the Ranorex Chrome extension
https://support.ranorex.com/hc/en-us/articles/22490943032093-Ranorex-Studio-Previous-Release-Notes,10.1.6,Bugs,HTML reports can now be opened in Chrome and Edge
https://support.ranorex.com/hc/en-us/articles/22490943032093-Ranorex-Studio-Previous-Release-Notes,10.1.5,General changes/features,Ranorex now supports 64-bit pointers used as UI item IDs in iOS applications
https://support.ranorex.com/hc/en-us/articles/22490943032093-Ranorex-Studio-Previous-Release-Notes,10.1.5,Bugs,Fixed ÅgTouch actionÅh issues on iOS 15
https://support.ranorex.com/hc/en-us/articles/22490943032093-Ranorex-Studio-Previous-Release-Notes,10.1.4,Bugs,The ÅgTechnology limitationÅh warning while testing QT application when VCRedist2010 not installed is no longer displaying
https://support.ranorex.com/hc/en-us/articles/22490943032093-Ranorex-Studio-Previous-Release-Notes,10.1.4,Bugs,"Fixes for QT version 6:

Improved tracking of the ÅgupÅh and ÅgdownÅh buttons within Textbox and Scrollbar widgets
The dropdown buttons are now correctly recognized in widgets representing tree structure
Spinbox widget identification now works properly
Progress bar widget identification now works properly
Improved tracking of buttons created outside Qt Designer
Improved tracking of widgets based on Qt Quick

"
https://support.ranorex.com/hc/en-us/articles/22490943032093-Ranorex-Studio-Previous-Release-Notes,10.1.4,Bugs,Improved tracking of the ÅgupÅh and ÅgdownÅh buttons within Textbox and Scrollbar widgets
https://support.ranorex.com/hc/en-us/articles/22490943032093-Ranorex-Studio-Previous-Release-Notes,10.1.4,Bugs,The dropdown buttons are now correctly recognized in widgets representing tree structure
https://support.ranorex.com/hc/en-us/articles/22490943032093-Ranorex-Studio-Previous-Release-Notes,10.1.4,Bugs,Spinbox widget identification now works properly
https://support.ranorex.com/hc/en-us/articles/22490943032093-Ranorex-Studio-Previous-Release-Notes,10.1.4,Bugs,Progress bar widget identification now works properly
https://support.ranorex.com/hc/en-us/articles/22490943032093-Ranorex-Studio-Previous-Release-Notes,10.1.4,Bugs,Improved tracking of buttons created outside Qt Designer
https://support.ranorex.com/hc/en-us/articles/22490943032093-Ranorex-Studio-Previous-Release-Notes,10.1.4,Bugs,Improved tracking of widgets based on Qt Quick
https://support.ranorex.com/hc/en-us/articles/22490943032093-Ranorex-Studio-Previous-Release-Notes,10.1.3,General changes/features,This release added the ability to test applications with two different CEF controls
https://support.ranorex.com/hc/en-us/articles/22490943032093-Ranorex-Studio-Previous-Release-Notes,10.1.3,General changes/features,Ranorex Studio now recognizes DotNetBrowser controls
https://support.ranorex.com/hc/en-us/articles/22490943032093-Ranorex-Studio-Previous-Release-Notes,10.1.3,General changes/features,Ranorex Studio now recognizes JCEF controls
https://support.ranorex.com/hc/en-us/articles/22490943032093-Ranorex-Studio-Previous-Release-Notes,10.1.3,General changes/features,This release includes support for Chrome_RenderWidgetHostHWND class
https://support.ranorex.com/hc/en-us/articles/22490943032093-Ranorex-Studio-Previous-Release-Notes,10.1.3,General changes/features,Recognize CEF-based custom classes by enabling WPF full types by a user whitelisting
https://support.ranorex.com/hc/en-us/articles/22490943032093-Ranorex-Studio-Previous-Release-Notes,10.1.3,General changes/features,The web plugin now includes support for SVG HTML tag and all subtags
https://support.ranorex.com/hc/en-us/articles/22490943032093-Ranorex-Studio-Previous-Release-Notes,10.1.3,General changes/features,Connected VPN networks have improved searching Ranorex agents
https://support.ranorex.com/hc/en-us/articles/22490943032093-Ranorex-Studio-Previous-Release-Notes,10.1.3,General changes/features,"Renewed iOS applications certificate to September"","" 25th 2022"
https://support.ranorex.com/hc/en-us/articles/22490943032093-Ranorex-Studio-Previous-Release-Notes,10.1.3,Bugs,Improved testing of Electron applications
https://support.ranorex.com/hc/en-us/articles/22490943032093-Ranorex-Studio-Previous-Release-Notes,10.1.3,Bugs,Improved recognition of multiple tabs for QuickNanobrowser
https://support.ranorex.com/hc/en-us/articles/22490943032093-Ranorex-Studio-Previous-Release-Notes,10.1.3,Bugs,Improved testing of QtWebEngine applications
https://support.ranorex.com/hc/en-us/articles/22490943032093-Ranorex-Studio-Previous-Release-Notes,10.1.3,Bugs,Fixed Ranorex WPF plugin memory leak
https://support.ranorex.com/hc/en-us/articles/22490943032093-Ranorex-Studio-Previous-Release-Notes,10.1.3,Bugs,The standalone recorder now properly saves the recorded actions
https://support.ranorex.com/hc/en-us/articles/22490943032093-Ranorex-Studio-Previous-Release-Notes,10.1.3,Bugs,Improved checking ÅgEnabledÅh attributes of select boxes in the HTML page
https://support.ranorex.com/hc/en-us/articles/22490943032093-Ranorex-Studio-Previous-Release-Notes,10.1.3,Bugs,The table inside the data source configuration dialog now resizes properly
https://support.ranorex.com/hc/en-us/articles/22490943032093-Ranorex-Studio-Previous-Release-Notes,10.1.3,Bugs,Fixed recorder action for mobile web testing for an Android endpoint
https://support.ranorex.com/hc/en-us/articles/22490943032093-Ranorex-Studio-Previous-Release-Notes,10.1.3,Bugs,Fixed PDF report generation for Web app solutions created using the Rocket Start Wizard
https://support.ranorex.com/hc/en-us/articles/22490943032093-Ranorex-Studio-Previous-Release-Notes,10.1.2,General changes/features,Ranorex Studio is no longer reinstalling the RxService app while adding a USB Android endpoint
https://support.ranorex.com/hc/en-us/articles/22490943032093-Ranorex-Studio-Previous-Release-Notes,10.1.2,General changes/features,"This release includes advanced options for mobile instrumentation: Instrument only"","" Reinstrument"","" and Deploy without instrumentation"
https://support.ranorex.com/hc/en-us/articles/22490943032093-Ranorex-Studio-Previous-Release-Notes,10.1.2,General changes/features,The ÅeRequest a featureÅf option item in the ÅeHelpÅf menu opens the Ranorex Forum
https://support.ranorex.com/hc/en-us/articles/22490943032093-Ranorex-Studio-Previous-Release-Notes,10.1.2,Bugs,Fixed issues with Google Chromium based web browsers when internal tab pages are open
https://support.ranorex.com/hc/en-us/articles/22490943032093-Ranorex-Studio-Previous-Release-Notes,10.1.2,Bugs,Fixed wrong status message after proper instrumentation of Microsoft Edge
https://support.ranorex.com/hc/en-us/articles/22490943032093-Ranorex-Studio-Previous-Release-Notes,10.1.2,Bugs,Inaccurate log message in Report when a browser is open in ÅeIncognito modeÅf is no longer displaying
https://support.ranorex.com/hc/en-us/articles/22490943032093-Ranorex-Studio-Previous-Release-Notes,10.1.2,Bugs,Restored support for Check() and Uncheck() methods for ÅeInvokeÅf action
https://support.ranorex.com/hc/en-us/articles/22490943032093-Ranorex-Studio-Previous-Release-Notes,10.1.2,Bugs,Improved support for WPF tree in .NET Core applications
https://support.ranorex.com/hc/en-us/articles/22490943032093-Ranorex-Studio-Previous-Release-Notes,10.1.2,Bugs,System dialogs in Xamarin Android Application can now be tracked with Spy
https://support.ranorex.com/hc/en-us/articles/22490943032093-Ranorex-Studio-Previous-Release-Notes,10.1.1,General changes/features,Ranorex Studio properly supports hidden columns in Delphi TAdvStringGrid now
https://support.ranorex.com/hc/en-us/articles/22490943032093-Ranorex-Studio-Previous-Release-Notes,10.1.1,General changes/features,Ranorex Studio installation was improved with PDF User Guide documents and corresponding links in Help menu
https://support.ranorex.com/hc/en-us/articles/22490943032093-Ranorex-Studio-Previous-Release-Notes,10.1.1,General changes/features,Sample projects use by default the Edge Chromium based web browser instead of IE now
https://support.ranorex.com/hc/en-us/articles/22490943032093-Ranorex-Studio-Previous-Release-Notes,10.1.1,General changes/features,"It is possible to edit the robust RanoreXPath in the properties window. Also"","" usage of the robust RanoreXPath is enabled by default."
https://support.ranorex.com/hc/en-us/articles/22490943032093-Ranorex-Studio-Previous-Release-Notes,10.1.1,Bugs,Ranorex Studio is able to use Microsoft FxCop in 64-bit test suite version now
https://support.ranorex.com/hc/en-us/articles/22490943032093-Ranorex-Studio-Previous-Release-Notes,10.1.1,Bugs,Fixed issues with Free Trial Dialog UI design
https://support.ranorex.com/hc/en-us/articles/22490943032093-Ranorex-Studio-Previous-Release-Notes,10.1.1,Bugs,"Improved support for touch actions for Windows Winforms and .Net core WPF applications. Known issue: touch actions do not work for .Net framework WPF applications properly"","" due to an issue in Microsoft WPF library"","" however Click actions work properly and may be used instead"
https://support.ranorex.com/hc/en-us/articles/22490943032093-Ranorex-Studio-Previous-Release-Notes,10.1.0,General changes/features,Ranorex Studio was upgraded from .NET 4.6.2 Framework to .NET 4.8 Framework
https://support.ranorex.com/hc/en-us/articles/22490943032093-Ranorex-Studio-Previous-Release-Notes,10.1.0,General changes/features,Ranorex Studio test suite and sample projects have been upgraded from .NET 4.6.2 Framework to .NET 4.8
https://support.ranorex.com/hc/en-us/articles/22490943032093-Ranorex-Studio-Previous-Release-Notes,10.1.0,General changes/features,This release includes masking for database password in the Manage data sources dialog window
https://support.ranorex.com/hc/en-us/articles/22490943032093-Ranorex-Studio-Previous-Release-Notes,10.1.0,Bugs,The missing WebElement class in Chromium/Firefox testing has been fixed
https://support.ranorex.com/hc/en-us/articles/22490943032093-Ranorex-Studio-Previous-Release-Notes,10.1.0,Bugs,Fixed ~10 containers to support 150% scaling for 1920Å~1080 resolution properly
https://support.ranorex.com/hc/en-us/articles/22490943032093-Ranorex-Studio-Previous-Release-Notes,10.1.0,Bugs,Fixed NLOG config location settings
https://support.ranorex.com/hc/en-us/articles/22490943032093-Ranorex-Studio-Previous-Release-Notes,10.0.1,General changes/features,"Added workaround for UIAutomationCore.dll AccessViolation issue in new Windows versions: 11"","" 10 21H2 and Server 2022"
https://support.ranorex.com/hc/en-us/articles/22490943032093-Ranorex-Studio-Previous-Release-Notes,10.0.0,General changes/features,"Ranorex includes an improved GUI for the Instrumentation Wizard"","" including auto-detection of parameters on the advanced settings in Android instrumentation"
https://support.ranorex.com/hc/en-us/articles/22490943032093-Ranorex-Studio-Previous-Release-Notes,10.0.0,General changes/features,Increased mobile timeouts
https://support.ranorex.com/hc/en-us/articles/22490943032093-Ranorex-Studio-Previous-Release-Notes,10.0.0,General changes/features,Ranorex added support for JxBrowser and swt.BrowserView class in Java plugin
https://support.ranorex.com/hc/en-us/articles/22490943032093-Ranorex-Studio-Previous-Release-Notes,10.0.0,General changes/features,Added the button role for web buttons (ButtonTag)
https://support.ranorex.com/hc/en-us/articles/22490943032093-Ranorex-Studio-Previous-Release-Notes,10.0.0,General changes/features,Added support for Android app with Target/Compile SDK version 30
https://support.ranorex.com/hc/en-us/articles/22490943032093-Ranorex-Studio-Previous-Release-Notes,10.0.0,General changes/features,Added a possibility to configure Ranorex test suite projects to choose c#7 for newer versions of MSBuild
https://support.ranorex.com/hc/en-us/articles/22490943032093-Ranorex-Studio-Previous-Release-Notes,10.0.0,Bugs,Fixed the incorrect text found in the Ranorex built-in PDF report
https://support.ranorex.com/hc/en-us/articles/22490943032093-Ranorex-Studio-Previous-Release-Notes,10.0.0,Bugs,The error when renaming Recording1 causing deleting repo items has been fixed
https://support.ranorex.com/hc/en-us/articles/22490943032093-Ranorex-Studio-Previous-Release-Notes,10.0.0,Bugs,Fixed the error when during a test execution hidden Run dialog was shown again incorrectly
https://support.ranorex.com/hc/en-us/articles/22490943032093-Ranorex-Studio-Previous-Release-Notes,9.5.3,General changes/features,Added support in instrumentation process for IPA applications with Apple devices working under iOS >14.5
https://support.ranorex.com/hc/en-us/articles/22490943032093-Ranorex-Studio-Previous-Release-Notes,9.5.2,General changes/features,Added options to delete Code Cache and Service Worker for open web browser
https://support.ranorex.com/hc/en-us/articles/22490943032093-Ranorex-Studio-Previous-Release-Notes,9.5.2,General changes/features,Added support for Android 11 new attributes in instrumentation process
https://support.ranorex.com/hc/en-us/articles/22490943032093-Ranorex-Studio-Previous-Release-Notes,9.5.2,General changes/features,Removed opening chat window from help menu in Ranorex Studio trial version
https://support.ranorex.com/hc/en-us/articles/22490943032093-Ranorex-Studio-Previous-Release-Notes,9.5.2,Bugs,Fixed an issue with repository dirty mode after discarding changes
https://support.ranorex.com/hc/en-us/articles/22490943032093-Ranorex-Studio-Previous-Release-Notes,9.5.2,Bugs,Fixed an issue where Ranorex Studio did not correctly display run status for test cases run by an agent
https://support.ranorex.com/hc/en-us/articles/22490943032093-Ranorex-Studio-Previous-Release-Notes,9.5.2,Bugs,Fixed recognition of Microsoft Edge installation
https://support.ranorex.com/hc/en-us/articles/22490943032093-Ranorex-Studio-Previous-Release-Notes,9.5.2,Bugs,Fixed issues with proper recognition of WPF UI items for .NET core framework
https://support.ranorex.com/hc/en-us/articles/22490943032093-Ranorex-Studio-Previous-Release-Notes,9.5.2,Bugs,Improved Spy responsiveness for MSAA UI items
https://support.ranorex.com/hc/en-us/articles/22490943032093-Ranorex-Studio-Previous-Release-Notes,9.5.2,Bugs,Improved tracking timing for high number of Excel rows
https://support.ranorex.com/hc/en-us/articles/22490943032093-Ranorex-Studio-Previous-Release-Notes,9.5.2,Bugs,Fixed proper recognition of Title attribute for WPF
https://support.ranorex.com/hc/en-us/articles/22490943032093-Ranorex-Studio-Previous-Release-Notes,9.5.2,Bugs,Improved speed on UIA items recognition
https://support.ranorex.com/hc/en-us/articles/22490943032093-Ranorex-Studio-Previous-Release-Notes,9.5.2,Bugs,Synchronized cross platform sample design with changes in Android RxBrowser
https://support.ranorex.com/hc/en-us/articles/22490943032093-Ranorex-Studio-Previous-Release-Notes,9.5.1,General changes/features,Apple WWDRCA certificate is up to date. Note: This change requires updating user iOS certificates.
https://support.ranorex.com/hc/en-us/articles/22490943032093-Ranorex-Studio-Previous-Release-Notes,9.5.1,General changes/features,Update Android 11 instrumentation critical tools.
https://support.ranorex.com/hc/en-us/articles/22490943032093-Ranorex-Studio-Previous-Release-Notes,9.5.1,General changes/features,Added interaction with files in RxBrowser for iOS.
https://support.ranorex.com/hc/en-us/articles/22490943032093-Ranorex-Studio-Previous-Release-Notes,9.5.1,Bugs,Fixed iOS instrumentation issues while disconnecting audio or Bluetooth devices.
https://support.ranorex.com/hc/en-us/articles/22490943032093-Ranorex-Studio-Previous-Release-Notes,9.5.1,Bugs,Removed forcing lower case in URLs in iOS RxBrowser.
https://support.ranorex.com/hc/en-us/articles/22490943032093-Ranorex-Studio-Previous-Release-Notes,9.5.1,Bugs,Fixed inconsistent object recognition in Android RxBrowser.
https://support.ranorex.com/hc/en-us/articles/22490943032093-Ranorex-Studio-Previous-Release-Notes,9.5.1,Bugs,UIA identification is properly working for custom button classes.
https://support.ranorex.com/hc/en-us/articles/22490943032093-Ranorex-Studio-Previous-Release-Notes,9.5.1,Bugs,Fixed an issue in reporting image similarity.
https://support.ranorex.com/hc/en-us/articles/22490943032093-Ranorex-Studio-Previous-Release-Notes,9.5.0,General changes/features,Ranorex now supports the generation of PDF files directly within Ranorex Studio.
https://support.ranorex.com/hc/en-us/articles/22490943032093-Ranorex-Studio-Previous-Release-Notes,9.5.0,General changes/features,This release includes the functionality to define remote panel job names when running from command line.
https://support.ranorex.com/hc/en-us/articles/22490943032093-Ranorex-Studio-Previous-Release-Notes,9.5.0,Bugs,"iOS sample design now works properly on iOS versions 12"","" 13 and 14."
https://support.ranorex.com/hc/en-us/articles/22490943032093-Ranorex-Studio-Previous-Release-Notes,9.5.0,Bugs,Increased timeout for remote test verification.
https://support.ranorex.com/hc/en-us/articles/22490943032093-Ranorex-Studio-Previous-Release-Notes,9.5.0,Bugs,Fixed false triggered exceptions on loading recent files.
https://support.ranorex.com/hc/en-us/articles/22490943032093-Ranorex-Studio-Previous-Release-Notes,9.5.0,Bugs,Fixed Automation Helpers ReportFullPageScreenshot throwing exception in IE on JA page.
https://support.ranorex.com/hc/en-us/articles/22490943032093-Ranorex-Studio-Previous-Release-Notes,9.5.0,Bugs,"JIRA integration"","" automate tickets reporting: added limitation of characters in test cases messages reported in Description field to 32000."
https://support.ranorex.com/hc/en-us/articles/22490943032093-Ranorex-Studio-Previous-Release-Notes,9.4.1,Bugs,Fixed Android instrumentation process for huge smali classes
https://support.ranorex.com/hc/en-us/articles/22490943032093-Ranorex-Studio-Previous-Release-Notes,9.4.1,Bugs,Fixed Android instrumentation process for -smali_redist option.
https://support.ranorex.com/hc/en-us/articles/22490943032093-Ranorex-Studio-Previous-Release-Notes,9.4.1,Bugs,Improved Android instrumentation process by adding an advanced option that verifies extractNativeLibs attribute.
https://support.ranorex.com/hc/en-us/articles/22490943032093-Ranorex-Studio-Previous-Release-Notes,9.4.1,Bugs,Ranorex 9.4.1 includes an Android toggle switch button with available attributes to validate if enabled.
https://support.ranorex.com/hc/en-us/articles/22490943032093-Ranorex-Studio-Previous-Release-Notes,9.4.1,Bugs,Added support for Android android.support.v7.widget.AppCompatCheckedTextView class
https://support.ranorex.com/hc/en-us/articles/22490943032093-Ranorex-Studio-Previous-Release-Notes,9.4.1,Bugs,The instrumented apps are correctly working in iOS IPAs with UIPicker items containing an extensive number of rows.
https://support.ranorex.com/hc/en-us/articles/22490943032093-Ranorex-Studio-Previous-Release-Notes,9.4.0,General changes/features,Added self-healing improvement by capturing full/robust path for each RanoreXPath
https://support.ranorex.com/hc/en-us/articles/22490943032093-Ranorex-Studio-Previous-Release-Notes,9.4.0,General changes/features,Added support for new Jira API users and reporters management
https://support.ranorex.com/hc/en-us/articles/22490943032093-Ranorex-Studio-Previous-Release-Notes,9.4.0,General changes/features,Added support for drop-down list fields in Jira
https://support.ranorex.com/hc/en-us/articles/22490943032093-Ranorex-Studio-Previous-Release-Notes,9.4.0,General changes/features,Ranorex 9.4 includes the option to switch to an endpoint that was created during runtime
https://support.ranorex.com/hc/en-us/articles/22490943032093-Ranorex-Studio-Previous-Release-Notes,9.4.0,General changes/features,Added support for WPF CEFSharp for inherited classes from ChromiumWebBrowser as CustomChromiumWebBrowser
https://support.ranorex.com/hc/en-us/articles/22490943032093-Ranorex-Studio-Previous-Release-Notes,9.4.0,Bugs,Added support for signing application with Scheme V3 fixing an Android 11 apks instrumentation issue
https://support.ranorex.com/hc/en-us/articles/22490943032093-Ranorex-Studio-Previous-Release-Notes,9.4.0,Bugs,Fixed Jira integration for uploading attachments from the Ranorex Report
https://support.ranorex.com/hc/en-us/articles/22490943032093-Ranorex-Studio-Previous-Release-Notes,9.4.0,Bugs,Improved Jira integration for sending bigger files and reports
https://support.ranorex.com/hc/en-us/articles/22490943032093-Ranorex-Studio-Previous-Release-Notes,9.4.0,Bugs,Ranorex is now correctly saving repository changes. This issue was caused by a small difference between older and newer versions of RanoreXpath (/?/?/ vs //)
https://support.ranorex.com/hc/en-us/articles/22490943032093-Ranorex-Studio-Previous-Release-Notes,9.4.0,Bugs,Ranorex is no longer losing object recognition when switching from AndroidOS to an instrumented app
https://support.ranorex.com/hc/en-us/articles/22490943032093-Ranorex-Studio-Previous-Release-Notes,9.4.0,Bugs,Android application is now being detected correctly when switching Android USB endpoints during runtime
https://support.ranorex.com/hc/en-us/articles/22490943032093-Ranorex-Studio-Previous-Release-Notes,9.4.0,Bugs,Fixed an Android error ÅgCannot execute XML-RPC call because the connection is not active anymoreÅh
https://support.ranorex.com/hc/en-us/articles/22490943032093-Ranorex-Studio-Previous-Release-Notes,9.4.0,Bugs,The issue where some plist component could not be parsed for iOS IPA instrumentation has been fixed
https://support.ranorex.com/hc/en-us/articles/22490943032093-Ranorex-Studio-Previous-Release-Notes,9.4.0,Bugs,"Detection of Multiple CEFÅfs in WPF has been improved"","" fix includes support for bound detection of HTML content in multiple CEF pages"
https://support.ranorex.com/hc/en-us/articles/22490943032093-Ranorex-Studio-Previous-Release-Notes,9.3.4,General changes/features,Ranorex 9.3.4 includes support for hidden columns in Delphi TAdvStringGrid
https://support.ranorex.com/hc/en-us/articles/22490943032093-Ranorex-Studio-Previous-Release-Notes,9.3.4,General changes/features,Added support for Apple iOS 14 based devices
https://support.ranorex.com/hc/en-us/articles/22490943032093-Ranorex-Studio-Previous-Release-Notes,9.3.4,General changes/features,Added support for Android 11 based devices
https://support.ranorex.com/hc/en-us/articles/22490943032093-Ranorex-Studio-Previous-Release-Notes,9.3.4,Bugs,AUT is correctly recognized as a QT app when using QT 5.15.0
https://support.ranorex.com/hc/en-us/articles/22490943032093-Ranorex-Studio-Previous-Release-Notes,9.3.4,Bugs,Fixed the touch actions for Apple iOS 14 devices
https://support.ranorex.com/hc/en-us/articles/22490943032093-Ranorex-Studio-Previous-Release-Notes,9.3.4,Bugs,The issue while executing the iOS app from RxService when in the background is fixed
https://support.ranorex.com/hc/en-us/articles/22490943032093-Ranorex-Studio-Previous-Release-Notes,9.3.4,Bugs,Fixed an issue with crashing or not starting some iOS applications when running from RxServiceApp
https://support.ranorex.com/hc/en-us/articles/22490943032093-Ranorex-Studio-Previous-Release-Notes,9.3.4,Bugs,Fixed an issue with receiving app started event for a specific iOS app
https://support.ranorex.com/hc/en-us/articles/22490943032093-Ranorex-Studio-Previous-Release-Notes,9.3.4,Bugs,The specific RxPath generated in the Android application is now working properly
https://support.ranorex.com/hc/en-us/articles/22490943032093-Ranorex-Studio-Previous-Release-Notes,9.3.4,Bugs,Chromium-based Edge now opens also in Incognito mode
https://support.ranorex.com/hc/en-us/articles/22490943032093-Ranorex-Studio-Previous-Release-Notes,9.3.4,Bugs,The Endpoints button no longer covers the endpoints drop list
https://support.ranorex.com/hc/en-us/articles/22490943032093-Ranorex-Studio-Previous-Release-Notes,9.3.4,Bugs,The *.Designer.cs file is automatically added to Ranorex when adding a form to a Ranorex project
https://support.ranorex.com/hc/en-us/articles/22490943032093-Ranorex-Studio-Previous-Release-Notes,9.3.4,Bugs,Fixed the issue with the VCL object recognition in Delphi. This issue was caused by a wild pointer ending in an Access Violation
https://support.ranorex.com/hc/en-us/articles/22490943032093-Ranorex-Studio-Previous-Release-Notes,9.3.3,General changes/features,Changed: remote pad only shows test suite if there is only one test suite
https://support.ranorex.com/hc/en-us/articles/22490943032093-Ranorex-Studio-Previous-Release-Notes,9.3.3,Bugs,"Fixed: when we change the validate action to Exist/NotExist from Attribute Equals"","" the variables should be unbound according to validate action"
https://support.ranorex.com/hc/en-us/articles/22490943032093-Ranorex-Studio-Previous-Release-Notes,9.3.3,Bugs,Trim down the Operators label for Ranorex XPath in the maintenance mode to showcase without description (Åg=Åh instead of Åg= EqualsÅh)
https://support.ranorex.com/hc/en-us/articles/22490943032093-Ranorex-Studio-Previous-Release-Notes,9.3.3,Bugs,Helpers: set the Ranorex Version PS variable in package scripts and project creation
https://support.ranorex.com/hc/en-us/articles/22490943032093-Ranorex-Studio-Previous-Release-Notes,9.3.3,Bugs,Fixed adding the same name recording and repository in same folder
https://support.ranorex.com/hc/en-us/articles/22490943032093-Ranorex-Studio-Previous-Release-Notes,9.3.3,Bugs,"Fixed coach notification window to be topmost before all applications"","" just show it before the Studio window"
https://support.ranorex.com/hc/en-us/articles/22490943032093-Ranorex-Studio-Previous-Release-Notes,9.3.2,General changes/features,Added support for JxBrowser 7.1 and newer
https://support.ranorex.com/hc/en-us/articles/22490943032093-Ranorex-Studio-Previous-Release-Notes,9.3.2,General changes/features,The Android service app now selects a free communication port automatically in case the default port 31000 is already used
https://support.ranorex.com/hc/en-us/articles/22490943032093-Ranorex-Studio-Previous-Release-Notes,9.3.2,General changes/features,Added a Chrome plugin setting to specify if the Ågforce-renderer-accessibilityÅh flag is passed on instrumentation
https://support.ranorex.com/hc/en-us/articles/22490943032093-Ranorex-Studio-Previous-Release-Notes,9.3.2,General changes/features,Updated the API documentation design and added an introduction page
https://support.ranorex.com/hc/en-us/articles/22490943032093-Ranorex-Studio-Previous-Release-Notes,9.3.2,General changes/features,Changed the numeric drop down for the image similarity settings to show 5 decimal places (instead of showing just 2)
https://support.ranorex.com/hc/en-us/articles/22490943032093-Ranorex-Studio-Previous-Release-Notes,9.3.2,General changes/features,Upgraded iOS RxBrowser application to use WkWebView (instead of deprecated WebView class)
https://support.ranorex.com/hc/en-us/articles/22490943032093-Ranorex-Studio-Previous-Release-Notes,9.3.2,General changes/features,Added new capability for iOS UISegmentedControl controls providing attributes SelectedSegmentIndex and NumberOfSegments
https://support.ranorex.com/hc/en-us/articles/22490943032093-Ranorex-Studio-Previous-Release-Notes,9.3.2,Bugs,Improved connection state management for Android endpoints
https://support.ranorex.com/hc/en-us/articles/22490943032093-Ranorex-Studio-Previous-Release-Notes,9.3.2,Bugs,Fixed an issue with proper recognition of deprecated android.support.design.widget.TextInputLayout UI elements
https://support.ranorex.com/hc/en-us/articles/22490943032093-Ranorex-Studio-Previous-Release-Notes,9.3.2,Bugs,Fixed a bug where the WinForms Core plugin would silently throw NREXs causing some controls to not be recognized
https://support.ranorex.com/hc/en-us/articles/22490943032093-Ranorex-Studio-Previous-Release-Notes,9.3.2,Bugs,Fixed a bug in the Magic Merger where test suites with missing data bindings would not be merged correctly in some cases
https://support.ranorex.com/hc/en-us/articles/22490943032093-Ranorex-Studio-Previous-Release-Notes,9.3.2,Bugs,Fixed an issue where recordings would be marked as dirty when changing the ÅgClear CookiesÅh property
https://support.ranorex.com/hc/en-us/articles/22490943032093-Ranorex-Studio-Previous-Release-Notes,9.3.2,Bugs,Fixed a bug where deleting multiple validation screenshots from a repository would cause an exception
https://support.ranorex.com/hc/en-us/articles/22490943032093-Ranorex-Studio-Previous-Release-Notes,9.3.2,Bugs,Fixed screenshot scaling when opening snapshots created on a system with different display DPI values
https://support.ranorex.com/hc/en-us/articles/22490943032093-Ranorex-Studio-Previous-Release-Notes,9.3.2,Bugs,Fixed a NREX caused by the Coach notification popup
https://support.ranorex.com/hc/en-us/articles/22490943032093-Ranorex-Studio-Previous-Release-Notes,9.3.2,Bugs,Made sure to only email the report for the currently executed test suite when using the EmailModule module from the Ranorex Automation Helpers in a sequence of test suites
https://support.ranorex.com/hc/en-us/articles/22490943032093-Ranorex-Studio-Previous-Release-Notes,9.3.2,Bugs,Fixed a bug where copying an action to a recording with a different repository would cause an exception
https://support.ranorex.com/hc/en-us/articles/22490943032093-Ranorex-Studio-Previous-Release-Notes,9.3.2,Bugs,Fixed a possible NREX in the data binding pad when closing a recording view
https://support.ranorex.com/hc/en-us/articles/22490943032093-Ranorex-Studio-Previous-Release-Notes,9.3.2,Bugs,Fixed an exception that could occur when the code completion window appeared while editing a condition for a breakpoint
https://support.ranorex.com/hc/en-us/articles/22490943032093-Ranorex-Studio-Previous-Release-Notes,9.3.2,Bugs,Fixed code generation for multi-line recording descriptions and action comments
https://support.ranorex.com/hc/en-us/articles/22490943032093-Ranorex-Studio-Previous-Release-Notes,9.3.2,Bugs,Fixed a NREX when editing a variable in the Watch pad while not debugging
https://support.ranorex.com/hc/en-us/articles/22490943032093-Ranorex-Studio-Previous-Release-Notes,9.3.1,General changes/features,You can now again ignore the warning about default values being used when individually running a recording or code module that contains variables
https://support.ranorex.com/hc/en-us/articles/22490943032093-Ranorex-Studio-Previous-Release-Notes,9.3.1,General changes/features,You can now use the Ranorex Instrumentation Wizard to resign iOS IPA packages that were signed with code signing v2.0
https://support.ranorex.com/hc/en-us/articles/22490943032093-Ranorex-Studio-Previous-Release-Notes,9.3.1,General changes/features,The experimental OmniSharp feature is now disabled by default
https://support.ranorex.com/hc/en-us/articles/22490943032093-Ranorex-Studio-Previous-Release-Notes,9.3.1,Bugs,Improved the error messages for the Jira integration for failed authentications (Jira now requires API tokens)
https://support.ranorex.com/hc/en-us/articles/22490943032093-Ranorex-Studio-Previous-Release-Notes,9.3.1,Bugs,Fixed setting of reporter and assignee when creating a Jira issue (caused by a Jira update/change)
https://support.ranorex.com/hc/en-us/articles/22490943032093-Ranorex-Studio-Previous-Release-Notes,9.3.1,Bugs,Fixed an issue where automatic Jira issue creation would get stuck when several issues were created in a row
https://support.ranorex.com/hc/en-us/articles/22490943032093-Ranorex-Studio-Previous-Release-Notes,9.3.1,Bugs,Fixed a breaking change introduced in 9.3.0 which could have caused RawText elements to be created in the wrong order
https://support.ranorex.com/hc/en-us/articles/22490943032093-Ranorex-Studio-Previous-Release-Notes,9.3.1,Bugs,Fixed an issue where Android APKs deployed over Wifi would not be installed
https://support.ranorex.com/hc/en-us/articles/22490943032093-Ranorex-Studio-Previous-Release-Notes,9.3.1,Bugs,Fixed a possible crash that would occur if instrumented Firefox and Chrome were running at the same time
https://support.ranorex.com/hc/en-us/articles/22490943032093-Ranorex-Studio-Previous-Release-Notes,9.3.1,Bugs,"Fixed a bug where multiple Ranorex tools"","" e.g. Ranorex Studio and standalone Spy"","" couldnÅft correctly access a single .NET Core AUT in parallel"
https://support.ranorex.com/hc/en-us/articles/22490943032093-Ranorex-Studio-Previous-Release-Notes,9.3.1,Bugs,Fixed a build issue that would display incorrect notifications about externally changed data sources
https://support.ranorex.com/hc/en-us/articles/22490943032093-Ranorex-Studio-Previous-Release-Notes,9.3.1,Bugs,Fixed a possible layout issue in the Ranorex Studio start page and Coach popups
https://support.ranorex.com/hc/en-us/articles/22490943032093-Ranorex-Studio-Previous-Release-Notes,9.3.1,Bugs,Fixed an issue where the variable binding information in the test suite would disappear when adding a module group via the existing module dialog
https://support.ranorex.com/hc/en-us/articles/22490943032093-Ranorex-Studio-Previous-Release-Notes,9.3.1,Bugs,Fixed an error message that would be shown when adding a new empty data source in the data source dialog of a test container
https://support.ranorex.com/hc/en-us/articles/22490943032093-Ranorex-Studio-Previous-Release-Notes,9.3.0,Headline features,The new Ranorex Coach helps you follow best practices and avoid common mistakes by giving you useful hints during test design
https://support.ranorex.com/hc/en-us/articles/22490943032093-Ranorex-Studio-Previous-Release-Notes,9.3.0,Headline features,Improved reporting into Jira and TestRail
https://support.ranorex.com/hc/en-us/articles/22490943032093-Ranorex-Studio-Previous-Release-Notes,9.3.0,Headline features,"GDI+ support: To activate"","" set Settings > Plugins > Capture GDI+ to ÅgTrueÅh"
https://support.ranorex.com/hc/en-us/articles/22490943032093-Ranorex-Studio-Previous-Release-Notes,9.3.0,Headline features,Support for the new Microsoft Edge based on Chromium
https://support.ranorex.com/hc/en-us/articles/22490943032093-Ranorex-Studio-Previous-Release-Notes,9.3.0,Headline features,"Easier auto-binding of variables: Select the test suite node"","" click Auto-bind in the data binding pad"","" and all auto-bindable variables are taken care of"
https://support.ranorex.com/hc/en-us/articles/22490943032093-Ranorex-Studio-Previous-Release-Notes,9.3.0,Headline features,Better performance thanks to improved logging of test containers that are blocked as a result of an unfulfilled condition
https://support.ranorex.com/hc/en-us/articles/22490943032093-Ranorex-Studio-Previous-Release-Notes,9.3.0,Headline features,Test containers can now have the same names
https://support.ranorex.com/hc/en-us/articles/22490943032093-Ranorex-Studio-Previous-Release-Notes,9.3.0,Headline features,Drag and drop support for iOS
https://support.ranorex.com/hc/en-us/articles/22490943032093-Ranorex-Studio-Previous-Release-Notes,9.3.0,Headline features,Intercom chat for trial versions of Ranorex Studio
https://support.ranorex.com/hc/en-us/articles/22490943032093-Ranorex-Studio-Previous-Release-Notes,9.3.0,General changes/features,"Improved project load and code generation performance"","" with better utilization of multiple processor cores"
https://support.ranorex.com/hc/en-us/articles/22490943032093-Ranorex-Studio-Previous-Release-Notes,9.3.0,General changes/features,The description of Jira issues is now updated when a test case fails again
https://support.ranorex.com/hc/en-us/articles/22490943032093-Ranorex-Studio-Previous-Release-Notes,9.3.0,General changes/features,Improved the test progress dialog to be more informative
https://support.ranorex.com/hc/en-us/articles/22490943032093-Ranorex-Studio-Previous-Release-Notes,9.3.0,General changes/features,Ranorex Studio now showcases the available sample solutions in an overlay on first start
https://support.ranorex.com/hc/en-us/articles/22490943032093-Ranorex-Studio-Previous-Release-Notes,9.3.0,General changes/features,Support for MSBuild 16
https://support.ranorex.com/hc/en-us/articles/22490943032093-Ranorex-Studio-Previous-Release-Notes,9.3.0,General changes/features,You can now add a process to the whitelist directly from the whitelisting technology limitation message
https://support.ranorex.com/hc/en-us/articles/22490943032093-Ranorex-Studio-Previous-Release-Notes,9.3.0,General changes/features,Improved organization of the ÅgViewÅh menu in Ranorex Studio
https://support.ranorex.com/hc/en-us/articles/22490943032093-Ranorex-Studio-Previous-Release-Notes,9.3.0,General changes/features,"You can now view Excel data sources in Ranorex Studio/Test Suite Runner even if only the Microsoft Access Database Engine is installed"","" and not MS Excel itself. When creating the Excel data connector"","" under ÅgRangeÅh you need to select ÅgAuto-rangeÅh or provide the range manually."
https://support.ranorex.com/hc/en-us/articles/22490943032093-Ranorex-Studio-Previous-Release-Notes,9.3.0,General changes/features,"When individually running a recording or code module that contains variables"","" a dialog appears that warns you that only default values will be used. This dialog also lets you run the entire test suite instead."
https://support.ranorex.com/hc/en-us/articles/22490943032093-Ranorex-Studio-Previous-Release-Notes,9.3.0,General changes/features,Improved Android service apps to better inform users about missing permission
https://support.ranorex.com/hc/en-us/articles/22490943032093-Ranorex-Studio-Previous-Release-Notes,9.3.0,General changes/features,Added support for Android AppCompatToggleButton to be correctly recognized as a ToggleButton
https://support.ranorex.com/hc/en-us/articles/22490943032093-Ranorex-Studio-Previous-Release-Notes,9.3.0,Bugs,"Fixed nodes returned by GetAncestors when called from modules inside a module group"","" thereby fixing the value returned by TestModuleLeaf.IsDescendantOfTearDownNode/IsDescendantOfSetupNode"
https://support.ranorex.com/hc/en-us/articles/22490943032093-Ranorex-Studio-Previous-Release-Notes,9.3.0,Bugs,Fixed GDI and Delphi instrumentation issue with newest .NET runtime version 4.8.4075.0
https://support.ranorex.com/hc/en-us/articles/22490943032093-Ranorex-Studio-Previous-Release-Notes,9.3.0,Bugs,Fix version inconsistency in iOS service apps
https://support.ranorex.com/hc/en-us/articles/22490943032093-Ranorex-Studio-Previous-Release-Notes,9.3.0,Bugs,Fixed a threading issue that could have caused DOM document elements to not be found in Chrome and Firefox if multiple threads were running (e.g. PopupWatcher)
https://support.ranorex.com/hc/en-us/articles/22490943032093-Ranorex-Studio-Previous-Release-Notes,9.3.0,Bugs,"The Chrome extension isnÅft persistently installed anymore when instrument is set to true on Open Browser action. Instead"","" itÅfs added via side-loading"
https://support.ranorex.com/hc/en-us/articles/22490943032093-Ranorex-Studio-Previous-Release-Notes,9.3.0,Bugs,Fixed an issue where using the remote pad on a machine with a particular Finnish time format would throw and error when trying to connect to a Ranorex Agent
https://support.ranorex.com/hc/en-us/articles/22490943032093-Ranorex-Studio-Previous-Release-Notes,9.3.0,Bugs,Reduced the Instrumentation WizardÅfs memory consumption and added a 64-bit version
https://support.ranorex.com/hc/en-us/articles/22490943032093-Ranorex-Studio-Previous-Release-Notes,9.3.0,Bugs,"When using the Ranorex Automation Helpers CreatePDFModule"","" PDF reports are now properly returned to the host machine after running the test on a Ranorex Agent"
https://support.ranorex.com/hc/en-us/articles/22490943032093-Ranorex-Studio-Previous-Release-Notes,9.3.0,Bugs,Fixed OSEdition Host attribute and the value of the ÅgOperating SystemÅh field in the report for Windows Server 2016 and above
https://support.ranorex.com/hc/en-us/articles/22490943032093-Ranorex-Studio-Previous-Release-Notes,9.3.0,Bugs,"When recording with ÅeApp folder cachingÅf disabled in the repository default settings"","" app folders are not created correctly"
https://support.ranorex.com/hc/en-us/articles/22490943032093-Ranorex-Studio-Previous-Release-Notes,9.3.0,Bugs,Fixed an issue where running a test or loading a solution would not return you to the previously opened file tab or mix up tab order
https://support.ranorex.com/hc/en-us/articles/22490943032093-Ranorex-Studio-Previous-Release-Notes,9.3.0,Bugs,Fixed an issue where data bindings would be lost if a module in a test suite could not be resolved and you rebuilt the project. Modules and bindings are now restored automatically
https://support.ranorex.com/hc/en-us/articles/22490943032093-Ranorex-Studio-Previous-Release-Notes,9.3.0,Bugs,Fixed an issue where the ÅgJump to itemÅh button in reports would not jump to the correct item
https://support.ranorex.com/hc/en-us/articles/22490943032093-Ranorex-Studio-Previous-Release-Notes,9.3.0,Bugs,Fixed an issue where running a test sequence would record a video despite video reporting being disabled
https://support.ranorex.com/hc/en-us/articles/22490943032093-Ranorex-Studio-Previous-Release-Notes,9.3.0,Bugs,Fixed a potential Ranorex Studio crash when using the IME in the new recording dialog
https://support.ranorex.com/hc/en-us/articles/22490943032093-Ranorex-Studio-Previous-Release-Notes,9.3.0,Bugs,Handled an exception in the local variables pad where a local variable expression could not be parsed
https://support.ranorex.com/hc/en-us/articles/22490943032093-Ranorex-Studio-Previous-Release-Notes,9.3.0,Bugs,Fixed the default path for projects on first startup when not using the solution wizard
https://support.ranorex.com/hc/en-us/articles/22490943032093-Ranorex-Studio-Previous-Release-Notes,9.3.0,Bugs,Fixed null ref on renaming excluded project items in projects browser
https://support.ranorex.com/hc/en-us/articles/22490943032093-Ranorex-Studio-Previous-Release-Notes,9.3.0,Bugs,Fixed null ref on adding a user code method to a recording
https://support.ranorex.com/hc/en-us/articles/22490943032093-Ranorex-Studio-Previous-Release-Notes,9.3.0,Bugs,Fixed an issue where the data binding grid would throw an InvalidOperationException when changing bindings
https://support.ranorex.com/hc/en-us/articles/22490943032093-Ranorex-Studio-Previous-Release-Notes,9.3.0,Breaking changes,No data is logged for test containers that are blocked as a result of an unfulfilled condition. They only appear as blocked in the report
https://support.ranorex.com/hc/en-us/articles/22490943032093-Ranorex-Studio-Previous-Release-Notes,9.3.0,Breaking changes,"Because the OSEdition Host attribute now returns a correct value for Windows Server 2016 and above"","" you may need to adjust validations or attribute comparisons referring to this attribute"
https://support.ranorex.com/hc/en-us/articles/22490943032093-Ranorex-Studio-Previous-Release-Notes,9.3.0,Known issues,"Screenshots may not show up in the description of issues created in Jira cloud instances"","" see the attachments for the screenshots"
https://support.ranorex.com/hc/en-us/articles/22490943032093-Ranorex-Studio-Previous-Release-Notes,9.3.0,Known issues,"The following known limitations exist for drag and drop on iOS:? drag & drop delegates implemented in a tested app may cause the drag action to be finished right after the touch start"","" with no possibility to specify a touch move or touch end location? moving cells between two different UITableViews or UICollectionViews is not possible"
https://support.ranorex.com/hc/en-us/articles/22490943032093-Ranorex-Studio-Previous-Release-Notes,9.3.0,Known issues,"There may be issues deploying instrumented Android apps over WiFi"","" please contact Ranorex support in case of problems"
https://support.ranorex.com/hc/en-us/articles/22490943032093-Ranorex-Studio-Previous-Release-Notes,9.2.1,General changes/features,You can now deploy apps to Android 8 and higher via WiFi
https://support.ranorex.com/hc/en-us/articles/22490943032093-Ranorex-Studio-Previous-Release-Notes,9.2.1,General changes/features,WebDriver endpoints now support Selenoid
https://support.ranorex.com/hc/en-us/articles/22490943032093-Ranorex-Studio-Previous-Release-Notes,9.2.1,General changes/features,Upgraded Ranorex Automation Helpers to v1.6.3
https://support.ranorex.com/hc/en-us/articles/22490943032093-Ranorex-Studio-Previous-Release-Notes,9.2.1,General changes/features,You can now blacklist DOMs for the CEF plugin under Settings > Plugins > CEF > DOM pageurl regex blacklist
https://support.ranorex.com/hc/en-us/articles/22490943032093-Ranorex-Studio-Previous-Release-Notes,9.2.1,Bugs,Fixed a bug where creating new validation screenshots with the image editor would not be possible if the new image was smaller than the existing one
https://support.ranorex.com/hc/en-us/articles/22490943032093-Ranorex-Studio-Previous-Release-Notes,9.2.1,Bugs,Fixed a bug were image ignore regions would be shown in the actual image displayed in the report
https://support.ranorex.com/hc/en-us/articles/22490943032093-Ranorex-Studio-Previous-Release-Notes,9.2.1,Bugs,The entry for the video reporting API now fully displays in the API documentation
https://support.ranorex.com/hc/en-us/articles/22490943032093-Ranorex-Studio-Previous-Release-Notes,9.2.1,Bugs,Updated the API to match the breaking change in the JIRA permission APIs. For more details see https://developer.atlassian.com/cloud/jira/platform/change-notice-get-my-permissions-requires-permissions-query-parameter/
https://support.ranorex.com/hc/en-us/articles/22490943032093-Ranorex-Studio-Previous-Release-Notes,9.2.1,Bugs,Fixed a bug where children of ContentPresenters would not be correctly recognized by the WPF plugin
https://support.ranorex.com/hc/en-us/articles/22490943032093-Ranorex-Studio-Previous-Release-Notes,9.2.1,Bugs,Fixed a bug where WPF TextBlock elements embedded in buttons would not be recognized anymore
https://support.ranorex.com/hc/en-us/articles/22490943032093-Ranorex-Studio-Previous-Release-Notes,9.2.1,Bugs,"Fixed a bug where multiple log and report messages would appear"","" indicating that the WinForms Core plugin couldnÅft find the file ÅgnetstandardÅh"
https://support.ranorex.com/hc/en-us/articles/22490943032093-Ranorex-Studio-Previous-Release-Notes,9.2.1,Bugs,Fixed an error in the prerequisites installer that would occur if VS2015 C++ Redistributables were already installed
https://support.ranorex.com/hc/en-us/articles/22490943032093-Ranorex-Studio-Previous-Release-Notes,9.2.1,Bugs,Fixed handling of MSI arguments Åg/silentÅh and Åg/quietÅh so they work correctly when passed to the Ranorex Studio installer executable
https://support.ranorex.com/hc/en-us/articles/22490943032093-Ranorex-Studio-Previous-Release-Notes,9.2.1,Bugs,Fixed the EmailModule from the Automation Helpers to use the correct report path when PDF conversion is enabled
https://support.ranorex.com/hc/en-us/articles/22490943032093-Ranorex-Studio-Previous-Release-Notes,9.2.1,Bugs,"When using the ReportToPDFModule from the Automation Helpers"","" the link to the PDF in the report is now generated correctly when running multiple test suites"
https://support.ranorex.com/hc/en-us/articles/22490943032093-Ranorex-Studio-Previous-Release-Notes,9.2.1,Bugs,"Fixed handling of Unicode characters outside the BMP (e.g. various symbols"","" emojis"",""Åc)"
https://support.ranorex.com/hc/en-us/articles/22490943032093-Ranorex-Studio-Previous-Release-Notes,9.2.1,Bugs,Fixed an issue where the actual image of an image validation could not be saved from the report
https://support.ranorex.com/hc/en-us/articles/22490943032093-Ranorex-Studio-Previous-Release-Notes,9.2.1,Bugs,"The report now generates properly again"","" even when logging events that occur after the test suite has completed"
https://support.ranorex.com/hc/en-us/articles/22490943032093-Ranorex-Studio-Previous-Release-Notes,9.2.1,Bugs,Fixed an unhandled exception in Studio that would occur when trying to view a report from an Agent while a download is already in progress
https://support.ranorex.com/hc/en-us/articles/22490943032093-Ranorex-Studio-Previous-Release-Notes,9.2.1,Bugs,Fixed a bug where the plugin settings would display an incorrect WPF settings group
https://support.ranorex.com/hc/en-us/articles/22490943032093-Ranorex-Studio-Previous-Release-Notes,9.2.1,Bugs,Fixed ÅgApplication InsightsÅh trace log messages erroneously being displayed in the debug log
https://support.ranorex.com/hc/en-us/articles/22490943032093-Ranorex-Studio-Previous-Release-Notes,9.2.1,Bugs,Extended correct theming to the ÅgAdd service referenceÅh dialog and fixed the contrast of text and background in the result list
https://support.ranorex.com/hc/en-us/articles/22490943032093-Ranorex-Studio-Previous-Release-Notes,9.2.1,Bugs,Fixed ILSpy readability issues when using the light theme
https://support.ranorex.com/hc/en-us/articles/22490943032093-Ranorex-Studio-Previous-Release-Notes,9.2.1,Bugs,Fixed a bug where the screenshots panel of the repository would always be hidden when opening recordings
https://support.ranorex.com/hc/en-us/articles/22490943032093-Ranorex-Studio-Previous-Release-Notes,9.2.1,Bugs,Fixed an exception that would be thrown when trying to download the SCC provider prerequisites without having a default browser installed
https://support.ranorex.com/hc/en-us/articles/22490943032093-Ranorex-Studio-Previous-Release-Notes,9.2.1,Bugs,Fixed an occasional SystemInvalidCastException in the data-binding pad
https://support.ranorex.com/hc/en-us/articles/22490943032093-Ranorex-Studio-Previous-Release-Notes,9.2.1,Bugs,Fixed the scrolling behavior of the data-binding dialog
https://support.ranorex.com/hc/en-us/articles/22490943032093-Ranorex-Studio-Previous-Release-Notes,9.2.1,Bugs,Fixed an unhandled exception that would sometimes occur when clicking on the ÅgEdit data bindingÅh link in the data-binding pad
https://support.ranorex.com/hc/en-us/articles/22490943032093-Ranorex-Studio-Previous-Release-Notes,9.2.1,Bugs,Improved the load performance of the test container properties dialog when using dozens of variables or parameters
https://support.ranorex.com/hc/en-us/articles/22490943032093-Ranorex-Studio-Previous-Release-Notes,9.2.0,Headline features,"Simplified and more refined data-driven testing"","" with auto-generation of data sources and a searchable data binding pad to improve visibility"
https://support.ranorex.com/hc/en-us/articles/22490943032093-Ranorex-Studio-Previous-Release-Notes,9.2.0,Headline features,Support for WPF and WinForms running on .NET Core 3.0
https://support.ranorex.com/hc/en-us/articles/22490943032093-Ranorex-Studio-Previous-Release-Notes,9.2.0,Headline features,Pause and resume test execution from the test progress dialog or the remote pad for tests running on Ranorex Agents
https://support.ranorex.com/hc/en-us/articles/22490943032093-Ranorex-Studio-Previous-Release-Notes,9.2.0,Headline features,Improved and extended image-based testing functionality
https://support.ranorex.com/hc/en-us/articles/22490943032093-Ranorex-Studio-Previous-Release-Notes,9.2.0,General changes/features,Improved upgrading/downgrading experience for Ranorex Studio 9.1 and later: You no longer need to upgrade existing solutions when opening them in a newer version. You can now also use older versions of Ranorex Studio to open solutions created in newer versions (you will be warned if this may cause a loss of functionality)
https://support.ranorex.com/hc/en-us/articles/22490943032093-Ranorex-Studio-Previous-Release-Notes,9.2.0,General changes/features,Failed attempts to bring windows into the foreground are now detected and trigger a notification for the user
https://support.ranorex.com/hc/en-us/articles/22490943032093-Ranorex-Studio-Previous-Release-Notes,9.2.0,General changes/features,The ContainsImage validation action now includes a property to generate a difference image
https://support.ranorex.com/hc/en-us/articles/22490943032093-Ranorex-Studio-Previous-Release-Notes,9.2.0,General changes/features,You can now set the default settings for the reporting properties of image-based validation actions
https://support.ranorex.com/hc/en-us/articles/22490943032093-Ranorex-Studio-Previous-Release-Notes,9.2.0,General changes/features,Added a property to report the expected and actual image for image-based validation actions
https://support.ranorex.com/hc/en-us/articles/22490943032093-Ranorex-Studio-Previous-Release-Notes,9.2.0,General changes/features,"For image-based actions"","" you can now define image ignore regions in the image editor"","" which excludes the defined region from the image comparison"
https://support.ranorex.com/hc/en-us/articles/22490943032093-Ranorex-Studio-Previous-Release-Notes,9.2.0,General changes/features,Ranorex Agent can now collect custom artifacts by adding the agent-specific command-line argument /artifacts:. Includes *.rxzlog and *.junit.xml by default
https://support.ranorex.com/hc/en-us/articles/22490943032093-Ranorex-Studio-Previous-Release-Notes,9.2.0,General changes/features,All attribute-based validations (e.g. AttributeEqual) now have a grace period property that makes them more robust by giving the action a specified amount of time to complete the validation successfully
https://support.ranorex.com/hc/en-us/articles/22490943032093-Ranorex-Studio-Previous-Release-Notes,9.2.0,General changes/features,Improved overall test performance by up to 30% (effective values depend on technologies used)
https://support.ranorex.com/hc/en-us/articles/22490943032093-Ranorex-Studio-Previous-Release-Notes,9.2.0,General changes/features,Added support for Delphi TXDBGrid
https://support.ranorex.com/hc/en-us/articles/22490943032093-Ranorex-Studio-Previous-Release-Notes,9.2.0,General changes/features,The Android RxWebBrowser includes two new commands to clear cookies and the data cache
https://support.ranorex.com/hc/en-us/articles/22490943032093-Ranorex-Studio-Previous-Release-Notes,9.2.0,General changes/features,Improved the Android instrumentation experience by providing more settings under ÅeAdvanced settingsÅf in the instrumentation dialog (e.g. Ågno-resÅh) and more informative error messages
https://support.ranorex.com/hc/en-us/articles/22490943032093-Ranorex-Studio-Previous-Release-Notes,9.2.0,General changes/features,Added support for Android API 29
https://support.ranorex.com/hc/en-us/articles/22490943032093-Ranorex-Studio-Previous-Release-Notes,9.2.0,General changes/features,Upgraded adb (Android Debug Bridge) to version 1.0.41
https://support.ranorex.com/hc/en-us/articles/22490943032093-Ranorex-Studio-Previous-Release-Notes,9.2.0,General changes/features,"Added support for the dynamic attribute ÅgHintÅh for TextView"","" EditText"","" and TextInputLayout items in Android applications"
https://support.ranorex.com/hc/en-us/articles/22490943032093-Ranorex-Studio-Previous-Release-Notes,9.2.0,General changes/features,Added support for full recognition of all child elements of QQuickWidget controls (not just for the first child)
https://support.ranorex.com/hc/en-us/articles/22490943032093-Ranorex-Studio-Previous-Release-Notes,9.2.0,General changes/features,Provided a new UIA plugin setting to force UIA elements by subscribing to the UIA FocusChangedEvent
https://support.ranorex.com/hc/en-us/articles/22490943032093-Ranorex-Studio-Previous-Release-Notes,9.2.0,General changes/features,Improved IME support for RanoreXPath editor controls in Ranorex Studio
https://support.ranorex.com/hc/en-us/articles/22490943032093-Ranorex-Studio-Previous-Release-Notes,9.2.0,General changes/features,Simplified the RanoreXPath generation settings under Settings > Advanced by providing a slider with predefined levels
https://support.ranorex.com/hc/en-us/articles/22490943032093-Ranorex-Studio-Previous-Release-Notes,9.2.0,General changes/features,"When using Report.Snapshot to attach snapshots to a report"","" these snapshots are now always placed in a separate folder"
https://support.ranorex.com/hc/en-us/articles/22490943032093-Ranorex-Studio-Previous-Release-Notes,9.2.0,General changes/features,"Ranorex JUnit reports now only contain messages with the report levels Error"","" Success"","" and Failure by default"
https://support.ranorex.com/hc/en-us/articles/22490943032093-Ranorex-Studio-Previous-Release-Notes,9.2.0,General changes/features,"You will now be notified not only when recording"","" but also when tracking in non-whitelisted or blacklisted processes"
https://support.ranorex.com/hc/en-us/articles/22490943032093-Ranorex-Studio-Previous-Release-Notes,9.2.0,General changes/features,"While tracking"","" you can now change the recognition level to an ancestor element by using the mouse wheel"
https://support.ranorex.com/hc/en-us/articles/22490943032093-Ranorex-Studio-Previous-Release-Notes,9.2.0,General changes/features,Upgraded Ranorex Automation Helpers to v1.6.0
https://support.ranorex.com/hc/en-us/articles/22490943032093-Ranorex-Studio-Previous-Release-Notes,9.2.0,General changes/features,Added file comparison and text search methods to the Ranorex Automation Helpers
https://support.ranorex.com/hc/en-us/articles/22490943032093-Ranorex-Studio-Previous-Release-Notes,9.2.0,General changes/features,Added functionality to create a full page screenshot of a WebDocument to the Ranorex Automation Helpers
https://support.ranorex.com/hc/en-us/articles/22490943032093-Ranorex-Studio-Previous-Release-Notes,9.2.0,General changes/features,There are now public APIs for video reporting and performance tracing
https://support.ranorex.com/hc/en-us/articles/22490943032093-Ranorex-Studio-Previous-Release-Notes,9.2.0,General changes/features,You can now add custom ÅgrunidÅh and ÅgsutversionÅh fields to the report using the command-line arguments /runid: and /sutversion:
https://support.ranorex.com/hc/en-us/articles/22490943032093-Ranorex-Studio-Previous-Release-Notes,9.2.0,General changes/features,The .Net 4.6.2 Targeting Pack is now deployed as a prerequisite with the Ranorex Studio setup
https://support.ranorex.com/hc/en-us/articles/22490943032093-Ranorex-Studio-Previous-Release-Notes,9.2.0,General changes/features,Added first batch of more informative descriptions for properties of actions
https://support.ranorex.com/hc/en-us/articles/22490943032093-Ranorex-Studio-Previous-Release-Notes,9.2.0,General changes/features,"In the ÅgManage data sourcesÅcÅh dialog"","" you can now set a data-source column to be used as the label for data iterations in the report instead of the default iteration count"
https://support.ranorex.com/hc/en-us/articles/22490943032093-Ranorex-Studio-Previous-Release-Notes,9.2.0,General changes/features,"In the ÅgData sourceÅcÅh or ÅgData bindingÅcÅh dialog"","" you can now automatically generate a CSV data source from existing variables"
https://support.ranorex.com/hc/en-us/articles/22490943032093-Ranorex-Studio-Previous-Release-Notes,9.2.0,Bugs,Fixed incorrect test count in progress dialog
https://support.ranorex.com/hc/en-us/articles/22490943032093-Ranorex-Studio-Previous-Release-Notes,9.2.0,Bugs,Fixed a bug where Jira integration wouldnÅft work correctly for more complex solutions
https://support.ranorex.com/hc/en-us/articles/22490943032093-Ranorex-Studio-Previous-Release-Notes,9.2.0,Bugs,Fixed a bug where Jira integration wouldnÅft work correctly if ÅgContinue with iterationÅh error behavior was set
https://support.ranorex.com/hc/en-us/articles/22490943032093-Ranorex-Studio-Previous-Release-Notes,9.2.0,Bugs,"Fixed an issue when manually reporting to Jira and the value of a parameter contained a special character (e.g. &"","" #)"
https://support.ranorex.com/hc/en-us/articles/22490943032093-Ranorex-Studio-Previous-Release-Notes,9.2.0,Bugs,The TestRail integration now correctly exports values for custom fields
https://support.ranorex.com/hc/en-us/articles/22490943032093-Ranorex-Studio-Previous-Release-Notes,9.2.0,Bugs,Fixed an issue where manual changes made to the ÅgTestRail.trsdÅh file would sometimes be reverted
https://support.ranorex.com/hc/en-us/articles/22490943032093-Ranorex-Studio-Previous-Release-Notes,9.2.0,Bugs,Fixed handling of DoubleTap touch type for mobile automation
https://support.ranorex.com/hc/en-us/articles/22490943032093-Ranorex-Studio-Previous-Release-Notes,9.2.0,Bugs,Fixed an issue where Android instrumentation with -static flag would fail
https://support.ranorex.com/hc/en-us/articles/22490943032093-Ranorex-Studio-Previous-Release-Notes,9.2.0,Bugs,Fixed an issue where Android instrumentation would fail for applications using dedicated implementations of the activity class
https://support.ranorex.com/hc/en-us/articles/22490943032093-Ranorex-Studio-Previous-Release-Notes,9.2.0,Bugs,Fixed an issue where Android instrumentation would fail for applications containing a META-INFservices folder with files inside
https://support.ranorex.com/hc/en-us/articles/22490943032093-Ranorex-Studio-Previous-Release-Notes,9.2.0,Bugs,Fixed a bug where a PathTooLongException would be thrown when instrumenting an iOS IPA package
https://support.ranorex.com/hc/en-us/articles/22490943032093-Ranorex-Studio-Previous-Release-Notes,9.2.0,Bugs,Fixed an iOS issue that would cause automation deadlocks when a WKWebView control showed alerts/prompts
https://support.ranorex.com/hc/en-us/articles/22490943032093-Ranorex-Studio-Previous-Release-Notes,9.2.0,Bugs,Fixed a bug in the iOS instrumentation where searching for the bundle ID in the signature block of the iOS binary would cause an error
https://support.ranorex.com/hc/en-us/articles/22490943032093-Ranorex-Studio-Previous-Release-Notes,9.2.0,Bugs,Fixed a bug where iTunes would not be detected when installed from the Microsoft Store
https://support.ranorex.com/hc/en-us/articles/22490943032093-Ranorex-Studio-Previous-Release-Notes,9.2.0,Bugs,Fixed a bug in the Windows Forms plugin where GetPropertyValue would throw an unhandled exception if deserialization caused an exception other than SerializationException
https://support.ranorex.com/hc/en-us/articles/22490943032093-Ranorex-Studio-Previous-Release-Notes,9.2.0,Bugs,Improved handling of searches for web elements with duplicate ID values
https://support.ranorex.com/hc/en-us/articles/22490943032093-Ranorex-Studio-Previous-Release-Notes,9.2.0,Bugs,Fixed a bug where WPF controls without a namespace would not be available in the WpfImproved element tree
https://support.ranorex.com/hc/en-us/articles/22490943032093-Ranorex-Studio-Previous-Release-Notes,9.2.0,Bugs,Fixed a UI bug with the Key data property for the Key shortcut action
https://support.ranorex.com/hc/en-us/articles/22490943032093-Ranorex-Studio-Previous-Release-Notes,9.2.0,Bugs,Fixed a bug where the image tab in the Recorder validation dialog would behave incorrectly when resizing the dialog
https://support.ranorex.com/hc/en-us/articles/22490943032093-Ranorex-Studio-Previous-Release-Notes,9.2.0,Bugs,Fixed missing theming in the properties pad
https://support.ranorex.com/hc/en-us/articles/22490943032093-Ranorex-Studio-Previous-Release-Notes,9.2.0,Bugs,Fixed a bug where user code actions would contain read-only arguments after copying
https://support.ranorex.com/hc/en-us/articles/22490943032093-Ranorex-Studio-Previous-Release-Notes,9.2.0,Bugs,Limited the maximum dimensions of screenshots from the WebDocument.CaptureFullPageScreenshot method to 8192Å~16384 px to avoid memory exceptions
https://support.ranorex.com/hc/en-us/articles/22490943032093-Ranorex-Studio-Previous-Release-Notes,9.2.0,Bugs,Fixed code generation performance for projects that include API documentation in the generated code
https://support.ranorex.com/hc/en-us/articles/22490943032093-Ranorex-Studio-Previous-Release-Notes,9.2.0,Bugs,Fixed a loop of unhandled exceptions that would be thrown when pinning a variable value during debugging
https://support.ranorex.com/hc/en-us/articles/22490943032093-Ranorex-Studio-Previous-Release-Notes,9.2.0,Bugs,Fixed an issue with Ranorex Studio not saving the layout when starting it with the ÅgLoad previous solution on startupÅh setting enabled
https://support.ranorex.com/hc/en-us/articles/22490943032093-Ranorex-Studio-Previous-Release-Notes,9.2.0,Bugs,Fixed a bug where dependent files would be renamed incorrectly if the name of the parent file was changed
https://support.ranorex.com/hc/en-us/articles/22490943032093-Ranorex-Studio-Previous-Release-Notes,9.2.0,Bugs,Fixed a bug where renaming project items with dependent files would create additional links in the project file if the dependent file was not changed
https://support.ranorex.com/hc/en-us/articles/22490943032093-Ranorex-Studio-Previous-Release-Notes,9.2.0,Breaking changes,"Ranorex JUnit reports now only contain messages with the report levels Error"","" Success"","" and Failure by defaultÅ® you can change the minimum error level by setting the property Ranorex.Core.Reporting.TestReport.MinimumJUnitReportLevel"
https://support.ranorex.com/hc/en-us/articles/22490943032093-Ranorex-Studio-Previous-Release-Notes,9.2.0,Breaking changes,"When using Report.Snapshot to attach snapshots to a report"","" these snapshots are now always placed in a separate folder; ReportEnvironment.UseSnapshotFolder is no longer settable"
https://support.ranorex.com/hc/en-us/articles/22490943032093-Ranorex-Studio-Previous-Release-Notes,9.2.0,Known issues,"In very rare cases"","" Children of ContentPresenters are not recognized correctly by the WPF plugin"
https://support.ranorex.com/hc/en-us/articles/22490943032093-Ranorex-Studio-Previous-Release-Notes,9.2.0,Known issues,Loading projects in Visual Studio SDK-style format is not supported by Ranorex Studio
https://support.ranorex.com/hc/en-us/articles/22490943032093-Ranorex-Studio-Previous-Release-Notes,9.2.0,Known issues,There are some known limitations regarding the .Net Core 3.0 support:? Applications built with PublishTrimmed mode are not supported? The WinForms plugin doesnÅft support InvokeRemotely? WinFormsHost controls in WPF applications are currently not supported
https://support.ranorex.com/hc/en-us/articles/22490943032093-Ranorex-Studio-Previous-Release-Notes,9.1.2,General changes/features,"Added support for iPhone XS and XR"","" which use a new UDID format"
https://support.ranorex.com/hc/en-us/articles/22490943032093-Ranorex-Studio-Previous-Release-Notes,9.1.2,General changes/features,Added Ågno-resÅh instrumentation flag for Android
https://support.ranorex.com/hc/en-us/articles/22490943032093-Ranorex-Studio-Previous-Release-Notes,9.1.2,Bugs,Fixed a bug where the matches from Imaging.Processing.FindImage would be created with wrong widths
https://support.ranorex.com/hc/en-us/articles/22490943032093-Ranorex-Studio-Previous-Release-Notes,9.1.2,Bugs,New progress dialog and other WPF dialogs spawned by Ranorex Studio will now hide properly when performing CaptureImage and CaptureImageAuto operations
https://support.ranorex.com/hc/en-us/articles/22490943032093-Ranorex-Studio-Previous-Release-Notes,9.1.2,Bugs,Fixed Jira tickets being modified multiple times when multiple test suites are run
https://support.ranorex.com/hc/en-us/articles/22490943032093-Ranorex-Studio-Previous-Release-Notes,9.1.2,Bugs,Fixed links to Jira tickets being broken in the Ranorex Studio report if the Jira ticket contains special characters in its title
https://support.ranorex.com/hc/en-us/articles/22490943032093-Ranorex-Studio-Previous-Release-Notes,9.1.2,Bugs,Fixed an issue with Jira assembly references in Ranorex Studio projects after a Ranorex Studio version update
https://support.ranorex.com/hc/en-us/articles/22490943032093-Ranorex-Studio-Previous-Release-Notes,9.1.2,Bugs,Fixed an issue with signing in to TestRail with a password containing umlauts
https://support.ranorex.com/hc/en-us/articles/22490943032093-Ranorex-Studio-Previous-Release-Notes,9.1.2,Bugs,Fixed an issue that caused Excel instances to keep running when used as data source
https://support.ranorex.com/hc/en-us/articles/22490943032093-Ranorex-Studio-Previous-Release-Notes,9.1.2,Bugs,Fixed a bug where CEF popup windows would not get recognized when shown multiple times and the top-level ancestor changes
https://support.ranorex.com/hc/en-us/articles/22490943032093-Ranorex-Studio-Previous-Release-Notes,9.1.2,Bugs,Fixed a bug where accessing the text property of a Delphi TMemo control would freeze the AUT
https://support.ranorex.com/hc/en-us/articles/22490943032093-Ranorex-Studio-Previous-Release-Notes,9.1.2,Bugs,Fixed a bug where the successful registration of the Internet Explorer addon would depend on the targeted platform of the test application
https://support.ranorex.com/hc/en-us/articles/22490943032093-Ranorex-Studio-Previous-Release-Notes,9.1.2,Bugs,Fixed a bug where MSB3644 errors would not show up on build
https://support.ranorex.com/hc/en-us/articles/22490943032093-Ranorex-Studio-Previous-Release-Notes,9.1.2,Bugs,"Fixed the Ranorex License Manager service not being run as 32bit"","" which caused database access problems for logging"
https://support.ranorex.com/hc/en-us/articles/22490943032093-Ranorex-Studio-Previous-Release-Notes,9.1.2,Bugs,Fixed the Ranorex Magic Merger reporting success despite not being able to save the merged file
https://support.ranorex.com/hc/en-us/articles/22490943032093-Ranorex-Studio-Previous-Release-Notes,9.1.2,Bugs,Fixed the Ranorex Magic Merger to start up successfully even without supplying arguments
https://support.ranorex.com/hc/en-us/articles/22490943032093-Ranorex-Studio-Previous-Release-Notes,9.1.2,Bugs,Fixed an unhandled ArgumentException when selecting a Recorder action with a linked repository item
https://support.ranorex.com/hc/en-us/articles/22490943032093-Ranorex-Studio-Previous-Release-Notes,9.1.2,Bugs,Fixed an issue where copying VB methods that have a return type didnÅft work correctly
https://support.ranorex.com/hc/en-us/articles/22490943032093-Ranorex-Studio-Previous-Release-Notes,9.1.2,Bugs,Fixed the default log message for the Run application action to only contain relevant information
https://support.ranorex.com/hc/en-us/articles/22490943032093-Ranorex-Studio-Previous-Release-Notes,9.1.2,Bugs,Fixed a bug where tracking WPF applications which have their mouse cursor set to None would also make the cursor disappear in Ranorex Studio
https://support.ranorex.com/hc/en-us/articles/22490943032093-Ranorex-Studio-Previous-Release-Notes,9.1.2,Bugs,Fixed video reporting not stopping when aborting a test run
https://support.ranorex.com/hc/en-us/articles/22490943032093-Ranorex-Studio-Previous-Release-Notes,9.1.2,Bugs,Fixed a layout issue with index editors in the path editor of Ranorex Spy
https://support.ranorex.com/hc/en-us/articles/22490943032093-Ranorex-Studio-Previous-Release-Notes,9.1.2,Bugs,Fixed an issue where the standalone Ranorex Spy would freeze if ÅeAlways on TopÅf is enabled and the settings dialog is opened
https://support.ranorex.com/hc/en-us/articles/22490943032093-Ranorex-Studio-Previous-Release-Notes,9.1.2,Bugs,Fixed a bug where the browser wouldnÅft close after creating and running a web solution using an URL that specifies a port
https://support.ranorex.com/hc/en-us/articles/22490943032093-Ranorex-Studio-Previous-Release-Notes,9.1.2,Bugs,Fixed an issue where the fast Ctrl+Tab keyboard shortcut would not switch between views in Studio
https://support.ranorex.com/hc/en-us/articles/22490943032093-Ranorex-Studio-Previous-Release-Notes,9.1.2,Bugs,Restricted renaming of ProjectBrowserNodes according to the naming blacklist and added ÅgSystemÅh to that blacklist
https://support.ranorex.com/hc/en-us/articles/22490943032093-Ranorex-Studio-Previous-Release-Notes,9.1.2,Bugs,Fixed various warnings shown in the output window when building VB projects
https://support.ranorex.com/hc/en-us/articles/22490943032093-Ranorex-Studio-Previous-Release-Notes,9.1.2,Bugs,Changed the maximum text length shown for properties while debugging from 256 to 256k characters
https://support.ranorex.com/hc/en-us/articles/22490943032093-Ranorex-Studio-Previous-Release-Notes,9.1.2,Bugs,Fixed an unhandled exception that would occur when using checkout with the TFS source control integration without having all prerequisites installed
https://support.ranorex.com/hc/en-us/articles/22490943032093-Ranorex-Studio-Previous-Release-Notes,9.1.2,Bugs,Fixed inconsistent warnings when adding/removing arguments or changing argument types for user code methods using the argument editor
https://support.ranorex.com/hc/en-us/articles/22490943032093-Ranorex-Studio-Previous-Release-Notes,9.1.2,Bugs,Fixed data row iteration issues if the effective row count would change during the iteration
https://support.ranorex.com/hc/en-us/articles/22490943032093-Ranorex-Studio-Previous-Release-Notes,9.1.2,Bugs,Fixed an unhandled exception in the data binding dialog
https://support.ranorex.com/hc/en-us/articles/22490943032093-Ranorex-Studio-Previous-Release-Notes,9.1.2,Bugs,Fixed a bug where changes to the data binding parameters wouldnÅft be saved if an entry was deleted with the Delete key
https://support.ranorex.com/hc/en-us/articles/22490943032093-Ranorex-Studio-Previous-Release-Notes,9.1.2,Bugs,"Fixed a bug in the test suite properties where property values would not be saved if copied"","" unless the field is in edit mode and not just selected"
https://support.ranorex.com/hc/en-us/articles/22490943032093-Ranorex-Studio-Previous-Release-Notes,9.1.1,General changes/features,You can now change the recognition level in Ranorex Spy and the repository by scrolling the mouse wheel when tracking mode is active
https://support.ranorex.com/hc/en-us/articles/22490943032093-Ranorex-Studio-Previous-Release-Notes,9.1.1,Bugs,Fixed newly created image-based user code methods to compile/replay even if not referenced in the action table (by using local variables for the image information)
https://support.ranorex.com/hc/en-us/articles/22490943032093-Ranorex-Studio-Previous-Release-Notes,9.1.1,Bugs,Fixed an unhandled exception for TestRail-integrated projects after upgrade to Ranorex Studio 9.1
https://support.ranorex.com/hc/en-us/articles/22490943032093-Ranorex-Studio-Previous-Release-Notes,9.1.1,Bugs,Fixed a bug where skipped test cases were automatically closed in Jira
https://support.ranorex.com/hc/en-us/articles/22490943032093-Ranorex-Studio-Previous-Release-Notes,9.1.1,Bugs,Fixed a bug where the same Jira ticket could correspond to multiple test cases
https://support.ranorex.com/hc/en-us/articles/22490943032093-Ranorex-Studio-Previous-Release-Notes,9.1.1,Bugs,Fixed a bug where the link to a Jira ticket in the report would be broken if the stored Jira URL did not end in a slash
https://support.ranorex.com/hc/en-us/articles/22490943032093-Ranorex-Studio-Previous-Release-Notes,9.1.1,Bugs,Fixed a bug where the Jira ticket auto-creation would fail if the Jira server URL contained a relative path
https://support.ranorex.com/hc/en-us/articles/22490943032093-Ranorex-Studio-Previous-Release-Notes,9.1.1,Bugs,Fixed a bug where the Jira integration wouldnÅft work correctly for users with a non-English Jira server language
https://support.ranorex.com/hc/en-us/articles/22490943032093-Ranorex-Studio-Previous-Release-Notes,9.1.1,Bugs,"Fixed a bug where multiple test suites could have the same ID"","" which resulted in ambiguous test case references"
https://support.ranorex.com/hc/en-us/articles/22490943032093-Ranorex-Studio-Previous-Release-Notes,9.1.1,Bugs,Fixed a bug where certain raw text blocks would be detected with a width and height of 0 (zero) and thus omitted
https://support.ranorex.com/hc/en-us/articles/22490943032093-Ranorex-Studio-Previous-Release-Notes,9.1.1,Bugs,Fixed index operator not working correctly in JS-accelerated RanoreXPath search if the parent of the target node is a shadow root and the child is inside the shadow tree
https://support.ranorex.com/hc/en-us/articles/22490943032093-Ranorex-Studio-Previous-Release-Notes,9.1.1,Bugs,Fixed an issue where the progress dialog would cause image-based validations to fail
https://support.ranorex.com/hc/en-us/articles/22490943032093-Ranorex-Studio-Previous-Release-Notes,9.1.1,Bugs,Fixed an issue where Ranorex Recorder wouldnÅft record the correct UI element when using the mouse wheel to change recognition level
https://support.ranorex.com/hc/en-us/articles/22490943032093-Ranorex-Studio-Previous-Release-Notes,9.1.1,Bugs,The WaitFor attribute action in the Ranorex Recorder now also refreshes the element when waiting for an attribute value to stabilize
https://support.ranorex.com/hc/en-us/articles/22490943032093-Ranorex-Studio-Previous-Release-Notes,9.1.1,Bugs,Fixed a possible unhandled exception when opening the user code library dialog from a user code action combobox
https://support.ranorex.com/hc/en-us/articles/22490943032093-Ranorex-Studio-Previous-Release-Notes,9.1.1,Bugs,Mouse wheel actions are no longer recorded when hotkeys are active
https://support.ranorex.com/hc/en-us/articles/22490943032093-Ranorex-Studio-Previous-Release-Notes,9.1.1,Bugs,Fixed a bug where copying a user code function between recordings would cause its return type to be lost
https://support.ranorex.com/hc/en-us/articles/22490943032093-Ranorex-Studio-Previous-Release-Notes,9.1.1,Bugs,Fixed an issue where deleting a report would not remove all associated report files if the report contained a link to an absolute URL
https://support.ranorex.com/hc/en-us/articles/22490943032093-Ranorex-Studio-Previous-Release-Notes,9.1.1,Bugs,Fixed an issue where containers would appear empty in the report
https://support.ranorex.com/hc/en-us/articles/22490943032093-Ranorex-Studio-Previous-Release-Notes,9.1.1,Bugs,Fixed a bug where running a recording would produce a report with empty timestamps
https://support.ranorex.com/hc/en-us/articles/22490943032093-Ranorex-Studio-Previous-Release-Notes,9.1.1,Bugs,Fixed an issue where renaming repository items and screenshots accessed through member variables would throw an error
https://support.ranorex.com/hc/en-us/articles/22490943032093-Ranorex-Studio-Previous-Release-Notes,9.1.1,Bugs,Fixed a race condition that resulted in an unhandled exception for the TaskView pad
https://support.ranorex.com/hc/en-us/articles/22490943032093-Ranorex-Studio-Previous-Release-Notes,9.1.1,Bugs,Fixed an exception in the debugger Callstack pad if debugging 3rd party DLLs
https://support.ranorex.com/hc/en-us/articles/22490943032093-Ranorex-Studio-Previous-Release-Notes,9.1.1,Bugs,Clean/rebuild solution now properly removes the integration files from the output folder
https://support.ranorex.com/hc/en-us/articles/22490943032093-Ranorex-Studio-Previous-Release-Notes,9.1.1,Bugs,Fixed a bug where MSBuild 15 wouldnÅft be found if Visual Studio 2019 wasnÅft installed
https://support.ranorex.com/hc/en-us/articles/22490943032093-Ranorex-Studio-Previous-Release-Notes,9.1.1,Bugs,Fixed unhandled exceptions caused by non-absolute URIs in nuget package or web service descriptions
https://support.ranorex.com/hc/en-us/articles/22490943032093-Ranorex-Studio-Previous-Release-Notes,9.1.1,Bugs,Fixed code generation for VB user code files containing user code methods
https://support.ranorex.com/hc/en-us/articles/22490943032093-Ranorex-Studio-Previous-Release-Notes,9.1.1,Bugs,Fixed an issue where image validation actions with an image search timeout would not produce the correct corresponding report message
https://support.ranorex.com/hc/en-us/articles/22490943032093-Ranorex-Studio-Previous-Release-Notes,9.1.1,Bugs,Added error handling for restarting Ranorex Studio as administrator if the user blocks the restart from the system dialog
https://support.ranorex.com/hc/en-us/articles/22490943032093-Ranorex-Studio-Previous-Release-Notes,9.1.1,Bugs,Fixed a bug where the progress dialog was not counting the total progress correctly when using ÅgRun selected TC/SFÅh and ÅgRun to here (excluding selection)Åh
https://support.ranorex.com/hc/en-us/articles/22490943032093-Ranorex-Studio-Previous-Release-Notes,9.1.1,Bugs,Fixed the ÅgRun configurationÅh drop down menu being disabled in the Test Suite Runner if no test container is checked
https://support.ranorex.com/hc/en-us/articles/22490943032093-Ranorex-Studio-Previous-Release-Notes,9.1.1,Bugs,Fixed an exception in the Test Suite Runner when running a test suite while there are multiple test executables with the same name as the test suite in the directory tree (e.g. in Debug and Release folders)
https://support.ranorex.com/hc/en-us/articles/22490943032093-Ranorex-Studio-Previous-Release-Notes,9.1.0,Headline features,Jira integration: Connect your solution to Jira and create issues for test cases manually or automatically
https://support.ranorex.com/hc/en-us/articles/22490943032093-Ranorex-Studio-Previous-Release-Notes,9.1.0,Headline features,You can now easily bind the return value of user code modules to a variable
https://support.ranorex.com/hc/en-us/articles/22490943032093-Ranorex-Studio-Previous-Release-Notes,9.1.0,Headline features,All new test progress dialog with better looks and more info
https://support.ranorex.com/hc/en-us/articles/22490943032093-Ranorex-Studio-Previous-Release-Notes,9.1.0,Headline features,Whitelist (both in plugin settings and in the whitelist pad) and blacklist are now case insensitive and allow regex statements
https://support.ranorex.com/hc/en-us/articles/22490943032093-Ranorex-Studio-Previous-Release-Notes,9.1.0,General changes/features,Redesigned technology limitation messages to be easier to notice and understand
https://support.ranorex.com/hc/en-us/articles/22490943032093-Ranorex-Studio-Previous-Release-Notes,9.1.0,General changes/features,Improved recording and replaying stability of the Key sequence action
https://support.ranorex.com/hc/en-us/articles/22490943032093-Ranorex-Studio-Previous-Release-Notes,9.1.0,General changes/features,"RanoreXPath generation now uses the StartsWith operator instead of regex"","" making long paths easier to read"
https://support.ranorex.com/hc/en-us/articles/22490943032093-Ranorex-Studio-Previous-Release-Notes,9.1.0,General changes/features,"Improved RanoreXPath generation for similar top-level elements"","" e.g. if multiple AUT instances are running at the same time"
https://support.ranorex.com/hc/en-us/articles/22490943032093-Ranorex-Studio-Previous-Release-Notes,9.1.0,General changes/features,The error message for when an element couldnÅft be found now shows what exact part of the RanoreXPath failed for easier troubleshooting
https://support.ranorex.com/hc/en-us/articles/22490943032093-Ranorex-Studio-Previous-Release-Notes,9.1.0,General changes/features,Improved project upgrading for new Ranorex Studio versions by minimizing file changes and allowing you to ignore version conflicts
https://support.ranorex.com/hc/en-us/articles/22490943032093-Ranorex-Studio-Previous-Release-Notes,9.1.0,General changes/features,ReportEnvironment now has the properties ReportVideoFolderName and *Path that allow you to get the folder where the videos for video reporting are stored
https://support.ranorex.com/hc/en-us/articles/22490943032093-Ranorex-Studio-Previous-Release-Notes,9.1.0,General changes/features,You can now get the JSON configuration of a WebDriver endpoint at runtime through code
https://support.ranorex.com/hc/en-us/articles/22490943032093-Ranorex-Studio-Previous-Release-Notes,9.1.0,General changes/features,"The remote pad now has a search bar that allows you to search for Agents based on their attributes"","" e.g. tags"","" name"","" hostname"","" etc."
https://support.ranorex.com/hc/en-us/articles/22490943032093-Ranorex-Studio-Previous-Release-Notes,9.1.0,General changes/features,Standalone tools now also use the theme set under Tools > OptionsÅc in Ranorex Studio
https://support.ranorex.com/hc/en-us/articles/22490943032093-Ranorex-Studio-Previous-Release-Notes,9.1.0,General changes/features,The Run application action now provides a flag to run the specified application without elevation (i.e. without admin privileges)
https://support.ranorex.com/hc/en-us/articles/22490943032093-Ranorex-Studio-Previous-Release-Notes,9.1.0,General changes/features,The Run application action now returns the process ID of the started application for use in the Close application action
https://support.ranorex.com/hc/en-us/articles/22490943032093-Ranorex-Studio-Previous-Release-Notes,9.1.0,General changes/features,"The setting ÅgShow invisible characters in reportÅh is no longer test-suite specific"","" but now applies to the entire solution"
https://support.ranorex.com/hc/en-us/articles/22490943032093-Ranorex-Studio-Previous-Release-Notes,9.1.0,General changes/features,The ÅgUse cacheÅh property for manually created repository app folders is now set to False by default
https://support.ranorex.com/hc/en-us/articles/22490943032093-Ranorex-Studio-Previous-Release-Notes,9.1.0,General changes/features,"Ranorex Magic Merger now also handles auto-generated code files if under git source control. However"","" you must still rebuild the solution if such files were affected"
https://support.ranorex.com/hc/en-us/articles/22490943032093-Ranorex-Studio-Previous-Release-Notes,9.1.0,General changes/features,"Upgraded Ranorex Automation Helpers to v1.5.3"","" including Ranorex.ReportToPdf 1.0.16"
https://support.ranorex.com/hc/en-us/articles/22490943032093-Ranorex-Studio-Previous-Release-Notes,9.1.0,General changes/features,The editor for simple data tables now allows copy & paste of multiple cells from an Excel table
https://support.ranorex.com/hc/en-us/articles/22490943032093-Ranorex-Studio-Previous-Release-Notes,9.1.0,General changes/features,The same constant value is now allowed multiple times within a data binding
https://support.ranorex.com/hc/en-us/articles/22490943032093-Ranorex-Studio-Previous-Release-Notes,9.1.0,General changes/features,Added support for Java 12
https://support.ranorex.com/hc/en-us/articles/22490943032093-Ranorex-Studio-Previous-Release-Notes,9.1.0,General changes/features,Updated the Apktool for Android instrumentation to the newest 2.4.0 master build
https://support.ranorex.com/hc/en-us/articles/22490943032093-Ranorex-Studio-Previous-Release-Notes,9.1.0,Bugs,"Changed IME mode such that when the IME is used during a recording"","" all key presses are deleted at the end of the recording. Only text entered via the IME will be recorded"
https://support.ranorex.com/hc/en-us/articles/22490943032093-Ranorex-Studio-Previous-Release-Notes,9.1.0,Bugs,Fixed mouse movement issues caused by Windows 10 1809
https://support.ranorex.com/hc/en-us/articles/22490943032093-Ranorex-Studio-Previous-Release-Notes,9.1.0,Bugs,Fixed an unhandled exception caused by unauthorized access when listing reports in the projects view
https://support.ranorex.com/hc/en-us/articles/22490943032093-Ranorex-Studio-Previous-Release-Notes,9.1.0,Bugs,Fixed a bug in in the iOS plugin where framework info.plist files without a CfBundleExe key caused a crash during instrumentation
https://support.ranorex.com/hc/en-us/articles/22490943032093-Ranorex-Studio-Previous-Release-Notes,9.1.0,Bugs,Fixed the ÅgsafeclassÅh attribute not being fetched correctly for most web elements
https://support.ranorex.com/hc/en-us/articles/22490943032093-Ranorex-Studio-Previous-Release-Notes,9.1.0,Bugs,Improved visibility attribute calculation for web elements nested inside of Ågdisplay: noneÅh blocks
https://support.ranorex.com/hc/en-us/articles/22490943032093-Ranorex-Studio-Previous-Release-Notes,9.1.0,Bugs,Fixed a bug that crashed Spy when detecting dynamic IDs on JS generated iframes
https://support.ranorex.com/hc/en-us/articles/22490943032093-Ranorex-Studio-Previous-Release-Notes,9.1.0,Bugs,Fixed a bug in the Firefox extension which caused iframe content not to be recognized if it was set by contentDocument.location.href
https://support.ranorex.com/hc/en-us/articles/22490943032093-Ranorex-Studio-Previous-Release-Notes,9.1.0,Bugs,Fixed some numeric property values not being available in IE/Edge for certain HTML tags (meter/progress/input/option/img)
https://support.ranorex.com/hc/en-us/articles/22490943032093-Ranorex-Studio-Previous-Release-Notes,9.1.0,Bugs,"Added missing HTML5 tags to the WebPlugin capability: template"","" picture"","" track"","" main"","" dialog"","" data"
https://support.ranorex.com/hc/en-us/articles/22490943032093-Ranorex-Studio-Previous-Release-Notes,9.1.0,Bugs,Fixed a memory leak in the WpfProxy causing memory not to be released in the AUT
https://support.ranorex.com/hc/en-us/articles/22490943032093-Ranorex-Studio-Previous-Release-Notes,9.1.0,Bugs,"Running a test on an Agent now always produces a report"","" even if no license could be acquired. This makes troubleshooting licensing issues easier"
https://support.ranorex.com/hc/en-us/articles/22490943032093-Ranorex-Studio-Previous-Release-Notes,9.1.0,Bugs,Fixed a bug where recording variables were sometimes incorrectly displayed as Ågnot in useÅh when they were in fact in use in the repository
https://support.ranorex.com/hc/en-us/articles/22490943032093-Ranorex-Studio-Previous-Release-Notes,9.1.0,Bugs,Image-based recording is no longer turned off when entering/exiting validation mode
https://support.ranorex.com/hc/en-us/articles/22490943032093-Ranorex-Studio-Previous-Release-Notes,9.1.0,Bugs,"When aborting a test by closing the console window"","" the report is now created properly"
https://support.ranorex.com/hc/en-us/articles/22490943032093-Ranorex-Studio-Previous-Release-Notes,9.1.0,Bugs,Fixed a bug where screenshots were taken for non-failing activities if the activity was ended programmatically from user code
https://support.ranorex.com/hc/en-us/articles/22490943032093-Ranorex-Studio-Previous-Release-Notes,9.1.0,Bugs,Fixed a bug where activating video reporting would cause a console window to be created even if the project was built as a non-console application
https://support.ranorex.com/hc/en-us/articles/22490943032093-Ranorex-Studio-Previous-Release-Notes,9.1.0,Bugs,Fixed a bug which prevented video reporting from working if test cases contained illegal file/path characters
https://support.ranorex.com/hc/en-us/articles/22490943032093-Ranorex-Studio-Previous-Release-Notes,9.1.0,Bugs,Fixed toolbar button images in Ranorex Studio being cut off on some operating systems with 120 DPI
https://support.ranorex.com/hc/en-us/articles/22490943032093-Ranorex-Studio-Previous-Release-Notes,9.1.0,Bugs,Fixed a bug where the most recent changes of a recording action were not applied when instantly running the selected action after the change
https://support.ranorex.com/hc/en-us/articles/22490943032093-Ranorex-Studio-Previous-Release-Notes,9.1.0,Bugs,Fixed a bug where the path to MsBuild 15 was calculated incorrectly after installing Visual Studio 2019
https://support.ranorex.com/hc/en-us/articles/22490943032093-Ranorex-Studio-Previous-Release-Notes,9.1.0,Bugs,Fixed occasional unhandled exception when clicking the Delete button in the Recorder control center
https://support.ranorex.com/hc/en-us/articles/22490943032093-Ranorex-Studio-Previous-Release-Notes,9.1.0,Bugs,Building a solution in Ranorex Studio now only copies the runtime to the output directory again if itÅfs outdated
https://support.ranorex.com/hc/en-us/articles/22490943032093-Ranorex-Studio-Previous-Release-Notes,9.1.0,Bugs,Fixed very long solution load times for large source files under source control
https://support.ranorex.com/hc/en-us/articles/22490943032093-Ranorex-Studio-Previous-Release-Notes,9.1.0,Bugs,Fixed a bug that caused duplicate lines to be inserted in .csproj/.vbproj file
https://support.ranorex.com/hc/en-us/articles/22490943032093-Ranorex-Studio-Previous-Release-Notes,9.1.0,Bugs,Fixed an unhandled exception in the debugger that occurred if certain member methods couldnÅft be resolved while running a test
https://support.ranorex.com/hc/en-us/articles/22490943032093-Ranorex-Studio-Previous-Release-Notes,9.1.0,Bugs,Fixed an unhandled exception when converting between C# and VBNet for projects with long names
https://support.ranorex.com/hc/en-us/articles/22490943032093-Ranorex-Studio-Previous-Release-Notes,9.1.0,Bugs,Solution items that were open when you closed a solution are now reopened when you open the solution again
https://support.ranorex.com/hc/en-us/articles/22490943032093-Ranorex-Studio-Previous-Release-Notes,9.1.0,Bugs,Fixed a bug where inactive run configurations were not saved correctly after adding test containers
https://support.ranorex.com/hc/en-us/articles/22490943032093-Ranorex-Studio-Previous-Release-Notes,9.1.0,Bugs,Fixed an unhandled exception when using ÅgInspect in SpyÅh in maintenance mode
https://support.ranorex.com/hc/en-us/articles/22490943032093-Ranorex-Studio-Previous-Release-Notes,9.1.0,Breaking changes,The minimum .NET Framework version to install and set as compilation target framework was changed to .NET 4.6.2. The Framework is automatically installed if not already present and the target framework for projectsis automatically upgraded when opened in Ranorex Studio.
https://support.ranorex.com/hc/en-us/articles/22490943032093-Ranorex-Studio-Previous-Release-Notes,9.1.0,Breaking changes,Ranorex Studio 9.1.0 requires Ranorex Agent 6.0.0 or newer.
https://support.ranorex.com/hc/en-us/articles/22490943032093-Ranorex-Studio-Previous-Release-Notes,9.1.0,Breaking changes,"We removed the functionality to directly add a whole process to the GDI capture list using the context menu from the Spy element tree"","" as this could lead to unnecessary and possibly unstable usage of GDI elements. In general"","" simply add specific classnames to the GDI capture list. If you still need to add a whole process to the GDI capture list for backwards compatibility"","" please use the GDI capture settings."
https://support.ranorex.com/hc/en-us/articles/22490943032093-Ranorex-Studio-Previous-Release-Notes,9.1.0,Breaking changes,"The setting ÅgShow Invisible CharactersÅh now applies to the entire solution instead of just the test suite. If you had this settingdisabled on a previous Ranorex version"","" please disable it again in the settings.Additionally"","" change all references to ReportSettings.ShowInvisibleChars to Ranorex.Configuration.Current.Report.ShowInvisibleCharacters"
https://support.ranorex.com/hc/en-us/articles/22490943032093-Ranorex-Studio-Previous-Release-Notes,9.1.0,Breaking changes,"The ProgressForm.Instance and InstanceHandle properties are no longer available. If you want to show/hide the form orset its opacity from code"","" use the corresponding static methods Show"","" Hide"","" or SetOpacity."
https://support.ranorex.com/hc/en-us/articles/22490943032093-Ranorex-Studio-Previous-Release-Notes,9.1.0,Breaking changes,The option to instrument Flash/Flex in Chrome was removed from the instrumentation wizard due to Chrome limitations.Use the manual pre-instrumentation option to automate Flash/Flex in Chrome.
https://support.ranorex.com/hc/en-us/articles/22490943032093-Ranorex-Studio-Previous-Release-Notes,9.1.0,Known issues,The improved ElementNotFoundException error message does not return the exact location of the failed step if the path searchwas delegated to JS for web element searches with JS acceleration enabled
https://support.ranorex.com/hc/en-us/articles/22490943032093-Ranorex-Studio-Previous-Release-Notes,9.0.1,General changes/features,"Added support for additional Delphi controls: filter icons"","" tab headers"","" DBGrid (for Delphi versions <= 10.1)"
https://support.ranorex.com/hc/en-us/articles/22490943032093-Ranorex-Studio-Previous-Release-Notes,9.0.1,Bugs,Fixed IME handling adding an unnecessary Key sequence action (Return up)
https://support.ranorex.com/hc/en-us/articles/22490943032093-Ranorex-Studio-Previous-Release-Notes,9.0.1,Bugs,Fixed a bug where user mouse input was not disabled when using MoveTo() with absolute screen coordinates
https://support.ranorex.com/hc/en-us/articles/22490943032093-Ranorex-Studio-Previous-Release-Notes,9.0.1,Bugs,Fixed a decoding issue for XML hex entities
https://support.ranorex.com/hc/en-us/articles/22490943032093-Ranorex-Studio-Previous-Release-Notes,9.0.1,Bugs,Readded missing IsEmpty extension method for IEnumerable that caused compilation errors on upgrade to Ranorex Studio 9.0.0
https://support.ranorex.com/hc/en-us/articles/22490943032093-Ranorex-Studio-Previous-Release-Notes,9.0.1,Bugs,"Fixed API documentation for the DataRangeSet.Parse method to use the correct separator character Åg"",""Åh"
https://support.ranorex.com/hc/en-us/articles/22490943032093-Ranorex-Studio-Previous-Release-Notes,9.0.1,Bugs,Fixed a bug where dynamic ID detection caused performance issues on remote endpoints
https://support.ranorex.com/hc/en-us/articles/22490943032093-Ranorex-Studio-Previous-Release-Notes,9.0.1,Bugs,Fixed iOS automation beta warning being displayed despite not using a beta version
https://support.ranorex.com/hc/en-us/articles/22490943032093-Ranorex-Studio-Previous-Release-Notes,9.0.1,Bugs,Fixed a possible NullReferenceException in Qt Plugin
https://support.ranorex.com/hc/en-us/articles/22490943032093-Ranorex-Studio-Previous-Release-Notes,9.0.1,Bugs,Fixed a bug where spurious warnings were logged for WebDocument repository folders with enabled caching
https://support.ranorex.com/hc/en-us/articles/22490943032093-Ranorex-Studio-Previous-Release-Notes,9.0.1,Bugs,The ChildIndex returned by elements found by JS-based searches now return the correct value instead of -1 (for result elements)
https://support.ranorex.com/hc/en-us/articles/22490943032093-Ranorex-Studio-Previous-Release-Notes,9.0.1,Bugs,Fixed a bug when using JS-based search where well defined but not set attributes on web elements would not evaluate to empty strings
https://support.ranorex.com/hc/en-us/articles/22490943032093-Ranorex-Studio-Previous-Release-Notes,9.0.1,Bugs,Fixed an unintended breaking change where well known CSS property names would no longer work when used in JS-based searches as RanorexXPath attribute names
https://support.ranorex.com/hc/en-us/articles/22490943032093-Ranorex-Studio-Previous-Release-Notes,9.0.1,Bugs,Fixed a bug which caused empty-value NotEqual comparisons to not work correctly with enabled JS-based path search
https://support.ranorex.com/hc/en-us/articles/22490943032093-Ranorex-Studio-Previous-Release-Notes,9.0.1,Bugs,Improved Åg@visibleÅh attribute calculation to include the current web document viewport when using JS-based search
https://support.ranorex.com/hc/en-us/articles/22490943032093-Ranorex-Studio-Previous-Release-Notes,9.0.1,Bugs,Fixed an unintended breaking change when using JS-based search where Åg@tagvalueÅh no longer worked for matching ÅgvalueÅh attributes/properties
https://support.ranorex.com/hc/en-us/articles/22490943032093-Ranorex-Studio-Previous-Release-Notes,9.0.1,Bugs,Fixed a bug where Chrome and Firefox DOMs could be duplicated when a popup watcher was watching on a DOM path
https://support.ranorex.com/hc/en-us/articles/22490943032093-Ranorex-Studio-Previous-Release-Notes,9.0.1,Bugs,Fixed a bug where open Electron apps would cause duplicate DOM objects to be created for Chrome
https://support.ranorex.com/hc/en-us/articles/22490943032093-Ranorex-Studio-Previous-Release-Notes,9.0.1,Bugs,Fixed a bug where old registrations for the Ranorex Studio IE add-on could remain after uninstalling/upgrading Ranorex Studio and cause new addon installations to not work correctly
https://support.ranorex.com/hc/en-us/articles/22490943032093-Ranorex-Studio-Previous-Release-Notes,9.0.1,Bugs,Fixed an unhandled exception in WPF AUTs when switching the AutomationMode
https://support.ranorex.com/hc/en-us/articles/22490943032093-Ranorex-Studio-Previous-Release-Notes,9.0.1,Bugs,Fixed a bug where activated assembly shadow copying could break automation in WPF AUTs
https://support.ranorex.com/hc/en-us/articles/22490943032093-Ranorex-Studio-Previous-Release-Notes,9.0.1,Bugs,Executing tests on Ranorex Agents via command line from root directory now works as expected
https://support.ranorex.com/hc/en-us/articles/22490943032093-Ranorex-Studio-Previous-Release-Notes,9.0.1,Bugs,Fixed the appearance of the validation dialog
https://support.ranorex.com/hc/en-us/articles/22490943032093-Ranorex-Studio-Previous-Release-Notes,9.0.1,Bugs,Fixed a bug where renaming a variable would remove its bindings from return values in user code actions
https://support.ranorex.com/hc/en-us/articles/22490943032093-Ranorex-Studio-Previous-Release-Notes,9.0.1,Bugs,Fixed a possible unhandled ArgumentException when opening a solution with unresolvable report files
https://support.ranorex.com/hc/en-us/articles/22490943032093-Ranorex-Studio-Previous-Release-Notes,9.0.1,Bugs,Fixed missing references when merging repositories on importing a module
https://support.ranorex.com/hc/en-us/articles/22490943032093-Ranorex-Studio-Previous-Release-Notes,9.0.1,Bugs,Common WPF plugin settings are now visible for ÅgWPF classicÅh and ÅgWPF improvedÅh
https://support.ranorex.com/hc/en-us/articles/22490943032093-Ranorex-Studio-Previous-Release-Notes,9.0.1,Bugs,Fixed imported settings getting lost after application restart
https://support.ranorex.com/hc/en-us/articles/22490943032093-Ranorex-Studio-Previous-Release-Notes,9.0.1,Bugs,Fixed the Properties pad not being shown when enabling ÅgAlways on topÅh in Ranorex Spy
https://support.ranorex.com/hc/en-us/articles/22490943032093-Ranorex-Studio-Previous-Release-Notes,9.0.1,Bugs,Fixed always on top behavior when starting Ranorex Spy with ÅgAlways on topÅh enabled
https://support.ranorex.com/hc/en-us/articles/22490943032093-Ranorex-Studio-Previous-Release-Notes,9.0.1,Bugs,Fixed screenshot information in Ranorex Spy for elements that are minimized and not visible on screen
https://support.ranorex.com/hc/en-us/articles/22490943032093-Ranorex-Studio-Previous-Release-Notes,9.0.1,Bugs,Closing Ranorex Spy in tracking mode will no longer cause Ranorex Studio to be stuck
https://support.ranorex.com/hc/en-us/articles/22490943032093-Ranorex-Studio-Previous-Release-Notes,9.0.1,Bugs,Fixed possible deadlocks when a test run finishes or when closing Ranorex Studio
https://support.ranorex.com/hc/en-us/articles/22490943032093-Ranorex-Studio-Previous-Release-Notes,9.0.1,Bugs,Fixed a few wrong icons in the Studio toolbar for specific states (e.g. while debugging)
https://support.ranorex.com/hc/en-us/articles/22490943032093-Ranorex-Studio-Previous-Release-Notes,9.0.1,Bugs,Fixed default repository app folder caching so it is now disabled for web test solutions created with the solution wizard
https://support.ranorex.com/hc/en-us/articles/22490943032093-Ranorex-Studio-Previous-Release-Notes,9.0.1,Bugs,Fixed project building issue after cleaning a solution
https://support.ranorex.com/hc/en-us/articles/22490943032093-Ranorex-Studio-Previous-Release-Notes,9.0.1,Bugs,Fixed video reporting not working for odd-valued screen resolutions
https://support.ranorex.com/hc/en-us/articles/22490943032093-Ranorex-Studio-Previous-Release-Notes,9.0.1,Bugs,Fixed Ranorex Studio crashing when loading solutions with specific DLL references that caused a stack overflow in the code parser
https://support.ranorex.com/hc/en-us/articles/22490943032093-Ranorex-Studio-Previous-Release-Notes,9.0.1,Bugs,Fixed a NullReference exception when adding a project to an empty solution
https://support.ranorex.com/hc/en-us/articles/22490943032093-Ranorex-Studio-Previous-Release-Notes,9.0.1,Bugs,Fixed a bug where Ranorex Studio called vswhere.exe in the console window for every project in a solution
https://support.ranorex.com/hc/en-us/articles/22490943032093-Ranorex-Studio-Previous-Release-Notes,9.0.1,Bugs,Fixed a bug in the action table where using the mouse wheel scrolled values instead of the table
https://support.ranorex.com/hc/en-us/articles/22490943032093-Ranorex-Studio-Previous-Release-Notes,9.0.1,Bugs,Fixed missing project reference when setting the focus in the project browser to solution node
https://support.ranorex.com/hc/en-us/articles/22490943032093-Ranorex-Studio-Previous-Release-Notes,9.0.1,Bugs,ÅgOpen recent reportÅh context menu now properly opens the corresponding report
https://support.ranorex.com/hc/en-us/articles/22490943032093-Ranorex-Studio-Previous-Release-Notes,9.0.1,Bugs,Fixed an unhandled exception in the whitelisting dialog if the name of a process cannot be determined
https://support.ranorex.com/hc/en-us/articles/22490943032093-Ranorex-Studio-Previous-Release-Notes,9.0.1,Bugs,Fixed occasional Studio crashes when reloading the solution after external changes to the project file
https://support.ranorex.com/hc/en-us/articles/22490943032093-Ranorex-Studio-Previous-Release-Notes,9.0.1,Bugs,Fixed missing popup for Available Actions (suggestions) on code errors
https://support.ranorex.com/hc/en-us/articles/22490943032093-Ranorex-Studio-Previous-Release-Notes,9.0.1,Bugs,Fixed ILSpy theming issues
https://support.ranorex.com/hc/en-us/articles/22490943032093-Ranorex-Studio-Previous-Release-Notes,9.0.1,Bugs,Fixed a rare case of null reference exception being thrown while closing the test case property dialog
https://support.ranorex.com/hc/en-us/articles/22490943032093-Ranorex-Studio-Previous-Release-Notes,9.0.1,Bugs,Fixed a bug where module group variable bindings were lost upon renaming variables
https://support.ranorex.com/hc/en-us/articles/22490943032093-Ranorex-Studio-Previous-Release-Notes,8.3.3,General changes/Features,Added object recognition for WPF controls in dynamically loaded AppDomains
https://support.ranorex.com/hc/en-us/articles/22490943032093-Ranorex-Studio-Previous-Release-Notes,8.3.3,Bugs,Fixed IME handling adding an unnecessary Key sequence action (Return up)
https://support.ranorex.com/hc/en-us/articles/22490943032093-Ranorex-Studio-Previous-Release-Notes,8.3.3,Bugs,Fixed TestRail integration overwriting manual changes in required fields on synchronization
https://support.ranorex.com/hc/en-us/articles/22490943032093-Ranorex-Studio-Previous-Release-Notes,8.3.3,Bugs,Flash/Flex dynamic attributes now also include public class variables in addition to ÅggetÅh accessors and object properties
https://support.ranorex.com/hc/en-us/articles/22490943032093-Ranorex-Studio-Previous-Release-Notes,8.3.3,Bugs,Fixed a bug where Ranorex Studio would ignore text after a newline in a RawText element
https://support.ranorex.com/hc/en-us/articles/22490943032093-Ranorex-Studio-Previous-Release-Notes,8.3.3,Bugs,Fixed a bug with QtQuick object recognition that could result in rare AUT crashes
https://support.ranorex.com/hc/en-us/articles/22490943032093-Ranorex-Studio-Previous-Release-Notes,8.3.3,Bugs,Fixed a possible Qt AUT crash caused by Ranorex Studio changing the default native DLL search path
https://support.ranorex.com/hc/en-us/articles/22490943032093-Ranorex-Studio-Previous-Release-Notes,8.3.3,Bugs,Chrome: Fixed duplication of DOM elements when opening a widget window
https://support.ranorex.com/hc/en-us/articles/22490943032093-Ranorex-Studio-Previous-Release-Notes,8.3.3,Bugs,Fixed a bug where open Electron apps would cause duplicate DOM objects to be created for Chrome
https://support.ranorex.com/hc/en-us/articles/22490943032093-Ranorex-Studio-Previous-Release-Notes,8.3.3,Bugs,Fixed an unhandled exception in WPF AUTs when switching the AutomationMode
https://support.ranorex.com/hc/en-us/articles/22490943032093-Ranorex-Studio-Previous-Release-Notes,8.3.3,Bugs,Ranorex.Libs.Licensing.dll isnÅft removed when upgrading to a higher minor version of Ranorex Studio
https://support.ranorex.com/hc/en-us/articles/22490943032093-Ranorex-Studio-Previous-Release-Notes,8.3.3,Bugs,Fixed a bug where renaming a variable would remove its bindings from return values in user code actions
https://support.ranorex.com/hc/en-us/articles/22490943032093-Ranorex-Studio-Previous-Release-Notes,8.3.3,Bugs,Fixed a bug where renaming a variable would remove its bindings from module groups
https://support.ranorex.com/hc/en-us/articles/22490943032093-Ranorex-Studio-Previous-Release-Notes,8.3.3,Bugs,Fixed an edge case in VB projects where repository element references in record items were not found
https://support.ranorex.com/hc/en-us/articles/22490943032093-Ranorex-Studio-Previous-Release-Notes,8.3.3,Bugs,Fixed an issue where running a test as an administrator would prevent the AUT from finding native DLLs
https://support.ranorex.com/hc/en-us/articles/22490943032093-Ranorex-Studio-Previous-Release-Notes,8.3.3,Bugs,Fixed an unhandled exception in the code editor caused by malformed email addresses
https://support.ranorex.com/hc/en-us/articles/22490943032093-Ranorex-Studio-Previous-Release-Notes,8.3.3,Bugs,Command line arguments are now properly passed for every run button in Ranorex Studio
https://support.ranorex.com/hc/en-us/articles/22490943032093-Ranorex-Studio-Previous-Release-Notes,8.3.3,Bugs,Fixed a bug where solutions settings wouldnÅft be saved if certain parameters were missing
https://support.ranorex.com/hc/en-us/articles/22490943032093-Ranorex-Studio-Previous-Release-Notes,8.3.3,Bugs,Items added via the toolbar are now properly added to the selected project
https://support.ranorex.com/hc/en-us/articles/22490943032093-Ranorex-Studio-Previous-Release-Notes,8.3.3,Bugs,Fixed possible deadlocks when a test run finishes or when closing Ranorex Studio
https://support.ranorex.com/hc/en-us/articles/22490943032093-Ranorex-Studio-Previous-Release-Notes,8.3.3,Bugs,Fixed default repository app folder caching so it is now disabled for web test solutions created with the solution wizard
https://support.ranorex.com/hc/en-us/articles/22490943032093-Ranorex-Studio-Previous-Release-Notes,8.3.3,Bugs,Fixed Ranorex Studio crashing when loading solutions with specific DLL references that caused a stack overflow in the code parser
https://support.ranorex.com/hc/en-us/articles/22490943032093-Ranorex-Studio-Previous-Release-Notes,8.3.3,Bugs,Resolved various compiler warnings for VB projects
https://support.ranorex.com/hc/en-us/articles/22490943032093-Ranorex-Studio-Previous-Release-Notes,8.3.3,Bugs,"During debugging"","" the watch list now properly shows variables with fully qualified names"
https://support.ranorex.com/hc/en-us/articles/22490943032093-Ranorex-Studio-Previous-Release-Notes,8.3.3,Bugs,The dialogs for creating a new solution now handle relative paths properly
https://support.ranorex.com/hc/en-us/articles/22490943032093-Ranorex-Studio-Previous-Release-Notes,8.3.3,Bugs,Fixed a bug where formatted empty cells in an Excel data connector werenÅft recognized as empty
https://support.ranorex.com/hc/en-us/articles/22490943032093-Ranorex-Studio-Previous-Release-Notes,9.0.0,Headline features,Full light and dark themes: Switch between light and dark theme to customize your Ranorex Studio experience
https://support.ranorex.com/hc/en-us/articles/22490943032093-Ranorex-Studio-Previous-Release-Notes,9.0.0,Headline features,Performance tracing: See in detail how long test operations like repository item searches or mouse/keyboard interactions take and use that information to improve your test
https://support.ranorex.com/hc/en-us/articles/22490943032093-Ranorex-Studio-Previous-Release-Notes,9.0.0,Headline features,Video reporting: Use video reporting to record videos of either all or just failed test cases
https://support.ranorex.com/hc/en-us/articles/22490943032093-Ranorex-Studio-Previous-Release-Notes,9.0.0,Headline features,Agent tagging: Categorize your Agents with tags and then use the command line to execute tests on an Agent with that tag
https://support.ranorex.com/hc/en-us/articles/22490943032093-Ranorex-Studio-Previous-Release-Notes,9.0.0,Headline features,JxBrowser support: You can now automate JxBrowser controls in your application with Ranorex Studio
https://support.ranorex.com/hc/en-us/articles/22490943032093-Ranorex-Studio-Previous-Release-Notes,9.0.0,Headline features,Dynamic ID recognition for web elements: automatically avoid dynamic IDs in RanoreXPath based on known value and usage patterns
https://support.ranorex.com/hc/en-us/articles/22490943032093-Ranorex-Studio-Previous-Release-Notes,9.0.0,Headline features,WeÅfve reduced web test execution time significantly
https://support.ranorex.com/hc/en-us/articles/22490943032093-Ranorex-Studio-Previous-Release-Notes,9.0.0,Headline features,Shadow DOM support: Ranorex Studio now fully supports shadow DOMs (for Chrome and Firefox browsers)
https://support.ranorex.com/hc/en-us/articles/22490943032093-Ranorex-Studio-Previous-Release-Notes,9.0.0,Headline features,32-/64-bit Ranorex Studio: Both Ranorex Studio and all its tools are now available as 32- and 64-bit versions
https://support.ranorex.com/hc/en-us/articles/22490943032093-Ranorex-Studio-Previous-Release-Notes,9.0.0,General changes/features,Added object recognition for WPF controls in dynamically loaded AppDomains
https://support.ranorex.com/hc/en-us/articles/22490943032093-Ranorex-Studio-Previous-Release-Notes,9.0.0,General changes/features,Triggering a test run on a Ranorex Agent will now redeploy the test only if it changed from last run
https://support.ranorex.com/hc/en-us/articles/22490943032093-Ranorex-Studio-Previous-Release-Notes,9.0.0,General changes/features,The default installation folder for Ranorex Studio does not have a version number in it anymore
https://support.ranorex.com/hc/en-us/articles/22490943032093-Ranorex-Studio-Previous-Release-Notes,9.0.0,General changes/features,"For test suites created with Ranorex Studio 9.0"","" reports are now placed in the output directory under /Reports/ by default"
https://support.ranorex.com/hc/en-us/articles/22490943032093-Ranorex-Studio-Previous-Release-Notes,9.0.0,General changes/features,Ranorex Studio now supports target frameworks up to .NET 4.7.2
https://support.ranorex.com/hc/en-us/articles/22490943032093-Ranorex-Studio-Previous-Release-Notes,9.0.0,General changes/features,Ranorex Studio now supports compiling C# 7.0 and building using MsBuild 15
https://support.ranorex.com/hc/en-us/articles/22490943032093-Ranorex-Studio-Previous-Release-Notes,9.0.0,General changes/features,The new project wizard helps you quickly create test suite projects in a similar way to the solution wizard
https://support.ranorex.com/hc/en-us/articles/22490943032093-Ranorex-Studio-Previous-Release-Notes,9.0.0,General changes/features,Revamped Blank project (formerly New project) and New file dialogs
https://support.ranorex.com/hc/en-us/articles/22490943032093-Ranorex-Studio-Previous-Release-Notes,9.0.0,General changes/features,More reliable mouse-click and mouse-movement behavior on virtual machines
https://support.ranorex.com/hc/en-us/articles/22490943032093-Ranorex-Studio-Previous-Release-Notes,9.0.0,General changes/features,Automatic addition/update of Ranorex assemblies can now be turned on/off
https://support.ranorex.com/hc/en-us/articles/22490943032093-Ranorex-Studio-Previous-Release-Notes,9.0.0,General changes/features,"In the Test Suite Runner"","" you can now refresh data sources and preview the effective dataset"
https://support.ranorex.com/hc/en-us/articles/22490943032093-Ranorex-Studio-Previous-Release-Notes,9.0.0,General changes/features,"In the Test Suite Runner"","" you can now manually select the correct test executable for the opened test suite"
https://support.ranorex.com/hc/en-us/articles/22490943032093-Ranorex-Studio-Previous-Release-Notes,9.0.0,General changes/features,Ranorex Studio now places links to the actual report files instead of copies in the Reports folder of the project
https://support.ranorex.com/hc/en-us/articles/22490943032093-Ranorex-Studio-Previous-Release-Notes,9.0.0,General changes/features,Running tests now only requires one license per active user session instead of per process
https://support.ranorex.com/hc/en-us/articles/22490943032093-Ranorex-Studio-Previous-Release-Notes,9.0.0,Bugs,Fixed issue where Key sequence actions didnÅft enter characters correctly with Swiss keyboard layout
https://support.ranorex.com/hc/en-us/articles/22490943032093-Ranorex-Studio-Previous-Release-Notes,9.0.0,Bugs,Removed the misleading ReportLevel.None
https://support.ranorex.com/hc/en-us/articles/22490943032093-Ranorex-Studio-Previous-Release-Notes,9.0.0,Bugs,Fixed a bug where Ranorex Studio would display the Automation Helpers project even if the download or installation failed
https://support.ranorex.com/hc/en-us/articles/22490943032093-Ranorex-Studio-Previous-Release-Notes,9.0.0,Bugs,Flash/Flex dynamic attributes now also include public class variables in addition to ÅggetÅh accessors and object properties
https://support.ranorex.com/hc/en-us/articles/22490943032093-Ranorex-Studio-Previous-Release-Notes,9.0.0,Bugs,Fixed a bug where Ranorex Studio would ignore text after a newline in a RawText element
https://support.ranorex.com/hc/en-us/articles/22490943032093-Ranorex-Studio-Previous-Release-Notes,9.0.0,Bugs,Renamed constants in RxAutomationLib to avoid compiler duplication
https://support.ranorex.com/hc/en-us/articles/22490943032093-Ranorex-Studio-Previous-Release-Notes,9.0.0,Bugs,Fixed a bug with QtQuick object recognition that could result in rare AUT crashes
https://support.ranorex.com/hc/en-us/articles/22490943032093-Ranorex-Studio-Previous-Release-Notes,9.0.0,Bugs,Chrome: Fixed duplication of DOM elements when opening a widget window
https://support.ranorex.com/hc/en-us/articles/22490943032093-Ranorex-Studio-Previous-Release-Notes,9.0.0,Bugs,Edge: Fixed visibility for DOM elements when page has no title and page was opened from a file:// URL
https://support.ranorex.com/hc/en-us/articles/22490943032093-Ranorex-Studio-Previous-Release-Notes,9.0.0,Bugs,Ranorex Agent doesnÅft store upload packages in the %temp% directory anymore
https://support.ranorex.com/hc/en-us/articles/22490943032093-Ranorex-Studio-Previous-Release-Notes,9.0.0,Bugs,Improved Ranorex Agent CLI support
https://support.ranorex.com/hc/en-us/articles/22490943032093-Ranorex-Studio-Previous-Release-Notes,9.0.0,Bugs,Ranorex.Libs.Licensing.dll isnÅft removed when upgrading to a higher minor version of Ranorex Studio
https://support.ranorex.com/hc/en-us/articles/22490943032093-Ranorex-Studio-Previous-Release-Notes,9.0.0,Bugs,Test cases with an empty data source are now reported as blocked rather than successful
https://support.ranorex.com/hc/en-us/articles/22490943032093-Ranorex-Studio-Previous-Release-Notes,9.0.0,Bugs,"Fixed a bug in Ranorex Spy where (additional) indexes at the end of a RanoreXPath would be removed when highlighting"","" refreshing"","" or changing attributes of the element"
https://support.ranorex.com/hc/en-us/articles/22490943032093-Ranorex-Studio-Previous-Release-Notes,9.0.0,Bugs,Fixed an exception that occurred when dragging and dropping from an external repository into the actions table under certain circumstances
https://support.ranorex.com/hc/en-us/articles/22490943032093-Ranorex-Studio-Previous-Release-Notes,9.0.0,Bugs,Command line arguments are now properly passed for every run button in Ranorex Studio
https://support.ranorex.com/hc/en-us/articles/22490943032093-Ranorex-Studio-Previous-Release-Notes,9.0.0,Bugs,XML documentation is now enabled by default for new projects
https://support.ranorex.com/hc/en-us/articles/22490943032093-Ranorex-Studio-Previous-Release-Notes,9.0.0,Bugs,Items added via the toolbar are now properly added to the selected project
https://support.ranorex.com/hc/en-us/articles/22490943032093-Ranorex-Studio-Previous-Release-Notes,9.0.0,Bugs,Resolved various compiler warnings for VB projects
https://support.ranorex.com/hc/en-us/articles/22490943032093-Ranorex-Studio-Previous-Release-Notes,9.0.0,Bugs,"Fixed a bug for VB projects where the module browser would incorrectly show a duplicated hierarchyTo turn off root name space generation"","" set the Ågvbcodegenconfig.generate.root.namespaceÅh parameter in the Solution.Settings file of your solution to ÅgFalseÅh"
https://support.ranorex.com/hc/en-us/articles/22490943032093-Ranorex-Studio-Previous-Release-Notes,9.0.0,Bugs,"During debugging"","" the watch list now properly shows variables with fully qualified names"
https://support.ranorex.com/hc/en-us/articles/22490943032093-Ranorex-Studio-Previous-Release-Notes,9.0.0,Bugs,Fixed a bug where an invalid VS2010 solution file was generated
https://support.ranorex.com/hc/en-us/articles/22490943032093-Ranorex-Studio-Previous-Release-Notes,9.0.0,Bugs,The dialogs for creating a new solution now handle relative paths properly
https://support.ranorex.com/hc/en-us/articles/22490943032093-Ranorex-Studio-Previous-Release-Notes,9.0.0,Bugs,Umlaut characters are no longer allowed in file names
https://support.ranorex.com/hc/en-us/articles/22490943032093-Ranorex-Studio-Previous-Release-Notes,9.0.0,Bugs,Fixed unhandled exception in case of corrupted test suite sequence file (*.rxsqc)
https://support.ranorex.com/hc/en-us/articles/22490943032093-Ranorex-Studio-Previous-Release-Notes,9.0.0,Bugs,Fixed a bug where formatted empty cells in an Excel data connector werenÅft recognized as empty
https://support.ranorex.com/hc/en-us/articles/22490943032093-Ranorex-Studio-Previous-Release-Notes,9.0.0,Breaking changes,Renamed Report.CurrentReportLevel to MinimumReportLevel- use the new property to set the minimum report level
https://support.ranorex.com/hc/en-us/articles/22490943032093-Ranorex-Studio-Previous-Release-Notes,9.0.0,Breaking changes,Removed misleading ReportLevel.None- use ReportLevel.Always instead to always show messages- explicitly disable the report instead of setting the report level to None
https://support.ranorex.com/hc/en-us/articles/22490943032093-Ranorex-Studio-Previous-Release-Notes,9.0.0,Breaking changes,Screenshots for reports are now always stored in a subdirectory
https://support.ranorex.com/hc/en-us/articles/22490943032093-Ranorex-Studio-Previous-Release-Notes,9.0.0,Breaking changes,Test cases with an empty data source are now reported as blocked rather than successful
https://support.ranorex.com/hc/en-us/articles/22490943032093-Ranorex-Studio-Previous-Release-Notes,9.0.0,Breaking changes,Dropped integrated source control support for SVN with TortoiseSVN 1.6 installed (1.7 or 1.8 required)
https://support.ranorex.com/hc/en-us/articles/22490943032093-Ranorex-Studio-Previous-Release-Notes,9.0.0,Breaking changes,"Removed the following APIs that were already marked as deprecated/obsolete in previous versions:- BeginTestCase"","" EndTestCase"","" BeginTestCaseSetup"","" EndTestCaseSetup"","" BeginTestCaseTeardown"","" EndTestCaseTeardown- ITestContainerActivity/TestContainerActivity.IterationCount and TestCaseName? ITestIterationActivity/TestContainerActivity/TestEntryContainerActivity/TestModuleActivity.DataRow? Validate.CreateScreenshot enum and Validate.ResultOption.CreateScreenshot property? WpfFlavor.Instance"","" ExpensiveAttributesEnabled"","" ForceVirtualItemRealization"","" UseItemContainerPattern"","" EnableNativeUiaSupport"","" UseWinAppDebugMode"
https://support.ranorex.com/hc/en-us/articles/22490943032093-Ranorex-Studio-Previous-Release-Notes,9.0.0,Breaking changes,"The following APIs were marked as deprecated/obsolete:- TestSuiteEntry.Owner"","" use the Root property instead"
https://support.ranorex.com/hc/en-us/articles/22490943032093-Ranorex-Studio-Previous-Release-Notes,9.0.0,Breaking changes,"When using the JS-accelerated RanoreXPath search feature"","" the Åg@visibleÅh attribute only considers CSS visibility"","" not viewport visibility"
https://support.ranorex.com/hc/en-us/articles/22490943032093-Ranorex-Studio-Previous-Release-Notes,9.0.0,Breaking changes,"When using the JS-accelerated RanoreXPath search feature"","" CSS property names are not supported in RanoreXPath Åg@attributeÅh comparisons"
https://support.ranorex.com/hc/en-us/articles/22490943032093-Ranorex-Studio-Previous-Release-Notes,9.0.0,Known issues,Refactoring and code-completion are not fully supported for all C# 7.0 features
https://support.ranorex.com/hc/en-us/articles/22490943032093-Ranorex-Studio-Previous-Release-Notes,8.3.2,Bugs,Fixed issue where KeySequence actions involving special characters produced by dead keys would not replay correctly
https://support.ranorex.com/hc/en-us/articles/22490943032093-Ranorex-Studio-Previous-Release-Notes,8.3.2,Bugs,Fixed exception when running Ranorex tests via a Coded UI test project
https://support.ranorex.com/hc/en-us/articles/22490943032093-Ranorex-Studio-Previous-Release-Notes,8.3.2,Bugs,Provided a switch to disable the Delphi plugin (in case it causes problems with AUTs in non-supported Delphi versions)
https://support.ranorex.com/hc/en-us/articles/22490943032093-Ranorex-Studio-Previous-Release-Notes,8.3.2,Bugs,Fixed issue with RawText/GDI plugin that may cause the AUT to crash
https://support.ranorex.com/hc/en-us/articles/22490943032093-Ranorex-Studio-Previous-Release-Notes,8.3.2,Bugs,Fixed issue with JavaFX where an exception was thrown in the AUT when Ranorex interacted with it
https://support.ranorex.com/hc/en-us/articles/22490943032093-Ranorex-Studio-Previous-Release-Notes,8.3.2,Bugs,Fixed Android instrumentation issue for AUTs containing Kotlin resources
https://support.ranorex.com/hc/en-us/articles/22490943032093-Ranorex-Studio-Previous-Release-Notes,8.3.2,Bugs,Fixed Chrome instrumentation not working for version 70+ when using extension whitelisting/blacklisting
https://support.ranorex.com/hc/en-us/articles/22490943032093-Ranorex-Studio-Previous-Release-Notes,8.3.2,Bugs,"Fixed an issue where the report would be opened multiple times after a test run if the default program for opening reports was set to something other than the Ranorex default"","" e.g. Firefox"
https://support.ranorex.com/hc/en-us/articles/22490943032093-Ranorex-Studio-Previous-Release-Notes,8.3.2,Bugs,Fixed the instant-tracking shortcut Ctrl+Win to only track once even if held
https://support.ranorex.com/hc/en-us/articles/22490943032093-Ranorex-Studio-Previous-Release-Notes,8.3.2,Bugs,Fixed an issue where running a test as an administrator would prevent the AUT from finding native DLLs
https://support.ranorex.com/hc/en-us/articles/22490943032093-Ranorex-Studio-Previous-Release-Notes,8.3.2,Bugs,Fixed unhandled exception when clicking the down arrow on the ÅgView test suiteÅh button in the toolbar with the ÅgProject upgradeÅh view open
https://support.ranorex.com/hc/en-us/articles/22490943032093-Ranorex-Studio-Previous-Release-Notes,8.3.1,Bugs,ÅgContinue with siblingÅh error behavior now works correctly for module groups
https://support.ranorex.com/hc/en-us/articles/22490943032093-Ranorex-Studio-Previous-Release-Notes,8.3.1,Bugs,Fixed handling of global parameters when passing them as command line argument with an empty value
https://support.ranorex.com/hc/en-us/articles/22490943032093-Ranorex-Studio-Previous-Release-Notes,8.3.1,Bugs,"Fixed issue where an overload of Host.OpenBrowser ignored values for ÅgclearCacheÅh"","" ÅgincognitoModeÅh and ÅgclearCookiesÅh"
https://support.ranorex.com/hc/en-us/articles/22490943032093-Ranorex-Studio-Previous-Release-Notes,8.3.1,Bugs,Fixed possible crash if environment variables (e.g. %appdata%) were used as default project path in Ranorex Studio
https://support.ranorex.com/hc/en-us/articles/22490943032093-Ranorex-Studio-Previous-Release-Notes,8.3.1,Bugs,Test suite files cannot be added to library projects anymore
https://support.ranorex.com/hc/en-us/articles/22490943032093-Ranorex-Studio-Previous-Release-Notes,8.3.1,Bugs,Fixed an issue where renaming a copied validation screenshot in the repository would cause the corresponding action to use the renamed copy automatically
https://support.ranorex.com/hc/en-us/articles/22490943032093-Ranorex-Studio-Previous-Release-Notes,8.3.1,Bugs,Fixed ÅeZero width spaceÅf (Unicode U+200B) not shown when ÅeShow invisible character in valuesÅf is enabled
https://support.ranorex.com/hc/en-us/articles/22490943032093-Ranorex-Studio-Previous-Release-Notes,8.3.1,Bugs,Fixed resize and scroll behavior of test case description editor
https://support.ranorex.com/hc/en-us/articles/22490943032093-Ranorex-Studio-Previous-Release-Notes,8.3.1,Bugs,Fixed issue where the /pa argument was ignored when /param was also used
https://support.ranorex.com/hc/en-us/articles/22490943032093-Ranorex-Studio-Previous-Release-Notes,8.3.1,Bugs,Fixed possible exception when using a report template from a different project
https://support.ranorex.com/hc/en-us/articles/22490943032093-Ranorex-Studio-Previous-Release-Notes,8.3.1,Bugs,Fixed issue where variables are automatically changed to lower case
https://support.ranorex.com/hc/en-us/articles/22490943032093-Ranorex-Studio-Previous-Release-Notes,8.3.1,Bugs,Fixed issue where an added index would be removed from an elementÅfs path after certain actions in the path editor
https://support.ranorex.com/hc/en-us/articles/22490943032093-Ranorex-Studio-Previous-Release-Notes,8.3.1,Bugs,Fixed issue where custom plugins could not be loaded if solution name contains ÅgPluginÅh
https://support.ranorex.com/hc/en-us/articles/22490943032093-Ranorex-Studio-Previous-Release-Notes,8.3.1,Bugs,Fixed issue where Ranorex License Manager 8.3 would not start with Ranorex 7.2 installed
https://support.ranorex.com/hc/en-us/articles/22490943032093-Ranorex-Studio-Previous-Release-Notes,8.3.1,Bugs,Fixed possible NullReferenceException in Recorder
https://support.ranorex.com/hc/en-us/articles/22490943032093-Ranorex-Studio-Previous-Release-Notes,8.3.1,Bugs,Fixed wrong button states when using image-based validation via hotkey in Recorder
https://support.ranorex.com/hc/en-us/articles/22490943032093-Ranorex-Studio-Previous-Release-Notes,8.3.1,Bugs,Made recording tool window moveable
https://support.ranorex.com/hc/en-us/articles/22490943032093-Ranorex-Studio-Previous-Release-Notes,8.3.1,Bugs,Fixed issue where record item order could change after a copy/paste action
https://support.ranorex.com/hc/en-us/articles/22490943032093-Ranorex-Studio-Previous-Release-Notes,8.3.1,Bugs,Fixed tracking of nested page controls in Delphi plugin
https://support.ranorex.com/hc/en-us/articles/22490943032093-Ranorex-Studio-Previous-Release-Notes,8.3.1,Bugs,Fixed possible blocking of automation in Delphi plugin
https://support.ranorex.com/hc/en-us/articles/22490943032093-Ranorex-Studio-Previous-Release-Notes,8.3.1,Bugs,Fixed issue in RawText/GDI plugin where some element rectangles would have wrong values after adding the application to the capture list
https://support.ranorex.com/hc/en-us/articles/22490943032093-Ranorex-Studio-Previous-Release-Notes,8.3.1,Bugs,Fixed highlighting of tabs in RawText/GDI plugin
https://support.ranorex.com/hc/en-us/articles/22490943032093-Ranorex-Studio-Previous-Release-Notes,8.3.1,Bugs,Fixed issue in GDI/RawText plugin where elements were not shown at the correct location
https://support.ranorex.com/hc/en-us/articles/22490943032093-Ranorex-Studio-Previous-Release-Notes,8.3.1,Bugs,Fixed issue in GDI/RawText plugin where automation could not connect to application (ÅgCould not connect to remoting service Rx8_ManagedÅh)
https://support.ranorex.com/hc/en-us/articles/22490943032093-Ranorex-Studio-Previous-Release-Notes,8.3.1,Bugs,Fixed possible exception in Win32 plugin when interacting with lists
https://support.ranorex.com/hc/en-us/articles/22490943032093-Ranorex-Studio-Previous-Release-Notes,8.3.1,Bugs,Fixed Open Browser action incorrectly reporting browser argument as $Åf0Åå instead of reporting the name of the variable
https://support.ranorex.com/hc/en-us/articles/22490943032093-Ranorex-Studio-Previous-Release-Notes,8.3.1,Bugs,Fixed issue where tracking of iframes could cause automation to fail in Chrome
https://support.ranorex.com/hc/en-us/articles/22490943032093-Ranorex-Studio-Previous-Release-Notes,8.3.1,Bugs,Fixed issue where Chrome did not load 3rd party extensions when using Open browser action
https://support.ranorex.com/hc/en-us/articles/22490943032093-Ranorex-Studio-Previous-Release-Notes,8.3.1,Bugs,Fixed issue in Edge where EnsureVisible would not work for top-level forms
https://support.ranorex.com/hc/en-us/articles/22490943032093-Ranorex-Studio-Previous-Release-Notes,8.3.1,Bugs,Fixed Edge automation for Windows 10 Build 1607
https://support.ranorex.com/hc/en-us/articles/22490943032093-Ranorex-Studio-Previous-Release-Notes,8.3.1,Bugs,Fixed empty DOM in Firefox after using browser history navigation
https://support.ranorex.com/hc/en-us/articles/22490943032093-Ranorex-Studio-Previous-Release-Notes,8.3.1,Bugs,Fixed Web-ID path weight rules do not work after restarting Ranorex Studio
https://support.ranorex.com/hc/en-us/articles/22490943032093-Ranorex-Studio-Previous-Release-Notes,8.3.1,Bugs,Fixed issue where reports cannot be opened in remote pad when name contains multi-byte characters
https://support.ranorex.com/hc/en-us/articles/22490943032093-Ranorex-Studio-Previous-Release-Notes,8.3.1,Bugs,Fixed issue where job continues on agent after shell was closed
https://support.ranorex.com/hc/en-us/articles/22490943032093-Ranorex-Studio-Previous-Release-Notes,8.3.1,Bugs,Fixed usage of /rf command caused job to fail on agent
https://support.ranorex.com/hc/en-us/articles/22490943032093-Ranorex-Studio-Previous-Release-Notes,8.3.0,Headline features,Installation-free test execution: The C++ redistributables no longer need to be installed on fresh machines used for test execution via XCOPY deployment or a Ranorex Agent
https://support.ranorex.com/hc/en-us/articles/22490943032093-Ranorex-Studio-Previous-Release-Notes,8.3.0,Headline features,"Installation-free web testing: The Open browser action now automatically instruments the specified browser"","" so you no longer need to manually instrument when deploying tests via XCOPY or a Ranorex Agent on a fresh machine"
https://support.ranorex.com/hc/en-us/articles/22490943032093-Ranorex-Studio-Previous-Release-Notes,8.3.0,Headline features,Onboarding: The new Solution Wizard makes it easy to create a solution tailored to your purposes and the new tutorial panel helps you get started with your first steps in test automation
https://support.ranorex.com/hc/en-us/articles/22490943032093-Ranorex-Studio-Previous-Release-Notes,8.3.0,Headline features,Revamped Recorder control center: The control center has been upgraded to show a history of recorded actions and allow deleting and adding actions directly while recording
https://support.ranorex.com/hc/en-us/articles/22490943032093-Ranorex-Studio-Previous-Release-Notes,8.3.0,Headline features,Added support for Microsoft Edge
https://support.ranorex.com/hc/en-us/articles/22490943032093-Ranorex-Studio-Previous-Release-Notes,8.3.0,General changes/Features,Added support for foreign character input methods via Windows IME
https://support.ranorex.com/hc/en-us/articles/22490943032093-Ranorex-Studio-Previous-Release-Notes,8.3.0,General changes/Features,Added support for iOS 12
https://support.ranorex.com/hc/en-us/articles/22490943032093-Ranorex-Studio-Previous-Release-Notes,8.3.0,General changes/Features,Updated the apktool used for instrumenting Android apps to v2.3.4
https://support.ranorex.com/hc/en-us/articles/22490943032093-Ranorex-Studio-Previous-Release-Notes,8.3.0,General changes/Features,Excel-free test execution: Install the free Microsoft Access Database Engine >=2013 Redistributable in your runtime environment to execute data-driven tests that use an Excel connector
https://support.ranorex.com/hc/en-us/articles/22490943032093-Ranorex-Studio-Previous-Release-Notes,8.3.0,General changes/Features,Easily deploy tests to a Ranorex agent by using the /agent: command line argument on test executables
https://support.ranorex.com/hc/en-us/articles/22490943032093-Ranorex-Studio-Previous-Release-Notes,8.3.0,General changes/Features,The Ranorex Agent now only consumes a license when itÅfs actually running a test
https://support.ranorex.com/hc/en-us/articles/22490943032093-Ranorex-Studio-Previous-Release-Notes,8.3.0,General changes/Features,You can now deploy floating license information to an Agent by including it in the output folder through the General settings
https://support.ranorex.com/hc/en-us/articles/22490943032093-Ranorex-Studio-Previous-Release-Notes,8.3.0,General changes/Features,Updated the Ranorex Automation Helpers to version 1.5.0
https://support.ranorex.com/hc/en-us/articles/22490943032093-Ranorex-Studio-Previous-Release-Notes,8.3.0,Bugs,Fixed ÅgBadImageFormatExceptionÅh being logged to the report for some Delphi applications
https://support.ranorex.com/hc/en-us/articles/22490943032093-Ranorex-Studio-Previous-Release-Notes,8.3.0,Bugs,Fixed possible freezing issues when tracking into Delphi TDBGrid
https://support.ranorex.com/hc/en-us/articles/22490943032093-Ranorex-Studio-Previous-Release-Notes,8.3.0,Bugs,Fixed object recognition for Delphi PageControl children with invisible tabs
https://support.ranorex.com/hc/en-us/articles/22490943032093-Ranorex-Studio-Previous-Release-Notes,8.3.0,Bugs,Fixed object recognition for Delphi RibbonFramework controls
https://support.ranorex.com/hc/en-us/articles/22490943032093-Ranorex-Studio-Previous-Release-Notes,8.3.0,Bugs,Fixed object recognition for RawText/GDI elements in some grid controls
https://support.ranorex.com/hc/en-us/articles/22490943032093-Ranorex-Studio-Previous-Release-Notes,8.3.0,Bugs,Added possibility to instrument Android AAPT2 packages using the Åg-aapt2Åh instrumentation flag
https://support.ranorex.com/hc/en-us/articles/22490943032093-Ranorex-Studio-Previous-Release-Notes,8.3.0,Bugs,Fixed automated clicks being interpreted as swipe actions on some Android devices
https://support.ranorex.com/hc/en-us/articles/22490943032093-Ranorex-Studio-Previous-Release-Notes,8.3.0,Bugs,Fixed calling methods on Android controls having parameters of type ÅglongÅh
https://support.ranorex.com/hc/en-us/articles/22490943032093-Ranorex-Studio-Previous-Release-Notes,8.3.0,Bugs,Fixed Android ResourceIds missing after a language change
https://support.ranorex.com/hc/en-us/articles/22490943032093-Ranorex-Studio-Previous-Release-Notes,8.3.0,Bugs,Correct error message is now displayed when trying to instrument an iOS app with an expired mobileprovision
https://support.ranorex.com/hc/en-us/articles/22490943032093-Ranorex-Studio-Previous-Release-Notes,8.3.0,Bugs,Fixed missing texts for custom properties in Qt
https://support.ranorex.com/hc/en-us/articles/22490943032093-Ranorex-Studio-Previous-Release-Notes,8.3.0,Bugs,Fixed element rectangles and missing UI elements for Qt tables
https://support.ranorex.com/hc/en-us/articles/22490943032093-Ranorex-Studio-Previous-Release-Notes,8.3.0,Bugs,Fixed missing ÅgNameÅh attribute values for Qt menu bars
https://support.ranorex.com/hc/en-us/articles/22490943032093-Ranorex-Studio-Previous-Release-Notes,8.3.0,Bugs,Fixed object recognition for Win32 elements (like ATL grid) in Qt application
https://support.ranorex.com/hc/en-us/articles/22490943032093-Ranorex-Studio-Previous-Release-Notes,8.3.0,Bugs,Fixed ÅgCheckedÅh attribute for SAP radio buttons and check boxes incorrectly returning integer instead of boolean values
https://support.ranorex.com/hc/en-us/articles/22490943032093-Ranorex-Studio-Previous-Release-Notes,8.3.0,Bugs,Fixed ÅgreadonlyÅh attribute in Chrome and Firefox not returning correct values
https://support.ranorex.com/hc/en-us/articles/22490943032093-Ranorex-Studio-Previous-Release-Notes,8.3.0,Bugs,Fixed parsing of values with quote characters (e.g. ÅgÅhÅh) for DOM attributes like ÅgplaceholderÅh
https://support.ranorex.com/hc/en-us/articles/22490943032093-Ranorex-Studio-Previous-Release-Notes,8.3.0,Bugs,Fixed execution issue on Ranorex Agent if the test suite had a different name than the test executable
https://support.ranorex.com/hc/en-us/articles/22490943032093-Ranorex-Studio-Previous-Release-Notes,8.3.0,Bugs,The separator action can now be disabled/enabled
https://support.ranorex.com/hc/en-us/articles/22490943032093-Ranorex-Studio-Previous-Release-Notes,8.3.0,Bugs,Fixed report not being displayed correctly in TeamCity
https://support.ranorex.com/hc/en-us/articles/22490943032093-Ranorex-Studio-Previous-Release-Notes,8.3.0,Bugs,Fixed report not showing actions if the description of the parent test case/smart folder description contained lists
https://support.ranorex.com/hc/en-us/articles/22490943032093-Ranorex-Studio-Previous-Release-Notes,8.3.0,Bugs,Fixed successful retries not being reflected correctly in the report
https://support.ranorex.com/hc/en-us/articles/22490943032093-Ranorex-Studio-Previous-Release-Notes,8.3.0,Bugs,Fixed custom report templates not working when used in a different project
https://support.ranorex.com/hc/en-us/articles/22490943032093-Ranorex-Studio-Previous-Release-Notes,8.3.0,Bugs,Fixed unhandled exception when trying to open the integrated Spy more than once
https://support.ranorex.com/hc/en-us/articles/22490943032093-Ranorex-Studio-Previous-Release-Notes,8.3.0,Bugs,Fixed repository item screenshot images disappearing when switching between repositories linked to a recording
https://support.ranorex.com/hc/en-us/articles/22490943032093-Ranorex-Studio-Previous-Release-Notes,8.3.0,Bugs,Fixed resizing behavior of test case description editor when it contains a large amount of text
https://support.ranorex.com/hc/en-us/articles/22490943032093-Ranorex-Studio-Previous-Release-Notes,8.3.0,Bugs,Fixed edge cases where the repository cleanup function would remove items which are actually used in code
https://support.ranorex.com/hc/en-us/articles/22490943032093-Ranorex-Studio-Previous-Release-Notes,8.3.0,Bugs,Fixed handling of multiple test sequence files (*.rxsqc) within the same folder
https://support.ranorex.com/hc/en-us/articles/22490943032093-Ranorex-Studio-Previous-Release-Notes,8.3.0,Bugs,Fixed cases where the full path to the test suite file was always required for command line execution
https://support.ranorex.com/hc/en-us/articles/22490943032093-Ranorex-Studio-Previous-Release-Notes,8.3.0,Bugs,Fixed test suite execution from within Studio if a project name contains spaces
https://support.ranorex.com/hc/en-us/articles/22490943032093-Ranorex-Studio-Previous-Release-Notes,8.3.0,Breaking changes,Windows Vista no longer supported
https://support.ranorex.com/hc/en-us/articles/22490943032093-Ranorex-Studio-Previous-Release-Notes,8.3.0,Breaking changes,"RawText elements are no longer merged because merging caused essential elements to be removed. The behavior is now the same as for Ranorex versions <7.0 -> you may need to adapt RanoreXPaths"","" validations"","" and all other actions accessing such RawText elements"
https://support.ranorex.com/hc/en-us/articles/22490943032093-Ranorex-Studio-Previous-Release-Notes,8.3.0,Breaking changes,"The Ranorex Office plugin no longer contains Microsoft Office Interop Assemblies to interface directly with MS Office types"","" like the types returned from ExcelApplication.GetExcelApplicationObject() -> if you directly use Office Interop types"","" please download the official Microsoft Office Interop Assemblies(Microsoft Office 2007 or higher) and reference them in your project to resolve the Interop types"
https://support.ranorex.com/hc/en-us/articles/22490943032093-Ranorex-Studio-Previous-Release-Notes,8.3.0,Breaking changes,"The ÅgCheckedÅh attribute for SAP radio buttons and check boxes now correctly returns boolean instead of integer values -> you may need to adapt RanoreXPaths"","" validations"","" and SetAttribute actions that access such attributes"
https://support.ranorex.com/hc/en-us/articles/22490943032093-Ranorex-Studio-Previous-Release-Notes,8.3.0,Known issues,"IME support is currently not working for: Windows Store apps"","" WPF applications"","" Edge"","" IE"","" Firefox"
https://support.ranorex.com/hc/en-us/articles/22490943032093-Ranorex-Studio-Previous-Release-Notes,8.2.1,General changes/Features,Improved object recognition for TdxDock controls
https://support.ranorex.com/hc/en-us/articles/22490943032093-Ranorex-Studio-Previous-Release-Notes,8.2.1,General changes/Features,Added hotkey support for QT tooltips
https://support.ranorex.com/hc/en-us/articles/22490943032093-Ranorex-Studio-Previous-Release-Notes,8.2.1,General changes/Features,Added support for Firefox plugin on Windows Server 2016
https://support.ranorex.com/hc/en-us/articles/22490943032093-Ranorex-Studio-Previous-Release-Notes,8.2.1,Bugs,Fixed compressing of solutions that use Ranorex Automation Helpers
https://support.ranorex.com/hc/en-us/articles/22490943032093-Ranorex-Studio-Previous-Release-Notes,8.2.1,Bugs,"Fixed resetting of customized Ranorex assembly references"","" e.g. if ÅeLocal copy = falseÅf"
https://support.ranorex.com/hc/en-us/articles/22490943032093-Ranorex-Studio-Previous-Release-Notes,8.2.1,Bugs,Make command line parameters for test execution backwards compatible
https://support.ranorex.com/hc/en-us/articles/22490943032093-Ranorex-Studio-Previous-Release-Notes,8.2.1,Bugs,Fixed performance issues when working with very large test suites
https://support.ranorex.com/hc/en-us/articles/22490943032093-Ranorex-Studio-Previous-Release-Notes,8.2.1,Bugs,Fixed possible deletion of test case description
https://support.ranorex.com/hc/en-us/articles/22490943032093-Ranorex-Studio-Previous-Release-Notes,8.2.1,Bugs,Fixed test case description not being saved when pasting text from clipboard
https://support.ranorex.com/hc/en-us/articles/22490943032093-Ranorex-Studio-Previous-Release-Notes,8.2.1,Bugs,Fixed build error when an absolute intermediate output path is set
https://support.ranorex.com/hc/en-us/articles/22490943032093-Ranorex-Studio-Previous-Release-Notes,8.2.1,Bugs,"Fixed missing Åecopy to outputÅf step for data connectors"","" sequence file and settings file when running a test"
https://support.ranorex.com/hc/en-us/articles/22490943032093-Ranorex-Studio-Previous-Release-Notes,8.2.1,Bugs,Fixed incorrect state of TestReport.CurrentTestSuiteActivity
https://support.ranorex.com/hc/en-us/articles/22490943032093-Ranorex-Studio-Previous-Release-Notes,8.2.1,Bugs,Fixed possible unhandled exception in custom scrollviewer of remote panel when height is less than 34
https://support.ranorex.com/hc/en-us/articles/22490943032093-Ranorex-Studio-Previous-Release-Notes,8.2.1,Bugs,Fixed possible unhandled exception in white list editor when getting application icon
https://support.ranorex.com/hc/en-us/articles/22490943032093-Ranorex-Studio-Previous-Release-Notes,8.2.1,Bugs,Fixed possible unhandled exception when merging Åekey shortcutÅf actions
https://support.ranorex.com/hc/en-us/articles/22490943032093-Ranorex-Studio-Previous-Release-Notes,8.2.1,Bugs,Fixed possible System.ObjectDisposedException in Ranorex path editor
https://support.ranorex.com/hc/en-us/articles/22490943032093-Ranorex-Studio-Previous-Release-Notes,8.2.1,Bugs,Fixed unhandled exception when packages.config is not readable on loading a project
https://support.ranorex.com/hc/en-us/articles/22490943032093-Ranorex-Studio-Previous-Release-Notes,8.2.1,Bugs,Fixed object recognition for WPF ScrollViewer
https://support.ranorex.com/hc/en-us/articles/22490943032093-Ranorex-Studio-Previous-Release-Notes,8.2.1,Bugs,Fixed tracking issue in CefSharp apps hosted by a Winforms app
https://support.ranorex.com/hc/en-us/articles/22490943032093-Ranorex-Studio-Previous-Release-Notes,8.2.1,Bugs,Fixed BadImageFormatException in LineageGlueRule of Åedelphi_root_elementÅf
https://support.ranorex.com/hc/en-us/articles/22490943032093-Ranorex-Studio-Previous-Release-Notes,8.2.1,Bugs,Fixed object recognition of  tag in a  tag in Chrome
https://support.ranorex.com/hc/en-us/articles/22490943032093-Ranorex-Studio-Previous-Release-Notes,8.2.1,Bugs,Fixed object recognition issue when tracking GDI elements
https://support.ranorex.com/hc/en-us/articles/22490943032093-Ranorex-Studio-Previous-Release-Notes,8.2.1,Bugs,Fixed object recognition for SAP radio buttons inside a cell
https://support.ranorex.com/hc/en-us/articles/22490943032093-Ranorex-Studio-Previous-Release-Notes,8.2.1,Bugs,Fixed WPF injection issues
https://support.ranorex.com/hc/en-us/articles/22490943032093-Ranorex-Studio-Previous-Release-Notes,8.1.2,General changes/Features,Added support for multi-level frameworks in iOS instrumentation
https://support.ranorex.com/hc/en-us/articles/22490943032093-Ranorex-Studio-Previous-Release-Notes,8.1.2,General changes/Features,Improved status information of current iteration in execution progress dialog
https://support.ranorex.com/hc/en-us/articles/22490943032093-Ranorex-Studio-Previous-Release-Notes,8.1.2,Bugs,Fixed issue where manipulating the TestRail template prevented the project from exporting correctly
https://support.ranorex.com/hc/en-us/articles/22490943032093-Ranorex-Studio-Previous-Release-Notes,8.1.2,Bugs,Fixed issue in Firefox plugin where dynamically added content in blank iFrames is not shown
https://support.ranorex.com/hc/en-us/articles/22490943032093-Ranorex-Studio-Previous-Release-Notes,8.1.2,Bugs,Fixed issue where no elements are found when opening local files in Firefox
https://support.ranorex.com/hc/en-us/articles/22490943032093-Ranorex-Studio-Previous-Release-Notes,8.1.2,Bugs,Websites having a title starting with Åe-Åe are now correctly shown by Chrome plugin
https://support.ranorex.com/hc/en-us/articles/22490943032093-Ranorex-Studio-Previous-Release-Notes,8.1.2,Bugs,Fixed issue in CEF plugin where GetStyle returns old value after previously setting it
https://support.ranorex.com/hc/en-us/articles/22490943032093-Ranorex-Studio-Previous-Release-Notes,8.1.2,Bugs,JavaFX ÅeSelectedÅf attribute returns correct value
https://support.ranorex.com/hc/en-us/articles/22490943032093-Ranorex-Studio-Previous-Release-Notes,8.1.2,Bugs,Fixed tracking into ViewBox when using ÅeWPFImprovedOnlyÅf mode
https://support.ranorex.com/hc/en-us/articles/22490943032093-Ranorex-Studio-Previous-Release-Notes,8.1.2,Bugs,"Fixed a possible crash when creating screenshots"","" e.g. for image validations"
https://support.ranorex.com/hc/en-us/articles/22490943032093-Ranorex-Studio-Previous-Release-Notes,8.1.2,Bugs,Fixed possible ApplicationNotResponding exception not being handled by Ranorex tools
https://support.ranorex.com/hc/en-us/articles/22490943032093-Ranorex-Studio-Previous-Release-Notes,8.1.2,Bugs,Fixed possible NullReferenceException when editing a repository item
https://support.ranorex.com/hc/en-us/articles/22490943032093-Ranorex-Studio-Previous-Release-Notes,8.1.1,Bugs,Fixed a possible unhandled exception when saving options in Ranorex Studio
https://support.ranorex.com/hc/en-us/articles/22490943032093-Ranorex-Studio-Previous-Release-Notes,8.1.1,Bugs,Fixed a possible crash on upgrading solutions with non-conforming GUIDs
https://support.ranorex.com/hc/en-us/articles/22490943032093-Ranorex-Studio-Previous-Release-Notes,8.1.1,Bugs,Fixed performance and minor issues for the TestRail integration
https://support.ranorex.com/hc/en-us/articles/22490943032093-Ranorex-Studio-Previous-Release-Notes,8.1.1,Bugs,Fixed re-added nodes in Chrome being marked as invalid
https://support.ranorex.com/hc/en-us/articles/22490943032093-Ranorex-Studio-Previous-Release-Notes,8.1.1,Bugs,Fixed Firefox blocking on iframes with about:blank
https://support.ranorex.com/hc/en-us/articles/22490943032093-Ranorex-Studio-Previous-Release-Notes,8.1.1,Bugs,Fixed instrumentation of Firefox ESR versions (for Firefox 50 and higher)
https://support.ranorex.com/hc/en-us/articles/22490943032093-Ranorex-Studio-Previous-Release-Notes,8.1.1,Bugs,Fixed possible ObjectDisposedExceptions when performing long-running automation on Java Applets
https://support.ranorex.com/hc/en-us/articles/22490943032093-Ranorex-Studio-Previous-Release-Notes,8.1.0,General changes/Features,TestRail integration: Import/export of test cases and automatic upload of Ranorex test results to TestRail for linked test cases
https://support.ranorex.com/hc/en-us/articles/22490943032093-Ranorex-Studio-Previous-Release-Notes,8.1.0,General changes/Features,Added support for cross-origin iFrames for Chrome and Firefox with enabled browser web security
https://support.ranorex.com/hc/en-us/articles/22490943032093-Ranorex-Studio-Previous-Release-Notes,8.1.0,General changes/Features,Web testing with Firefox is up to two times faster
https://support.ranorex.com/hc/en-us/articles/22490943032093-Ranorex-Studio-Previous-Release-Notes,8.1.0,General changes/Features,Re-added Flash/Flex support for Firefox and Chrome/Chromium
https://support.ranorex.com/hc/en-us/articles/22490943032093-Ranorex-Studio-Previous-Release-Notes,8.1.0,General changes/Features,Added SwitchToFrame and SwitchToParentFrame actions for WebDriverDocumentFlavorElement to ease frame navigation
https://support.ranorex.com/hc/en-us/articles/22490943032093-Ranorex-Studio-Previous-Release-Notes,8.1.0,General changes/Features,Added web automation support for JEditorPane
https://support.ranorex.com/hc/en-us/articles/22490943032093-Ranorex-Studio-Previous-Release-Notes,8.1.0,General changes/Features,Remote panel allows selection of test suite and run configuration
https://support.ranorex.com/hc/en-us/articles/22490943032093-Ranorex-Studio-Previous-Release-Notes,8.1.0,General changes/Features,Improved AutomationProperties support for DataTemplates in WPF
https://support.ranorex.com/hc/en-us/articles/22490943032093-Ranorex-Studio-Previous-Release-Notes,8.1.0,General changes/Features,Updated the apktool used for instrumenting Android apps to v2.3.1
https://support.ranorex.com/hc/en-us/articles/22490943032093-Ranorex-Studio-Previous-Release-Notes,8.1.0,Bugs,Fixed issue where embedded PDF could cause invalid visible state on elements
https://support.ranorex.com/hc/en-us/articles/22490943032093-Ranorex-Studio-Previous-Release-Notes,8.1.0,Bugs,Option tags in Chrome are tracked and recorded properly again
https://support.ranorex.com/hc/en-us/articles/22490943032093-Ranorex-Studio-Previous-Release-Notes,8.1.0,Bugs,Fixed issue in IE where EnsureVisible does not work properly when using local html files
https://support.ranorex.com/hc/en-us/articles/22490943032093-Ranorex-Studio-Previous-Release-Notes,8.1.0,Bugs,Fixed issue where duplicate DOM elements are shown when having two maximized Firefox windows open
https://support.ranorex.com/hc/en-us/articles/22490943032093-Ranorex-Studio-Previous-Release-Notes,8.1.0,Bugs,Removed error popup when Firefox extension icon is clicked
https://support.ranorex.com/hc/en-us/articles/22490943032093-Ranorex-Studio-Previous-Release-Notes,8.1.0,Bugs,Fixed issue where values of input tags in CEF could not be set
https://support.ranorex.com/hc/en-us/articles/22490943032093-Ranorex-Studio-Previous-Release-Notes,8.1.0,Bugs,Fixed unique id search (using Åe#Åf in RanoreXPaths) for CEF elements
https://support.ranorex.com/hc/en-us/articles/22490943032093-Ranorex-Studio-Previous-Release-Notes,8.1.0,Bugs,Fixed Enabled attribute value for button tags in CEF
https://support.ranorex.com/hc/en-us/articles/22490943032093-Ranorex-Studio-Previous-Release-Notes,8.1.0,Bugs,Fixed issue where GetValue returns outdated value in CEF
https://support.ranorex.com/hc/en-us/articles/22490943032093-Ranorex-Studio-Previous-Release-Notes,8.1.0,Bugs,Fixed issue tracking css pseudo elements in CEF
https://support.ranorex.com/hc/en-us/articles/22490943032093-Ranorex-Studio-Previous-Release-Notes,8.1.0,Bugs,Fixed select action on JavaFX tab pages
https://support.ranorex.com/hc/en-us/articles/22490943032093-Ranorex-Studio-Previous-Release-Notes,8.1.0,Bugs,Fixed issue where Java Applet and Silverlight elements are not identified correctly in Firefox
https://support.ranorex.com/hc/en-us/articles/22490943032093-Ranorex-Studio-Previous-Release-Notes,8.1.0,Bugs,Fixed Java plugin not working with JInitiator 1.3
https://support.ranorex.com/hc/en-us/articles/22490943032093-Ranorex-Studio-Previous-Release-Notes,8.1.0,Bugs,Fixed issue where invocation of methods containing upper case characters did not work in WPF
https://support.ranorex.com/hc/en-us/articles/22490943032093-Ranorex-Studio-Previous-Release-Notes,8.1.0,Bugs,Fixed issue where HasFocus attribute always returned false for TextBox elements in WPF
https://support.ranorex.com/hc/en-us/articles/22490943032093-Ranorex-Studio-Previous-Release-Notes,8.1.0,Bugs,Fixed issue where session cannot be started on Selenium box for Firefox and IE
https://support.ranorex.com/hc/en-us/articles/22490943032093-Ranorex-Studio-Previous-Release-Notes,8.1.0,Bugs,Added smali_redist instrumentation flag to resolve issue with method count limitation for Android apps
https://support.ranorex.com/hc/en-us/articles/22490943032093-Ranorex-Studio-Previous-Release-Notes,8.1.0,Bugs,Fixed issue where Android app could not be instrumented when activity has empty static constructor
https://support.ranorex.com/hc/en-us/articles/22490943032093-Ranorex-Studio-Previous-Release-Notes,8.1.0,Bugs,Fixed issue where folder names where converted to lower case when deployed to agent
https://support.ranorex.com/hc/en-us/articles/22490943032093-Ranorex-Studio-Previous-Release-Notes,8.1.0,Bugs,Fixed issue where GDI element is not recognized although the Win32 element was added to the GDI capture list
https://support.ranorex.com/hc/en-us/articles/22490943032093-Ranorex-Studio-Previous-Release-Notes,8.1.0,Bugs,Fixed object recognition issue for Spark objects in Flash/Flex
https://support.ranorex.com/hc/en-us/articles/22490943032093-Ranorex-Studio-Previous-Release-Notes,8.1.0,Bugs,Fixed check for installed C++ redistributables being tied to the exact version delivered with the Ranorex Studio setup
https://support.ranorex.com/hc/en-us/articles/22490943032093-Ranorex-Studio-Previous-Release-Notes,8.1.0,Bugs,Fixed hang of solutions when pulling from git source control
https://support.ranorex.com/hc/en-us/articles/22490943032093-Ranorex-Studio-Previous-Release-Notes,8.1.0,Bugs,Fixed unloading of AppDomains which use the Ranorex API
https://support.ranorex.com/hc/en-us/articles/22490943032093-Ranorex-Studio-Previous-Release-Notes,8.1.0,Bugs,Included the [GeneratedCode] attribute in the __RxMain__RxProgram file in order to not generate FxCop warnings
https://support.ranorex.com/hc/en-us/articles/22490943032093-Ranorex-Studio-Previous-Release-Notes,8.1.0,Bugs,Fixed back key messing up recording actions when keystroke optimization is on
https://support.ranorex.com/hc/en-us/articles/22490943032093-Ranorex-Studio-Previous-Release-Notes,8.1.0,Bugs,Fixed WebDocument.CaptureFullPageScreenshot method to reliably create accurate screenshots
https://support.ranorex.com/hc/en-us/articles/22490943032093-Ranorex-Studio-Previous-Release-Notes,8.1.0,Bugs,Fixed handling of relative paths being passed as working directory in RunApplication actions
https://support.ranorex.com/hc/en-us/articles/22490943032093-Ranorex-Studio-Previous-Release-Notes,8.1.0,Bugs,Fixed IOException that file Åe__RxPrograms.g.csÅf already exists being thrown during build
https://support.ranorex.com/hc/en-us/articles/22490943032093-Ranorex-Studio-Previous-Release-Notes,8.1.0,Bugs,Fixed test case description not being saved when using clipboard to add a description
https://support.ranorex.com/hc/en-us/articles/22490943032093-Ranorex-Studio-Previous-Release-Notes,8.1.0,Breaking changes,"Prune leading and trailing whitespaces for InnerText attribute of IE web elements to behave the same as in Chrome and Firefox.This may cause RanoreXPaths or validations using InnerText to become invalid for IE web elements. Please update the correspondingpaths/validations accordingly"","" e.g. using the Maintenance Mode"
https://support.ranorex.com/hc/en-us/articles/22490943032093-Ranorex-Studio-Previous-Release-Notes,8.1.0,Breaking changes,"Remove Windows 10 start menu ÅgBingÅh search bar as a DOM element from object recognition to fix possible Spy hangIf you need to interact with the start menu search bar"","" please use the respective UIA elements instead of the web elements"
https://support.ranorex.com/hc/en-us/articles/22490943032093-Ranorex-Studio-Previous-Release-Notes,8.1.0,Known issues,TestRail integration does not handle multiple test cases with same UID (created by drag and drop of test cases between different test suites)
https://support.ranorex.com/hc/en-us/articles/22490943032093-Ranorex-Studio-Previous-Release-Notes,8.1.0,Known issues,Possible display issue of TestRail data file in Ranorex Studio project browser
https://support.ranorex.com/hc/en-us/articles/22490943032093-Ranorex-Studio-Previous-Release-Notes,8.0.1,General changes/Features,Updated the adb (Android Debug Bridge) tool used for USB connections to Android devices to v1.0.39
https://support.ranorex.com/hc/en-us/articles/22490943032093-Ranorex-Studio-Previous-Release-Notes,8.0.1,Bugs,Fixed NavigateUri not being identified as an Url by the Wpf plugin
https://support.ranorex.com/hc/en-us/articles/22490943032093-Ranorex-Studio-Previous-Release-Notes,8.0.1,Bugs,Fixed Ranorex Studio manifest being installed even when deselected during setup
https://support.ranorex.com/hc/en-us/articles/22490943032093-Ranorex-Studio-Previous-Release-Notes,8.0.1,Bugs,Resizing of ÅgManage data sourcesÅh dialog allowed again
https://support.ranorex.com/hc/en-us/articles/22490943032093-Ranorex-Studio-Previous-Release-Notes,8.0.1,Bugs,Fixed ElementEngine.WaitForValidLicense() method causing a floating license to remain leased after the test has finished
https://support.ranorex.com/hc/en-us/articles/22490943032093-Ranorex-Studio-Previous-Release-Notes,8.0.1,Bugs,Fixed saving over existing report file producing an empty report
https://support.ranorex.com/hc/en-us/articles/22490943032093-Ranorex-Studio-Previous-Release-Notes,8.0.1,Bugs,Fixed reverse display of full-size image and its thumbnail in report of difference images
https://support.ranorex.com/hc/en-us/articles/22490943032093-Ranorex-Studio-Previous-Release-Notes,8.0.1,Bugs,Fixed the ÅgLocal copyÅh property automatically changing to false for Ranorex.pdf reference after project reload
https://support.ranorex.com/hc/en-us/articles/22490943032093-Ranorex-Studio-Previous-Release-Notes,8.0.1,Bugs,Fixed handling of Validate.NotExists in maintenance mode
https://support.ranorex.com/hc/en-us/articles/22490943032093-Ranorex-Studio-Previous-Release-Notes,8.0.1,Bugs,Fixed adapter.functionexecutiontimeout setting not being saved as solution setting
https://support.ranorex.com/hc/en-us/articles/22490943032093-Ranorex-Studio-Previous-Release-Notes,8.0.1,Bugs,Fixed unbound variable warnings in report for unbound variables in module groups
https://support.ranorex.com/hc/en-us/articles/22490943032093-Ranorex-Studio-Previous-Release-Notes,8.0.1,Bugs,Fixed sorting algorithm for Win32.Instance attribute causing possible unstable values
https://support.ranorex.com/hc/en-us/articles/22490943032093-Ranorex-Studio-Previous-Release-Notes,8.0.1,Bugs,Fixed Javascript error in automation for Android web testing
https://support.ranorex.com/hc/en-us/articles/22490943032093-Ranorex-Studio-Previous-Release-Notes,8.0.1,Bugs,Fixed connection issue to Android Endpoint after adb is bridged over TCPIP/WiFi
https://support.ranorex.com/hc/en-us/articles/22490943032093-Ranorex-Studio-Previous-Release-Notes,8.0.1,Bugs,Fixed iOS app crash after application delegate is set to nil
https://support.ranorex.com/hc/en-us/articles/22490943032093-Ranorex-Studio-Previous-Release-Notes,8.0.1,Bugs,Fixed iOS app crash when highlighting iOS text elements
https://support.ranorex.com/hc/en-us/articles/22490943032093-Ranorex-Studio-Previous-Release-Notes,8.0.1,Bugs,Fixed Chrome plugin to show DOM trees if there is no dash used to separate page and page title
https://support.ranorex.com/hc/en-us/articles/22490943032093-Ranorex-Studio-Previous-Release-Notes,8.0.1,Bugs,Fixed folder paths containing Åex64Åf causing automation issues for QT
https://support.ranorex.com/hc/en-us/articles/22490943032093-Ranorex-Studio-Previous-Release-Notes,8.0.1,Bugs,Fixed command line handling of arguments containing spaces when invoked from PowerShell
https://support.ranorex.com/hc/en-us/articles/22490943032093-Ranorex-Studio-Previous-Release-Notes,8.0.1,Bugs,Fixed standalone Recorder for mobile recordings
https://support.ranorex.com/hc/en-us/articles/22490943032093-Ranorex-Studio-Previous-Release-Notes,8.0.1,Bugs,Fixed error when defining absolute output path in Studio project settings
https://support.ranorex.com/hc/en-us/articles/22490943032093-Ranorex-Studio-Previous-Release-Notes,8.0.0,Headline features,"Maintenance mode: Pauses the test upon an exception and lets you analyze and correct errors such as wrong expected values. Then continue the test in maintenance mode and if it goes through"","" apply your changes in the report."
https://support.ranorex.com/hc/en-us/articles/22490943032093-Ranorex-Studio-Previous-Release-Notes,8.0.0,Headline features,"Simplified test deployment: Ranorex tests can be generated as portable packages"","" so there is no Ranorex Runtime installation required."
https://support.ranorex.com/hc/en-us/articles/22490943032093-Ranorex-Studio-Previous-Release-Notes,8.0.0,Headline features,Ranorex 8.0 UI refreshment: We have reduced the menu bar to the most essential items and restyled it in a new dark theme.
https://support.ranorex.com/hc/en-us/articles/22490943032093-Ranorex-Studio-Previous-Release-Notes,8.0.0,General changes/Features,Improved key sequence handling during recording
https://support.ranorex.com/hc/en-us/articles/22490943032093-Ranorex-Studio-Previous-Release-Notes,8.0.0,General changes/Features,WebDriver endpoints can now be edited
https://support.ranorex.com/hc/en-us/articles/22490943032093-Ranorex-Studio-Previous-Release-Notes,8.0.0,General changes/Features,Limit the size of Ranorex log files to 10Mb by default
https://support.ranorex.com/hc/en-us/articles/22490943032093-Ranorex-Studio-Previous-Release-Notes,8.0.0,General changes/Features,WPF elements expose URI locator property for resources
https://support.ranorex.com/hc/en-us/articles/22490943032093-Ranorex-Studio-Previous-Release-Notes,8.0.0,General changes/Features,Included support for Android 8.0 when using Appium
https://support.ranorex.com/hc/en-us/articles/22490943032093-Ranorex-Studio-Previous-Release-Notes,8.0.0,Bugs,Fixed Ranorex Studio sometimes freezing at startup if a recent project pointed to a non-existing network location
https://support.ranorex.com/hc/en-us/articles/22490943032093-Ranorex-Studio-Previous-Release-Notes,8.0.0,Bugs,Fixed test suites being corrupted when upgrading from 5.4 to newer versions of Ranorex Studio
https://support.ranorex.com/hc/en-us/articles/22490943032093-Ranorex-Studio-Previous-Release-Notes,8.0.0,Bugs,Fixed issue where references to Ranorex assemblies could not be resolved in Visual Studio 2017
https://support.ranorex.com/hc/en-us/articles/22490943032093-Ranorex-Studio-Previous-Release-Notes,8.0.0,Bugs,Fixed project names with multi-byte characters not displaying correctly on the Ranorex Studio start page
https://support.ranorex.com/hc/en-us/articles/22490943032093-Ranorex-Studio-Previous-Release-Notes,8.0.0,Bugs,Fixed issue where multi-byte whitespace characters not showing when ÅgShow invisible characters in valuesÅh is enabled
https://support.ranorex.com/hc/en-us/articles/22490943032093-Ranorex-Studio-Previous-Release-Notes,8.0.0,Bugs,Fixed issue where ÅgReplace expected imageÅh does not work when using zipped reports
https://support.ranorex.com/hc/en-us/articles/22490943032093-Ranorex-Studio-Previous-Release-Notes,8.0.0,Bugs,Fixed issue where rectangles of centered GDI text elements where miscalculated in ANSI applications
https://support.ranorex.com/hc/en-us/articles/22490943032093-Ranorex-Studio-Previous-Release-Notes,8.0.0,Bugs,Fixed issue where agent crashes when exiting while still initializing (Ranorex Remote Agent 3.0.3)
https://support.ranorex.com/hc/en-us/articles/22490943032093-Ranorex-Studio-Previous-Release-Notes,8.0.0,Bugs,Fixed issue where RxBrowser does not fill the whole screen in landscape mode
https://support.ranorex.com/hc/en-us/articles/22490943032093-Ranorex-Studio-Previous-Release-Notes,8.0.0,Known issues,DOM/tab Elements are duplicated if two or more Firefox windows are positioned exactly on top of each other
https://support.ranorex.com/hc/en-us/articles/22490943032093-Ranorex-Studio-Previous-Release-Notes,8.0.0,Known issues,Invoking Ranorex tests from powershell with arguments that contain spaces does not work
https://support.ranorex.com/hc/en-us/articles/22490943032093-Ranorex-Studio-Previous-Release-Notes,8.0.0,Known issues,Android web elements stay highlighted when using highlight on hover
https://support.ranorex.com/hc/en-us/articles/22490943032093-Ranorex-Studio-Previous-Release-Notes,8.0.0,Known issues,Web automation using browser extensions still needs a Ranorex installation (to get the browser instrumentation working)
https://support.ranorex.com/hc/en-us/articles/22490943032093-Ranorex-Studio-Previous-Release-Notes,8.0.0,Known issues,Maintenance mode still needs a Ranorex installation
https://support.ranorex.com/hc/en-us/articles/22490943032093-Ranorex-Studio-Previous-Release-Notes,8.0.0,Known issues,Folder path containing Åex64Åf will cause automation issues for QT in case Ranorex is not installed
https://support.ranorex.com/hc/en-us/articles/22490943032093-Ranorex-Studio-Previous-Release-Notes,8.0.0,Breaking changes,The .NET Framework 4.5.2 (or higher) is now required for both Ranorex tools and runtime
https://support.ranorex.com/hc/en-us/articles/22490943032093-Ranorex-Studio-Previous-Release-Notes,8.0.0,Breaking changes,Recording on mobile devices discontinued
https://support.ranorex.com/hc/en-us/articles/22490943032093-Ranorex-Studio-Previous-Release-Notes,8.0.0,Breaking changes,Manual instrumentation for Android automation discontinued
https://support.ranorex.com/hc/en-us/articles/22490943032093-Ranorex-Studio-Previous-Release-Notes,8.0.0,Breaking changes,Duplicate capability short names are no longer allowed
https://support.ranorex.com/hc/en-us/articles/22490943032093-Ranorex-Studio-Previous-Release-Notes,8.0.0,Breaking changes,Changes in the Testing and Reporting API
https://support.ranorex.com/hc/en-us/articles/22490943032093-Ranorex-Studio-Previous-Release-Notes,7.2.1,General changes/Features,Updated the apktool used for instrumenting Android apps to v2.3.0
https://support.ranorex.com/hc/en-us/articles/22490943032093-Ranorex-Studio-Previous-Release-Notes,7.2.1,Bugs,Fixed issue where duplicate DOM nodes could show up in Ranorex Spy when automating Firefox
https://support.ranorex.com/hc/en-us/articles/22490943032093-Ranorex-Studio-Previous-Release-Notes,7.2.1,Bugs,Fixed issue where uninstalling Firefox extension through instrumentation wizard does not work
https://support.ranorex.com/hc/en-us/articles/22490943032093-Ranorex-Studio-Previous-Release-Notes,7.2.1,Bugs,Fixed switching of tabs with EnsureVisible in Firefox
https://support.ranorex.com/hc/en-us/articles/22490943032093-Ranorex-Studio-Previous-Release-Notes,7.2.1,Bugs,Fixed issue where WPF instrumentation shows misleading ÅgIdle (pid 0)Åh warning
https://support.ranorex.com/hc/en-us/articles/22490943032093-Ranorex-Studio-Previous-Release-Notes,7.2.1,Bugs,Fixed issue where duplicate WPF elements are shown in spy tree
https://support.ranorex.com/hc/en-us/articles/22490943032093-Ranorex-Studio-Previous-Release-Notes,7.2.1,Bugs,Fixed issue where FontStyle attribute is not read correctly from RawText element
https://support.ranorex.com/hc/en-us/articles/22490943032093-Ranorex-Studio-Previous-Release-Notes,7.2.1,Bugs,Fixed issue where automation causes SUT to crash if stack commit size was set too large in application PE header
https://support.ranorex.com/hc/en-us/articles/22490943032093-Ranorex-Studio-Previous-Release-Notes,7.2.1,Bugs,Fixed visible state of QTWebEngine DOM element
https://support.ranorex.com/hc/en-us/articles/22490943032093-Ranorex-Studio-Previous-Release-Notes,7.2.1,Bugs,Fixed issue where the Pressed attribute value is not set correctly for android switch elements
https://support.ranorex.com/hc/en-us/articles/22490943032093-Ranorex-Studio-Previous-Release-Notes,7.2.1,Bugs,Fixed issue where some files where not added to SVN while downloading Automation Helpers via NuGet
https://support.ranorex.com/hc/en-us/articles/22490943032093-Ranorex-Studio-Previous-Release-Notes,7.2.1,Bugs,Fixed issue where logging after test suite is completed could result in empty jUnit report
https://support.ranorex.com/hc/en-us/articles/22490943032093-Ranorex-Studio-Previous-Release-Notes,7.2.1,Bugs,Fixed issue where data source mask dropdown was not updated correctly
https://support.ranorex.com/hc/en-us/articles/22490943032093-Ranorex-Studio-Previous-Release-Notes,7.2.1,Bugs,Fixed issue where Report.Failure() not displayed consistently in report when called from a side thread
https://support.ranorex.com/hc/en-us/articles/22490943032093-Ranorex-Studio-Previous-Release-Notes,7.2.1,Bugs,Fixed issue where test suite gets corrupted when upgrading from 5.4 to newer versions of Ranorex Studio
https://support.ranorex.com/hc/en-us/articles/22490943032093-Ranorex-Studio-Previous-Release-Notes,7.2.1,Bugs,Fixed issue where agent does not notify if user interaction is needed. (Ranorex Remote Agent 2.0.14)
https://support.ranorex.com/hc/en-us/articles/22490943032093-Ranorex-Studio-Previous-Release-Notes,7.2.1,Bugs,Fixed issue where remote execution fails if files contain multi-byte characters
https://support.ranorex.com/hc/en-us/articles/22490943032093-Ranorex-Studio-Previous-Release-Notes,7.1.3,Bugs,Fixed faulty XML appearing in JUnit reports from multiple runs of the same test suite when using a static report name
https://support.ranorex.com/hc/en-us/articles/22490943032093-Ranorex-Studio-Previous-Release-Notes,7.1.3,Bugs,Fixed an issue where an exception would be thrown when opening a dialog a second time during test execution in WpfImprovedOnly mode
https://support.ranorex.com/hc/en-us/articles/22490943032093-Ranorex-Studio-Previous-Release-Notes,7.1.3,Bugs,"Fixed an issue where instead of only the .dlls with ÅeLocal copyÅf enabled"","" all referenced .dlls would be copied to the output folder when building a solution"
https://support.ranorex.com/hc/en-us/articles/22490943032093-Ranorex-Studio-Previous-Release-Notes,7.1.3,Bugs,Fixed performance issues when a solution references projects using assembly references
https://support.ranorex.com/hc/en-us/articles/22490943032093-Ranorex-Studio-Previous-Release-Notes,7.1.3,Bugs,Fixed an issue where an exception would be thrown when creating/opening a solution while viewing the details of an endpoint
https://support.ranorex.com/hc/en-us/articles/22490943032093-Ranorex-Studio-Previous-Release-Notes,7.1.3,Bugs,Fixed an issue where test suites with unnamed run configurations couldnÅft be loaded after being upgraded by Ranorex Studio 6 or later
https://support.ranorex.com/hc/en-us/articles/22490943032093-Ranorex-Studio-Previous-Release-Notes,7.2.0,Headline features,Replace expected image with actual image: Reduce maintenance efforts for image-based validations by replacing the expected image with the actual image directly in the report.
https://support.ranorex.com/hc/en-us/articles/22490943032093-Ranorex-Studio-Previous-Release-Notes,7.2.0,Headline features,ParallelRunner for WebDriver: Run web tests in parallel on Selenium Grid endpoints by defining a set of desired capabilities and distributing them using the new parallel runner.
https://support.ranorex.com/hc/en-us/articles/22490943032093-Ranorex-Studio-Previous-Release-Notes,7.2.0,Headline features,Automation Helpers: Comfortably extend your solution with a collection of small and handy modules and methods to handle daily challenges in test automation.
https://support.ranorex.com/hc/en-us/articles/22490943032093-Ranorex-Studio-Previous-Release-Notes,7.2.0,Headline features,Auto-rerun failed test cases: Reduce instabilities caused by temporary unresponsiveness of the application under test by automatically rerunning failed test cases.
https://support.ranorex.com/hc/en-us/articles/22490943032093-Ranorex-Studio-Previous-Release-Notes,7.2.0,General changes/Features,Hidden Characters in reports: New option to display white spaces and normally hidden characters in element validation report entries
https://support.ranorex.com/hc/en-us/articles/22490943032093-Ranorex-Studio-Previous-Release-Notes,7.2.0,General changes/Features,JUnit ? Error Breadcrumb: The JUnit report now holds the breadcrumb to the error in the test suite
https://support.ranorex.com/hc/en-us/articles/22490943032093-Ranorex-Studio-Previous-Release-Notes,7.2.0,General changes/Features,"Error counting in report: The counting of the attributes totalsuccesscount"","" totalfailedcount"","" totalblockedcount in the report include test cases and smart folders."
https://support.ranorex.com/hc/en-us/articles/22490943032093-Ranorex-Studio-Previous-Release-Notes,7.2.0,General changes/Features,WebDriver browser control: ÅgStartBrowserÅh and ÅgCloseBrowserÅh are available via ÅgInvoke ActionÅh from endpoints pad.With this you can directly start sessions to explore the DOM and element tree of your page.
https://support.ranorex.com/hc/en-us/articles/22490943032093-Ranorex-Studio-Previous-Release-Notes,7.2.0,General changes/Features,Browser Plugin: The Firefox plugin for web automation has been reimplemented based on WebExtensions and enables automation in Firefox versions 50 and above.The plugin is available through side-loading by utilizing the Instrumentation Wizard. The previous Firefox plugin is not included in the setup anymore.
https://support.ranorex.com/hc/en-us/articles/22490943032093-Ranorex-Studio-Previous-Release-Notes,7.2.0,General changes/Features,Neoload: New source code based NuGet packages are available to support NeoLoad
https://support.ranorex.com/hc/en-us/articles/22490943032093-Ranorex-Studio-Previous-Release-Notes,7.2.0,General changes/Features,Unresponsive WPF applications are reported during test execution
https://support.ranorex.com/hc/en-us/articles/22490943032093-Ranorex-Studio-Previous-Release-Notes,7.2.0,General changes/Features,"Included support for adding Appium servers as WebDriver endpoints for mobile web testing in native browsers (Safari on iOS"","" Chrome on Android)"
https://support.ranorex.com/hc/en-us/articles/22490943032093-Ranorex-Studio-Previous-Release-Notes,7.2.0,Bugs,Fixed attribute ÅgCheckedÅh in CEF plugin not changing
https://support.ranorex.com/hc/en-us/articles/22490943032093-Ranorex-Studio-Previous-Release-Notes,7.2.0,Bugs,Fixed resetting to default WPF tree building mode
https://support.ranorex.com/hc/en-us/articles/22490943032093-Ranorex-Studio-Previous-Release-Notes,7.2.0,Bugs,Fixed JUnit report containing bad/incomplete XML
https://support.ranorex.com/hc/en-us/articles/22490943032093-Ranorex-Studio-Previous-Release-Notes,7.2.0,Bugs,Fixed reporting of TestSuite.Current.CurrentTestContainer.Status and CurrentIterationContainer.Status
https://support.ranorex.com/hc/en-us/articles/22490943032093-Ranorex-Studio-Previous-Release-Notes,7.2.0,Bugs,Fixed Studio copying unused files to the output directory
https://support.ranorex.com/hc/en-us/articles/22490943032093-Ranorex-Studio-Previous-Release-Notes,7.2.0,Bugs,Fixed search functionality in StudioÅfs NuGet package manager
https://support.ranorex.com/hc/en-us/articles/22490943032093-Ranorex-Studio-Previous-Release-Notes,7.2.0,Bugs,Fixed Studio not showing ÅgRestart as administratorÅh in certain cases
https://support.ranorex.com/hc/en-us/articles/22490943032093-Ranorex-Studio-Previous-Release-Notes,7.2.0,Bugs,Fixed performance lag while editing code in large solutions with multiple project references
https://support.ranorex.com/hc/en-us/articles/22490943032093-Ranorex-Studio-Previous-Release-Notes,7.2.0,Bugs,Fixed Spy showing wrong screenshot when tracking in CefSharp applications
https://support.ranorex.com/hc/en-us/articles/22490943032093-Ranorex-Studio-Previous-Release-Notes,7.2.0,Bugs,Fixed license issue when using Element.FindFromPoint in a test at runtime
https://support.ranorex.com/hc/en-us/articles/22490943032093-Ranorex-Studio-Previous-Release-Notes,7.2.0,Known issues,"New browser plugin for Firefox:

Does not support automation of Flash or Java contents
As with Chrome"","" instant tracking of items from a ÅgselectÅh element returns no usable result in Spy. Select individual items manually from the parent control instead
High-DPI settings will lead to unsuccessful test runs. If your environment runs with a DPI scaling > 100%"","" open about:config and change the layout.css.devPixelsPerPx preference to 1.0 (default is -1.0).

"
https://support.ranorex.com/hc/en-us/articles/22490943032093-Ranorex-Studio-Previous-Release-Notes,7.2.0,Known issues,Does not support automation of Flash or Java contents
https://support.ranorex.com/hc/en-us/articles/22490943032093-Ranorex-Studio-Previous-Release-Notes,7.2.0,Known issues,"As with Chrome"","" instant tracking of items from a ÅgselectÅh element returns no usable result in Spy. Select individual items manually from the parent control instead"
https://support.ranorex.com/hc/en-us/articles/22490943032093-Ranorex-Studio-Previous-Release-Notes,7.2.0,Known issues,"High-DPI settings will lead to unsuccessful test runs. If your environment runs with a DPI scaling > 100%"","" open about:config and change the layout.css.devPixelsPerPx preference to 1.0 (default is -1.0)."
https://support.ranorex.com/hc/en-us/articles/22490943032093-Ranorex-Studio-Previous-Release-Notes,7.2.0,Known issues,"iOS: When using Appium for automating web sites"","" the currently open browser session is not completely ended when using CloseBrowser action"","" leading to errors when retrying the automation. Close browser instances started by Appium manually to avoid this behavior."
https://support.ranorex.com/hc/en-us/articles/22490943032093-Ranorex-Studio-Previous-Release-Notes,7.2.0,Known issues,iOS/Android: Only a single concurrent session is supported when automating web sites using Appium
https://support.ranorex.com/hc/en-us/articles/22490943032093-Ranorex-Studio-Previous-Release-Notes,7.2.0,Known issues,"Appium: When tracking into DOMs using Ranorex Spy"","" the rectangle/screenshot retrieval may add an offset causing screenshots to be off"","" especially when the SUT is not optimized for mobile (Desktop mode)."
https://support.ranorex.com/hc/en-us/articles/22490943032093-Ranorex-Studio-Previous-Release-Notes,7.2.0,Known issues,Using the word ÅgpluginÅh in the solution name may cause an exception when the solution is run. Use a different name instead.
https://support.ranorex.com/hc/en-us/articles/22490943032093-Ranorex-Studio-Previous-Release-Notes,7.2.0,Breaking changes,The previous Firefox plugin is not included in the setup anymore
https://support.ranorex.com/hc/en-us/articles/22490943032093-Ranorex-Studio-Previous-Release-Notes,7.1.2,General changes/Features,Updated the apktool used for instrumenting Android apps to v2.2.4
https://support.ranorex.com/hc/en-us/articles/22490943032093-Ranorex-Studio-Previous-Release-Notes,7.1.2,Bugs,Fixed swipe causing app crashes on iOS11
https://support.ranorex.com/hc/en-us/articles/22490943032093-Ranorex-Studio-Previous-Release-Notes,7.1.2,Bugs,Fixed unstable WinForms test execution caused by memory and performance releated issues
https://support.ranorex.com/hc/en-us/articles/22490943032093-Ranorex-Studio-Previous-Release-Notes,7.1.2,Bugs,Fixed issue where CEF plugin identifies CefSharp applications as electron
https://support.ranorex.com/hc/en-us/articles/22490943032093-Ranorex-Studio-Previous-Release-Notes,7.1.2,Bugs,Fixed issue where CefSharp elements are tracked on the wrong position
https://support.ranorex.com/hc/en-us/articles/22490943032093-Ranorex-Studio-Previous-Release-Notes,7.1.1,Bugs,Fixed issue where application could hang forever when AUT shows modal dialog on CloseWindow action
https://support.ranorex.com/hc/en-us/articles/22490943032093-Ranorex-Studio-Previous-Release-Notes,7.1.1,Bugs,Fixed possible ObjectDisposedException when using ÅgCloseApplicationÅh on WinForms elements
https://support.ranorex.com/hc/en-us/articles/22490943032093-Ranorex-Studio-Previous-Release-Notes,7.1.1,Bugs,Fixed log verbosity in CEF plugin when no NLog.config is present
https://support.ranorex.com/hc/en-us/articles/22490943032093-Ranorex-Studio-Previous-Release-Notes,7.1.1,Bugs,Fixed possible exception in CEF plugin when style attributes are empty
https://support.ranorex.com/hc/en-us/articles/22490943032093-Ranorex-Studio-Previous-Release-Notes,7.1.1,Bugs,Fixed WebDriver plugin not able to launch html files from file system
https://support.ranorex.com/hc/en-us/articles/22490943032093-Ranorex-Studio-Previous-Release-Notes,7.1.1,Bugs,Fixed WebDriver plugin omitting leading/trailing whitespaces for strings
https://support.ranorex.com/hc/en-us/articles/22490943032093-Ranorex-Studio-Previous-Release-Notes,7.1.1,Bugs,Fixed changing ID for endpoints when solution is opened
https://support.ranorex.com/hc/en-us/articles/22490943032093-Ranorex-Studio-Previous-Release-Notes,7.1.1,Bugs,Fixed issue where changing an endpoint in record item does not update generated code
https://support.ranorex.com/hc/en-us/articles/22490943032093-Ranorex-Studio-Previous-Release-Notes,7.1.1,Bugs,Added preliminary support for iOS 11
https://support.ranorex.com/hc/en-us/articles/22490943032093-Ranorex-Studio-Previous-Release-Notes,7.1.1,Bugs,Fixed issue where some QT applications cannot be tracked properly
https://support.ranorex.com/hc/en-us/articles/22490943032093-Ranorex-Studio-Previous-Release-Notes,7.1.1,Bugs,Fixed issue where intermediate D3D Window element prevents web automation
https://support.ranorex.com/hc/en-us/articles/22490943032093-Ranorex-Studio-Previous-Release-Notes,7.1.1,Bugs,Fixed QT technology limitation shown after Windows Update
https://support.ranorex.com/hc/en-us/articles/22490943032093-Ranorex-Studio-Previous-Release-Notes,7.1.1,Bugs,Fixed exception when trying to save readonly project
https://support.ranorex.com/hc/en-us/articles/22490943032093-Ranorex-Studio-Previous-Release-Notes,7.1.1,Bugs,Fixed issue where snapshot creation fails on some machines
https://support.ranorex.com/hc/en-us/articles/22490943032093-Ranorex-Studio-Previous-Release-Notes,7.1.1,Bugs,Fixed issue in installer when installing Ranorex side-by-side with Beta versions
https://support.ranorex.com/hc/en-us/articles/22490943032093-Ranorex-Studio-Previous-Release-Notes,7.1.1,Bugs,Fixed Ranorex Studio crash when copying a test case with a name longer than 100 characters
https://support.ranorex.com/hc/en-us/articles/22490943032093-Ranorex-Studio-Previous-Release-Notes,7.1.1,Bugs,Fixed issue where relative paths could be handled incorrectly when upgrading a solution
https://support.ranorex.com/hc/en-us/articles/22490943032093-Ranorex-Studio-Previous-Release-Notes,7.1.1,Bugs,Fixed issue where specific recording modules could not be loaded
https://support.ranorex.com/hc/en-us/articles/22490943032093-Ranorex-Studio-Previous-Release-Notes,7.1.1,Bugs,Fixed issue where report shows wrong warning count
https://support.ranorex.com/hc/en-us/articles/22490943032093-Ranorex-Studio-Previous-Release-Notes,7.1.1,Bugs,Fixed JUnit report not being created when test suite is executed as Coded UI Test
https://support.ranorex.com/hc/en-us/articles/22490943032093-Ranorex-Studio-Previous-Release-Notes,7.1.1,Bugs,Fixed Ranorex Report not being finished after execution with Coded UI Test
https://support.ranorex.com/hc/en-us/articles/22490943032093-Ranorex-Studio-Previous-Release-Notes,7.1.1,Bugs,Fixed an issue that resetting Solution Settings to default does not reset WpfImprovedOnly setting
https://support.ranorex.com/hc/en-us/articles/22490943032093-Ranorex-Studio-Previous-Release-Notes,7.1.1,Breaking changes,"Internal logging for Ranorex Studio and automation processes is now enabled by defaultwith a rolling file being stored for 3 days.If you want to disable logging (e.g. for saving disk space)"","" modify the NLog.config inyour Ranorex installation folder and copy it to the location of your test executable."
https://support.ranorex.com/hc/en-us/articles/22490943032093-Ranorex-Studio-Previous-Release-Notes,7.1.1,Known issues,"Some application specific issues with WinForms automation are still under investigation"","" in particular a potential memory leak"
https://support.ranorex.com/hc/en-us/articles/22490943032093-Ranorex-Studio-Previous-Release-Notes,7.1.0,Headline features,Conditions: Test cases and smart folders can be run conditionally based on data from a data source or parameters.
https://support.ranorex.com/hc/en-us/articles/22490943032093-Ranorex-Studio-Previous-Release-Notes,7.1.0,Headline features,Synchronization: The WaitFor action in the Ranorex RecorderÅfs action table has been extended.It now supports waiting for specific attribute values to synchronize the application under test with the automated test(e.g. wait for an element to become visible or wait for a status text to contain ÅgcompletedÅh).
https://support.ranorex.com/hc/en-us/articles/22490943032093-Ranorex-Studio-Previous-Release-Notes,7.1.0,Headline features,Data sources: Cloning of data sources is now possible for test cases and smart folders.
https://support.ranorex.com/hc/en-us/articles/22490943032093-Ranorex-Studio-Previous-Release-Notes,7.1.0,Headline features,Collaboration: The object repository can now get auto-merged in various conflicting situations after concurrent modifications (when version control integration with GIT or SVN is in use).
https://support.ranorex.com/hc/en-us/articles/22490943032093-Ranorex-Studio-Previous-Release-Notes,7.1.0,Headline features,Validation: New method to validate that the value of a UI itemÅfs attribute does not equal (ÅgNotEqualÅh) a given value. The method is available through the API but also in the recorderÅfs action table.
https://support.ranorex.com/hc/en-us/articles/22490943032093-Ranorex-Studio-Previous-Release-Notes,7.1.0,Headline features,"Webtesting

Ranorex WebDriver Integration API has been extended to allow access to the underlying driver implementation. A sample solution is available for download.
Browser window size: Ranorex now allows setting the browser window size when working with Selenium WebDriver.
Configurations: A WebDriver endpoint can have multiple configurations.
Performance: Optimized WebDriver performance for grid and cloud scenarios.

"
https://support.ranorex.com/hc/en-us/articles/22490943032093-Ranorex-Studio-Previous-Release-Notes,7.1.0,Headline features,Ranorex WebDriver Integration API has been extended to allow access to the underlying driver implementation. A sample solution is available for download.
https://support.ranorex.com/hc/en-us/articles/22490943032093-Ranorex-Studio-Previous-Release-Notes,7.1.0,Headline features,Browser window size: Ranorex now allows setting the browser window size when working with Selenium WebDriver.
https://support.ranorex.com/hc/en-us/articles/22490943032093-Ranorex-Studio-Previous-Release-Notes,7.1.0,Headline features,Configurations: A WebDriver endpoint can have multiple configurations.
https://support.ranorex.com/hc/en-us/articles/22490943032093-Ranorex-Studio-Previous-Release-Notes,7.1.0,Headline features,Performance: Optimized WebDriver performance for grid and cloud scenarios.
https://support.ranorex.com/hc/en-us/articles/22490943032093-Ranorex-Studio-Previous-Release-Notes,7.1.0,General changes/Features,Support for SAP TreeTable control
https://support.ranorex.com/hc/en-us/articles/22490943032093-Ranorex-Studio-Previous-Release-Notes,7.1.0,General changes/Features,Support for lazy loaded SAP grids
https://support.ranorex.com/hc/en-us/articles/22490943032093-Ranorex-Studio-Previous-Release-Notes,7.1.0,General changes/Features,Open sessions are shown in endpoint details view
https://support.ranorex.com/hc/en-us/articles/22490943032093-Ranorex-Studio-Previous-Release-Notes,7.1.0,General changes/Features,The report now provides information about the endpoint the test run was executed on
https://support.ranorex.com/hc/en-us/articles/22490943032093-Ranorex-Studio-Previous-Release-Notes,7.1.0,General changes/Features,Included an API for managing endpoints at runtime
https://support.ranorex.com/hc/en-us/articles/22490943032093-Ranorex-Studio-Previous-Release-Notes,7.1.0,General changes/Features,Adapter class now provides a ÅgParentÅh property
https://support.ranorex.com/hc/en-us/articles/22490943032093-Ranorex-Studio-Previous-Release-Notes,7.1.0,Bugs,Fixed incorrect element rectangles when using CEF/Electron
https://support.ranorex.com/hc/en-us/articles/22490943032093-Ranorex-Studio-Previous-Release-Notes,7.1.0,Bugs,Fixed issue where text was retrieved incorrectly for GDI applications
https://support.ranorex.com/hc/en-us/articles/22490943032093-Ranorex-Studio-Previous-Release-Notes,7.1.0,Bugs,Fixed potential crash of AUT when using GDI plugin
https://support.ranorex.com/hc/en-us/articles/22490943032093-Ranorex-Studio-Previous-Release-Notes,7.1.0,Bugs,Fixed issue where text is not returned for some SAP tree views
https://support.ranorex.com/hc/en-us/articles/22490943032093-Ranorex-Studio-Previous-Release-Notes,7.1.0,Bugs,Fixed ÅgPressÅh action not working on SAP overlay buttons.
https://support.ranorex.com/hc/en-us/articles/22490943032093-Ranorex-Studio-Previous-Release-Notes,7.1.0,Bugs,Fixed issue in RxBrowser where alert pop-ups could not be closed
https://support.ranorex.com/hc/en-us/articles/22490943032093-Ranorex-Studio-Previous-Release-Notes,7.1.0,Bugs,Fixed possible Ranorex Studio freeze at startup
https://support.ranorex.com/hc/en-us/articles/22490943032093-Ranorex-Studio-Previous-Release-Notes,7.1.0,Bugs,Fixed Ranorex Studio freeze when trying to connect to Oracle DB using OLE DB provider
https://support.ranorex.com/hc/en-us/articles/22490943032093-Ranorex-Studio-Previous-Release-Notes,7.1.0,Bugs,Fixed issue where changes made to a record item did not mark the file as changed
https://support.ranorex.com/hc/en-us/articles/22490943032093-Ranorex-Studio-Previous-Release-Notes,7.1.0,Bugs,Fixed issue where two JUnit reports are created resulting in wrong TFS test result
https://support.ranorex.com/hc/en-us/articles/22490943032093-Ranorex-Studio-Previous-Release-Notes,7.1.0,Bugs,Fixed possible error when pasting module groups with multiple bindings
https://support.ranorex.com/hc/en-us/articles/22490943032093-Ranorex-Studio-Previous-Release-Notes,7.1.0,Bugs,Fixed build error when setting .NET version to 4.6 for Ranorex Studio projects
https://support.ranorex.com/hc/en-us/articles/22490943032093-Ranorex-Studio-Previous-Release-Notes,7.1.0,Bugs,Fixed issue where solution cannot be added to SVN repository if option ÅgSave authenticationÅh is unchecked at the login
https://support.ranorex.com/hc/en-us/articles/22490943032093-Ranorex-Studio-Previous-Release-Notes,7.1.0,Bugs,Fixed error that prevented modules from referenced projects from being run when not used in test suite
https://support.ranorex.com/hc/en-us/articles/22490943032093-Ranorex-Studio-Previous-Release-Notes,7.1.0,Bugs,Fixed performance issue when checking/unchecking tests inside a test suite
https://support.ranorex.com/hc/en-us/articles/22490943032093-Ranorex-Studio-Previous-Release-Notes,7.1.0,Bugs,Fixed performance issue when opening test suites with many data connectors
https://support.ranorex.com/hc/en-us/articles/22490943032093-Ranorex-Studio-Previous-Release-Notes,7.1.0,Bugs,Fixed mobile devices can not be removed with standalone tools
https://support.ranorex.com/hc/en-us/articles/22490943032093-Ranorex-Studio-Previous-Release-Notes,7.1.0,Bugs,Fixed TestSuiteRunner does not show correct solution settings
https://support.ranorex.com/hc/en-us/articles/22490943032093-Ranorex-Studio-Previous-Release-Notes,7.1.0,Known issues,For NeoLoad projects app.config needs to be updated
https://support.ranorex.com/hc/en-us/articles/22490943032093-Ranorex-Studio-Previous-Release-Notes,7.1.0,Breaking changes,"Support for legacy Firefox versions has been dropped: 3.6"","" 10"","" 17"","" 24"","" 31"","" 38"
https://support.ranorex.com/hc/en-us/articles/22490943032093-Ranorex-Studio-Previous-Release-Notes,7.0.1,Bugs,Fixed GetActiveTestContainers() returns empty List
https://support.ranorex.com/hc/en-us/articles/22490943032093-Ranorex-Studio-Previous-Release-Notes,7.0.1,Bugs,Fixed offset of RawText elements
https://support.ranorex.com/hc/en-us/articles/22490943032093-Ranorex-Studio-Previous-Release-Notes,7.0.1,Bugs,Fixed Firefox Extension provides invalid Table/DOM in certain cases
https://support.ranorex.com/hc/en-us/articles/22490943032093-Ranorex-Studio-Previous-Release-Notes,7.0.1,Bugs,Fixed import and export functionality of global settings
https://support.ranorex.com/hc/en-us/articles/22490943032093-Ranorex-Studio-Previous-Release-Notes,7.0.1,Bugs,Fixed object recognition when more than one CEF window is active in WPF application (CefSharp)
https://support.ranorex.com/hc/en-us/articles/22490943032093-Ranorex-Studio-Previous-Release-Notes,7.0.0,Major features,WPF: More intelligent and comfortable object recognition for standard and third party controls
https://support.ranorex.com/hc/en-us/articles/22490943032093-Ranorex-Studio-Previous-Release-Notes,7.0.0,Major features,"Web Testing: Added support for Microsoft Edge"","" Safari (macOS)"","" Chrome (Linux) and Firefox (Linux) in web test automation through WebDriver integration"
https://support.ranorex.com/hc/en-us/articles/22490943032093-Ranorex-Studio-Previous-Release-Notes,7.0.0,Major features,"Test Suite: Improved behavior and structure"","" both in test suite and report"","" to better comply with JUnit report format"
https://support.ranorex.com/hc/en-us/articles/22490943032093-Ranorex-Studio-Previous-Release-Notes,7.0.0,General changes/Features,"Introduced new automation root switching"","" which directs element recognition and test execution to the selected endpoint (mobile device or Selenium hub)"
https://support.ranorex.com/hc/en-us/articles/22490943032093-Ranorex-Studio-Previous-Release-Notes,7.0.0,General changes/Features,Added a warning when performing mouse/pointer actions outside an elementÅfs boundaries caused by a relative location
https://support.ranorex.com/hc/en-us/articles/22490943032093-Ranorex-Studio-Previous-Release-Notes,7.0.0,General changes/Features,The ÅgOpen BrowserÅh recording action now allows to turn on ÅgKill ExistingÅh and ÅgClear CookiesÅh options
https://support.ranorex.com/hc/en-us/articles/22490943032093-Ranorex-Studio-Previous-Release-Notes,7.0.0,General changes/Features,The test suite now provides an option to generate an additional report file in JUnit format
https://support.ranorex.com/hc/en-us/articles/22490943032093-Ranorex-Studio-Previous-Release-Notes,7.0.0,General changes/Features,Improved merging of repository items into an existing repository if moving/copying a recording from one project to another
https://support.ranorex.com/hc/en-us/articles/22490943032093-Ranorex-Studio-Previous-Release-Notes,7.0.0,General changes/Features,"Introduced Ågsmart folderÅh in the test suite that allows grouping"","" iteration"","" and data binding without counting as a test case"
https://support.ranorex.com/hc/en-us/articles/22490943032093-Ranorex-Studio-Previous-Release-Notes,7.0.0,General changes/Features,Support iterating test cases and smart folders without the need for data binding
https://support.ranorex.com/hc/en-us/articles/22490943032093-Ranorex-Studio-Previous-Release-Notes,7.0.0,General changes/Features,Improved visual appearance and usability of the Studio start page
https://support.ranorex.com/hc/en-us/articles/22490943032093-Ranorex-Studio-Previous-Release-Notes,7.0.0,General changes/Features,"Ranorex agents no longer use port 29189 for communication"","" but rely solely on port 8081"
https://support.ranorex.com/hc/en-us/articles/22490943032093-Ranorex-Studio-Previous-Release-Notes,7.0.0,Bugs,Fixed offset issues with screenshots taken from mobile devices if hidden screenshot capturing is turned off
https://support.ranorex.com/hc/en-us/articles/22490943032093-Ranorex-Studio-Previous-Release-Notes,7.0.0,Bugs,Fixed module group descriptions not being shown in the report
https://support.ranorex.com/hc/en-us/articles/22490943032093-Ranorex-Studio-Previous-Release-Notes,7.0.0,Bugs,Fixed opening compressed reports more than once if they contain read-only files
https://support.ranorex.com/hc/en-us/articles/22490943032093-Ranorex-Studio-Previous-Release-Notes,7.0.0,Bugs,Fixed a possible unhandled exception in Studio when trying to add COM references
https://support.ranorex.com/hc/en-us/articles/22490943032093-Ranorex-Studio-Previous-Release-Notes,7.0.0,Bugs,Fixed problem that user code methods may not be available from a user code library which is also the base class of a recording
https://support.ranorex.com/hc/en-us/articles/22490943032093-Ranorex-Studio-Previous-Release-Notes,7.0.0,Known issues,"You may experience small performance lags in the test suite editor when copying/moving large structures within a test suite"","" e.g. when dragging these structures or when navigating through the test suite and pasting the copied nodes."
https://support.ranorex.com/hc/en-us/articles/22490943032093-Ranorex-Studio-Previous-Release-Notes,7.0.0,Known issues,"Please note that support for various actions depends on specific WebDriver implementations"","" which may cause specialized operations to fail on specific browser/platform combinations."
https://support.ranorex.com/hc/en-us/articles/22490943032093-Ranorex-Studio-Previous-Release-Notes,7.0.0,Known issues,"The currently released Safari driver implementation is known to be unstable when executing tests. If test runs fail"","" check the WebDriver log file to find out where the problem occurred."
https://support.ranorex.com/hc/en-us/articles/22490943032093-Ranorex-Studio-Previous-Release-Notes,7.0.0,Known issues,There is a known issue with the IE driver that causes KeySequence actions to be slow and ultimately run into a timeout when automating via WebDriver (see github.com)
https://support.ranorex.com/hc/en-us/articles/22490943032093-Ranorex-Studio-Previous-Release-Notes,7.0.0,Known issues,Object recognition may fail for WPF applications if the application itself hosts a .NET Remoting service
https://support.ranorex.com/hc/en-us/articles/22490943032093-Ranorex-Studio-Previous-Release-Notes,7.0.0,Breaking changes (to 6.X),Nesting a test case in another test case is not allowed anymore -> use smart folders instead of test cases
https://support.ranorex.com/hc/en-us/articles/22490943032093-Ranorex-Studio-Previous-Release-Notes,7.0.0,Breaking changes (to 6.X),Running Studio or tests on Windows XP will show a technology limitation warning that Windows XP support will be dropped in a future Ranorex version
https://support.ranorex.com/hc/en-us/articles/22490943032093-Ranorex-Studio-Previous-Release-Notes,7.0.0,Breaking changes (to 6.X),"Licensing: when executing multiple test runs in parallel"","" each run/process requires its own runtime license"
https://support.ranorex.com/hc/en-us/articles/22490943032093-Ranorex-Studio-Previous-Release-Notes,7.0.0,Breaking changes (to 6.X),The report transformation file (xslt) as well as the stylesheet (css) file have changed due to a new layout as well as due to changes in the report data file. Custom reports created with previous versions (e.g. Ranorex 6.2) might not be fully compatible with the new format.
https://support.ranorex.com/hc/en-us/articles/22490943032093-Ranorex-Studio-Previous-Release-Notes,7.0.0,Breaking changes (to 6.X),Changes in the Testing and Reporting API
