"https://subversion.apache.org/docs/release-notes/1.9.html","What's New in Apache Subversion 1.9
  <a class=""sectionlink"" href=""#news"" title=""Link to this section"">¶</a>



  <a href=""#fsfs-improvements"">FSFS improvements</a>
  <a href=""#fsx"">FSX ? A new experimental repository backend</a>
  <a href=""#enhancements"">Many enhancements and bug fixes</a>
  <a href=""#issues"">Known issues in the release</a>
  <a href=""#troubleshooting"">Troubleshooting issues specific to this release</a>


Apache Subversion 1.9 is a superset of all previous Subversion
releases"","" and is as of the time of its release considered the current
""best"" release.  Any feature or bugfix in 1.0.x through 1.8.x is also
in 1.9"","" but 1.9 contains features and bugfixes not present in any
earlier release.  The new features will eventually be documented in a
1.9 version of the free Subversion book
(<a href=""https://svnbook.red-bean.com/"">svnbook.red-bean.com</a>).

This page describes only major changes.  For a complete list of
changes"","" see the 1.9 section of the <a href=""https://svn.apache.org/repos/asf/subversion/trunk/CHANGES"">CHANGES</a>
file.

",""
"https://subversion.apache.org/docs/release-notes/1.9.html","Compatibility Concerns
  <a class=""sectionlink"" href=""#compatibility"" title=""Link to this section"">¶</a>


Older clients and servers interoperate transparently with 1.9
servers and clients.  However"","" some of the new 1.9 features may not be
available unless both client and server are the latest version.  There are
also cases where a new feature will work but will run less efficiently if
the client is new and the server old.

There is no need to <a href=""https://svnbook.red-bean.com/en/1.7/svn.reposadmin.maint.html#svn.reposadmin.maint.migrate.svnadmin"">dump and reload</a> your repositories. 
Subversion 1.9 servers can read and write to repositories created by
earlier versions.  To upgrade an existing server installation"","" just install the
newest libraries and binaries on top of the older ones.

Subversion 1.9 maintains API/ABI compatibility with earlier
releases"","" by only adding new functions"","" never removing old ones.  A
program written to any previous 1.x API can both compile
and run using 1.9 libraries.  However"","" a program written for 1.9
cannot necessarily compile or run against older libraries.

There may be limited cases where the behavior of old APIs has been
slightly modified from previous releases.  These are cases where edge cases
of the functionality has been deemed buggy"","" and therefore improved or removed.
Please consult the
<a href=""https://svn.apache.org/repos/asf/subversion/trunk/notes/api-errata/1.9/"">API errata</a> for more detailed information on what these APIs are
and what impact these changes may have.

  

  

  

  

",""
"https://subversion.apache.org/docs/release-notes/1.9.html","","New Feature Compatibility Table
  <a class=""sectionlink"" href=""#new-feature-compatibility-table"" title=""Link to this section"">¶</a>

<table border=""1"">
  <tbody><tr>
    <th>New Feature</th>
    <th>Minimum Client<sup>1</sup></th>
    <th>Minimum Server</th>
    <th>Minimum Repository</th>
    <th>Notes</th></tr>
  <tr>
    <td><a href=""#prospective-blame""><a href=""#prospective-blame"">Prospective blame</a></a></td>
    <td>1.9</td>
    <td>1.8</td>
    <td>any</td>
    <td></td></tr>
  <tr>
    <td><a href=""#fsfs-improvements""><a href=""#fsfs-improvements"">FSFS format&nbsp;7</a></a></td>
    <td>any</td>
    <td>1.9</td>
    <td>1.9</td>
    <td>Older formats remain supported.</td></tr>
  <tr>
    <td><a href=""#lock-http-pipelining""><a href=""#lock-http-pipelining"">Lock HTTP pipelining</a></a></td>
    <td>1.9</td>
    <td>1.2</td>
    <td>1.2</td>
    <td></td></tr>
  <tr>
    <td><a href=""#locking-multiple-files""><a href=""#locking-multiple-files"">Commit unlocking</a></a></td>
    <td>1.2</td>
    <td>1.9</td>
    <td>1.2</td>
    <td></td></tr>
  <tr>
    <td><a href=""#locking-multiple-files""><a href=""#locking-multiple-files"">Locking multiple files</a></a></td>
    <td>1.3</td>
    <td>1.9</td>
    <td>1.2</td>
    <td>Over the svn:// protocol.</td></tr>
  <tr>
    <td><a href=""#fsx""><a href=""#fsx"">FSX</a></a></td>
    <td>any</td>
    <td>1.9</td>
    <td>1.9</td>
    <td>Will not be compatible with 1.10</td></tr>
   <tr>
     <td colspan=""5""><sup>1</sup>Reminder: when using the <tt>file://</tt>
       repository access method"","" the Subversion program is both the client
       <em>and</em> the server.</td></tr>
</tbody></table>

"
"https://subversion.apache.org/docs/release-notes/1.9.html","","Upgrading the Working Copy
  <a class=""sectionlink"" href=""#wc-upgrade"" title=""Link to this section"">¶</a>


Subversion 1.9 uses the same working copy format as Subversion 1.8.

Before using Subversion 1.9 with an existing Subversion 1.7 or older
working copy"","" users will be required to run the svn upgrade command
to upgrade working copy metadata to the new format. This command may take a
while in some cases"","" and for some users"","" it may be more practical to simply
checkout a new working copy.

Note: Subversion 1.9 cannot upgrade working copies that
a 1.6 client would have refused to operate upon before an svn cleanup
was run (with a 1.6 client).  In other words"","" before upgrading to 1.9"","" a 1.6
or older client must be used to run svn cleanup on all 1.6 or older
working copies that require cleanup.  Likewise"","" Subversion 1.9 cannot upgrade
corrupt working copies. Unfixable problems can arise from missing or corrupt
meta-data inside .svn directories.  Such damage to the working copy
is permanent"","" and cannot be fixed even if svn cleanup is run prior
to the upgrade.

If your working copy does not upgrade cleanly"","" please check out a new one.


"
"https://subversion.apache.org/docs/release-notes/1.9.html","","Upgraded Minimal Dependencies
  <a class=""sectionlink"" href=""#compat-deps"" title=""Link to this section"">¶</a>



Python (optional dependency) must be ?2.7
  <a class=""sectionlink"" href=""#python-2.7"" title=""Link to this section"">¶</a>


The <a href=""https://www.python.org/"">Python</a> programming language is an
optional dependency.  It is required for running the test suite and for
building nightly versions"","" but not for building from packaged releases.

Subversion 1.8 supported Python 2.5 and newer.  Subversion 1.9 requires
Python 2.7.  Older versions of Python are no longer guaranteed to work.

We break compatibility with Python 2.6 and older since it has been
end-of-life for nearly two years"","" and in order to introduce compatibility with
Python 3.x in patch releases of the 1.9.x line.

  

"
"https://subversion.apache.org/docs/release-notes/1.9.html","","Miscellaneous Compatibility Notes
  <a class=""sectionlink"" href=""#compat-misc"" title=""Link to this section"">¶</a>


There are some additional specific areas where changes made in this
release might necessitate further adjustment by administrators or
users.  We'll cover those in this section.


Next release will be numbered 1.10
  <a class=""sectionlink"" href=""#next-release-is-1.10"" title=""Link to this section"">¶</a>


The next minor release after 1.9.0 will be numbered 1.10.0.

Since ""1.10.0"" is smaller than ""1.9.0"" when considered as ASCII strings"",""
scripts that compare Subversion versions as strings may fail to correctly
determine which of ""1.10.0"" and ""1.9.0"" is the more recent one.  Such
scripts should be changed to compare Subversion version numbers correctly:
as tuples of integers"","" with an optional suffix for development or pre-release
versions.  See
<a href=""/docs/community-guide/releasing#release-numbering"">the Subversion release numbering documentation</a>
for details.  (Programs written against the C API or the various bindings
should refer to the 

<a href=""https://subversion.apache.org/docs/api/1.9/svn__version_8h.html""><tt>svn_version_*</tt> interfaces</a>.)

The next patch releases on the 1.9.x line will be numbered 1.9.1"","" 1.9.2"",""
…"","" as usual.

  

"
"https://subversion.apache.org/docs/release-notes/1.9.html","New Features
  <a class=""sectionlink"" href=""#new-features"" title=""Link to this section"">¶</a>


  

  

  

",""
"https://subversion.apache.org/docs/release-notes/1.9.html","","FSFS improvements
  <a class=""sectionlink"" href=""#fsfs-improvements"" title=""Link to this section"">¶</a>

    

Format bump
  <a class=""sectionlink"" href=""#fsfs-format7"" title=""Link to this section"">¶</a>


The default filesystem format is now a new format"","" numbered 7.
(The new command <a href=""#svnadmin-info"" title=""svnadmin info"">
<tt>svnadmin info</tt></a> displays the filesystem format number
of a repository.)
In contrast to previous
releases"","" format 7 is a major overhaul with the general goal of I/O reduction.
Major changes include:



  Revision content is no longer addressed by physical location (offset)
      within the rev file but by logical item numbers.  Two indexes provide
      the necessary mapping information.  You can no longer manipulate the
      rev / pack file contents manually.
  svnadmin pack reorders the revision data such that related
      information is put next to each other and can often be read with a
      single I/O.
  Block reads are an option now and will fetch data in larger blocks of
      configurable size (64kB by default) and cache all of their contents.
      This eliminates much of the OS overhead.
  Explicit flags for svn:mergeinfo changes speed up
      mergeinfo-related operations like svn log -g.
  Full checksum coverage of all revision data"","" including meta data and
      structural information.
  Allow commits while packing is in progress.


As with earlier releases"","" you may simply run svnadmin upgrade on
your repository.  However"","" the new addressing"","" checksumming and packing scheme
will not be used in that case but only in repositories that got created as format
7. For best performance and to enable all features"","" it is recommended to
perform a full
<a href=""https://svnbook.red-bean.com/en/1.7/svn.reposadmin.maint.html#svn.reposadmin.maint.migrate.svnadmin"">
dump / load</a> cycle.  You can tell whether all format 7 features are enabled
by looking for FSFS Logical Addressing: yes in the output of
svnadmin info: if that line is printed"","" then the repository has
all format 7 features enabled.



  WARNING: Server restart
  required!  Replacing an existing repository with one rebuilt from a
  dump or restored from backup requires a server restart.  This is true for
  any repository format.  Alternatively"","" you may store the new repository in
  a different directory and redirect the Apache configuration to use that
  instead of the old one; svnserve does not offer that option.


The next subsection compares performance characteristics of repositories
created directly as format 7 with those upgraded to format 7 from older formats.


  


  Service quality
    <a class=""sectionlink"" href=""#format7-comparison"" title=""Link to this section"">¶</a>
  

The FSFS changes in 1.9 are aimed at better service quality and do not
translate into client-side features being available or not.  Depending on
your setup"","" some of the improvements may be relevant while others are not.
This table shall help you decide what features are relevant to your environment
and whether you need to upgrade or dump and load your repositories to reap
the benefits.


<table border=""1"">
  <tbody><tr>
    <th>Feature</th>
    <th>Format 6<br>or older</th>
    <th>Upgraded to format 7<br>from older formats</th>
    <th>Created as format 7<br>not packed</th>
    <th>Created as format 7<br>packed</th></tr>
  <tr>
    <td>Reduction in dynamic memory usage<sup>1</sup></td>
    <td><span style=""color: green""><b>yes</b></span></td>
    <td><span style=""color: green""><b>yes</b></span></td>
    <td><span style=""color: green""><b>yes</b></span></td>
    <td><span style=""color: green""><b>yes</b></span></td></tr>
  <tr>
    <td>Saturate 10Gb networks from SVN caches<sup>2</sup></td>
    <td><span style=""color: green""><b>yes</b></span></td>
    <td><span style=""color: green""><b>yes</b></span></td>
    <td><span style=""color: green""><b>yes</b></span></td>
    <td><span style=""color: green""><b>yes</b></span></td></tr>
  <tr>
    <td>Saturate 1Gb networks from OS caches<sup>3</sup></td>
    <td><span style=""color: green""><b>yes</b></span></td>
    <td><span style=""color: green""><b>yes</b></span></td>
    <td><span style=""color: green""><b>yes</b></span></td>
    <td><span style=""color: green""><b>yes</b></span></td></tr>
  <tr>
    <td><tt>svnadmin pack</tt> does not block commits</td>
    <td><span style=""color: red""><b>no</b></span></td>
    <td><span style=""color: green""><b>yes</b></span></td>
    <td><span style=""color: green""><b>yes</b></span></td>
    <td><span style=""color: green""><b>yes</b></span></td></tr>
  <tr>
    <td>Full checksum coverage of revision data<sup>4</sup></td>
    <td><span style=""color: red""><b>no</b></span></td>
    <td><span style=""color: red""><b>no</b></span></td>
    <td><span style=""color: green""><b>yes</b></span></td>
    <td><span style=""color: green""><b>yes</b></span></td></tr>
  <tr>
    <td><a href=""#svnadmin-verify"" title=""svnadmin verify""><a href=""#svnadmin-verify"" title=""svnadmin verify"">Quick
      verification</a></a> to find external corruption<sup>5</sup></td>
    <td><span style=""color: red""><b>no</b></span></td>
    <td><span style=""color: red""><b>no</b></span></td>
    <td><span style=""color: green""><b>yes</b></span></td>
    <td><span style=""color: green""><b>yes</b></span></td></tr>
  <tr>
    <td>Fast access to cold data on disk<sup>6</sup></td>
    <td><span style=""color: red""><b>no</b></span></td>
    <td><span style=""color: red""><b>no</b></span></td>
    <td><span style=""color: red""><b>no</b></span></td>
    <td><span style=""color: green""><b>yes</b></span></td></tr>
  <tr>
    <td colspan=""5""><p><sup>1</sup> Where feasible"","" temporary buffers have a
      fixed maximum size now.  Other temporary containers have been reduced
      in memory consumption.</p>
      <p><sup>2</sup> If almost all requests can be served from SVN fulltext
      caches etc."","" an 8-core server running Apache can saturate a 10Gb network
      with uncompressed data.  It will take 20+ concurrent checkout or export
      requests to generate that load.</p>
      <p><sup>3</sup> If virtually all requests can be served from the OS file
      cache"","" a 4-core server running Apache can saturate a 1Gb network with
      uncompressed data.  It will take 2 or more concurrent checkout or export
      requests to generate that load.</p>
      <p><sup>4</sup> Not only user file contents"","" directories and properties
      are protected by checksums but also the meta-data tying them together.
      This only detects external corruption caused by rogue scripts"","" hard
      disk failure etc. and will not help against internal corruption caused
      by faulty SVN logic.</p>
      <p><sup>5</sup> Verifies a repository at several 100MB/s and does not
      slow down with increasing number of revisions.  This allows for a much
      faster health check after system failure.</p>
      <p><sup>6</sup> Core feature of format 7.  Revision data is read about
      twice as fast as with older formats.  Assuming reading data from disk
      being 10x slower than from OS caches and a mere 10% OS cache misses"",""
      this translates into 30% higher overall throughput with format 7 over
      previous formats.</p>
      </td></tr>
</tbody></table>

Most users will want to not only svnadmin upgrade to migrate
their repositories but to eventually migrate them to format 7.  For some"",""
it will be the fast verification feature"","" others will need the disk I/O
improvements. Note that the key I/O characteristics here is the 
<a href=""https://en.wikipedia.org/wiki/Bandwidth-delay_product"">Bandwidth
Delay Product</a> of your storage"","" which is usually between 100kB and 1MB.
Even with SSDs you will see a speed-up"","" unless your storage bandwidth is
severely limited.


There is no appreciable difference in CPU usage between the new format
and the older ones.  Hence"","" the few setups that work almost entirely from
RAM due to very large caches will see little extra performance with format
7.  These environments will still benefit from the improved checksum coverage
and the support for quick verification.



  Make sure to run svnadmin pack on your format 7 repositories
  at regular intervals.  Otherwise"","" you'll waste performance.
  


  


  Format 7 tuning options
    <a class=""sectionlink"" href=""#format7-options"" title=""Link to this section"">¶</a>
  
  
New configuration options are available for tuning read block sizes (format
7 only).  They may be changed at any time without causing consistency issues
with existing revisions.  Changing them is rarely necessary"","" but may result in
slightly improved performance with your specific storage backend or when
dealing with multi-TB repositories.  See the commentary in fsfs.conf
for more information.  (You may have to create a new repository to see
the documentation about these settings in fsfs.conf.)


  [io]
  block-size = 256
  l2p-page-size = 32768
  p2l-page-size = 16384


  


Zlib compresssion is now optional
  <a class=""sectionlink"" href=""#fsfs-compression"" title=""Link to this section"">¶</a>


FSFS uses a combination of two methods to reduce on-disk data size.  First"",""
we determine the changes (delta) against some previous version of the same file.
This process can be controlled by fsfs.conf settings since 1.8.  The result
would then be compressed using ZIP/deflate.  That relatively costly operation
limits commit speeds of large incompressible files.  You may now specify the
compression level in fsfs.conf or disable compression entirely:


  [deltification]
  compression-level = 0


  
    

Changed deltification defaults
  <a class=""sectionlink"" href=""#fsfs-defaults"" title=""Link to this section"">¶</a>

        
Directory and property deltification are now enabled by default for FSFS
repositories in 1.6 format or newer.  Various optimizations were added to the
delta creation code to minimize the read amplification effect and to provide
a net speedup when using deltification vs. not using it.  Keep
<a href=""#fsfs-caching"">txdelta caches</a> enabled when using directories
deltification. Otherwise"","" you may suffer a significant performance hit.

To prevent Subversion 1.9 from deltifying properties and directories in
older format repositories"","" set the following options in the
repository’s fsfs.conf file:


    [deltification]
    enable-dir-deltification = false
    enable-props-deltification = false


  
    

Changes to the caching
  <a class=""sectionlink"" href=""#fsfs-caching"" title=""Link to this section"">¶</a>


The caching logic has been enhanced to cope with the extra load caused by
the access indirection introduced in FSFS format 7.  While most of this simply
means more net speed"","" some changes may affect your configuration settings.


  Fulltext and txdelta caching are now enabled by default for all servers
      as well as for local repository access.
  Revision property caching is disabled and the respective server option
      will be ignored.
  Directories 3x as large as in 1.8 can now be cached.
  Caching is quasi-perfect on short time scales (requesting data equal or
      less than approx. 10% of the cache size).  This greatly improves
      performance when e.g. many clients check out the same project.
  Long-term caching is now priority-based with text deltas having the lowest
      priority.  This results in slower but more reliable heating up"","" i.e. it
      takes multiple similar requests until all frequently used data is kept in
      cache"","" but it will reach this point eventually while older releases might
      not.


  
    
"
"https://subversion.apache.org/docs/release-notes/1.9.html","","svnfsfs ? A low-level FSFS manipulation tool
  <a class=""sectionlink"" href=""#svnfsfs"" title=""Link to this section"">¶</a>



Overview
  <a class=""sectionlink"" href=""#svnfsfs-overview"" title=""Link to this section"">¶</a>


Where the svnadmin tool covers typical administrative tasks
in a mostly back-end agnostic way"","" svnfsfs is a specialist tool
for analyzing and manipulating of FSFS repositories.  It is not intended
for everyday use.


  


stats sub-command replacing the fsfs-stats tool
  <a class=""sectionlink"" href=""#svnfsfs-stats"" title=""Link to this section"">¶</a>


The fsfs-stats tool first released with Subversion 1.8 has
been replaced by the svnfsfs stats sub-command and is no longer
part of Subversion 1.9.  Both produce similar output.


  


Reading and writing format 7 indexes
  <a class=""sectionlink"" href=""#svnfsfs-index-manipulation"" title=""Link to this section"">¶</a>


During forensics or data recovery"","" it is necessary for experts to
directly ""look into"" the raw database files.  While the FSFS on-disk
format is fully documented"","" the indirect addressing and reordering
added in format 7 makes it hard for humans to trace internal references.
This is where the svnfsfs dump-index sub-command is used.
It produces a table describing all items in revision and pack files:


    $ svnfsfs dump-index /path/to/repo -r0
       Start       Length Type   Revision     Item Checksum
           0           11 drep          0        3 60232b75
          11           59 node          0        2 403dbe48
          6a            1 chgs          0        1 f28a4f1d


Because the index information must always match the actual file
contents"","" updating the index data after every revision / pack file
manipulation is mandatory in format 7. svnfsfs load-index
allows you to do that.  It consumes the same table format as produced
above"","" except that the checksum field is optional and will be ignored
if given.  See <a href=""#svnfsfs-issues"">the known issues list</a>
for problems in released versions of that tool.



  WARNING: Be sure to
    create a backup of your repository before trying to manipulate
    it through svnfsfs !


  


Known issues
  <a class=""sectionlink"" href=""#svnfsfs-issues"" title=""Link to this section"">¶</a>


In 1.9.0"","" the svnfsfs load-index does not work as described
in its documentation.  The following restrictions and workarounds apply:



  The lines must be sorted by offset (first column).
  The item number (5th column) must be given as hexadecimal.  However"",""
      svnfsfs dump-index produces decimal numbers in that column.
  
  The first entry must refer to the first revision in the pack file.
      This is a non-issue for unpacked revisions. A simple solution is
      inserting a line for empty section of length 0: 
             Start       Length Type   Revision     Item 
           0            0 none       3000        0
           0          25a chgs       3999        1
         25a          3b9 chgs       3998        1
       ...
     
  


These problems have been fixed in 1.9.1.


  

"
"https://subversion.apache.org/docs/release-notes/1.9.html","","FSX ? A new experimental repository backend
  <a class=""sectionlink"" href=""#fsx"" title=""Link to this section"">¶</a>



Overview
  <a class=""sectionlink"" href=""#fsx-overview"" title=""Link to this section"">¶</a>


Since its inception 10 years ago"","" FSFS has been improved greatly and the
<a href=""#fsfs-format7"">improvements provided with format 7</a> are another
major step forward.  However"","" there are limits to what can be done in a
meaningful and backward compatible way.  FSX is being designed to overcome
these limitations.  Here some of the intended improvements:



  90% reduction in metadata overhead.
  Efficient handling of very large files.
  Higher overall compression rates"","" in particular for office-style
      documents.
  Information required for log and merge operations is more readily
      available.
  O(1) handling of large directories.
  Versioned revision properties.
  Partitionable storage.
  Arbitrary meta data storage and indexing facilities.


Development of FSX was started as a fork of FSFS to guarantee
functional completeness and testability.  The current code still contains
remnants of FSFS legacy code and not all of the above improvements have been
implemented yet.  Later releases will close the gap and remove transitional
code.



  WARNING: FSX is NOT production
    ready.  DO NOT USE IT ? unless you have read this section carefully and
    understand the limitations of FSX in Subversion 1.9.


  


Usage scenarios
  <a class=""sectionlink"" href=""#fsx-usage-scenarios"" title=""Link to this section"">¶</a>


FSX is nowhere near as stable and reliable as FSFS.  Furthermore"","" there will
be no support for 1.9-style FSX repositories in 1.10
(see <a href=""#fsx-incompatibility"">Incompatibility</a>).  Think"","" therefore"",""
of all data in a FSX repository as being potentially corrupt.  Its improved
performance and storage characteristics"","" though"","" might make FSX a viable
option for the following use-cases:


  Running analysis or reporting tools whose output does not need to be 100%
      reliable.  Use FSX as a high-speed data source in a read-only mirror.
  Investigate how FSX may fit into your future infrastructure.  How well
      does it perform with your data set concerning disk"","" I/O"","" RAM and CPU
      usage?





  If you experiment with FSX"","" please <a href=""/mailing-lists"">let
     us know</a> your findings.  This is your chance to get your
     use-case covered before storage format and principles of
     operation are set in stone.


  


Incompatibility
  <a class=""sectionlink"" href=""#fsx-incompatibility"" title=""Link to this section"">¶</a>


The FSX code and storage representation is in an intermediate state with
respect to the feature set that its developers have in mind.  For as long as
it keeps its experimental status"","" there will be neither forward nor backward
compatibility between FSX repositories of different Subversion feature releases.
Subversion 1.10 and later will recognize 1.9 FSX repositories and error out
on them.  You may use <a href=""https://svnbook.red-bean.com/en/1.7/svn.reposadmin.maint.html#svn.reposadmin.maint.migrate.svnadmin"">
dump and load</a> to upgrade an FSX repository from one release to another.

Dump and load is also the only upgrade path between FSFS and FSX.

Finally"","" there is no guarantee that FSX will eventually be released at all;
as an experimental backend"","" we make no promise that future releases will
support reading or writing FSX repositories.

  

"
"https://subversion.apache.org/docs/release-notes/1.9.html","Enhancements and Bugfixes
  <a class=""sectionlink"" href=""#enhancements"" title=""Link to this section"">¶</a>




 

 

 

 

  

 

 

 

 

 

",""
"https://subversion.apache.org/docs/release-notes/1.9.html","","Command-line client improvements (client)
  <a class=""sectionlink"" href=""#cmdline"" title=""Link to this section"">¶</a>



New sub-command svn auth
  <a class=""sectionlink"" href=""#svn-auth"" title=""Link to this section"">¶</a>


The new svn auth sub-command can be used to view or remove
authentication credentials saved in any of the supported password caches.
Authentication credentials include usernames"","" passwords"",""
SSL certificates"","" and SSL client-certificate passphrases.

Specific credentials can be selected with an arbitrary number of pattern
arguments which are matched against the attributes of each credential.
For example"","" view cached SSL certificates for the apache.org domain"",""
matched via credential kind (svn.ssl.server) and authentication realm and
certificate subject (apache.org):

$ svn auth svn.ssl.server apache.org
------------------------------------------------------------------------
Credential kind: svn.ssl.server
Authentication realm: https://svn.us.apache.org:443
Subject: C=US"","" ST=Maryland"","" L=Forest Hill"","" O=The Apache Software Foundation"","" OU=Infrastructure"","" CN=*.apache.org
Valid from: 2015-04-29 02:00:00 +0200 (Wed"","" 29 Apr 2015)
Valid until: 2017-04-30 01:59:59 +0200 (Sun"","" 30 Apr 2017)
Issuer: C=US"","" O=Symantec Corporation"","" OU=Symantec Trust Network"","" CN=Symantec Class 3 Secure Server CA - G4
Fingerprint: 4ad722dd0442043657d176f9c81aab66094d4223
Hostnames: *.apache.org
Automatic certificate validity check failed because:
  The certificate's Common Name (hostname) does not match the remote hostname.

  Credentials cache in '~/.subversion' contains 1 matching credentials


For more information"","" see svn help auth.

 


svn info --show-item=arg [--no-newline]
  <a class=""sectionlink"" href=""#svn-info-item"" title=""Link to this section"">¶</a>


The svn info command can now display the value of one of the fields
and nothing else"","" for easier consumption by scripts.

Subversion 1.8 and earlier had two output modes: the default"","" human-oriented
output"","" mode and the XML mode for scripted use.  Subversion 1.9 adds a third
output mode"","" whereby exactly one attribute will be displayed:

## Display the youngest revision of a repository:
% svn info --show-item=revision https://svn.apache.org/repos/asf/subversion/trunk
1693514

## Find the root directory of a working copy:
% svn info --show-item=wc-root
/home/jrandom/src/svn/trunk


Incidentally"","" Subversion will also attempt to offer the correct selector name
if the argument was misspelled:

% svn info --show-item=wcroot
svn: E205000: Try 'svn help info' for more information
svn: E205000: 'wcroot' is not a valid value for --show-item; did you mean 'wc-root'?


The list of valid arguments to --show-item may be found in its help
message"","" svn help info.  As of 1.9"","" the valid values are
kind"",""
url"",""
relative-url"",""
repos-root-url"",""
repos-uuid"",""
revision"",""
last-changed-revision"",""
last-changed-date"",""
last-changed-author"",""
and
wc-root.

The --no-newline argument instructs svn
not to emit a cosmetic newline (\n) after the value.

 


svn propget --no-newline
  <a class=""sectionlink"" href=""#svn-propget-no-newline"" title=""Link to this section"">¶</a>


The svn propget sub-command has a new --no-newline option.
It is equivalent to the old --strict option which is now deprecated.

 


New HTTPS-related argument --trust-server-cert-failures
  <a class=""sectionlink"" href=""#svn-trust"" title=""Link to this section"">¶</a>


The new --trust-server-cert-failures option is intended to be used
by scripts which for some reason must accept SSL certificates which fail
validation for various reasons (e.g. expired certificates).

If at all possible"","" fixing a certificate problem is preferable to using
this option.

The --trust-server-cert-failures option only works in conjunction with
the --non-interactive option.

Previous versions of Subversion in non-interactive mode could only ignore
certificates with an unknown certificate authority"","" but expired or otherwise
invalid SSL certificates could not be accepted.

 


New --pin-externals option for svn copy
  <a class=""sectionlink"" href=""#svn-copy-pin-externals"" title=""Link to this section"">¶</a>


The svn copy sub-command now supports a new --pin-externals option.
Use of this option is recommended when creating tags.

If this option is used"","" svn copy pins the URLs in svn:externals
properties in the copied tree to their current revision"","" such that externals keep
their current contents when the copied tree is checked out at a later time.

Note that external references within externals cannot be pinned as this would require
svn copy to make commits to any foreign repositories referenced by externals.

 


New options for svn cleanup
  <a class=""sectionlink"" href=""#svn-cleanup-options"" title=""Link to this section"">¶</a>


The svn cleanup command has new --remove-unversioned
and --remove-ignored options which can be used to remove unversioned
and ignored files from the working copy.

svn cleanup can now recurse into externals with the new
--include-externals option.

 


Interactive conflict resolver changes
  <a class=""sectionlink"" href=""#svn-resolver-m"" title=""Link to this section"">¶</a>


In the interactive conflict resolver"","" the (m) merge command now
tries an external file merge tool if one is defined. Else the internal file
merge tool is used.

In Subversion 1.8"","" the (m) merge command always triggered the
internal file merge tool. The (i) internal merge tool command was
added to Subversion 1.9 and has the old meaning of the (m) merge
command.

 


svn status now takes --revision (-r)
  <a class=""sectionlink"" href=""#svn-status-r"" title=""Link to this section"">¶</a>


The status command"","" when given the --show-updates
(-u) flag"","" can now compare the working copy to specific remote
revision"","" given by the -r (--revision) flag.  (Previously"",""
the remote revision would default to HEAD.)

 

"
"https://subversion.apache.org/docs/release-notes/1.9.html","","Server-side improvements
  <a class=""sectionlink"" href=""#server-side-improvements"" title=""Link to this section"">¶</a>



Committing the result of large merges
  <a class=""sectionlink"" href=""#fewer-ood-conditions"" title=""Link to this section"">¶</a>


Our best practices suggest that projects should branch and merge
at the project root level.  Each merge will then usually change the
svn:mergeinfo property at the project base folder.  To commit
that change"","" pre-1.9 servers require the client to have the latest
version of that base folder.  Whenever there is a commit in that tree"",""
its base folder will get a new revision as well"","" though.   Thus"","" in
large"","" busy projects"","" it is likely that by the time a large merge commit
would actually have reached its finalization phase"","" some other commit
got through and the merge commit is rejected for being out of date.  


Subversion 1.9 now allows to modify directory properties based on
old revisions as long as the directory contents itself did no change.
Directory contents changes would either be property changes"",""  added or
removed entries.  Sub-tree or file contents changes no longer prevent
the property change from going through.  Of course"","" true file and tree
change conflicts will still result in out-of-date errors.


This new behavior is not restricted to svn:mergeinfo changes
but applies to any directory properties.  Changes to svn:ignore
are another common scenario previously prone to update / commit /
out-of-date races.


 


Rate limiting svnserve
  <a class=""sectionlink"" href=""#rate-limiting-svnserve"" title=""Link to this section"">¶</a>


In threaded mode"","" svnserve starts one thread per network
connection - potentially consuming a large amount of resources.
Subversion 1.9 now uses a thread pool with a configurable minimum and
maximum number of threads.  Use the command line options
--min-threads and --max-threads if the defaults
don't suite your needs.

  

  Once there are more connections than threads"","" the threads will serve
  incoming requests in a round-robin fashion.  If all those requests are
  long-running reports like checkout or export"","" connections with waiting
  requests may eventually time out.


Whether or not the new options are available depends on the platform
and APR capabilities.  Also"","" the default for --max-threads is
lower on 32 bit systems than on 64 bit ones.  Run svnserve --help
to see your system's defaults and whether the options are available at all.

  
 

"
"https://subversion.apache.org/docs/release-notes/1.9.html","","svnadmin changes and improvements
  <a class=""sectionlink"" href=""#svnadmin-improvements"" title=""Link to this section"">¶</a>



New sub-command svnadmin info
  <a class=""sectionlink"" href=""#svnadmin-info"" title=""Link to this section"">¶</a>

  
This prints detailed format information for the given repository.


  $ svnadmin info /repos/apache/
  Path: /repos/apache
  UUID: ac336b0e-000b-11e0-b354-23d019ddd9ed
  Repository Format: 5
  Compatible With Version: 1.8.0
  Repository Capability: mergeinfo
  Filesystem Type: fsfs
  Filesystem Format: 6
  FSFS Sharded: yes
  FSFS Shard Size: 1000
  FSFS Shards Packed: 1631/1631
  FSFS Logical Addressing: no
  Configuration File: /repos/apache/db/fsfs.conf


 


svnadmin pack
  <a class=""sectionlink"" href=""#svnadmin-pack"" title=""Link to this section"">¶</a>

  
Packing now takes a cache size parameter (-M) which is used for
efficient operation on <a href=""#fsfs-format7"">FSFS format 7 repositories</a>.


  $ svnadmin pack -M 1000 /path/to/repository





  Packing is paramount to FSFS format 7 performance; do it often.  To make
  this feasible"","" packing FSFS format 7 repositories will no longer block
  commits for the whole time of its execution.  Instead"","" individual commits may
  now get delayed by much shorter periods of time"","" usually by less than one
  second.


  


svnadmin verify
  <a class=""sectionlink"" href=""#svnadmin-verify"" title=""Link to this section"">¶</a>

  
Verification will terminate by default once a problem has been found.  The
new --keep-going option instructs svnadmin to continue with the next
revision such that multiple issues may be found in a single run.  If a revision
has multiple issues and depending on the verification logic"","" still only the
first problem may be reported.

The new --check-normalization option reports any path names
within the same directory or svn:mergeinfo property which differ only
in character representation (e.g. Unicode precomposed and decomposed
character representations)"","" but are otherwise identical.

Thorough verification is expensive and becomes slower as the repository
history grows.  The new --metadata-only flag will skip the expensive
internal consistency checks and reconstruction of all user data.
In format 7 repositories"","" this will still perform a quick on-disk checksum
test of all data in rev / pack files but will only detect cases where
external forces (storage crash"","" rogue scripts etc.) modified committed data.
Also"","" the checksums are weaker (about a 1 in a billion chance that a random
change remains undetected) than the ones used to protect the user data.  If
you suspect internal repository corruption caused by a bug within SVN itself"",""
you still need to run a full verification.

  


svnadmin setrevprop --transaction and
    svnadmin delrevprop
  <a class=""sectionlink"" href=""#svnadmin-revprop"" title=""Link to this section"">¶</a>


The setrevprop command now takes the --transaction flag.
It can be used from pre-commit hooks to set revision properties
on the transaction (commit-in-progress) before it becomes a commit.

The new delrevprop command deletes a revision property from either
a revision or a transaction.  It complements setrevprop which adds
or modifies revprops.

  


svnadmin load --ignore-dates
  <a class=""sectionlink"" href=""#svnadmin-load-ignore-dates"" title=""Link to this section"">¶</a>


The svnadmin load command has a new flag"","" --ignore-dates"",""
which causes it to ignore revision datestamps (svn:date) in the input
dumpfile.

  

"
"https://subversion.apache.org/docs/release-notes/1.9.html","","svnbench changes and improvements
  <a class=""sectionlink"" href=""#svnbench-improvements"" title=""Link to this section"">¶</a>



Tool renamed from svn-bench to svnbench
  <a class=""sectionlink"" href=""#svnbench-renamed"" title=""Link to this section"">¶</a>


With Subversion 1.9 this tool is now part of the standard set of SVN
binaries.  In keeping with the existing programs"","" it has been renamed to
svnbench.

 


New sub-command svnbench null-blame
  <a class=""sectionlink"" href=""#svnbench-null-blame"" title=""Link to this section"">¶</a>


To investigate bottlenecks in svn blame"","" we added a protocol
driver variant of it to svnbench.  The new null-blame
sub-command requests the same data from the server as the normal command
line client and shows a summary of the amount of data received.

  $ svnbench null-blame -g http://example.org/repo/path/to/file
               34 revisions
               31 deltas
        1"",""161"",""077 bytes in deltas


 

"
"https://subversion.apache.org/docs/release-notes/1.9.html","","Three-way conflict display"","" and diff3 enhancements
  <a class=""sectionlink"" href=""#three-way-conflict-markers"" title=""Link to this section"">¶</a>

  
When a text conflict occurs (and is not resolved by the interactive conflicts
resolver during svn update"","" svn switch or svn merge)"",""
conflicts markers are written into the conflicted file.  Previous versions
of Subversion would render conflict markers as follows:

   Unconflicted lines
   <<<<<<< .mine
   Contents of the file in the working copy (including local modifications)
   =======
   Contents of the file in the revision being updated to
   >>>>>>> .r2
   Unconflicted lines


As of Subversion 1.9"","" conflict markers would be rendered with information on
the base (called ""older"" in diff3 parlance):

   Unconflicted lines
   <<<<<<< .mine
   Contents of the file in the working copy (including local modifications)
   ||||||| .r1
   Contents of the file in the working copy's BASE revision
   =======
   Contents of the file in the revision being updated to
   >>>>>>> .r2
   Unconflicted lines


Here"","" one resolves the conflict by manually applying to the
<<<<<<< hunk the same changes that would transform
the ||||||| hunk into the >>>>>>> hunk.
For example"","" the following conflict:

   Unconflicted lines
   <<<<<<< .mine
   ""Hello hello"","" world!""
   ||||||| .r1
   ""Hello"","" world!""
   =======
   ""Hello"","" ${name}!""
   >>>>>>> .r2
   Unconflicted lines


should be resolved to:

   Unconflicted lines
   ""Hello hello"","" ${name}!""
   Unconflicted lines


Tip: Manually applying to the 
>>>>>>> hunk the changes that would transform
the ||||||| hunk into the <<<<<<< hunk
is equivalent"","" and in real-life conflicts is sometimes easier.

The three-way conflict display was already used by property conflicts and
by the interactive conflicts resolver in previous releases of Subversion.

The old"","" two-way conflict markers output can be obtained by setting
diff3-cmd in the <a href=""https://svnbook.red-bean.com/nightly/en/svn.advanced.confarea.html"">Subversion runtime configuration</a> (or via the --config-option
or --diff3-cmd command-line options) to a diff3
command that generates two-way conflict markers.  Your system may already
include such a diff3 program; one is also included with Subversion
and can be installed via make install-tools (Unix) or by building the
diff3 or __MORE__ targets (Windows).  On a typical Unix system"",""
simply setting diff3-cmd=diff3 will restore two-way conflict markers.

Subversion 1.9 adds to the included diff3 program
a --conflict-style marker that can be used to explicitly choose among
two-way conflict markers"","" three-way conflict markers"","" and a few other options.
That program can be used independently of Subversion anywhere a diff3
command is needed.

"
"https://subversion.apache.org/docs/release-notes/1.9.html","","Prospective blame
  <a class=""sectionlink"" href=""#prospective-blame"" title=""Link to this section"">¶</a>

  
The blame command can now show not only when the last
change to each line of a given file was"","" but also when the next change
will be.

For example"","" to see for each line in revision 3 of README.txt what the
next revision that changed (or removed) that line would be"","" run
svn blame -r HEAD:3 README.txt.  (You may need to pass a

<a href=""https://svnbook.red-bean.com/nightly/en/svn.advanced.pegrevs.html"">peg
revision</a> if the file had been renamed since r3.)

In the blame command"","" the range -r M:N always means
""display information about the file at revision N"".  If the range is
""forward"" (M<N) then the normal blame algorithm is used"","" displaying for each
line in the file when it was added or last changed; if the range is ""reversed""
(M>N) then the above-described sense is used"","" describing for each line in rN
when it was first changed (or deleted) after rN and before rM.

Here is an example"","" from Subversion's own repository.  The autoconf macro
SVN_CHECK_FOR_DUNDER_BUILTINS was
<a href=""https://svn.apache.org/viewvc/subversion/trunk/build/ac-macros/svn-macros.m4?view=markup&amp;pathrev=1509167#l167"">present in r1509167</a> but is not present in HEAD.  The blame
command can determine the revision in which the macro was removed:

% svn blame -r HEAD:1509167 svn-macros.m4
?
1509168   danielsh AC_DEFUN([SVN_CHECK_FOR_DUNDER_BUILTINS]"",""


And indeed"","" svn diff -c r1509168 shows that revision 
<a href=""https://svn.apache.org/viewvc/subversion/trunk/build/ac-macros/svn-macros.m4?r1=1509168&amp;r2=1509167&amp;pathrev=1509168&amp;diff_format=h"">deleting the definition of the macro</a>.

"
"https://subversion.apache.org/docs/release-notes/1.9.html","","Lock HTTP pipelining
  <a class=""sectionlink"" href=""#lock-http-pipelining"" title=""Link to this section"">¶</a>


When locking"","" or unlocking"","" multiple files in a single operation
over HTTP the client will use HTTP pipelining for the individual
WebDAV LOCK and UNLOCK requests.  This makes the operation faster
particularly on connections with large network latency.  While HTTP
pipelining is new for LOCK and UNLOCK the client was already using it
for GET requests.

"
"https://subversion.apache.org/docs/release-notes/1.9.html","","Locking multiple files
  <a class=""sectionlink"" href=""#locking-multiple-files"" title=""Link to this section"">¶</a>


Subversion locks"","" the locks that prevent commits from other working
copies"","" are stored in the repository. When adding or removing locks
the FSFS backend can now operate on several locks at once.  This
reduces the amount of disk IO when handling multiple locks and is
significant when the total number of locks in the repository is large"",""
100"",""000 say.

The default behaviour for commits is to automatically release locks
after a successful commit and this takes advantage of the more
efficient lock process.  In previous releases the disk IO involved in
releasing the locks would sometimes be greater than that involved in
creating the new revision.

Clients using the svn:// protocol will also benefit from the more
efficient lock handling when locking or unlocking multiple files in a
single operation.  Clients using HTTP will not get this benefit since
the client still sends multiple"","" pipelined"","" LOCK and UNLOCK requests"",""
one for each file.

"
"https://subversion.apache.org/docs/release-notes/1.9.html","","Multiple paths in post-lock and post-unlock hooks
  <a class=""sectionlink"" href=""#locking-post-hooks"" title=""Link to this section"">¶</a>


The post-lock and post-unlock hooks receive multiple paths via
standard input.  In previous releases the repository backends always
operated on a single path at a time so only one path was ever passed
to the hook.  In 1.9 when multiple paths are locked or unlocked in a
single operation multiple paths will be passed to the hook.

The pre-lock and pre-unlock hooks continue to be passed a single
path as a parameter.

"
"https://subversion.apache.org/docs/release-notes/1.9.html","","Apache FSFS cache status
  <a class=""sectionlink"" href=""#apache-cache-status"" title=""Link to this section"">¶</a>


Subversion's Apache module"","" mod_dav_svn"","" can display statistics
that describe the status of the FSFS cache for the running Apache
instance.  To enable this define a Location block in the Apache
configuration file:

  <Location /svn-status>
    SetHandler svn-status
  </Location>


Visiting the Location with a web browser will display statistics
about the FSFS cache for the running Apache instance.  If Apache is
configured to use multiple processes"","" most Unix deployments"","" the
statistics will only apply to the process that served the GET request
and repeating the request will cause different processes to be
queried.

"
"https://subversion.apache.org/docs/release-notes/1.9.html","Known issues in the release
  <a class=""sectionlink"" href=""#issues"" title=""Link to this section"">¶</a>


There are some known issues in the Subversion 1.9 releases.  These
may be fixed in later 1.9.x releases.

  

  

  

  

",""
"https://subversion.apache.org/docs/release-notes/1.9.html","","No-op changes no longer dumped by 'svnadmin dump'
  <a class=""sectionlink"" href=""#no-op-changes"" title=""Link to this section"">¶</a>


See <a href=""https://issues.apache.org/jira/browse/SVN-4598"">issue #4598 ""No-op changes no longer dumped by 'svnadmin dump' in 1.9""</a>.


It has always been possible"","" in atypical cases"","" for a commit to mark a
file as 'changed' without actually changing the file's text and/or
properties to a different value. Starting from 1.9.0"","" svnadmin dump
still outputs a record for such a file"","" including a header saying that the
action is 'change'"","" but no longer appends a block describing the new text
for the file. (And similarly for properties"","" perhaps? TBD.) When
svnadmin load (1.8 or 1.9) reads this dumpfile"","" it does not record
any change in the repository for such a file.


One user-visible effect is that"","" after dump and load"","" 'svn log -v' will
no longer list the path of such a file in its list of 'changed paths'.


A fix for this problem has been included in the 1.9.3 release.


"
"https://subversion.apache.org/docs/release-notes/1.9.html","","""Out of date"" errors when committing over HTTPv1
  <a class=""sectionlink"" href=""#httpv1-commit-race"" title=""Link to this section"">¶</a>


If there are concurrent commits to the same repository"","" they may
randomly fail with an ""out of date"" error message without actually
being in conflict.  The problem presents itself to the user like any
legitimate out-of-date condition and retrying the commit as usual
will fix the problem.


This problem is not new to Subversion 1.9 and limited to repositories
with high commit frequencies.  Triggering it requires either pre-1.7
clients"","" a pre-1.7 server or a server that has HTTPv2 explicitly disabled
via the SVNAdvertiseV2Protocol off option.  To avoid the problem"",""
consider upgrading clients and configuring the server to use the HTTPv2
protocol.


svnserve and local repository access are not affected.


"
"https://subversion.apache.org/docs/release-notes/1.9.html","","Subversion is unable to store SHA1 collisions
  <a class=""sectionlink"" href=""#shattered-sha1"" title=""Link to this section"">¶</a>



Subversion up to and including 1.9.5 can incorrectly store files with
different content but the same SHA1 checksum. We recommend that all
servers update to 1.9.6 and enable representation sharing.
See our <a href=""/security/sha1-advisory.txt"">SHA1 advisory</a> for details.


"
"https://subversion.apache.org/docs/release-notes/1.9.html","","Commit can fail with an undeserved SHA1 collision error
  <a class=""sectionlink"" href=""#svn-4722"" title=""Link to this section"">¶</a>


When using a Subversion 1.9.6 or 1.9.7 server"","" a commit may fail
with an undeserved SHA1 collision error: ""E160000: SHA1 of reps
… and … matches (…) but contents differ."" This
bug affects the 1.9.6 and 1.9.7 releases.

See <a href=""https://issues.apache.org/jira/browse/SVN-4722?issueNumber=4722"">issue 4722"","" ""checksum fail during commit when delta is 16K""</a>.


A fix for this problem has been included in the 1.9.9 release
(1.9.8 was not publicly released).

"
"https://subversion.apache.org/docs/release-notes/1.9.html","Troubleshooting issues specific to this release
  <a class=""sectionlink"" href=""#troubleshooting"" title=""Link to this section"">¶</a>


Subversion 1.9 introduces new features and makes use of new techniques
which can trigger problems not encountered in previous versions. In contrast to
known issues"","" things listed here are not due to some bug or issue in Subversion
itself and therefore cannot be fixed with a new patch release.
This section lists all known problems and provides instructions to solve them"",""
if they occur.

  

",""
"https://subversion.apache.org/docs/release-notes/1.9.html","","Lock/Unlock errors related to HTTP pipelining
  <a class=""sectionlink"" href=""#http-pipelining-issue"" title=""Link to this section"">¶</a>


Subversion 1.9.0 introduces the use of HTTP pipelining for locking/unlocking
multiple files. While SVN detects whether HTTP pipelining is supported (and
falls back to non HTTP pipelining mode"","" if it isn't)"","" issues can arrise"","" if
there are flaws or bugs with any of the protocols/applications involved in
processing pipelined HTTP requests.

Especially"","" if there are older proxies present in the network topology"","" it's
possible that you run into issues"","" since being a technology which was
introduced in HTTP/1.1 (and the full performance benefit is not expected unless
you are using HTTP/2)"","" this feature might have not been extensively tested by
your proxy vendor.

To troubleshoot whether the proxy is causing an issue"","" try to lock/unlock
multiple files bypassing the proxy. If that works"","" please get in touch with
the proxy vendor to notify him about the problem and ask for support.

It's also appreciated"","" if you would let the SVN developers know about the
effected proxy via the users mailing list so this troubleshooting section can
be updated.

At the moment there is one potentially known proprietary proxy running into
this issue: Java-SSL-tunnel. See
<a href=""https://groups.google.com/d/msg/tortoisesvn/h72AhfjwcbQ/RfTVgbXqCwAJ"">Tortoise SVN mailing list</a>.


"
"https://subversion.apache.org/docs/release-notes/1.9.html","Subversion 1.7.x series no longer supported
  <a class=""sectionlink"" href=""#svn-1.7-deprecation"" title=""Link to this section"">¶</a>


The Subversion 1.7.x line is no longer supported.  This doesn't
mean that your 1.7 installation is doomed; if it works well and is all
you need"","" that's fine.  ""No longer supported"" just means we've stopped
accepting bug reports against 1.7.x versions"","" and will not make any
more 1.7.x bugfix releases.

",""
"https://subversion.apache.org/docs/release-notes/1.10.html","What's New in Apache Subversion 1.10
  <a class=""sectionlink"" href=""#news"" title=""Link to this section"">¶</a>



  <a href=""#authzperf"">Improved path-based authorization</a>
  <a href=""#conflict-resolver"">New interactive conflict resolver</a>
  <a href=""#lz4"">LZ4 Compression</a>
  <a href=""#shelving"">Shelving (experimental)</a>
  <a href=""#enhancements"">Many enhancements and bug fixes</a>
  <a href=""#issues"">Known issues in the release</a>
  


Apache Subversion 1.10 is a superset of all previous Subversion
releases"","" and is as of the time of its release considered the current
""best"" release.  Any feature or bugfix in 1.0.x through 1.9.x is also
in 1.10"","" but 1.10 contains features and bugfixes not present in any
earlier release.  The new features will eventually be documented in a
1.10 version of the free Subversion book
(<a href=""https://svnbook.red-bean.com/"">svnbook.red-bean.com</a>).

This page describes only major changes.  For a complete list of
changes"","" see the 1.10 section of the <a href=""https://svn.apache.org/repos/asf/subversion/trunk/CHANGES"">CHANGES</a>
file.

",""
"https://subversion.apache.org/docs/release-notes/1.10.html","Compatibility Concerns
  <a class=""sectionlink"" href=""#compatibility"" title=""Link to this section"">¶</a>


Older clients and servers interoperate transparently with 1.10
servers and clients.  However"","" some of the new 1.10 features may not be
available unless both client and server are the latest version.  There are
also cases where a new feature will work but will run less efficiently if
the client is new and the server old.

There is no need to <a href=""https://svnbook.red-bean.com/en/1.8/svn.reposadmin.maint.html#svn.reposadmin.maint.migrate.svnadmin"">dump and reload</a> your repositories. 
Subversion 1.10 servers can read and write to repositories created by
earlier versions.  To upgrade an existing server installation"","" just install the
newest libraries and binaries on top of the older ones.

Subversion 1.10 maintains API/ABI compatibility with earlier
releases"","" by only adding new functions"","" never removing old ones.  A
program written to any previous 1.x API can both compile
and run using 1.10 libraries.  However"","" a program written for 1.10
cannot necessarily compile or run against older libraries.

There may be limited cases where the behavior of old APIs has been
slightly modified from previous releases.  These are cases where edge cases
of the functionality has been deemed buggy"","" and therefore improved or removed.
Please consult the
<a href=""https://svn.apache.org/repos/asf/subversion/trunk/notes/api-errata/1.10/"">API errata</a> for more detailed information on what these APIs are
and what impact these changes may have.

  

  



  

",""
"https://subversion.apache.org/docs/release-notes/1.10.html","","New Feature Compatibility Table
  <a class=""sectionlink"" href=""#new-feature-compatibility-table"" title=""Link to this section"">¶</a>

<table border=""1"">
  <tbody><tr>
    <th>New Feature</th>
    <th>Minimum Client<sup>1</sup></th>
    <th>Minimum Server</th>
    <th>Minimum Repository</th>
    <th>Notes</th></tr>
  <tr>
    <td>
      <a href=""#authzperf""><a href=""#authzperf"">Improved path-based authorization</a></a>
    </td>
    <td>any</td>
    <td>1.10</td>
    <td>any</td>
    <td><a href=""#authz-compatibility""><a href=""#authz-compatibility"">Existing authz configurations</a></a> may need to be adjusted.</td></tr>
  <tr>
    <td>
      <a href=""#conflict-resolver""><a href=""#conflict-resolver"">New interactive conflict resolver</a></a>
    </td>
    <td>1.10</td>
    <td>any</td>
    <td>any</td>
    <td>Use SVN 1.8 and above clients only for best results.</td></tr>
  <tr>
    <td>
      <a href=""#lz4-over-the-wire""><a href=""#lz4-over-the-wire"">LZ4 compression over the wire in http:// and svn:// connections</a></a>
    </td>
    <td>1.10</td>
    <td>1.10</td>
    <td>any</td>
    <td></td></tr>
  <tr>
    <td>
      <a href=""#lz4""><a href=""#lz4"">LZ4 compression in the backend storage</a></a>
    </td>
    <td>any</td>
    <td>1.10</td>
    <td>1.10</td>
    <td>FSFS only</td></tr>
  <tr>
    <td colspan=""5""><sup>1</sup>Reminder: when using the <tt>file://</tt>
    repository access method"","" the Subversion program is both the client
    <em>and</em> the server.</td></tr>
</tbody></table>

"
"https://subversion.apache.org/docs/release-notes/1.10.html","","Upgrading the Working Copy
  <a class=""sectionlink"" href=""#wc-upgrade"" title=""Link to this section"">¶</a>


Subversion 1.10 uses the same working copy format as Subversion 1.8 and 1.9.

Before using Subversion 1.10 with an existing Subversion 1.7 or older
working copy"","" users will be required to run the svn upgrade command
to upgrade working copy metadata to the new format. This command may take a
while in some cases"","" and for some users"","" it may be more practical to simply
checkout a new working copy.

Note: Subversion 1.10 cannot upgrade working copies that
a 1.6 client would have refused to operate upon before an svn cleanup
was run (with a 1.6 client).  In other words"","" before upgrading to 1.8 or newer"",""
a 1.6
or older client must be used to run svn cleanup on all 1.6 or older
working copies that require cleanup.  Likewise"","" Subversion 1.10 cannot upgrade
corrupt working copies. Unfixable problems can arise from missing or corrupt
meta-data inside .svn directories.  Such damage to the working copy
is permanent"","" and cannot be fixed even if svn cleanup is run prior
to the upgrade.

If your working copy does not upgrade cleanly"","" please check out a new one.


"
"https://subversion.apache.org/docs/release-notes/1.10.html","","Miscellaneous Compatibility Notes
  <a class=""sectionlink"" href=""#compat-misc"" title=""Link to this section"">¶</a>


There are some additional specific areas where changes made in this
release might necessitate further adjustment by administrators or
users.  We'll cover those in this section.


This release is numbered 1.10
  <a class=""sectionlink"" href=""#this-release-is-1.10"" title=""Link to this section"">¶</a>


Since ""1.10.0"" is smaller than ""1.9.0"" when considered as ASCII strings"",""
scripts that compare Subversion versions as strings may fail to correctly
determine which of ""1.10.0"" and ""1.9.0"" is the more recent one.  Such
scripts should be changed to compare Subversion version numbers correctly:
as tuples of integers"","" with an optional suffix for development or pre-release
versions.  See
<a href=""/docs/community-guide/releasing#release-numbering"">the Subversion release numbering documentation</a>
for details.  (Programs written against the C API or the various bindings
should refer to the 

<a href=""https://subversion.apache.org/docs/api/1.9/svn__version_8h.html""><tt>svn_version_*</tt> interfaces</a>.)

  


New path-based authorization compatibility
  <a class=""sectionlink"" href=""#authz-compatibility"" title=""Link to this section"">¶</a>


The <a href=""#authzperf"">improved path-based authorization</a>
  changes the behaviour of some existing authz files.

The 1.9 and earlier implementations allowed multiple rules for the
same path:

  [/some/path]
  userA = r
  [/some/path]
  userB = rw


In 1.9 this would define access for both userA
and userB"","" in 1.10 this raises an error and no access is
possible.

The 1.9 and earlier implementations allowed multiple entries
matching the same name"","" alias or group and the last match applied:

  [/some/path]
  user = rw
  user = r
  &alias = rw
  &alias = r
  @group = rw
  @group = r


In 1.9 the final"","" read-only"","" match
for user"","" &alias and @group would be
selected while 1.10 combines all the lines to give read-write access.
The 1.10 implementation may change in future releases"","" perhaps to
<a href=""/issue/4794"">make this case an error</a>.

A fix for <a href=""https://issues.apache.org/jira/browse/SVN-4762?issueNumber=4762"">Issue #4762</a> may change the way path-based authorization rules are applied
in some circumstances. See <a href=""https://svn.apache.org/r1882326"">r1882326</a>.

Background: Subversion 1.10 introduced a new implementation of path-based
authorization (authz) to deliver wildcard support and improved performance
over that of Subversion 1.9 and earlier. From Subversion 1.10 through 1.14.0"",""
the new implementation did not correctly combine global rules with repository
rules: if a global rule and a per-repository rule were both present for a
path"","" the global rule would be ignored and the per-repository rule would
apply by itself. As a result"","" from Subversion 1.10 through 1.14.0"","" it was not
possible to override per-path access rules for specific users (or groups) at
the global level. Administrators whose authz rules rely on this incorrect
behavior may need to adjust their rules accordingly.


This issue is fixed in 1.14.1"","" making it possible once again to
override per-path access rules for specific users (and groups) at the global level.
Such global rules are overridden by repository-specific rules only if both the
user and the path match the repository-specific rule.

As an example"","" consider the following rule set:

[groups]
company = developer1"","" developer2"","" developer3
customer = customer1"","" customer2

# company can read-write on everything
[/]
@company = rw

[project1:/]
@customer = r



Does developer1 have rw access to ""/trunk"" in project1?



Subversion servers running 1.10.0 up to 1.10.6 or 1.14.0"","" without the fix for
<a href=""https://issues.apache.org/jira/browse/SVN-4762?issueNumber=4762"">issue #4762</a>"","" will only apply the repository-specific part of the rule set:
[project1:/]
@customer = r


The answer in this case is that developer1 has no access at all because the
global rule which grants rw access to the @company group is ignored.



Subversion servers running 1.14.1 or later match the behaviour of
Subversion 1.9"","" meaning they will apply both the global and the repository-specific
part of the rule set:
# company can read-write on everything
[/]
@company = rw

[project1:/]
@customer = r


The answer in this case is that developer1 has rw access
to any path in project1.
Global rules are overridden by repository-specific rules only if both the
user (developer1) and the path (""/"""","" including child paths
for which no specific rules exist) match the repository-specific rule.
While the repository-specific rule matches ""/trunk"" it does not
match developer1"","" and hence the global rule will be used.



  


svnadmin subcommands print locked paths differently
  <a class=""sectionlink"" href=""#svnadmin-LOCK_PATH-canonical"" title=""Link to this section"">¶</a>




The
svnadmin lock"",""
svnadmin unlock"","" and
svnadmin rmlocks
subcommands print the locked path differently.

In 1.9 and earlier"","" the path would be printed out in exactly the form it was input.
In 1.10"","" the path is printed in ""canonical"" form:
with dot components (foo/./bar) elided and multiple slashes (foo//bar) compressed to one.
The path also starts with a slash in the output"",""
regardless of whether a leading slash was present in the input.

Example:

$ svnadmin-1.9 lock r //iota jrandom logmsg opaquelocktoken:42
'//iota' locked by user 'jrandom'.
$ svnadmin-1.9 unlock r //iota jrandom opaquelocktoken:42
'//iota' unlocked by user 'jrandom'.


$ svnadmin-1.10 lock r //iota jrandom logmsg opaquelocktoken:42
'/iota' locked by user 'jrandom'.
$ svnadmin-1.10 unlock r //iota jrandom opaquelocktoken:42
'/iota' unlocked by user 'jrandom'.
$


Only the output is changed.
The set of valid inputs and the behaviour of svnadmin on them are unchanged.
svnadmin continues to accept paths either with or without multiple slashes"",""
dot components"","" and so on as command-line arguments.

  


svnserve honours use-sasl = true when built without SASL
  <a class=""sectionlink"" href=""#svnserve-use-sasl"" title=""Link to this section"">¶</a>




The behaviour of svnserve when built without support for Cyrus SASL
transport has changed.

In Subversion 1.9 and earlier"","" svnserve"","" when built without SASL support"",""
  would ignore the svnserve.conf use-sasl setting;
In Subversion 1.10"","" svnserve"","" when built without SASL support"",""
  errors out if use-sasl is set to true.

svnserve's behaviour is otherwise unchanged.
In particular"","" the behaviour of builds with SASL support is unchanged.

An <a href=""https://svn.apache.org/repos/asf/subversion/trunk/notes/api-errata/1.10/svnserve001.txt"">API erratum</a> is available.

  


New CA keys may be required
  <a class=""sectionlink"" href=""#new-ca-keys"" title=""Link to this section"">¶</a>



Some binary distributions of this new Subversion version
may link to a newer OpenSSL version than previous distributions.
This may lead to different behavior.



Especially"","" some distributions may link this Subversion release to OpenSSL 1.1 instead of OpenSSL 1.0.
OpenSSL 1.1 does not allow md5 hashes for CA keys anymore.
When using client certificates signed by such a CA"",""
the new Subversion client may fail with An error occurred during SSL communication.
You can analyze the underlying cause by first converting the client certificate from p12 to pem by
openssl pkcs12 -in path/to/svn/cert.p12 -out cert.pem

and then testing the SSL connection by
openssl s_client -connect example.com:443 -servername example.com -cert cert.pem

If this test connection fails with ca md too weak
then creating new CA keys using sha256 instead of md5
and corresponding new client certificates should solve the problem.



See also <a href=""/faq.html#ssl-communication-error"">When performing Subversion operations
over SSL"","" I get the error <tt>An error occurred during SSL communication</tt></a>


  

"
"https://subversion.apache.org/docs/release-notes/1.10.html","New Features
  <a class=""sectionlink"" href=""#new-features"" title=""Link to this section"">¶</a>


  

  

  

  

",""
"https://subversion.apache.org/docs/release-notes/1.10.html","","Improved path-based authorization 
  <a class=""sectionlink"" href=""#authzperf"" title=""Link to this section"">¶</a>

 Subversion 1.10 provides a new implementation of path-based authorization
    with improved performance and wildcard support. There are some
    <a href=""#authz-compatibility"">compatibility</a> issues.

Existing authz rules come in two flavours"","" repository-specific and global:
      [repos:/path]
   [/path]
   In these rules"","" /path is always matched literally.

The new authz rule parser supports two new forms for rules which may contain
   wildcards in the path element:
      [:glob:repos:/path]
   [:glob:/path]

The following wildcard syntax elements are supported in glob rules:

* matches a single (exactly one)"","" arbitrary path segment
** matches an arbitrary number of path segments"","" separated by a forward slash: /
Classic wildcard patterns such as *foo*.bar work as expected"","" including escaping of special
    characters with a backslash: \



All wildcards apply to full path segments only"","" i.e. * never matches /"","" except for the
case where /**/ matches zero or more path segments. For example"","" /*/**/* will match any path
which contains at least 2 segments and is equivalent to /**/*/* as well as /*/*/**. 

Because a glob rule is not required to contain wildcards in the path"","" two sections
   with different names may apply to the same path. For example"","" the following two
   rules are identical:
      [/path/without/wildcards]
   [:glob:/path/without/wildcards]
   The new authz rule parser detects and rejects such collisions.

The old authz parser"","" in Subversion 1.9 and earlier"","" allowed syntactic
   entries which grant write-only access. For example:
      [/]
   * = w
  The new parser flags such entries as invalid.
  Neither the old nor the new authz implementation support write-only access.

"
"https://subversion.apache.org/docs/release-notes/1.10.html","","New interactive conflict resolver
  <a class=""sectionlink"" href=""#conflict-resolver"" title=""Link to this section"">¶</a>


Subversion 1.10 provides much better interactive resolution of tree conflicts
   than previous releases.
   Interactive conflict resolution has been completely redesigned and rewritten.
   This new conflict resolver supersedes the first implementation introduced
   in Subversion 1.5.

The new conflict resolver searches repository history for structural changes
   (additions"","" deletions"","" copies"","" and moves) which conflict with local changes
   in the working copy and cause tree conflicts. Tree conflicts are now described
   in detail"","" including revision numbers and names of authors of conflicting changes.
   In previous versions of Subversion"","" the task of finding such information was
   left to the user. Automating this task is a huge usability improvement.

The new conflict resolver is able to detect moves and renames in repository
   history"","" and take them into account while modifying the local working copy.
   This makes seamless merging between branches possible even if one or both
   branches rename files or directories. For best results"","" all SVN clients
   committing to the repository should be at version 1.8 or higher.

The new conflict resolver will avoid asking users about resolution options
   whenever there is a only one reasonable course of action. For example"","" if
   a file was moved to another location in the repository"","" the conflict
   resolver will attempt to resolve the tree conflict on behalf of the user
   by performing the same move locally if necessary. This allows users to focus
   their attention on conflicts which cannot be resolved automatically.

Because detection of moves and renames involves heuristics"","" detection
   is not perfect and won't work in all conceivable cases. For a detailed
   description of how incoming moves and renames are detected"","" see <a href=""https://svn.apache.org/repos/asf/subversion/trunk/notes/resolve-moves"">
   How Subversion's conflict resolver handles incoming moves</a>.
   
 
The conflict resolver user interface remains largely unchanged. Like in
   previous releases"","" the resolver will be started automatically if an update"",""
   merge"","" or switch operation ends with unresolved conflicts. It can also be
   started on demand by running the svn resolve command. For more
   information"","" run svn help resolve after installing Subversion 1.10.

In some situations"","" resolving one tree conflict will cause new other tree conflicts
   to appear. The svn resolve command will keep iterating over such conflicts
   until none are left"","" or until the user decides to quit the operation.

The new conflict resolver can be driven interactively with
   svn resolve"","" from Subversion's client API (in C and other language
   bindings)"","" or with the non-interactive <a href=""https://svn.apache.org/repos/asf/subversion/trunk/tools/client-side/svnconflict"">svnconflict</a>
   tool which is intended for use in shell scripts.

The new conflict resolver offers a variety of automated tree conflict resolution
   options which users can choose from. Not all kinds of tree conflicts can yet be
   described and resolved. The options available in Subversion 1.10.0 are listed in
   the table below. In this table"","" the items on the incoming and local side are either
   both files or both directories. Most cases where files clash with directories are
   not handled yet.

Future releases of Subversion will continue to provide enhancements for the new
   conflict resolver. We expect to add coverage of additional conflict cases and add
   additional resolution options even in patch releases (i.e. in 1.10.1"","" 1.10.2"","" etc.).

<table border=""1"">
  <tbody><tr>
    <th>local change</th>
    <th>incoming change</th>
    <th>operation</th>
    <th>resolution options</th>
  </tr>
  <tr>
    <td rowspan=""2""><ul>
      <li>edit file</li>
      <li>any change inside a directory</li>
    </ul></td>
    <td><ul>
      <li>delete file / directory</li>
    </ul></td>
    <td>update"","" switch"","" merge</td>
    <td><ul>
      <li>ignore deletion<br>
      </li><li>accept deletion<br>
    </li></ul></td>
  </tr>
  <tr>
    <td><ul>
      <li>move file / directory</li>
    </ul></td>
    <td>update"","" switch"","" merge</td>
    <td><ul>
      <li>move and merge<br>
          (applies the same move locally and merges items)</li>
    </ul></td>
  </tr>
  <tr>
    <td rowspan=""2""><ul>
      <li>add item</li>
    </ul></td>
    <td rowspan=""2""><ul>
      <li>add item</li>
    </ul></td>
    <td>update"","" switch</td>
    <td><ul>
      <li>ignore incoming addition<br>
          (discards the incoming change)</li>
      <li>merge incoming and local item</li>
    </ul></td>
  </tr>
  <tr>
    <td>merge</td>
    <td>
    <ul>
      <li>ignore incoming addition<br>
          (discards the incoming change)</li>
      <li>merge incoming and local item<br>
          (item's log history will trace back on local branch)</li>
      <li>replace local item with incoming item"","" then merge them<br>
          (item's log history will trace back to other branch)</li>
    </ul></td>
  </tr>
  <tr>
    <td rowspan=""2""><ul>
      <li>move item</li>
    </ul></td>
    <td rowspan=""2""><ul>
      <li>edit file</li>
      <li>any change inside directory</li>
    </ul></td>
    <td>update"","" switch</td>
    <td><ul>
      <li>apply change to move destination</li>
      <li>break move and update any moved away children<br>
          (updates items moved outside of the moved directory)</li>
    </ul></td>
  </tr>
  <tr>
    <td>merge</td>
    <td><ul>
      <li>apply change to move destination</li>
    </ul></td>
  </tr>
  <tr>
    <td><ul>
      <li>delete item</li>
    </ul></td>
    <td><ul>
      <li>edit file</li>
      <li>any change inside directory</li>
    </ul></td>
    <td>update"","" switch"","" merge</td>
    <td><ul>
      <li>keep working copy state (deleted file / directory)"",""<br>
      discarding incoming changes</li>
    </ul></td>
  </tr>
</tbody></table>

"
"https://subversion.apache.org/docs/release-notes/1.10.html","","LZ4 compression
  <a class=""sectionlink"" href=""#lz4"" title=""Link to this section"">¶</a>


Subversion 1.10 adds support for <a href=""https://lz4.github.io/lz4/"">LZ4</a>
compression as an alternative to the <a href=""https://zlib.net/"">zlib</a>
compression that has been used in the previous versions.  LZ4 offers fast
compression and decompression while still maintaining a decent compression
ratio.  Using LZ4 compression can significantly improve performance of most
of the Subversion read and write operations"","" especially for repositories
containing large files.


LZ4 compression is now used by default for the on-disk data in repositories
with filesystem format 8.  Also"","" Subversion 1.10 adds support for automatic
negotiation and use of LZ4 compression over the wire for http:// and svn://
connections when it is supported by both endpoints.


Filesystem format bump
  <a class=""sectionlink"" href=""#fsfs-format8"" title=""Link to this section"">¶</a>


The default filesystem format is now version 8"","" introduced in 1.10.
The format
bump is required to allow using LZ4 compression for the data that is stored
on the disk.  (The
<a href=""1.9#svnadmin-info""><tt>svnadmin info</tt></a>
command displays the filesystem
format number of a repository.)

Existing repositories can be upgraded to the new format with the
svnadmin upgrade command.

  


Configuring the repository to use LZ4 compression
  <a class=""sectionlink"" href=""#fsfs-lz4-configuration"" title=""Link to this section"">¶</a>


Repositories created with Subversion 1.10 and existing repositories
upgraded to format 8 will by default compress new data using LZ4.
The compression algorithm can also be configured explicitly by setting the
compression = none | lz4 | zlib | zlib-1 ... zlib-9 option in the
fsfs.conf repository configuration file.

Existing repositories with the configured compression-level
option in the fsfs.conf file will continue to use zlib compression.
In order to start using LZ4 compression for such repositories"","" consider
setting the compression = lz4 option in the fsfs.conf
file.

In order to speed up read and write operations for existing repositories"",""
consider recompressing the data stored in them with LZ4.  This can be achieved
by performing a full
<a href=""https://svnbook.red-bean.com/en/1.8/svn.reposadmin.maint.html#svn.reposadmin.maint.migrate.svnadmin"">dump/load</a>
cycle into a new format 8 repository created with Subversion 1.10.

  


LZ4 compression over the wire in http:// and svn:// connections
  <a class=""sectionlink"" href=""#lz4-over-the-wire"" title=""Link to this section"">¶</a>


Deltas transferred between Subversion 1.10 clients and servers may be
compressed with LZ4.  The actual choice of the compression algorithm depends
on the used protocol"","" environment and its configuration ? see below.

For the http:// protocol"","" use of LZ4 compression depends on the values
of the server-side SVNCompressionLevel directive"","" client-side
http-compression configuration option and on the network
capabilities.  LZ4 compression generally offers much faster compression
and decompression speeds"","" but slightly worse compression ratio than zlib.
By default"","" it is only preferred for low latency networks where the
overhead associated with transferring the additional amount of data is
assumed to be negligible.


  
    On the server-side"","" SVNCompressionLevel 0
    can be used to disable compression altogether.  The special value of
    SVNCompressionLevel 1 forces the use of LZ4 compression for
    clients that support it. All other values result in preferring zlib
    compression with the respective compression level.  Note that the
    negotiated algorithm is still subject to the client's configuration.
    For example"","" even if the server is configured to prefer zlib compression
    over LZ4"","" a client may still negotiate the use of LZ4 compression when
    its http-compression option is set to auto.
  
  
    On the client-side"","" setting http-compression to
    either yes or no will enable or disable compression
    that is then negotiated based on the server's configuration.
    The default value of auto will result in preferring LZ4
    compression for low latency networks and zlib compression otherwise.
  


Below is the table explaining the used compression algorithm in each
combination of the client- and server-side configuration options:

<table border=""1"">
  <tbody><tr>
    <th></th>
    <th colspan=""3"">1.10 Server<br>with SVNCompressionLevel:</th>
    <th colspan=""2"">1.9 and older Server<br>with SVNCompressionLevel:</th>
  </tr>
  <tr>
    <th width=""30%"">Subversion Client</th>
    <th width=""10%"">0</th>
    <th width=""10%"">1</th>
    <th width=""10%"">2-9 (default:&nbsp;5)<sup>*</sup></th>
    <th width=""10%"">0</th>
    <th width=""10%"">1-9 (default:&nbsp;5)<sup>*</sup></th>
  </tr>
  <tr>
    <td>1.10"","" <tt>http-compression: auto</tt><sup>*</sup>"","" low latency</td>
    <td>None</td>
    <td><b>LZ4</b></td>
    <td><b>LZ4</b></td>
    <td>None</td>
    <td>zlib</td>
  </tr>
  <tr>
    <td>1.10"","" <tt>http-compression: auto</tt><sup>*</sup>"","" high latency</td>
    <td>None</td>
    <td><b>LZ4</b></td>
    <td>zlib</td>
    <td>None</td>
    <td>zlib</td>
  </tr>
  <tr>
    <td>1.10"","" <tt>http-compression: yes</tt></td>
    <td>None</td>
    <td><b>LZ4</b></td>
    <td>zlib</td>
    <td>None</td>
    <td>zlib</td>
  </tr>
  <tr>
    <td>1.10"","" <tt>http-compression: no</tt></td>
    <td>None</td>
    <td>None</td>
    <td>None</td>
    <td>None</td>
    <td>None</td>
  </tr>
  <tr>
    <td>1.9 and older"","" <tt>http-compression: yes</tt><sup>*</sup></td>
    <td>None</td>
    <td>zlib</td>
    <td>zlib</td>
    <td>None</td>
    <td>zlib</td>
  </tr>
  <tr>
    <td>1.9 and older"","" <tt>http-compression: no</tt></td>
    <td>None</td>
    <td>None</td>
    <td>None</td>
    <td>None</td>
    <td>None</td>
  </tr>
</tbody></table>

* Default configurations

For the svn:// protocol"","" use of LZ4 compression depends on the value
of the server-side -c/--compression option.  A value of 0
disables compression entirely; any other value causes lz4 or zlib compression
to be used.  At this time"","" lz4 is always used in preference to zlib when both
are supported by the remote end.

  

"
"https://subversion.apache.org/docs/release-notes/1.10.html","","Shelving (experimental)
  <a class=""sectionlink"" href=""#shelving"" title=""Link to this section"">¶</a>


Shelving (<a href=""https://issues.apache.org/jira/browse/SVN-3625"">issue
#3625</a>) is the ability to put aside an uncommitted change in the WC"","" as
if putting it on a shelf"","" in order to work on something else"","" and later
bring the change back in to the WC. It is very similar to saving a patch
file created by svn diff and later applying it with svn
patch.

The following svn commands are new; see their help for details.
svn shelve [--keep-local] NAME [PATH...]
    svn unshelve [--keep-shelved] [NAME]
    svn shelve --delete NAME
    svn shelves (or svn shelve --list)



  WARNING: The shelving feature is
  designated ""EXPERIMENTAL"" in 1.10. It is being released in an early form
  while development continues. It is expected to change significantly during
  and after the 1.10.x series. There is no promise of backward compatibility
  while it remains experimental.


"
"https://subversion.apache.org/docs/release-notes/1.10.html","Enhancements and Bugfixes
  <a class=""sectionlink"" href=""#enhancements"" title=""Link to this section"">¶</a>




 

 

 

",""
"https://subversion.apache.org/docs/release-notes/1.10.html","","Command-line client improvements (client)
  <a class=""sectionlink"" href=""#cmdline"" title=""Link to this section"">¶</a>



svn log --search  improvements
  <a class=""sectionlink"" href=""#log-search"" title=""Link to this section"">¶</a>


svn log --search is now case-insensitive and ignores diacriticals
when matching words. This makes it easier to match paths and log messages
which happen to contain upper-case and non-English characters.

 


New svn ls --search option
  <a class=""sectionlink"" href=""#ls-search"" title=""Link to this section"">¶</a>


You may now specify one or more glob patterns in a svn ls
request.  Note that most shells require globs to be put in quotation
marks to be passed as-is to SVN.  Example:
      svn ls svn://server/repo --recursive --search ""readme*""
Against a Subversion 1.10 server"","" this command will be executed
as a single"","" efficient server-side query.


  


svnbench improvements
  <a class=""sectionlink"" href=""#svnbench"" title=""Link to this section"">¶</a>


svnbench now displays its wall-clock run time and the total
number of bytes transferred across the network. The --with-no-revprops
option which did not actually work in Subversion 1.9 has been fixed.

 


New option --accept recommended
  <a class=""sectionlink"" href=""#accept-recommended"" title=""Link to this section"">¶</a>


The new option --accept recommended will automatically
resolve tree conflicts for which a recommended resolution option is
available. Any other conflicts will be postponed.

Note that --accept recommended is now the default behaviour
if the --non-interactive option is used. In previous releases"",""
the --non-interactive option implied --accept postpone
by default instead.

 

"
"https://subversion.apache.org/docs/release-notes/1.10.html","","Server-side improvements
  <a class=""sectionlink"" href=""#server-side-improvements"" title=""Link to this section"">¶</a>



Revprop caching enabled
  <a class=""sectionlink"" href=""#revprop-caching"" title=""Link to this section"">¶</a>


Revprop caching was an optional FSFS feature in previous releases
but is now always enabled.  In previous releases revprop caching could
be enabled for mod_dav_svn via the SVNCacheRevprops
directive"","" and for svnserve by the --cache-revprops command
line option.  That directive and command line option are now silently
ignored and revprop caching is enabled for all FSFS access.

 


New --no-flush-to-disk option for svnadmin load
  <a class=""sectionlink"" href=""#no-flush-to-disk"" title=""Link to this section"">¶</a>


A new --no-flush-to-disk option has been added to the
svnadmin load command.
This option can be used to dramatically speed up the load process when
there is no need to ensure that the resulting data survives a system crash
or power loss"","" e.g. when loading a dump file into a fresh repository.

 


New --normalize-props option for svnadmin load
  <a class=""sectionlink"" href=""#normalize-props"" title=""Link to this section"">¶</a>


A new --normalize-props option has been added to the
svnadmin load command. This option can be used to automatically
repair <a href=""/faq.html#fix-nonLF-log"">non-LF line endings</a> in properties
such as svn:log or svn:ignore.  Such invalid line endings
were accepted by older servers and can be found in repository dumps of older
repositories"","" but are rejected by Subversion 1.6 and later.

Calling svnadmin load with --normalize-props will
automatically repair all invalid property line endings found in the dumpstream"",""
thus ensuring that the appropriate values are loaded into the repository.

 


New svnadmin dump-revprops and svnadmin load-revprops subcommands
  <a class=""sectionlink"" href=""#svnadmin-revprops"" title=""Link to this section"">¶</a>


svnadmin can now dump and load revision properties independently of
other changes made to the repository. This is useful because revision
properties are not versioned but their values may change if the administrator
has configured the <a href=""https://svnbook.red-bean.com/nightly/en/svn.ref.reposhooks.pre-revprop-change.html"">repository's pre-revprop-change hook</a>.

svnadmin dump-revprops will save the current values of all revision
properties to a dump file. svnadmin load-revprops can be used to set
revision properties in a repository to the values saved in a dump file.


svnadmin dump can now include or exclude paths
  (<a href=""https://issues.apache.org/jira/browse/SVN-4729"">issue #4729</a>)
  <a class=""sectionlink"" href=""#dump-include-exclude"" title=""Link to this section"">¶</a>


New --include and --exclude options have been added to the
svnadmin dump command.
Using --exclude or --include gives results equivalent to authz-based
path exclusions. In particular"","" when the source of a copy is excluded"",""
the copy is transformed into an add (unlike in 'svndumpfilter').

A --pattern option allows the include or exclude rules to contain
wildcards (the same as in 'svndumpfilter').

 

 

"
"https://subversion.apache.org/docs/release-notes/1.10.html","","Client- and server-side improvements
  <a class=""sectionlink"" href=""#client-server-improvements"" title=""Link to this section"">¶</a>




<a name=""serf-svndiff1""></a>
RA-serf now compresses deltas when possible
  <a class=""sectionlink"" href=""#serf-svndiff"" title=""Link to this section"">¶</a>


RA-serf now sends deltas compressed when possible"","" unless compression is
disabled by the 'http-compression = no' client configuration option.
This is enabled for servers that advertise support for this specific (new)
capability.

mod_dav_svn servers now advertise this specific (new) capability.

Ref. <a href=""https://svn.apache.org/r1704317"">r1704317</a>"",""
<a href=""https://svn.apache.org/r1704891"">r1704891</a>"",""
<a href=""https://svn.apache.org/r1791290"">r1791290</a>. 

 

"
"https://subversion.apache.org/docs/release-notes/1.10.html","Known issues in the release
  <a class=""sectionlink"" href=""#issues"" title=""Link to this section"">¶</a>


There are some known issues in the Subversion 1.10 releases.  These
may be fixed in later 1.10.x releases.  Selected issues are listed here;
see the <a href=""https://issues.apache.org/jira/projects/SVN"">issue
tracker</a> for details and for other issues.





",""
"https://subversion.apache.org/docs/release-notes/1.10.html","","
  <a href=""https://issues.apache.org/jira/browse/SVN-4741"">SVN-4741</a>:
  authz group cannot refer to multiple groups
  <a class=""sectionlink"" href=""#issue-svn-4741"" title=""Link to this section"">¶</a>

Broken in 1.10.0. Fixed in 1.10.1.
"
"https://subversion.apache.org/docs/release-notes/1.10.html","","
  <a href=""https://issues.apache.org/jira/browse/SVN-4762"">SVN-4762</a>:
  authz doesn't combine global and repository rules
  <a class=""sectionlink"" href=""#issue-svn-4762"" title=""Link to this section"">¶</a>

Broken in 1.10.0 and 1.10.1.  See also
  <a href=""#authz-compatibility"">path-based authorization compatibility</a>.
"
"https://subversion.apache.org/docs/release-notes/1.10.html","Subversion 1.9.x is now the old stable version
  <a class=""sectionlink"" href=""#svn-1.9-old-stable"" title=""Link to this section"">¶</a>


The Subversion 1.9.x line is now the old stable version.  This means
that 1.9.x will still receive security relevant fixes as well as
bugfixes. While we will evaluate any bugreport with regards to its
severity"","" there might be issues with a lower severity which will
only get fixed in 1.10.x"","" particularly if the patches would be invasive"",""
destabilizing"","" and/or require a significant investment to get backported to the
old stable version.

Therefore"","" if you are running into an issue with the old stable
version which has already been fixed in the latest version"","" we might
ask you to upgrade to that version to resolve the issue.

",""
"https://subversion.apache.org/docs/release-notes/1.10.html","Subversion 1.8.x is end of life
  <a class=""sectionlink"" href=""#svn-1.8-deprecation"" title=""Link to this section"">¶</a>


The Subversion 1.8.x line is end of life (EOL).
This doesn't
mean that your 1.8 installation is doomed; if it works well and is all
you need"","" that's fine.  ""End of life"" just means we've stopped
accepting bug reports against 1.8.x versions"","" and will not make any
more 1.8.x releases.

",""
"https://subversion.apache.org/docs/release-notes/1.11.html","What's New in Apache Subversion 1.11
  <a class=""sectionlink"" href=""#news"" title=""Link to this section"">¶</a>



  <a href=""#shelving"">Improved Shelving (experimental)</a>
  <a href=""#checkpointing"">Commit checkpointing (experimental)</a>
  <a href=""#conflict-resolver"">Improvements to the Conflict Resolver</a>
  <a href=""#enhancements"">Many enhancements and bug fixes</a>
  <a href=""#issues"">Known issues in the release</a>
  


Apache Subversion 1.11 is a superset of all previous Subversion
releases"","" and is as of the time of its release considered the current
""best"" release.  Any feature or bugfix in 1.0.x through 1.10.x is also
in 1.11"","" but 1.11 contains features and bugfixes not present in any
earlier release.  The new features will eventually be documented in a
1.11 version of the free Subversion book
(<a href=""https://svnbook.red-bean.com/"">svnbook.red-bean.com</a>).

This page describes only major changes.  For a complete list of
changes"","" see the 1.11 section of the <a href=""https://svn.apache.org/repos/asf/subversion/trunk/CHANGES"">CHANGES</a>
file.

",""
"https://subversion.apache.org/docs/release-notes/1.11.html","Compatibility Concerns
  <a class=""sectionlink"" href=""#compatibility"" title=""Link to this section"">¶</a>


Older clients and servers interoperate transparently with 1.11
servers and clients.  However"","" some of the new 1.11 features may not be
available unless both client and server are the latest version.  There are
also cases where a new feature will work but will run less efficiently if
the client is new and the server old.

There is no need to <a href=""https://svnbook.red-bean.com/en/1.8/svn.reposadmin.maint.html#svn.reposadmin.maint.migrate.svnadmin"">dump and reload</a> your repositories. 
Subversion 1.11 servers can read and write to repositories created by
earlier versions.  To upgrade an existing server installation"","" just install the
newest libraries and binaries on top of the older ones.

Subversion 1.11 maintains API/ABI compatibility with earlier
releases"","" by only adding new functions"","" never removing old ones.  A
program written to any previous 1.x API can both compile
and run using 1.11 libraries.  However"","" a program written for 1.11
cannot necessarily compile or run against older libraries.

There may be limited cases where the behavior of old APIs has been
slightly modified from previous releases.  These are cases where edge cases
of the functionality has been deemed buggy"","" and therefore improved or removed.
Please consult the
<a href=""https://svn.apache.org/repos/asf/subversion/trunk/notes/api-errata/1.11/"">API errata</a> for more detailed information on what these APIs are
and what impact these changes may have.

  

  

  

  

",""
"https://subversion.apache.org/docs/release-notes/1.11.html","","New Feature Compatibility Table
  <a class=""sectionlink"" href=""#new-feature-compatibility-table"" title=""Link to this section"">¶</a>

<table border=""1"">
  <tbody><tr>
    <th>New Feature</th>
    <th>Minimum Client<sup>1</sup></th>
    <th>Minimum Server</th>
    <th>Minimum Repository</th>
    <th>Notes</th></tr>
  <tr>
    <td>
      <a href=""#shelving""><a href=""#shelving"">Shelving (experimental)</a></a>
    </td>
    <td>1.11</td>
    <td>any</td>
    <td>any</td>
    <td>shelves created by 1.10 are not compatible?see
        <a href=""#shelving-transition""><a href=""#shelving-transition"">the transition notes</a></a></td></tr>
  <tr>
    <td>
      <a href=""#checkpointing""><a href=""#checkpointing"">Commit checkpointing (experimental)</a></a>
    </td>
    <td>1.11</td>
    <td>any</td>
    <td>any</td>
    <td></td></tr>
  <tr>
    <td>
      <a href=""#viewspec-output""><a href=""#viewspec-output"">Viewspec output command (experimental)</a></a>
    </td>
    <td>1.11</td>
    <td>any</td>
    <td>any</td>
    <td></td></tr>
  <tr>
    <td colspan=""5""><sup>1</sup>Reminder: when using the <tt>file://</tt>
    repository access method"","" the Subversion program is both the client
    <em>and</em> the server.</td></tr>
</tbody></table>

"
"https://subversion.apache.org/docs/release-notes/1.11.html","","Upgrading the Working Copy
  <a class=""sectionlink"" href=""#wc-upgrade"" title=""Link to this section"">¶</a>


Subversion 1.11 uses the same working copy format as Subversion 1.8 through 1.10.

Before using Subversion 1.11 with an existing Subversion 1.7 or older
working copy"","" users will be required to run the svn upgrade command
to upgrade working copy metadata to the new format. This command may take a
while in some cases"","" and for some users"","" it may be more practical to simply
checkout a new working copy.

Note: Subversion 1.11 cannot upgrade working copies that
a 1.6 client would have refused to operate upon before an svn cleanup
was run (with a 1.6 client).  In other words"","" before upgrading to 1.8 or newer"",""
a 1.6
or older client must be used to run svn cleanup on all 1.6 or older
working copies that require cleanup.  Likewise"","" Subversion 1.11 cannot upgrade
corrupt working copies. Unfixable problems can arise from missing or corrupt
meta-data inside .svn directories.  Such damage to the working copy
is permanent"","" and cannot be fixed even if svn cleanup is run prior
to the upgrade.

If your working copy does not upgrade cleanly"","" please check out a new one.


"
"https://subversion.apache.org/docs/release-notes/1.11.html","","Shelving (experimental): transition from 1.10
  <a class=""sectionlink"" href=""#shelving-transition"" title=""Link to this section"">¶</a>


The presence in the working copy of any shelves that were created by
Subversion 1.10 has no effect on a Subversion 1.11 client. Subversion 1.11
will ignore them; it cannot interoperate with them nor even list their
presence.

The svn upgrade command has no effect"","" as the working copy
format is formally unchanged.

Shelves are currently stored under
<WC>/.svn/experimental/shelves/. In Subversion 1.10"",""
shelves were stored under <WC>/.svn/shelves/ as patch
files.

To recover a shelf created by 1.10"","" either
use a 1.10 client to find and unshelve it"","" or
    find the patch file by hand and use any 1.10 or later
        svn patch to apply it.


Differences in the main shelving commands:

<table>
<tbody><tr><th>Subversion 1.10 command</th>
    <th>Subversion 1.11 equivalent</th></tr>
<tr><td><tt>svn [x-]shelve [--keep-local] SHELF [PATH...]</tt></td>
    <td>works similarly; saves a new version each time it is used</td></tr>
<tr><td><tt>svn [x-]unshelve [SHELF]</tt></td>
    <td><tt>svn x-unshelve --drop [SHELF]</tt></td></tr>
<tr><td><tt>svn [x-]unshelve --keep-shelved [SHELF]</tt></td>
    <td><tt>svn x-unshelve [SHELF]</tt></td></tr>
<tr><td><tt>svn [x-]shelve --delete SHELF</tt></td>
    <td><tt>svn x-shelf-drop SHELF</tt></td></tr>
<tr><td><tt>svn [x-]shelves</tt> or <tt>svn [x-]shelve --list</tt></td>
    <td><tt>svn x-shelves</tt> or <tt>svn x-shelf-list</tt></td></tr>
</tbody></table>

"
"https://subversion.apache.org/docs/release-notes/1.11.html","","Miscellaneous Compatibility Notes
  <a class=""sectionlink"" href=""#compat-misc"" title=""Link to this section"">¶</a>


There are some additional specific areas where changes made in this
release might necessitate further adjustment by administrators or
users.  We'll cover those in this section.


  SHA-1 checksums will no longer be published for released artifacts (subversion-1.11.x.tar.* and subversion-1.11.x.zip)
  <a class=""sectionlink"" href=""#no-sha1-in-dist"" title=""Link to this section"">¶</a>


The release artifacts?subversion-1.11.x.tar.bz2"",""
                         subversion-1.11.x.tar.gz"","" and
                         subversion-1.11.x.zip?are no longer
accompanied by *.sha1 files containing SHA-1 checksums"","" nor will SHA-1
checksums be advertised on the download page or in release announcements.
PGP digital signatures and SHA-512 checksums will continue to be provided.

We consider the SHA-1 cryptographic hash function too weak for our needs.

 

"
"https://subversion.apache.org/docs/release-notes/1.11.html","New Features
  <a class=""sectionlink"" href=""#new-features"" title=""Link to this section"">¶</a>


  

",""
"https://subversion.apache.org/docs/release-notes/1.11.html","","Commit checkpointing (experimental)
  <a class=""sectionlink"" href=""#checkpointing"" title=""Link to this section"">¶</a>


Subversion 1.11 provides an experimental first cut at solving some of the
use cases envisioned in <a href=""https://issues.apache.org/jira/browse/SVN-3626"">issue #3626</a> named
""Commit checkpointing"".


  WARNING: The checkpointing feature
  is designated ""EXPERIMENTAL"" in 1.11. It is being released in an early form
  while development continues. It is expected to change significantly during
  and after the 1.11.x series. There is no promise of backward compatibility
  while it remains experimental.


It provides the ability to save a snapshot of an uncommitted change from
time to time"","" and later restore one of those previous versions of your
change back into the working copy.

It does not provide the kind of exact WC state roll back that is also
discussed in that issue"","" that could make it possible after a messy update to
roll back to the exact WC state that existed just before. This remains a
future possibility.

The ability to checkpoint and roll back an uncommitted change is provided
within the shelving feature"","" by letting a shelf hold multiple versions of
your change. Therefore"","" see also <a href=""#shelving""> Shelving</a>.

The main checkpointing operations are accomplished by the following
commands"","" as also listed in
<a href=""https://cwiki.apache.org/confluence/x/70cYBQ"">the Wiki page</a>:

<table>
<tbody><tr><th>Save a checkpoint and continue</th>
    <td><tt>svn x-<b>shelf-save</b> foo</tt></td>
    <td>copy the local changes into a new version of shelf 'foo';<br>
        doesn't revert the changes from the WC</td>
</tr>
<tr><th>Save a checkpoint and shelve</th>
    <td><tt>svn x-<b>shelve</b> foo</tt></td>
    <td>move the local changes into a new version of shelf 'foo'<br>
        and revert the changes from the WC</td>
</tr>
<tr><th>Restore / roll back</th>
    <td>first revert your unwanted changes; then<br>
        <tt>svn x-<b>unshelve</b> foo 3</tt></td>
    <td>apply version 3 of shelf 'foo' to the WC<br>
        and delete any newer versions</td>
</tr>
<tr><th>Review checkpoints</th>
    <td><tt>svn x-<b>shelf-log</b> foo</tt></td>
    <td>list all the versions of shelf 'foo'</td>
</tr>
<tr><th></th>
    <td><tt>svn x-<b>shelf-diff</b> foo 3</tt></td>
    <td>show version 3 as a diff</td>
</tr>
</tbody></table>

"
"https://subversion.apache.org/docs/release-notes/1.11.html","Enhancements and Bugfixes
  <a class=""sectionlink"" href=""#enhancements"" title=""Link to this section"">¶</a>




 

 

 

  

",""
"https://subversion.apache.org/docs/release-notes/1.11.html","","Command-line client improvements (client)
  <a class=""sectionlink"" href=""#cmdline"" title=""Link to this section"">¶</a>



Improved Shelving (experimental)
  <a class=""sectionlink"" href=""#shelving"" title=""Link to this section"">¶</a>


Shelving (<a href=""https://issues.apache.org/jira/browse/SVN-3625"">issue
#3625</a>)"","" first introduced in Subversion 1.10"","" is improved in 1.11 to
handle more kinds of changes more robustly.


  WARNING: The shelving feature is
  designated ""EXPERIMENTAL"" in 1.11. It is being released in an early form
  while development continues. It is expected to change significantly during
  and after the 1.11.x series. There is no promise of backward compatibility
  while it remains experimental.


Shelving in 1.11 is incompatible with shelves created by 1.10. See
<a href=""#shelving-transition"">the transition notes</a> on recovering 1.10
shelves and differences in commands.

The main improvements and changes are:

    checkpointing support: a shelf stores multiple versions of a
        change; shelving adds a new version to the named shelf; you can
        unshelve an older version instead of the newest?see the
        <a href=""#checkpointing"">checkpointing</a> feature
    'binary' files (and property values) are fully supported
    patch files are no longer used as the storage mechanism;
        limitations and bugs due to patch file format are gone"","" such as
        handling svn:mergeinfo properties"","" binary data"","" and end-of-line
        characters
    shelving and unshelving both warn and refuse to run if they detect
        states that they cannot handle (e.g. copies or moves)
    unshelving applies the changes to the WC using a mechanism similar
        to merging"","" so that changes can be more robustly applied when the
        WC has been modified (e.g. updated) since the shelf was saved


The kinds of change you can shelve are committable changes to files and
properties"","" except the following kinds which are not yet supported:

    copies and moves
    creating and deleting directories


Shelving commands (see their help for details):

    svn x-shelf-diff
    svn x-shelf-drop
    svn x-shelf-list"","" x-shelves
    svn x-shelf-list-by-paths
    svn x-shelf-log
    svn x-shelf-save
    svn x-shelve
    svn x-unshelve


Further information can be found in the Subversion Wiki under
<a href=""https://cwiki.apache.org/confluence/display/SVN/Shelving+and+Checkpointing"">Shelving and Checkpointing</a>.


  


Improvements to the interactive conflict resolver
  <a class=""sectionlink"" href=""#conflict-resolver"" title=""Link to this section"">¶</a>


The interactive conflict resolver now supports more conflict situations
which involve moved files and directories. Specifically"","" many tree conflicts
which report a ""locally missing"" item"","" as a result of an item having moved
on the merge source branch"","" can now be resolved automatically.

For example"","" when a file edit is cherry-picked from a branch on which
the edited file has been renamed"","" the edit will now be applied to the file's
location in the merge target branch"","" provided it has not been renamed
on that branch as well. For details"","" see
<a href=""https://issues.apache.org/jira/browse/SVN-4694"">issue #4694</a>"",""
""Unresolvable tree conflict when cherrypicking a file-edit after file was
moved on source branch"".

Several bugs have been fixed in the conflict resolver"","" including:

<a href=""https://issues.apache.org/jira/browse/SVN-4744"">Issue #4744</a>
""assertion failed (start_rev > end_rev)""
<a href=""https://issues.apache.org/jira/browse/SVN-4766"">Issue #4766</a>
""resolver adds unrelated moves to move target list""
A problem where the resolver mistakenly
<a href=""https://svn.apache.org/r1839662"">searched back through
the entire history of the repository</a>



Fixes for conflict resolver bugs found during the development of
Subversion 1.11 have been backported to the
<a href=""1.10.html"">Subversion 1.10</a> release series as well.

 


Viewspec output command (experimental)
  (<a href=""https://issues.apache.org/jira/browse/SVN-4753"">issue #4753</a>)
  <a class=""sectionlink"" href=""#viewspec-output"" title=""Link to this section"">¶</a>


There is an experimental command to write out a view spec describing the
current WC shape.


  WARNING: This feature
  is designated ""EXPERIMENTAL"" in 1.11. It is being released in an early form
  while development continues. It is expected to change significantly during
  and after the 1.11.x series. There is no promise of backward compatibility
  while it remains experimental.


A view spec describes whether each subtree is at a limited depth"","" excluded"",""
switched to a different URL"","" or updated to a different revision number"",""
compared with its parent directory. This information is sometimes referred
to as the shape or the layout of a WC.

'svn info --x-viewspec=classic' writes in the format used by the old script
<a href=""https://svn.apache.org/viewvc/subversion/trunk/tools/client-side/svn-viewspec.py"">tools/client-side/svn-viewspec.py</a>.

'svn info --x-viewspec=svn11' writes a series of 'svn'
command lines. You can create a new WC of the same layout by running these
commands.

 


Additions to svn info --show-item
  <a class=""sectionlink"" href=""#info-show-item"" title=""Link to this section"">¶</a>


Add 'schedule' and 'depth' items to 'svn info --show-item' (<a href=""https://svn.apache.org/r1827032"">r1827032</a>).

 


Allow the client cert password to be saved
  <a class=""sectionlink"" href=""#save-client-cert-pw"" title=""Link to this section"">¶</a>


Allow the client cert password to be saved (<a href=""https://svn.apache.org/r1836762"">r1836762</a>).

 

"
"https://subversion.apache.org/docs/release-notes/1.11.html","","Server-side improvements
  <a class=""sectionlink"" href=""#server-side-improvements"" title=""Link to this section"">¶</a>



svnadmin dump shouldn't canonicalize svn:date
  (<a href=""https://issues.apache.org/jira/browse/SVN-4767"">issue #4767</a>)
  <a class=""sectionlink"" href=""#issue-4767"" title=""Link to this section"">¶</a>


svnadmin dump no longer attempts to canonicalize the svn:date revision property value in its output. The dump output will now contain the value exactly as it exists in the repository.

 

"
"https://subversion.apache.org/docs/release-notes/1.11.html","","Client- and server-side improvements
  <a class=""sectionlink"" href=""#client-server-improvements"" title=""Link to this section"">¶</a>


"
"https://subversion.apache.org/docs/release-notes/1.11.html","","API changes"","" improvements and language bindings
    (client and server)
  <a class=""sectionlink"" href=""#apis"" title=""Link to this section"">¶</a>



JavaHL Updates
  <a class=""sectionlink"" href=""#javahl"" title=""Link to this section"">¶</a>


The JavaHL bindings have been updated to be compatible with Java 10.  Due
to required build changes"","" JavaHL now requires at least Java 8 to compile.

  

"
"https://subversion.apache.org/docs/release-notes/1.11.html","Known issues in the release
  <a class=""sectionlink"" href=""#issues"" title=""Link to this section"">¶</a>




There are some known issues in the Subversion 1.11 releases.  These
may be fixed in later 1.11.x releases.

  

  

",""
"https://subversion.apache.org/docs/release-notes/1.11.html","","Ruby bindings require swig 3.0.9
  <a class=""sectionlink"" href=""#ruby-swig-issue-602"" title=""Link to this section"">¶</a>


This section only affects those who build Subversion from a working
  copy.  If you build Subversion from a tarball or zip file"","" you may skip
  this section.

The Ruby bindings are known not to build with swig version 3.0.8 (and only
that version) due to <a href=""https://github.com/swig/swig/issues/602"">swig
issue #602</a>.  We recommend to use swig 3.0.9 or newer.

The failure is detected by the test suite.
To test whether your version of swig is affected"","" run
make check-swig-rb.  (Some distros might have backported the swig
patch into their swig-3.0.8 packages.)

The Perl and Python bindings are not affected.

"
"https://subversion.apache.org/docs/release-notes/1.11.html","","Github's SVN Bridge server implementation incompatible with SVN 1.11
  <a class=""sectionlink"" href=""#github-issue"" title=""Link to this section"">¶</a>


<a href=""https://issues.apache.org/jira/browse/SVN-4789"">Issue #4789</a>

During November 2018 Subversion 1.11 clients were unable to
check out repositories from Github. Stricter DAV RFC conformance checks
had been added to SVN 1.11 clients"","" and Github's custom SVN server implementation
did not conform to the newly expected behaviour. Github has since fixed the
issues on their end"","" so all Subversion clients should be able to use Github's
SVN bridge again.



"
"https://subversion.apache.org/docs/release-notes/1.11.html","Subversion 1.11 is a Regular Release
  <a class=""sectionlink"" href=""#non-lts-release"" title=""Link to this section"">¶</a>


Subversion 1.11 is the first of the new 6-month regular releases with an
emphasis on introducing new features more quickly and a shorter support
period.

Subversion 1.9 and 1.10 are still supported"","" now being regarded as
long-term support (LTS) releases. The next LTS release is expected to be
numbered 1.14"","" to be released two years after 1.10.

For further details see
<a href=""/roadmap.html#release-planning"">How We Plan Releases</a>.

",""
"https://subversion.apache.org/docs/release-notes/1.12.html","What's New in Apache Subversion 1.12
  <a class=""sectionlink"" href=""#news"" title=""Link to this section"">¶</a>



  <a href=""#shelving"">Improved Shelving (experimental)</a>
  <a href=""#checkpointing"">Improved Commit Checkpointing (experimental)</a>
  <a href=""#conflict-resolver"">Improvements to the Conflict Resolver</a>
  <a href=""#enhancements"">Many enhancements and bug fixes</a>
  <a href=""#issues"">Known issues in the release</a>
  


Apache Subversion 1.12 is a superset of all previous Subversion
releases"","" and is as of the time of its release considered the current
""best"" release.  Any feature or bugfix in 1.0.x through 1.11.x is also
in 1.12"","" but 1.12 contains features and bugfixes not present in any
earlier release.  The new features will eventually be documented in a
1.12 version of the free Subversion book
(<a href=""https://svnbook.red-bean.com/"">svnbook.red-bean.com</a>).

This page describes only major changes.  For a complete list of
changes"","" see the 1.12 section of the <a href=""https://svn.apache.org/repos/asf/subversion/trunk/CHANGES"">CHANGES</a>
file.

",""
"https://subversion.apache.org/docs/release-notes/1.12.html","Compatibility Concerns
  <a class=""sectionlink"" href=""#compatibility"" title=""Link to this section"">¶</a>


Older clients and servers interoperate transparently with 1.12
servers and clients.  However"","" some of the new 1.12 features may not be
available unless both client and server are the latest version.  There are
also cases where a new feature will work but will run less efficiently if
the client is new and the server old.

There is no need to <a href=""https://svnbook.red-bean.com/en/1.8/svn.reposadmin.maint.html#svn.reposadmin.maint.migrate.svnadmin"">dump and reload</a> your repositories. 
Subversion 1.12 servers can read and write to repositories created by
earlier versions.  To upgrade an existing server installation"","" just install the
newest libraries and binaries on top of the older ones.

Subversion 1.12 maintains API/ABI compatibility with earlier
releases"","" by only adding new functions"","" never removing old ones.  A
program written to any previous 1.x API can both compile
and run using 1.12 libraries.  However"","" a program written for 1.12
cannot necessarily compile or run against older libraries.

There may be limited cases where the behavior of old APIs has been
slightly modified from previous releases.  These are cases where edge cases
of the functionality has been deemed buggy"","" and therefore improved or removed.
Please consult the
<a href=""https://svn.apache.org/repos/asf/subversion/trunk/notes/api-errata/1.12/"">API errata</a> for more detailed information on what these APIs are
and what impact these changes may have.

  

  

  

",""
"https://subversion.apache.org/docs/release-notes/1.12.html","","New Feature Compatibility Table
  <a class=""sectionlink"" href=""#new-feature-compatibility-table"" title=""Link to this section"">¶</a>

<table border=""1"">
  <tbody><tr>
    <th>New Feature</th>
    <th>Minimum Client<sup>1</sup></th>
    <th>Minimum Server</th>
    <th>Minimum Repository</th>
    <th>Notes</th></tr>
  <tr>
    <td>
      <a href=""#shelving""><a href=""#shelving"">Shelving (experimental)</a></a>
    </td>
    <td>1.12</td>
    <td>any</td>
    <td>any</td>
    <td>shelves created by 1.10 are not compatible?see
        <a href=""1.11#shelving-transition""><a href=""1.11#shelving-transition"">the 1.11 transition notes</a></a></td></tr>
  <tr>
    <td>
      <a href=""#checkpointing""><a href=""#checkpointing"">Commit checkpointing (experimental)</a></a>
    </td>
    <td>1.12</td>
    <td>any</td>
    <td>any</td>
    <td></td></tr>
  <tr>
    <td colspan=""5""><sup>1</sup>Reminder: when using the <tt>file://</tt>
    repository access method"","" the Subversion program is both the client
    <em>and</em> the server.</td></tr>
</tbody></table>

"
"https://subversion.apache.org/docs/release-notes/1.12.html","","Upgrading the Working Copy
  <a class=""sectionlink"" href=""#wc-upgrade"" title=""Link to this section"">¶</a>


Subversion 1.12 uses the same working copy format as Subversion 1.8 through 1.11.

Before using Subversion 1.12 with an existing Subversion 1.7 or older
working copy"","" users will be required to run the svn upgrade command
to upgrade working copy metadata to the new format. This command may take a
while in some cases"","" and for some users"","" it may be more practical to simply
checkout a new working copy.

Note: Subversion 1.12 cannot upgrade working copies that
a 1.6 client would have refused to operate upon before an svn cleanup
was run (with a 1.6 client).  In other words"","" before upgrading to 1.8 or newer"",""
a 1.6
or older client must be used to run svn cleanup on all 1.6 or older
working copies that require cleanup.  Likewise"","" Subversion 1.12 cannot upgrade
corrupt working copies. Unfixable problems can arise from missing or corrupt
meta-data inside .svn directories.  Such damage to the working copy
is permanent"","" and cannot be fixed even if svn cleanup is run prior
to the upgrade.

If your working copy does not upgrade cleanly"","" please check out a new one.


"
"https://subversion.apache.org/docs/release-notes/1.12.html","New Features
  <a class=""sectionlink"" href=""#new-features"" title=""Link to this section"">¶</a>


",""
"https://subversion.apache.org/docs/release-notes/1.12.html","Enhancements and Bugfixes
  <a class=""sectionlink"" href=""#enhancements"" title=""Link to this section"">¶</a>




 

 

 

  

",""
"https://subversion.apache.org/docs/release-notes/1.12.html","","Command-line client improvements (client)
  <a class=""sectionlink"" href=""#cmdline"" title=""Link to this section"">¶</a>



Improved Shelving (experimental)
  <a class=""sectionlink"" href=""#shelving"" title=""Link to this section"">¶</a>


Shelving (<a href=""https://issues.apache.org/jira/browse/SVN-3625"">issue #3625</a>)"",""
first introduced in Subversion 1.10"","" is improved in 1.12 to
handle more kinds of changes more robustly.


  WARNING: This feature is
  designated ""EXPERIMENTAL"" in 1.12. It is being released in an early form
  while development continues. It is expected to change significantly during
  and after the 1.12.x series. There is no promise of backward compatibility
  while it remains experimental.




  


Commit checkpointing (experimental)
  <a class=""sectionlink"" href=""#checkpointing"" title=""Link to this section"">¶</a>


Commit checkpointing (<a href=""https://issues.apache.org/jira/browse/SVN-3626"">issue #3626</a>)"",""
first introduced in Subversion 1.11"","" is improved in 1.12 to
handle more kinds of changes more robustly.


  WARNING: This feature is
  designated ""EXPERIMENTAL"" in 1.12. It is being released in an early form
  while development continues. It is expected to change significantly during
  and after the 1.12.x series. There is no promise of backward compatibility
  while it remains experimental.




  


Improvements to the interactive conflict resolver
  <a class=""sectionlink"" href=""#conflict-resolver"" title=""Link to this section"">¶</a>


The interactive conflict resolver now supports some cases where items 
were moved to disparate locations. Support for unversioned items in the
working copy has been improved as well.
The table below lists the newly supported cases and available resolution
options for each.

<table border=""1"">
  <tbody><tr>
    <th>local change</th>
    <th>incoming change</th>
    <th>operation</th>
    <th>resolution options</th>
  </tr>
  <tr>
    <td><ul>
      <li>move file</li>
    </ul></td>
    <td><ul>
      <li>move file</li>
    </ul></td>
    <td>update"","" merge</td>
    <td><ul>
      <li>merge<br>(applies textual changes only and leaves the tree structure
      of the working copy as it is)
      </li><li>move and merge<br>(changes the file's location in the working copy
      to match that of the merge source before merging changes)
    </li></ul></td>
  </tr>
  <tr>
    <td><ul>
      <li>move directory</li>
    </ul></td>
    <td><ul>
      <li>move directory</li>
    </ul></td>
    <td>merge</td>
    <td><ul>
      <li>merge<br>(applies changes to the corresponding directory and leaves
       the tree structure of the working copy as it is)
      </li><li>move and merge<br>(changes the directory's location in the working
       copy to match that of the merge source before merging changes)
    </li></ul></td>
  </tr><tr>
    <td><ul>
      <li>unversioned file</li>
    </ul></td>
    <td><ul>
      <li>add file</li>
    </ul></td>
    <td>update"","" switch </td>
    <td><ul>
      <li>merge<br>(merges the unversioned file with the incoming file)
    </li></ul></td>
  </tr>
  <tr>
    <td><ul>
      <li>unversioned directory</li>
    </ul></td>
    <td><ul>
      <li>add directory</li>
    </ul></td>
    <td>update"","" switch </td>
    <td><ul>
      <li>merge<br>(re-adds directory to working copy but leaves any on-disk
      files as they were)
    </li></ul></td>
  </tr>
</tbody></table>

During svn update"","" the deletion of a directory which contains
unversioned items but is otherwise unmodified no longer causes a tree
conflict. This avoids tree conflicts caused by software build artifacts
in the working copy"","" for example.

Several bugs have been fixed in the conflict resolver"","" including a case
where text conflicts were created with the incoming changes (theirs) and
local changes (mine) swapped within text conflict markers. Which caused
unexpected results when the svn resolve command was used with
the --accept theirs or --accept mine options.

Support for unversioned items and fixes for conflict resolver bugs found
during the development of Subversion 1.12 have been backported to the
<a href=""1.10.html"">Subversion 1.10</a> and
<a href=""1.11.html"">Subversion 1.11</a> release series as well.

 

"
"https://subversion.apache.org/docs/release-notes/1.12.html","","Server-side improvements
  <a class=""sectionlink"" href=""#server-side-improvements"" title=""Link to this section"">¶</a>



Subversion servers will now ignore empty group definitions in their
path-based authorization rules. The svnauthz command will print
a warning if it detects empty group definitions.
 

"
"https://subversion.apache.org/docs/release-notes/1.12.html","","Client- and server-side improvements
  <a class=""sectionlink"" href=""#client-server-improvements"" title=""Link to this section"">¶</a>



On Unix-like systems"","" client-side storage of passwords in plaintext on
disk is now disabled by default at compile-time.
Password caching mechanisms based on Gnome Keyring"","" Kwallet"","" or GPG-Agent"",""
are recommended instead.

This change does not affect Windows or Mac OS platforms"","" where passwords
have always been stored in an encrypted representation.
 


Behaviour of copy operations with a repository source and a working copy
target has been improved:

Existing parent directories are now handled correctly.
Peg and operative revisions are now handled correctly (see
<a href=""https://issues.apache.org/jira/browse/SVN-4785"">issue #4785</a>
for details).

 


The svn list command now avoids truncation of long author names
by dynamically adjusting the width of columns displayed.
The svn list command now supports a --human-readable
(-H) option which will display sizes in human-readable units
(Bytes"","" Kilobytes"","" Megabytes"","" Gigabytes"","" Terabytes and Petabytes).
 


The svn info command can now display the size of files in the
repository. The file size is only displayed if the target of svn info
is a file URL.
 


The svn cleanup command"","" when asked to remove unversioned or
ignored items"","" will now remove directories even if they are write-protected.
 

"
"https://subversion.apache.org/docs/release-notes/1.12.html","","API changes"","" improvements and language bindings
    (client and server)
  <a class=""sectionlink"" href=""#apis"" title=""Link to this section"">¶</a>


"
"https://subversion.apache.org/docs/release-notes/1.12.html","Known issues in the release
  <a class=""sectionlink"" href=""#issues"" title=""Link to this section"">¶</a>




There are some known issues in the Subversion 1.12 releases.  These
may be fixed in later 1.12.x releases.

  

  

",""
"https://subversion.apache.org/docs/release-notes/1.12.html","","Ruby bindings require swig 3.0.9
  <a class=""sectionlink"" href=""#ruby-swig-issue-602"" title=""Link to this section"">¶</a>


This section only affects those who build Subversion from a working
  copy.  If you build Subversion from a tarball or zip file"","" you may skip
  this section.

The Ruby bindings are known not to build with swig version 3.0.8 (and only
that version) due to <a href=""https://github.com/swig/swig/issues/602"">swig
issue #602</a>.  We recommend to use swig 3.0.9 or newer.

The failure is detected by the test suite.
To test whether your version of swig is affected"","" run
make check-swig-rb.  (Some distros might have backported the swig
patch into their swig-3.0.8 packages.)

The Perl and Python bindings are not affected.

"
"https://subversion.apache.org/docs/release-notes/1.12.html","","Subversion 1.12.0 fails to compile against APR 1.7.0
  <a class=""sectionlink"" href=""#apr-1-7"" title=""Link to this section"">¶</a>


Subversion 1.12.0 and older cannot be built out of the box with APR-1.7.0.
We expect to fix this problem in Subversion 1.12.1.
This problem affects the <a href=""1.10.html"">Subversion 1.10</a> and
<a href=""1.11.html"">Subversion 1.11</a> release series as well.


"
"https://subversion.apache.org/docs/release-notes/1.12.html","Subversion 1.12 is a Regular Release
  <a class=""sectionlink"" href=""#non-lts-release"" title=""Link to this section"">¶</a>


Subversion 1.12 is one of the new 6-month regular releases with an
emphasis on introducing new features more quickly and a shorter support
period. It will be supported for 6 months"","" and then will be superseded by
the next regular release.

Subversion 1.11"","" the previous regular release"","" is no longer supported.

Subversion 1.9 and 1.10 are still supported"","" now being regarded as
long-term support (LTS) releases. The next LTS release is expected to be
numbered 1.14"","" to be released two years after 1.10.

For further details see
<a href=""/roadmap.html#release-planning"">How We Plan Releases</a>.

",""
"https://subversion.apache.org/docs/release-notes/1.13.html","What's New in Apache Subversion 1.13
  <a class=""sectionlink"" href=""#news"" title=""Link to this section"">¶</a>



  
  <a href=""#enhancements"">Enhancements and bug fixes</a>
  <a href=""#issues"">Known issues in the release</a>
  


Apache Subversion 1.13 is a superset of all previous Subversion
releases"","" and is as of the time of its release considered the current
""best"" release.  Any feature or bugfix in 1.0.x through 1.12.x is also
in 1.13"","" but 1.13 contains features and bugfixes not present in any
earlier release.  The new features will eventually be documented in a
1.13 version of the free Subversion book
(<a href=""https://svnbook.red-bean.com/"">svnbook.red-bean.com</a>).

This page describes only major changes.  For a complete list of
changes"","" see the 1.13 section of the <a href=""https://svn.apache.org/repos/asf/subversion/trunk/CHANGES"">CHANGES</a>
file.

",""
"https://subversion.apache.org/docs/release-notes/1.13.html","Compatibility Concerns
  <a class=""sectionlink"" href=""#compatibility"" title=""Link to this section"">¶</a>


Older clients and servers interoperate transparently with 1.13
servers and clients.  However"","" some of the new 1.13 features may not be
available unless both client and server are the latest version.  There are
also cases where a new feature will work but will run less efficiently if
the client is new and the server old.

There is no need to <a href=""https://svnbook.red-bean.com/en/1.8/svn.reposadmin.maint.html#svn.reposadmin.maint.migrate.svnadmin"">dump and reload</a> your repositories. 
Subversion 1.13 servers can read and write to repositories created by
earlier versions.  To upgrade an existing server installation"","" just install the
newest libraries and binaries on top of the older ones.

Subversion 1.13 maintains API/ABI compatibility with earlier
releases"","" by only adding new functions"","" never removing old ones.  A
program written to any previous 1.x API can both compile
and run using 1.13 libraries.  However"","" a program written for 1.13
cannot necessarily compile or run against older libraries.

There may be limited cases where the behavior of old APIs has been
slightly modified from previous releases.  These are cases where edge cases
of the functionality has been deemed buggy"","" and therefore improved or removed.
Please consult the
<a href=""https://svn.apache.org/repos/asf/subversion/trunk/notes/api-errata/1.13/"">API errata</a> for more detailed information on what these APIs are
and what impact these changes may have.

  

  



",""
"https://subversion.apache.org/docs/release-notes/1.13.html","","New Feature Compatibility Table
  <a class=""sectionlink"" href=""#new-feature-compatibility-table"" title=""Link to this section"">¶</a>

<table border=""1"">
  <tbody><tr>
    <th>New Feature</th>
    <th>Minimum Client<sup>1</sup></th>
    <th>Minimum Server</th>
    <th>Minimum Repository</th>
    <th>Notes</th></tr>
  <tr>
    <td>'svnadmin rev-size'</td>
    <td>n/a</td>
    <td>1.13</td>
    <td>any FSFS repo</td>
    <td></td></tr>
  <tr>
    <td colspan=""5""><sup>1</sup>Reminder: when using the <tt>file://</tt>
    repository access method"","" the Subversion program is both the client
    <em>and</em> the server.</td></tr>
</tbody></table>

"
"https://subversion.apache.org/docs/release-notes/1.13.html","","Upgrading the Working Copy
  <a class=""sectionlink"" href=""#wc-upgrade"" title=""Link to this section"">¶</a>


Subversion 1.13 uses the same working copy format as Subversion 1.8 through 1.12.

Before using Subversion 1.13 with an existing Subversion 1.7 or older
working copy"","" users will be required to run the svn upgrade command
to upgrade working copy metadata to the new format. This command may take a
while in some cases"","" and for some users"","" it may be more practical to simply
checkout a new working copy.

Note: Subversion 1.13 cannot upgrade working copies that
a 1.6 client would have refused to operate upon before an svn cleanup
was run (with a 1.6 client).  In other words"","" before upgrading to 1.8 or newer"",""
a 1.6
or older client must be used to run svn cleanup on all 1.6 or older
working copies that require cleanup.  Likewise"","" Subversion 1.13 cannot upgrade
corrupt working copies. Unfixable problems can arise from missing or corrupt
meta-data inside .svn directories.  Such damage to the working copy
is permanent"","" and cannot be fixed even if svn cleanup is run prior
to the upgrade.

If your working copy does not upgrade cleanly"","" please check out a new one.


"
"https://subversion.apache.org/docs/release-notes/1.13.html","New Features
  <a class=""sectionlink"" href=""#new-features"" title=""Link to this section"">¶</a>



New 'svnadmin rev-size' command to report revision size (r1857624)


",""
"https://subversion.apache.org/docs/release-notes/1.13.html","Enhancements and Bugfixes
  <a class=""sectionlink"" href=""#enhancements"" title=""Link to this section"">¶</a>




 

 

 

",""
"https://subversion.apache.org/docs/release-notes/1.13.html","","Command-line client improvements (client)
  <a class=""sectionlink"" href=""#cmdline"" title=""Link to this section"">¶</a>



In 'svn help'"","" hide experimental commands and global options (issue #4828)
Performance improvement for 'svn st' etc."","" in WC SQLite DB (r1865523)


"
"https://subversion.apache.org/docs/release-notes/1.13.html","","Server-side improvements
  <a class=""sectionlink"" href=""#server-side-improvements"" title=""Link to this section"">¶</a>



Add a hint about mod_dav_svn misconfiguration (r1866738)


"
"https://subversion.apache.org/docs/release-notes/1.13.html","","Client- and server-side improvements
  <a class=""sectionlink"" href=""#client-server-improvements"" title=""Link to this section"">¶</a>


"
"https://subversion.apache.org/docs/release-notes/1.13.html","Known issues in the release
  <a class=""sectionlink"" href=""#issues"" title=""Link to this section"">¶</a>


There are no known issues specific to this release at the moment.



",""
"https://subversion.apache.org/docs/release-notes/1.13.html","Subversion 1.13.x is a Regular Release
  <a class=""sectionlink"" href=""#non-lts-release"" title=""Link to this section"">¶</a>


1.13 is a regular release"","" not a Long-Term Support release.
   This release does not change the status of existing LTS releases.
   See <a href=""/roadmap.html#release-planning"">How We Plan Releases</a>.

",""
"https://subversion.apache.org/docs/release-notes/1.14.html","What's New in Apache Subversion 1.14
  <a class=""sectionlink"" href=""#news"" title=""Link to this section"">¶</a>



  
  <a href=""#python3"">Support for Python 3.x</a>
  <a href=""#python2"">Support for Python 2.7 is being phased out</a>
  <a href=""#py3c"">New Build-Time Dependency: py3c</a>
  <a href=""#enhancements"">Many enhancements and bug fixes</a>
  <a href=""#issues"">Known issues in the release</a>
  


Apache Subversion 1.14 is a superset of all previous Subversion
releases"","" and is as of the time of its release considered the current
""best"" release.  Any feature or bugfix in 1.0.x through 1.13.x is also
in 1.14"","" but 1.14 contains features and bugfixes not present in any
earlier release.

Because 1.14 is the next LTS release following 1.10"","" these release
notes describe major changes since 1.10"","" including changes released in
1.11.x through 1.13.x.

This page describes only major changes.  For a complete list of
changes"","" see the 1.14 section of the <a href=""https://svn.apache.org/repos/asf/subversion/trunk/CHANGES"">CHANGES</a>
file.

",""
"https://subversion.apache.org/docs/release-notes/1.14.html","Compatibility Concerns
  <a class=""sectionlink"" href=""#compatibility"" title=""Link to this section"">¶</a>


Older clients and servers interoperate transparently with 1.14
servers and clients.  However"","" some of the new 1.14 features may not be
available unless both client and server are the latest version.  There are
also cases where a new feature will work but will run less efficiently if
the client is new and the server old.

There is no need to <a href=""https://svnbook.red-bean.com/en/1.8/svn.reposadmin.maint.html#svn.reposadmin.maint.migrate.svnadmin"">dump and reload</a> your repositories.
Subversion 1.14 servers can read and write to repositories created by
earlier versions.  To upgrade an existing server installation"","" just install the
newest libraries and binaries on top of the older ones.

Subversion 1.14 maintains API/ABI compatibility with earlier
releases"","" by only adding new functions"","" never removing old ones.  A
program written to any previous 1.x API can both compile
and run using 1.14 libraries.  However"","" a program written for 1.14
cannot necessarily compile or run against older libraries.

There may be limited cases where the behavior of old APIs has been
slightly modified from previous releases.  These are cases where edge cases
of the functionality has been deemed buggy"","" and therefore improved or removed.
Please consult the
<a href=""https://svn.apache.org/repos/asf/subversion/trunk/notes/api-errata/1.14/"">API errata</a> for more detailed information on what these APIs are
and what impact these changes may have.

  

  

  

  

",""
"https://subversion.apache.org/docs/release-notes/1.14.html","","New Feature Compatibility Table
  <a class=""sectionlink"" href=""#new-feature-compatibility-table"" title=""Link to this section"">¶</a>

<table border=""1"">
  <tbody><tr>
    <th>New Feature</th>
    <th>Minimum Client<sup>1</sup></th>
    <th>Minimum Server</th>
    <th>Minimum Repository</th>
    <th>Notes</th></tr>
  <tr>
    <td><a href=""#svnadmin-rev-size""><a href=""#svnadmin-rev-size""><tt>svnadmin rev-size</tt></a></a></td>
    <td>n/a</td>
    <td>1.13</td>
    <td>any FSFS repo</td>
    <td></td></tr>
  <tr>
    <td><a href=""#svnadmin-build-repcache""><a href=""#svnadmin-build-repcache""><tt>svnadmin build-repcache</tt></a></a></td>
    <td>n/a</td>
    <td>1.14</td>
    <td>FSFS format 4</td>
    <td>see <tt>Filesystem Format</tt> in the output of <tt>svnadmin info /path/to/repo</tt></td></tr>
  <tr>
    <td>
      <a href=""#shelving""><a href=""#shelving"">Shelving (experimental)</a></a>
    </td>
    <td>1.12</td>
    <td>any</td>
    <td>any</td>
    <td>shelves created by 1.10 are not compatible?see
        <a href=""#shelving-transition""><a href=""#shelving-transition"">Upgrading 1.10?1.13 shelves to 1.14</a></a></td></tr>
  <tr>
    <td>
      <a href=""#shelving-checkpointing""><a href=""#shelving-checkpointing"">Commit checkpointing (experimental)</a></a>
    </td>
    <td>1.12</td>
    <td>any</td>
    <td>any</td>
    <td></td></tr>
  <tr>
    <td>
      <a href=""#viewspec-output""><a href=""#viewspec-output"">Viewspec output command (experimental)</a></a>
    </td>
    <td>1.11</td>
    <td>any</td>
    <td>any</td>
    <td></td></tr>
  <tr>
    <td colspan=""5""><sup>1</sup>Reminder: when using the <tt>file://</tt>
    repository access method"","" the Subversion program is both the client
    <em>and</em> the server.</td></tr>
</tbody></table>

"
"https://subversion.apache.org/docs/release-notes/1.14.html","","Upgrading the Working Copy
  <a class=""sectionlink"" href=""#wc-upgrade"" title=""Link to this section"">¶</a>


Subversion 1.14 uses the same working copy format as Subversion 1.8 through 1.13.

Before using Subversion 1.14 with an existing Subversion 1.7 or older
working copy"","" users will be required to run the svn upgrade command
to upgrade working copy metadata to the new format. This command may take a
while in some cases"","" and for some users"","" it may be more practical to simply
checkout a new working copy.

Note: Subversion 1.14 cannot upgrade working copies that
a 1.6 client would have refused to operate upon before an svn cleanup
was run (with a 1.6 client).  In other words"","" before upgrading to 1.8 or newer"",""
a 1.6
or older client must be used to run svn cleanup on all 1.6 or older
working copies that require cleanup.  Likewise"","" Subversion 1.14 cannot upgrade
corrupt working copies. Unfixable problems can arise from missing or corrupt
meta-data inside .svn directories.  Such damage to the working copy
is permanent"","" and cannot be fixed even if svn cleanup is run prior
to the upgrade.

If your working copy does not upgrade cleanly"","" please check out a new one.


"
"https://subversion.apache.org/docs/release-notes/1.14.html","","Changes to Experimental Shelving Feature
  <a class=""sectionlink"" href=""#compatibility-shelving"" title=""Link to this section"">¶</a>


Since 1.10"","" Subversion provides an experimental ""Shelving"" feature aimed
at addressing <a href=""https://issues.apache.org/jira/browse/SVN-3625"">issue
#3625</a>. There is no promise of backward compatibility for features
designated ""experimental.""

Shelving in 1.14 has changed significantly since 1.10 and is incompatible
with shelves created by 1.10. See <a href=""#shelving"">Shelving and
Checkpointing (experimental)</a> for the major changes and differences in
commands. See its subsection"","" <a href=""#shelving-transition"">Upgrading
1.10?1.13 shelves to 1.14</a> to learn how to recover 1.10 shelves in
an existing working copy.

"
"https://subversion.apache.org/docs/release-notes/1.14.html","","Miscellaneous Compatibility Notes
  <a class=""sectionlink"" href=""#compat-misc"" title=""Link to this section"">¶</a>


There are some additional specific areas where changes made in this
release might necessitate further adjustment by administrators or
users.  We'll cover those in this section.


Path-based authorization compatibility
  <a class=""sectionlink"" href=""#compat-misc-authz"" title=""Link to this section"">¶</a>


A fix for <a href=""https://issues.apache.org/jira/browse/SVN-4762?issueNumber=4762"">Issue #4762</a> may change the way path-based authorization rules are applied
in some circumstances. See <a href=""https://svn.apache.org/r1882326"">r1882326</a>.

Background: Subversion 1.10 introduced a new implementation of path-based
authorization (authz) to deliver wildcard support and improved performance
over that of Subversion 1.9 and earlier. From Subversion 1.10 through 1.14.0"",""
the new implementation did not correctly combine global rules with repository
rules: if a global rule and a per-repository rule were both present for a
path"","" the global rule would be ignored and the per-repository rule would
apply by itself. As a result"","" from Subversion 1.10 through 1.14.0"","" it was not
possible to override per-path access rules for specific users (or groups) at
the global level. Administrators whose authz rules rely on this incorrect
behavior may need to adjust their rules accordingly.


This issue is fixed in 1.14.1"","" making it possible once again to
override per-path access rules for specific users (and groups) at the global level.
Such global rules are overridden by repository-specific rules only if both the
user and the path match the repository-specific rule.

As an example"","" consider the following rule set:

[groups]
company = developer1"","" developer2"","" developer3
customer = customer1"","" customer2

# company can read-write on everything
[/]
@company = rw

[project1:/]
@customer = r



Does developer1 have rw access to ""/trunk"" in project1?



Subversion servers running 1.10.0 up to 1.10.6 or 1.14.0"","" without the fix for
<a href=""https://issues.apache.org/jira/browse/SVN-4762?issueNumber=4762"">issue #4762</a>"","" will only apply the repository-specific part of the rule set:
[project1:/]
@customer = r


The answer in this case is that developer1 has no access at all because the
global rule which grants rw access to the @company group is ignored.



Subversion servers running 1.14.1 or later match the behaviour of
Subversion 1.9"","" meaning they will apply both the global and the repository-specific
part of the rule set:
# company can read-write on everything
[/]
@company = rw

[project1:/]
@customer = r


The answer in this case is that developer1 has rw access
to any path in project1.
Global rules are overridden by repository-specific rules only if both the
user (developer1) and the path (""/"""","" including child paths
for which no specific rules exist) match the repository-specific rule.
While the repository-specific rule matches ""/trunk"" it does not
match developer1"","" and hence the global rule will be used.


  

"
"https://subversion.apache.org/docs/release-notes/1.14.html","New Features
  <a class=""sectionlink"" href=""#new-features"" title=""Link to this section"">¶</a>


 

 

",""
"https://subversion.apache.org/docs/release-notes/1.14.html","","New svnadmin rev-size command
  <a class=""sectionlink"" href=""#svnadmin-rev-size"" title=""Link to this section"">¶</a>


This change was first introduced in 1.13.

Add an svnadmin rev-size command to report the total size in
bytes of the representation on disk of a revision"","" including rev-props"",""
but excluding FSFS indexes. For example:

    $ svnadmin rev-size /path/to/repo -r1
            1337 bytes in revision 1


(See <a href=""https://svn.apache.org/r1857624"">r1857624</a>.)
"
"https://subversion.apache.org/docs/release-notes/1.14.html","","New svnadmin build-repcache command
  <a class=""sectionlink"" href=""#svnadmin-build-repcache"" title=""Link to this section"">¶</a>


Representation Sharing (also called rep-sharing) is a data storage
de-duplication feature first introduced in Subversion 1.6. It reduces the disk
size of a repository by storing duplicate data only once. (See <a href=""https://issues.apache.org/jira/browse/SVN-2286"">issue #2286</a>.)

This optional feature is enabled by default. It relies on a rep-cache
database"","" which Subversion automatically maintains with the repository"","" to
identify duplicate pieces of data.

Over time"","" some administrators have disabled and/or re-enabled rep-sharing"",""
which has the effect of excluding from the rep-cache any revisions that were
committed while the feature was disabled.

Subversion 1.14 introduces a new svnadmin build-repcache
subcommand"","" which administrators can use to populate any missing entries in
the rep-cache database for a specified revision range (or all revisions). (See
<a href=""https://svn.apache.org/r1875921"">r1875921</a>.)

For example"","" to process revisions 20 through 25"","" inclusive"","" and ensure that
their data is known to the rep-cache:

    $ svnadmin build-repcache /path/to/repo -r20:25
    * Processed revision 20.
    * Processed revision 21.
    * Processed revision 22.
    * Processed revision 23.
    * Processed revision 24.
    * Processed revision 25.


If only one revision argument is given"","" svnadmin build-repcache
will process that revision only:

    $ svnadmin build-repcache /path/to/repo -r20
    * Processed revision 20.


If no revision argument is given"","" svnadmin build-repcache will
process all revisions.

"
"https://subversion.apache.org/docs/release-notes/1.14.html","Enhancements and Bugfixes
  <a class=""sectionlink"" href=""#enhancements"" title=""Link to this section"">¶</a>




 

 

 

  

",""
"https://subversion.apache.org/docs/release-notes/1.14.html","","Command-line client improvements (client)
  <a class=""sectionlink"" href=""#cmdline"" title=""Link to this section"">¶</a>



svn log  improvements
  <a class=""sectionlink"" href=""#log-quiet-diff"" title=""Link to this section"">¶</a>


svn log --quiet  and --diff  options are no longer
mutually exclusive. This makes it easier to display only the differences
in a range of revisions. (See <a href=""https://svn.apache.org/r1871916"">r1871916</a>.)

 


svn info  improvements
  <a class=""sectionlink"" href=""#info-show-item-changelist"" title=""Link to this section"">¶</a>


New changelist  argument to svn info --show-item 
(<a href=""https://svn.apache.org/r1869481"">r1869481</a>).

 


Escaping/quoting of pathname arguments to the user-defined editor
  <a class=""sectionlink"" href=""#editor-filename-escaping"" title=""Link to this section"">¶</a>


When invoking the user-defined editor"","" such as during interactive conflict
resolution"","" Subversion now performs escaping of any special characters in the
pathname of the file to be edited. This corrects a problem that would occur
previously when the file to be edited (and/or the path leading to it)
contained spaces or other special characters. (See
<a href=""https://svn.apache.org/r1874057"">r1874057</a>"",""
<a href=""https://svn.apache.org/r1874093"">r1874093</a>"","" and
<a href=""https://svn.apache.org/r1875230"">r1875230</a>.)

Note that escaping is performed only on the pathname argument. As before"",""
the editor itself is invoked through the shell and the user must properly
quote/escape the command line used to launch it. This is intentional"","" as it
allows the user to construct a shell command which itself contains command
line arguments. See the related
<a href=""https://subversion.apache.org/faq.html#svn-editor"">FAQ entry</a> for
more on spaces and/or command line options in the editor path.

The user-defined editor can be specified in the following ways"","" in this
order of precedence:


  The --editor-cmd command-line option
  The $SVN_EDITOR environment variable
  The editor-cmd runtime configuration option
  The $VISUAL environment variable
  The $EDITOR environment variable


The escaped pathname of the file to be edited is passed to the editor as
its last command line argument.

For example"","" suppose that $SVN_EDITOR is set as follows:

SVN_EDITOR='vim -N --'
export SVN_EDITOR


Furthermore"","" suppose 'svn up' finds a text conflict in a file called
foo bar.txt:

$ svn up
Updating '.':
C    foo bar.txt
Updated to revision 2.
Summary of conflicts:
  Text conflicts: 1
Merge conflict discovered in file 'foo bar.txt'.
Select: (p) Postpone"","" (df) Show diff"","" (e) Edit file"","" (m) Merge"",""
        (s) Show all options: e


When Subversion launches the editor"","" the spaces in vim -N -- will
not be escaped"","" allowing vim to be invoked with -N
and -- as its first two arguments"","" but the space in
foo bar.txt will be escaped.

 


Improvements to the interactive conflict resolver
  <a class=""sectionlink"" href=""#conflict-resolver"" title=""Link to this section"">¶</a>


Since its introduction in 1.10"","" the new interactive conflict resolver has
received various improvements.

Starting in 1.11"","" the interactive conflict resolver supports more conflict
situations which involve moved files and directories. Specifically"","" many tree
conflicts which report a ""locally missing"" item"","" as a result of an item having
moved on the merge source branch"","" can now be resolved automatically.

For example"","" when a file edit is cherry-picked from a branch on which
the edited file has been renamed"","" the edit will now be applied to the file's
location in the merge target branch"","" provided it has not been renamed
on that branch as well. For details"","" see
<a href=""https://issues.apache.org/jira/browse/SVN-4694"">issue #4694</a>"",""
""Unresolvable tree conflict when cherrypicking a file-edit after file was
moved on source branch"".

Furthermore"","" since 1.12"","" the interactive conflict resolver supports some
cases where items were moved to disparate locations. Support for unversioned
items in the working copy has been improved as well. The table below lists
these cases and available resolution options for each.

<table border=""1"">
  <tbody><tr>
    <th>local change</th>
    <th>incoming change</th>
    <th>operation</th>
    <th>resolution options</th>
  </tr>
  <tr>
    <td><ul>
      <li>move file</li>
    </ul></td>
    <td><ul>
      <li>move file</li>
    </ul></td>
    <td>update"","" merge</td>
    <td><ul>
      <li>merge<br>(applies textual changes only and leaves the tree structure
      of the working copy as it is)
      </li><li>move and merge<br>(changes the file's location in the working copy
      to match that of the merge source before merging changes)
    </li></ul></td>
  </tr>
  <tr>
    <td><ul>
      <li>move directory</li>
    </ul></td>
    <td><ul>
      <li>move directory</li>
    </ul></td>
    <td>merge</td>
    <td><ul>
      <li>merge<br>(applies changes to the corresponding directory and leaves
       the tree structure of the working copy as it is)
      </li><li>move and merge<br>(changes the directory's location in the working
       copy to match that of the merge source before merging changes)
    </li></ul></td>
  </tr><tr>
    <td><ul>
      <li>unversioned file</li>
    </ul></td>
    <td><ul>
      <li>add file</li>
    </ul></td>
    <td>update"","" switch </td>
    <td><ul>
      <li>merge<br>(merges the unversioned file with the incoming file)
    </li></ul></td>
  </tr>
  <tr>
    <td><ul>
      <li>unversioned directory</li>
    </ul></td>
    <td><ul>
      <li>add directory</li>
    </ul></td>
    <td>update"","" switch </td>
    <td><ul>
      <li>merge<br>(re-adds directory to working copy but leaves any on-disk
      files as they were)
    </li></ul></td>
  </tr>
</tbody></table>

During svn update"","" the deletion of a directory which contains
unversioned items but is otherwise unmodified no longer causes a tree
conflict. This avoids tree conflicts caused by software build artifacts
in the working copy"","" for example.

Several bugs have been fixed in the conflict resolver"","" including:

<a href=""https://issues.apache.org/jira/browse/SVN-4744"">Issue #4744</a>
""assertion failed (start_rev > end_rev)""
<a href=""https://issues.apache.org/jira/browse/SVN-4766"">Issue #4766</a>
""resolver adds unrelated moves to move target list""
A problem where the resolver mistakenly
<a href=""https://svn.apache.org/r1839662"">searched back through
the entire history of the repository</a>
A case where text conflicts were created with the incoming changes
theirs) and local changes (mine) swapped within text conflict markers. This
caused unexpected results when the svn resolve command was used with
the --accept theirs or --accept mine options. This is fixed
as of 1.12.



Fixes for conflict resolver bugs found during the development of
Subversion 1.11 and 1.12 have been backported to the
<a href=""1.10.html"">Subversion 1.10</a> release series as well.

 


Additions to svn info --show-item
  <a class=""sectionlink"" href=""#info-show-item"" title=""Link to this section"">¶</a>


This change was first introduced in 1.11.

Add 'schedule' and 'depth' items to 'svn info --show-item' (<a href=""https://svn.apache.org/r1827032"">r1827032</a>).

 


Allow the client cert password to be saved
  <a class=""sectionlink"" href=""#save-client-cert-pw"" title=""Link to this section"">¶</a>


This change was first introduced in 1.11.

Allow the client cert password to be saved (<a href=""https://svn.apache.org/r1836762"">r1836762</a>).

 


svn help hides experimental commands by default
  <a class=""sectionlink"" href=""#help-hide-experimental"" title=""Link to this section"">¶</a>


This change was first introduced in 1.13.

By default"","" svn help no longer lists experimental commands.
To show experimental commands"","" use svn help -v or
svn help --verbose. (See <a href=""https://issues.apache.org/jira/browse/SVN-4766"">issue #4828</a>.)

 


Improved performance for working copy commands like svn status
  <a class=""sectionlink"" href=""#sqlite-omit-wal"" title=""Link to this section"">¶</a>


This change was first introduced in 1.13.

Some local operations"","" such as svn status on a large working copy"",""
now perform more quickly as a result of reduced I/O. This is achieved by
disabling SQLite's WAL (write-ahead logging) feature"","" which Subversion does
not use"","" but which introduces more I/O when left enabled.
(See <a href=""https://svn.apache.org/r1865523"">r1865523</a>.)

 

"
"https://subversion.apache.org/docs/release-notes/1.14.html","","Server-side improvements
  <a class=""sectionlink"" href=""#server-side-improvements"" title=""Link to this section"">¶</a>



svnadmin dump shouldn't canonicalize svn:date
  (<a href=""https://issues.apache.org/jira/browse/SVN-4767"">issue #4767</a>)
  <a class=""sectionlink"" href=""#issue-4767"" title=""Link to this section"">¶</a>


This change was first introduced in 1.11.

svnadmin dump no longer attempts to canonicalize the
  svn:date revision property value in its output. The dump output
  will now contain the value exactly as it exists in the repository.

 


Empty group definitions in authz rules
  <a class=""sectionlink"" href=""#authz-groups"" title=""Link to this section"">¶</a>


This change was first introduced in 1.12.

Subversion servers will now ignore empty group definitions in their
path-based authorization rules. The svnauthz command will print
a warning if it detects empty group definitions.
 


Provide a hint about a possible mod_dav_svn misconfiguration
  <a class=""sectionlink"" href=""#mod-dav-svn-twice-hint"" title=""Link to this section"">¶</a>


This change was first introduced in 1.13.

Add a hint about a possible mod_dav_svn misconfiguration: When warning
about an overlapping configuration"","" if two configuration blocks are for the
same URL"","" then hint that the problem may be including the same configuration
twice. (See <a href=""https://svn.apache.org/r1866738"">r1866738</a>.)

 

"
"https://subversion.apache.org/docs/release-notes/1.14.html","","Client- and server-side improvements
  <a class=""sectionlink"" href=""#client-server-improvements"" title=""Link to this section"">¶</a>



Plaintext passwords on disk disabled by default
  <a class=""sectionlink"" href=""#plaintext-passwords-disabled"" title=""Link to this section"">¶</a>


This change was first introduced in 1.12.

On Unix-like systems"","" client-side storage of passwords in plaintext on
disk is now disabled by default at compile-time.
Password caching mechanisms based on Gnome Keyring"","" Kwallet"","" or GPG-Agent"",""
are recommended instead.

This change does not affect Windows or Mac OS platforms"","" where passwords
have always been stored in an encrypted representation.
 


Improved copying from repository source to working copy target
  <a class=""sectionlink"" href=""#repos-wc-copy"" title=""Link to this section"">¶</a>


This change was first introduced in 1.12.

Behaviour of copy operations with a repository source and a working copy
target has been improved:


Existing parent directories are now handled correctly.
Peg and operative revisions are now handled correctly (see
<a href=""https://issues.apache.org/jira/browse/SVN-4785"">issue #4785</a>
for details).

 


svn list improvements
  <a class=""sectionlink"" href=""#svn-list"" title=""Link to this section"">¶</a>


This change was first introduced in 1.12.
The svn list command now avoids truncation of long author names
by dynamically adjusting the width of columns displayed.
The svn list command now supports a --human-readable
(-H) option which will display sizes in human-readable units
(Bytes"","" Kilobytes"","" Megabytes"","" Gigabytes"","" Terabytes and Petabytes).
 


svn info improvements
  <a class=""sectionlink"" href=""#svn-info"" title=""Link to this section"">¶</a>


This change was first introduced in 1.12.
The svn info command can now display the size of files in the
repository. The file size is only displayed if the target of svn info
is a file URL.
 


svn cleanup improvements
  <a class=""sectionlink"" href=""#svn-cleanup"" title=""Link to this section"">¶</a>


This change was first introduced in 1.12.
The svn cleanup command"","" when asked to remove unversioned or
ignored items"","" will now remove directories even if they are write-protected.
 

"
"https://subversion.apache.org/docs/release-notes/1.14.html","","API changes"","" improvements and language bindings
    (client and server)
  <a class=""sectionlink"" href=""#apis"" title=""Link to this section"">¶</a>



Support for Python 3.x
  <a class=""sectionlink"" href=""#python3"" title=""Link to this section"">¶</a>


Some optional features of Subversion utilize the Python scripting
language.

Subversion's SWIG Python bindings and Subversion's test suite now
support Python 3.x (and newer).

Of course"","" we welcome contributions that extend Subversion's Python
support to include other versions"","" subject to the project's other needs.
See the section
<a href=""#enthusiastic-contributors"">Enthusiastic Contributors
Welcome</a> below.

  


Support for Python 2.7 is being phased out
  <a class=""sectionlink"" href=""#python2"" title=""Link to this section"">¶</a>



Python is Optional.
Read more <a href=""#pythonoptional"">below</a>.
 

As of 1 January 2020"","" <a href=""https://www.python.org/dev/peps/pep-0373/"">Python 2.7 has reached end of life</a>. All users are strongly encouraged
to move to Python 3.

As Subversion 1.14 is a Long Term Support (LTS) release with
planned support into 2024"","" well beyond end-of-life for Python 2.7"","" the
core Subversion developers cannot commit to supporting and testing
with Python 2.7"","" or to fixing bugs that affect Python 2.7 only"","" for
the duration of this support period.

This means that although Subversion 1.14.0 still technically works
with Python 2.7"","" any later 1.14.x point release may drop this support
if it becomes too difficult to maintain.

If you must continue using Python 2.7"","" our previous Long Term Support
release"","" Subversion 1.10"","" is supported until 2022. Python 2.7 support
will not be removed from Subversion 1.10.

Of course"","" we welcome contributions that extend Subversion's Python
2.7 support"","" subject to the project's other needs. See the section
<a href=""#enthusiastic-contributors"">Enthusiastic Contributors
Welcome</a> below.

  

 
Python is Optional
  <a class=""sectionlink"" href=""#pythonoptional"" title=""Link to this section"">¶</a>


Subversion does not require Python for its basic
operation. Python is only required for building Subversion and for
using Subversion's SWIG Python bindings.  If you do not do either of
these things"","" then this change does not affect you.

The Python bindings are used by:


Third-party programs (e.g."",""
    <a href=""https://github.com/viewvc/viewvc/"">ViewVC</a>)
Scripts distributed with Subversion itself in the tools/
    subdirectory.
Any in-house scripts you may have.


In more detail"","" Python is required for doing any of the
following:


Use the SWIG Python bindings
Use the ctypes Python bindings
Build Subversion on Windows
Build Subversion from a tarball on Unix-like systems and run
    Subversion's test suite
Build Subversion from a working copy checked out from Subversion's
    own repository
Build the SWIG Python bindings
Build the ctypes Python bindings


Python is not required for doing any of the
following:


Use the core command-line binaries (svn"","" svnadmin"","" svnsync"",""
    …)
Use Subversion's C libraries
Use any of Subversion's other language bindings
Build Subversion from a tarball on Unix-like systems without
    running Subversion's test suite


 


New Build-Time Dependency: py3c
  <a class=""sectionlink"" href=""#py3c"" title=""Link to this section"">¶</a>


Subversion's support for Python 3.x SWIG bindings introduces a new
optional dependency on the <a href=""https://github.com/encukou/py3c"">Python 3 Compatibility layer for C extensions (py3c)</a>.

You need py3c to build the SWIG Python bindings"","" regardless of the
version of Python. As py3c is a header-only library"","" it is needed only
to build the bindings"","" not to use them.

The convenience script that downloads Subversion's minimal
build-time dependencies"",""
<a href=""https://svn.apache.org/viewvc/subversion/branches/1.14.x/get-deps.sh"">get-deps.sh</a>"","" has been updated to download py3c. This script is
found in the source distribution's root directory. For the full list
of Subversion's dependencies"","" see the
<a href=""https://svn.apache.org/viewvc/subversion/branches/1.14.x/INSTALL"">INSTALL</a> file in the same directory.

  


Support for building with SWIG 4 on Python 3.x
  <a class=""sectionlink"" href=""#swig4-on-py3"" title=""Link to this section"">¶</a>


This section only affects those who build Subversion from a working
  copy.  If you build Subversion from a tarball or zip file"","" you may skip
  this section.

Subversion's SWIG Python bindings can be built with SWIG 4 on Python 3.
The bindings can be built with SWIG 3.x on Python 3 as well (the
-modern argument to SWIG is automatically used). (See
<a href=""https://svn.apache.org/r1869853"">r1869853</a>.)

  


JavaHL Updates
  <a class=""sectionlink"" href=""#javahl"" title=""Link to this section"">¶</a>


This change was first introduced in 1.11.

The JavaHL bindings have been updated to be compatible with Java 10.  Due
  to required build changes"","" JavaHL now requires at least Java 8 to compile.

  

"
"https://subversion.apache.org/docs/release-notes/1.14.html","Experimental Features
  <a class=""sectionlink"" href=""#experimental"" title=""Link to this section"">¶</a>





  The Subversion 1.14.x release includes several ""EXPERIMENTAL"" features.
  These are released in an early form for purposes of testing"","" feedback"","" and
  to entice interested users to <a href=""#enthusiastic-contributors"">contribute</a> to their further development.

  WARNING: Features and APIs which
  are designated ""EXPERIMENTAL"" are considered incomplete and may change
  significantly during and after the 1.14.x series. There is no promise of
  backward compatibility"","" even from one point release to another"","" while they
  remain experimental.


  

 

",""
"https://subversion.apache.org/docs/release-notes/1.14.html","","Shelving and Checkpointing (experimental)
  <a class=""sectionlink"" href=""#shelving"" title=""Link to this section"">¶</a>


Shelving (<a href=""https://issues.apache.org/jira/browse/SVN-3625"">issue
#3625</a>)"","" first introduced in Subversion 1.10"","" has been developed further to
handle more kinds of changes more robustly. Two different versions of shelving
CLIs"","" each with different pros and cons"","" are available for experimentation.
Also"","" changes have been made under the hood to support a related feature"",""
Commit Checkpointing (<a href=""https://issues.apache.org/jira/browse/SVN-3626"">issue #3626</a>).

You can read <a href=""https://cwiki.apache.org/confluence/x/MxbcC"">a
review</a> of the development of experimental support for shelving to find
out more about the differences between the versions"","" and the further work
that would be needed in Subversion to make shelving a first-class
feature.


  Shelving in 1.14 is incompatible with shelves created by 1.10. See
  <a href=""#shelving-transition"">Upgrading 1.10?1.13 shelves to 1.14</a>
  to learn how to recover 1.10 shelves in a working copy.


Shelving commands (see their help for details):

    svn x-shelf-diff
    svn x-shelf-drop
    svn x-shelf-list"","" x-shelves
    svn x-shelf-list-by-paths
    svn x-shelf-log
    svn x-shelf-save
    svn x-shelve
    svn x-unshelve


Differences in the main shelving commands since 1.10:

<table>
<tbody><tr><th>Subversion 1.10 command</th>
    <th>Subversion 1.14 equivalent</th></tr>
<tr><td><tt>svn [x-]shelve [--keep-local] SHELF [PATH...]</tt></td>
    <td>works similarly; saves a new version each time it is used</td></tr>
<tr><td><tt>svn [x-]unshelve [SHELF]</tt></td>
    <td><tt>svn x-unshelve --drop [SHELF]</tt></td></tr>
<tr><td><tt>svn [x-]unshelve --keep-shelved [SHELF]</tt></td>
    <td><tt>svn x-unshelve [SHELF]</tt></td></tr>
<tr><td><tt>svn [x-]shelve --delete SHELF</tt></td>
    <td><tt>svn x-shelf-drop SHELF</tt></td></tr>
<tr><td><tt>svn [x-]shelves</tt> or <tt>svn [x-]shelve --list</tt></td>
    <td><tt>svn x-shelves</tt> or <tt>svn x-shelf-list</tt></td></tr>
</tbody></table>


Choosing and Enabling a Shelving CLI
  <a class=""sectionlink"" href=""#shelving-enabling"" title=""Link to this section"">¶</a>


Because shelving is a work-in-progress"","" the shelving CLI is disabled by
default. Users who wish to experiment with shelving should enable one of the
two available shelving CLI implementations by setting an environment variable
(see <a href=""https://svn.apache.org/r1875037"">r1875037</a> and
<a href=""https://svn.apache.org/r1875039"">r1875039</a>.)

The two implementations are ""Shelving-v2"" as introduced in 1.11"","" and
""Shelving-v3"" as introduced in 1.12. These are incompatible with each other"",""
but both are offered because they have substantially different pros and
cons. (See <a href=""https://cwiki.apache.org/confluence/x/MxbcC"">the
review</a>.)

The shelving CLI implementation is selected by an environment variable"",""
SVN_EXPERIMENTAL_COMMANDS"","" as follows:

<table border=""1"">
  <tbody><tr>
    <th>environment variable</th>
    <th>shelving CLI implementation</th>
  </tr>
  <tr>
    <td><tt>SVN_EXPERIMENTAL_COMMANDS=shelf3</tt></td>
    <td>Shelving-v3"","" as introduced in 1.12</td>
  </tr>
  <tr>
    <td><tt>SVN_EXPERIMENTAL_COMMANDS=shelf2</tt></td>
    <td>Shelving-v2"","" as introduced in 1.11</td>
  </tr>
  <tr>
    <td><tt>SVN_EXPERIMENTAL_COMMANDS=</tt></td>
    <td>No shelving CLI</td>
  </tr>
  <tr>
    <td>Environment variable not set</td>
    <td>No shelving CLI</td>
  </tr>
</tbody></table>

The following table summarizes the kinds of changes that can be shelved by
the two implementations:

<table border=""1"">
  <tbody><tr>
    <th>WC State or Change</th>
    <th>Shelving-v2</th>
    <th>Shelving-v3</th>
  </tr>
  <tr>
    <td>file text"","" file delete/add"","" most properties</td>
    <td>yes</td>
    <td>yes</td>
  </tr>
  <tr>
    <td>mergeinfo changes</td>
    <td>yes</td>
    <td>yes</td>
  </tr>
  <tr>
    <td>copies and moves</td>
    <td>no</td>
    <td>as copies<sup>1</sup></td>
  </tr>
  <tr>
    <td>directories (mkdir/rmdir/...)</td>
    <td>no</td>
    <td>yes</td>
  </tr>
  <tr>
    <td>binary files &amp; properties</td>
    <td>yes</td>
    <td>yes</td>
  </tr>
  <tr>
    <td colspan=""3""><sup>1</sup>On shelving"","" a move is converted to
    copy-and-delete"","" just like it is on commit.
    </td>
  </tr>
</tbody></table>

  


Shelving-v2
  <a class=""sectionlink"" href=""#shelving-v2"" title=""Link to this section"">¶</a>


Shelving-v2"","" first introduced in 1.11"","" improves upon the initial shelving
feature introduced in 1.10. The main improvements and changes are:

    checkpointing support: a shelf stores multiple versions of a
        change; shelving adds a new version to the named shelf; you can
        unshelve an older version instead of the newest?see the
        <a href=""#shelving-checkpointing"">commit checkpointing</a> feature
    'binary' files (and property values) are fully supported
    patch files are no longer used as the storage mechanism;
        limitations and bugs due to patch file format are gone"","" such as
        handling svn:mergeinfo properties"","" binary data"","" and end-of-line
        characters
    shelving and unshelving both warn and refuse to run if they detect
        states that they cannot handle (e.g. copies or moves)
    unshelving applies the changes to the WC using a mechanism similar
        to merging"","" so that changes can be more robustly applied when the
        WC has been modified (e.g. updated) since the shelf was saved


Shelving-v2 can shelve committable changes to files and properties"","" except
the following kinds which it does not support:

    copies and moves
    creating and deleting directories


Shelves created by Shelving-v2 are stored under
<WC>/.svn/experimental/shelves/v2.

  


Shelving-v3
  <a class=""sectionlink"" href=""#shelving-v3"" title=""Link to this section"">¶</a>


Shelving-v3"","" first introduced in 1.12"","" can handle more kinds of changes
than Shelving-v2. In particular"","" it supports shelving of all committable
changes. However"","" it performs much more slowly than Shelving-v2 and uses more
disk space"","" especially when used with large working copies.

This version of shelving represents a series of significant refactorings
under the hood to eventually support better shelving"","" commit checkpointing"",""
and the possibility of future client-side features for manipulating and
sharing committable changes.

Shelves created by Shelving-v3 are stored under
<WC>/.svn/experimental/shelves/v3.

  


Upgrading 1.10?1.13 shelves to 1.14
  <a class=""sectionlink"" href=""#shelving-transition"" title=""Link to this section"">¶</a>


The presence in the working copy of any shelves created by Subversion 1.10
has no effect on a Subversion 1.14 client. Subversion 1.14 will ignore them;
it cannot interoperate with them nor even list their presence.

The svn upgrade command has no effect on shelves"","" as the
working copy format is formally unchanged.

To recover a shelf created by 1.10"","" either
use a 1.10 client to find and unshelve it"","" or
    as 1.10 shelves are stored as patch files under
        <WC>/.svn/shelves/"","" find the patch file and
        use any 1.10?1.14 or later svn patch to apply it.


To access shelves created by 1.11"","" first select Shelving-v2 by setting the
environment variable SVN_EXPERIMENTAL_COMMANDS=shelf2.

To access shelves created by 1.12?1.13"","" first select Shelving-v3 by
setting the environment variable SVN_EXPERIMENTAL_COMMANDS=shelf3.

  


Commit checkpointing (experimental)
  <a class=""sectionlink"" href=""#shelving-checkpointing"" title=""Link to this section"">¶</a>


This change was first introduced in 1.11.

Since 1.11"","" Subversion provides an experimental first cut at solving some
of the use cases envisioned in <a href=""https://issues.apache.org/jira/browse/SVN-3626"">issue #3626</a> named
""Commit checkpointing"".

It provides the ability to save a snapshot of an uncommitted change from
time to time"","" and later restore one of those previous versions of your
change back into the working copy.

It does not provide the kind of exact WC state roll back that is also
discussed in that issue"","" that could make it possible after a messy update to
roll back to the exact WC state that existed just before. This remains a
future possibility.

The ability to checkpoint and roll back an uncommitted change is provided
within the shelving feature"","" by letting a shelf hold multiple versions of
your change. Therefore"","" see also <a href=""#shelving""> Shelving</a>.

The main checkpointing operations are accomplished by the following
commands"","" as also listed in
<a href=""https://cwiki.apache.org/confluence/x/70cYBQ"">the Wiki page</a>:

<table>
<tbody><tr><th>Save a checkpoint and continue</th>
    <td><tt>svn x-<b>shelf-save</b> foo</tt></td>
    <td>copy the local changes into a new version of shelf 'foo';<br>
        doesn't revert the changes from the WC</td>
</tr>
<tr><th>Save a checkpoint and shelve</th>
    <td><tt>svn x-<b>shelve</b> foo</tt></td>
    <td>move the local changes into a new version of shelf 'foo'<br>
        and revert the changes from the WC</td>
</tr>
<tr><th>Restore / roll back</th>
    <td>first revert your unwanted changes; then<br>
        <tt>svn x-<b>unshelve</b> foo 3</tt></td>
    <td>apply version 3 of shelf 'foo' to the WC<br>
        and delete any newer versions</td>
</tr>
<tr><th>Review checkpoints</th>
    <td><tt>svn x-<b>shelf-log</b> foo</tt></td>
    <td>list all the versions of shelf 'foo'</td>
</tr>
<tr><th></th>
    <td><tt>svn x-<b>shelf-diff</b> foo 3</tt></td>
    <td>show version 3 as a diff</td>
</tr>
</tbody></table>

  

Further information can be found in the Subversion Wiki under
<a href=""https://cwiki.apache.org/confluence/display/SVN/Shelving+and+Checkpointing"">Shelving and Checkpointing</a>"","" including internal design and development
notes.

"
"https://subversion.apache.org/docs/release-notes/1.14.html","","Viewspec output command (experimental)
  (<a href=""https://issues.apache.org/jira/browse/SVN-4753"">issue #4753</a>)
  <a class=""sectionlink"" href=""#viewspec-output"" title=""Link to this section"">¶</a>


This change was first introduced in 1.11.

There is an experimental command to write out a view spec describing the
current WC shape.

A view spec describes whether each subtree is at a limited depth"","" excluded"",""
switched to a different URL"","" or updated to a different revision number"",""
compared with its parent directory. This information is sometimes referred
to as the shape or the layout of a WC.

'svn info --x-viewspec=classic' writes in the format used by the old script
<a href=""https://svn.apache.org/viewvc/subversion/trunk/tools/client-side/svn-viewspec.py"">tools/client-side/svn-viewspec.py</a>.

'svn info --x-viewspec=svn11' writes a series of 'svn'
command lines. You can create a new WC of the same layout by running these
commands.

"
"https://subversion.apache.org/docs/release-notes/1.14.html","Known Issues in the Release
  <a class=""sectionlink"" href=""#issues"" title=""Link to this section"">¶</a>




There are some known issues in the Subversion 1.14 releases.  These
may be fixed in later 1.14.x releases.

  

 

  

  

 

 

 

 

  

",""
"https://subversion.apache.org/docs/release-notes/1.14.html","","Python 3 support is incomplete
  <a class=""sectionlink"" href=""#python3-work-in-progress"" title=""Link to this section"">¶</a>


Some Python scripts that are included in Subversion's release
distribution do not support Python 3 yet.

For an exhaustive list of all Python scripts and files that use
Python"","" categorized by their Python 3 support status as of the
1.14.0 release"","" see <a href=""https://cwiki.apache.org/confluence/pages/viewpage.action?pageId=138021580"">Subversion's Python 3 Support Status</a> wiki page.

The <a href=""https://cwiki.apache.org/confluence/display/SVN/Subversion%27s+Python+3+Support+Status"">latest version</a> of that page reflects changes made after
the release"","" which may be included in future releases.


The build system prefers Python 2 to Python 3
  <a class=""sectionlink"" href=""#autogen_sh-py2-py3"" title=""Link to this section"">¶</a>


Although <a href=""#pythonoptional"">Python is not required for building
Subversion</a>"","" it is required for running the test suite"","" and
therefore"","" on Unix-like systems"","" Subversion's build system looks for a Python
executable.

The build system checks the environment variables $PYTHON"",""
$PYTHON2"","" and $PYTHON3 in this order"","" followed by the command
names python"","" python2"","" and python3 (in
$PATH) in this order.  The first of these that is an executable
implementing Python version 2.7 or greater is used.

Since <a href=""#python2"">support for Python 2.7 is being phased out</a>"","" we
expect to change this to prefer Python 3 to Python 2.7 in a 1.14.x patch release.
When we do"","" we will mention the change in the CHANGES file and update
this section of the release notes.

This affects both tarball builds (using configure) and working copy
builds (using autogen.sh).  The release rolling scripts are also
affected.

As a workaround"","" the environment variable PYTHON may be set to the
full path of a Python 3 executable prior to running configure (or
autogen.sh"","" if you build from a working copy).

 


Test suite broken when run with Python 3 on Windows
  <a class=""sectionlink"" href=""#issues-py3-testsuite-windows"" title=""Link to this section"">¶</a>


As of 1.14.0"","" Subversion's test suite does not run correctly with Python 3
on Windows due to differences in the way that Python 2.7 and Python 3 handle
End-Of-Line (EOL) conversions"","" special characters in pathnames"","" escaping of
backslashes used in Windows pathnames"","" and handling of UTF-8 character
sequences.

Most of these issues are corrected in 1.14.1. See
<a href=""https://svn.apache.org/r1876707"">r1876707</a>"",""
<a href=""https://svn.apache.org/r1876734"">r1876734</a>"",""
<a href=""https://svn.apache.org/r1877318"">r1877318</a>"",""
<a href=""https://svn.apache.org/r1877712"">r1877712</a>"",""
<a href=""https://svn.apache.org/r1878141"">r1878141</a>"",""
<a href=""https://svn.apache.org/r1878142"">r1878142</a>"",""
<a href=""https://svn.apache.org/r1878143"">r1878143</a>"","" and
<a href=""https://svn.apache.org/r1878144"">r1878144</a>.

 


Cannot redirect test suite output to a log file with Python 3.6 or later on Windows
  <a class=""sectionlink"" href=""#issues-py3-windows-os-dup"" title=""Link to this section"">¶</a>


This issue affects Subversion 1.14.0 on Windows when using Python 3.6 or
later due to changes in Python's handling of os.dup2().

When using win-tests.py to run Subversion's unit tests on Windows
and redirecting the output to a log file"","" the following errors may occur:

Testing Release configuration on local repository.
[1/1] authz_tests.pyTraceback (most recent call last):
  File ""win-tests.py"""","" line 1126"","" in 
    failed = th.run(tests_to_run)
  File ""build\run_tests.py"""",""
line 590"","" in run
    failed = self._run_local_schedulers(testlist)
  File ""build\run_tests.py"""",""
line 536"","" in _run_local_schedulers
    failed = self._run_test(testcase"","" count"","" testcount) or failed
  File ""build\run_tests.py"""",""
line 947"","" in _run_test
    failed = testcase(progabs"","" progdir"","" progbase"","" test_nums"","" dots_needed)
  File ""build\run_tests.py"""",""
line 853"","" in _run_py_test
    print(""PING"")
OSError: [WinError 6] The handle is invalid
Exception ignored in: <_io.TextIOWrapper name='' mode='w'
encoding='utf-8'>
OSError: [WinError 6] The handle is invalid


Two workarounds are available:


Define the PYTHONLEGACYWINDOWSSTDIO environment variable as
described in <a href=""https://stackoverflow.com/questions/52373180/python-on-windows-handle-invalid-when-redirecting-stdout-writing-to-file"">this Stack Overflow question</a>"","" or:
Pass the --log-to-stdout switch to win-tests.py.


This issue is fixed as of Subversion 1.14.1. See
<a href=""https://svn.apache.org/r1883337"">r1883337</a>.

 

"
"https://subversion.apache.org/docs/release-notes/1.14.html","","Installed SWIG prevents building Subversion's Python 3 bindings
  <a class=""sectionlink"" href=""#issues-building-without-swig"" title=""Link to this section"">¶</a>


When building Subversion from a 1.14.0 distribution tarball"","" you may not be
able to build Subversion's language bindings for Python 3 if
configure detects an unsuitable version of SWIG on your system. This
is a bug because the sources generated by SWIG for Python 3 bindings are
included with the release.

For this situation"","" a workaround is available as of 1.14.1: pass the
--without-swig option to configure.

See <a href=""https://svn.apache.org/r1876662"">r1876662</a>.

The workaround does not apply in the following situations:


  building Subversion from sources checked out from the repository"","" where
    the SWIG-generated files are not included
  building Subversion's SWIG bindings for Python 2.x"","" in which case SWIG
    is needed to regenerate the language bindings because the included ones
    target Python 3


In these cases"","" you will need a suitable version of SWIG:


  To target Python 2: SWIG 2.0.0 through 3.x. (Note that
    configure will allow SWIG 1.3.24 through 3.x"","" but SWIG 4.0.0 or
    later are not supported for Python 2.)
  To target Python 3: SWIG 3.0.10 or later.


This issue is fixed as of Subversion 1.14.3"","" and --with-swig and
--without-swig for the configure script in the Subversion
release tarballs are not supported any more.  See
<a href=""https://svn.apache.org/r1878379"">r1878379</a>"",""
<a href=""https://svn.apache.org/r1883719"">r1883719</a>"",""
<a href=""https://svn.apache.org/r1883722"">r1883722</a>"","" and
<a href=""https://svn.apache.org/r1884610"">r1884610</a>.

"
"https://subversion.apache.org/docs/release-notes/1.14.html","","Ruby bindings require swig 3.0.9
  <a class=""sectionlink"" href=""#ruby-swig-issue-602"" title=""Link to this section"">¶</a>


This change was first introduced in 1.11.

This section only affects those who build Subversion from a working
  copy.  If you build Subversion from a tarball or zip file"","" you may skip
  this section.

The Ruby bindings are known not to build with swig version 3.0.8 (and only
that version) due to <a href=""https://github.com/swig/swig/issues/602"">swig
issue #602</a>.  We recommend to use swig 3.0.9 or newer.

The failure is detected by the test suite.
To test whether your version of swig is affected"","" run
make check-swig-rb.  (Some distros might have backported the swig
patch into their swig-3.0.8 packages.)

The Perl and Python bindings are not affected.

"
"https://subversion.apache.org/docs/release-notes/1.14.html","","JavaHL crash
  <a class=""sectionlink"" href=""#issues-javahl-crash"" title=""Link to this section"">¶</a>


Subversion 1.14.0 and earlier may crash when using the JavaHL bindings.

A crash is known to manifest when Subversion is built with GCC 10. The
failure is detected by the test suite. This issue is fixed as of 1.14.1. See
<a href=""https://svn.apache.org/r1880886"">r1880886</a>.

A crash is known to occur when using JDK14. The failure is detected by the
test suite. This issue is fixed as of 1.14.1. See
<a href=""https://svn.apache.org/r1882115"">r1882115</a>.

Several potential crashes in JavaHL TunnelAgent are known which are related
to exception handling cleanup and garbage-collected Java objects. As of
1.14.1"","" new regression tests are introduced to detect these failures and the
issues have been fixed. See <a href=""https://svn.apache.org/r1886029"">r1886029</a>.



"
"https://subversion.apache.org/docs/release-notes/1.14.html","","Merge may fail when removing a folder
  <a class=""sectionlink"" href=""#issues-mergeinfo-issue-4859"" title=""Link to this section"">¶</a>


Subversion 1.14.0 and earlier could fail to perform a merge that removes a
folder that has non-inheritable mergeinfo. The merge would fail with:

svn: E155023: Can't set properties on '...': invalid status for updating properties


(See <a href=""https://issues.apache.org/jira/browse/SVN-4859"">issue #4859</a>.)

This issue is fixed as of Subversion 1.14.1. See
<a href=""https://svn.apache.org/r1878997"">r1878997</a>"",""
<a href=""https://svn.apache.org/r1879192"">r1879192</a>"",""
<a href=""https://svn.apache.org/r1879474"">r1879474</a>"","" and
<a href=""https://svn.apache.org/r1879959"">r1879959</a>.

"
"https://subversion.apache.org/docs/release-notes/1.14.html","","Incorrect file sizes shown with svn list command
  <a class=""sectionlink"" href=""#issues-filesizes-human-readable"" title=""Link to this section"">¶</a>


The svn list --verbose --human-readable command
(svn ls -vH) shows file sizes with base-2 unit suffixes (Byte"",""
Kilobyte"","" Megabyte"","" Gigabyte"","" etc.)"","" limiting the number of digits to three
or less.

In Subversion 1.14.0 and earlier"","" this command may produce incorrect output
for certain file sizes. If built in Debug mode"","" the Subversion client may
abort with an assertion failure:

    svn: subversion/svn/filesize.c:93: format_size: Assertion `absolute_human_readable_size < 1000.0' failed.


This issue is fixed as of Subversion 1.14.1. See
<a href=""https://svn.apache.org/r1878909"">r1878909</a>"",""
<a href=""https://svn.apache.org/r1878918"">r1878918</a>"","" and
<a href=""https://svn.apache.org/r1878950"">r1878950</a>.

"
"https://subversion.apache.org/docs/release-notes/1.14.html","","Path-based authorization doesn't combine global and per-repository rules
  <a class=""sectionlink"" href=""#issues-authz-4762"" title=""Link to this section"">¶</a>


Subversion 1.10.0 through 1.14.0 did not combine global and per-repository
path-based authorization (authz) rules: if a global rule and a per-repository
rule were both present for a path"","" the global rule would be ignored and the
per-repository rule would apply by itself.

This issue is fixed as of 1.14.1. See <a href=""https://issues.apache.org/jira/browse/SVN-4762?issueNumber=4762"">Issue #4762</a> and <a href=""https://svn.apache.org/r1882326"">r1882326</a>.

See the section <a href=""#compat-misc-authz"">Path-based authorization compatibility</a> for compatibility notes relating
to this change.

"
"https://subversion.apache.org/docs/release-notes/1.14.html","","SQLite error when upgrading a SVN 1.7 working copy
  <a class=""sectionlink"" href=""#issues-sqlite-dqs"" title=""Link to this section"">¶</a>


Upgrading a Subversion 1.7 working copy could fail with a SQLite error
under specific circumstances:

This could occur in Subversion 1.14.0 or older"","" if built with SQLite 3.29
or newer"","" and if SQLite is built without deprecated support for double-quoted
string literals.

This issue is fixed in Subversion 1.14.1.

See <a href=""https://svn.apache.org/r1879198"">r1879198</a>.

"
"https://subversion.apache.org/docs/release-notes/1.14.html","","Other issues
  <a class=""sectionlink"" href=""#issues-other"" title=""Link to this section"">¶</a>


This section lists minor issues that do not fit well elsewhere.


C90 compatibility fixes
  <a class=""sectionlink"" href=""#issues-other-c90compat"" title=""Link to this section"">¶</a>


In 1.14.0"","" several variable declarations in mid-block were reported to
prevent building Subversion with VC9 (Visual Studio 2008). This issue is fixed
as of 1.14.1. See <a href=""https://svn.apache.org/r1877259"">r1877259</a>.

 


Restored support for building with APR 1.4
  <a class=""sectionlink"" href=""#issues-other-apr-1-4"" title=""Link to this section"">¶</a>


Subversion 1.14.0 increased the minimum required version of
<a href=""https://apr.apache.org"">APR</a> to 1.5. By request to support
building Subversion on older operating system distributions such as CentOS 7"",""
Subversion 1.14.1 restores support for building with APR 1.4 or newer. See
<a href=""https://svn.apache.org/r1881958"">r1881958</a> and
<a href=""https://svn.apache.org/r1882128"">r1882128</a>.

 


Error building with SQLite 3.36
  <a class=""sectionlink"" href=""#issues-other-sqlite-3-36"" title=""Link to this section"">¶</a>


Building Subversion with SQLite 3.36 on Unix-like systems may fail with an
undefined reference to unixFcntlExternalReader:

/usr/bin/ld: .libs/sqlite3wrapper.o: in function `unixFileControl':
subversion-1.14.1/sqlite-amalgamation/sqlite3.c:38131: undefined reference to `unixFcntlExternalReader'
collect2: error: ld returned 1 exit status
make: *** [build-outputs.mk:530: subversion/libsvn_subr/libsvn_subr-1.la] Error 1


This appears to be caused by a bug in SQLite 3.36 only. Subversion builds
successfully with other versions of SQLite"","" such as SQLite 3.35 and 3.37.

 

"
"https://subversion.apache.org/docs/release-notes/1.14.html","Support and Release Planning
  <a class=""sectionlink"" href=""#lts-release"" title=""Link to this section"">¶</a>


  

  

  

  

",""
"https://subversion.apache.org/docs/release-notes/1.14.html","","Subversion 1.14.x is a Long-Term Support (LTS) Release
  <a class=""sectionlink"" href=""#lts-release"" title=""Link to this section"">¶</a>


1.14 is a Long-Term Support (LTS) release.
   See <a href=""/docs/release-notes/#supported-versions"">Supported Versions</a>
   and <a href=""/roadmap.html#release-planning"">How We Plan Releases</a>.

"
"https://subversion.apache.org/docs/release-notes/1.14.html","","Subversion 1.13.x is end of life
  <a class=""sectionlink"" href=""#svn-1.13-deprecation"" title=""Link to this section"">¶</a>


The Subversion 1.13.x line is end of life (EOL).
This doesn't mean that your 1.13 installation is doomed; if it works
well and is all you need"","" that's fine.  ""End of life"" just means we've
stopped accepting bug reports against 1.13.x versions"","" and will not
make any more 1.13.x releases.

"
"https://subversion.apache.org/docs/release-notes/1.14.html","","Subversion 1.10.x is now the old stable version
  <a class=""sectionlink"" href=""#svn-1.10-old-stable"" title=""Link to this section"">¶</a>


The Subversion 1.10.x line is now the old stable version.  This means
that 1.10.x will still receive security relevant fixes as well as
bugfixes. While we will evaluate any bugreport with regards to its
severity"","" there might be issues with a lower severity which will
only get fixed in 1.14.x"","" particularly if the patches would be invasive"",""
destabilizing"","" and/or require a significant investment to get backported to the
old stable version.

Therefore"","" if you are running into an issue with the old stable
version which has already been fixed in the latest version"","" we might
ask you to upgrade to that version to resolve the issue.

"
"https://subversion.apache.org/docs/release-notes/1.14.html","","Subversion 1.9.x is end of life
  <a class=""sectionlink"" href=""#svn-1.9-deprecation"" title=""Link to this section"">¶</a>


The Subversion 1.9.x line is end of life (EOL).
This doesn't mean that your 1.9 installation is doomed; if it works
well and is all you need"","" that's fine.  ""End of life"" just means we've
stopped accepting bug reports against 1.9.x versions"","" and will not
make any more 1.9.x releases.

"
"https://subversion.apache.org/docs/release-notes/1.14.html","Enthusiastic Contributors Welcome!
  <a class=""sectionlink"" href=""#enthusiastic-contributors"" title=""Link to this section"">¶</a>


You can contribute to Subversion!

As Subversion is an open source project developed and supported by
volunteers"","" we are always happy to welcome enthusiastic participants
to the community.

Whether you'd like to see support for additional versions of Python"",""
want to help finish Shelving and Checkpointing"","" or have ideas for some big
new features"","" if you're willing to invest the effort"","" Subversion can be
anything you imagine.

Join the conversation by email: For our mailing lists"","" see
<a href=""https://subversion.apache.org/mailing-lists.html"">
https://subversion.apache.org/mailing-lists.html</a>

Or by IRC at irc.libera.chat:

  #svn channel: User chat and help using Subversion
  #svn-dev channel: Get involved in development!


Get the source:

  Check out Subversion's source:
    $ svn checkout https://svn.apache.org/repos/asf/subversion/trunk/

  
  For those who prefer it"","" a Git mirror is also available:
    $ git clone https://github.com/apache/subversion.git

  Or download the latest release tarball:
    <a href=""https://subversion.apache.org/download.cgi"">https://subversion.apache.org/download.cgi</a>


Join us today!

",""